{"type":"FeatureCollection","name":"UC estadual - Proteção Integral","features":[{"type":"Feature","id":"uc-protecao-integral-001","properties":{"id":"uc-protecao-integral-001","nome":"Sem nome","nome_origem":"Sem nome","natureza":"camada fornecida para a demonstração","fonte_arquivo":"assets/layers/Areas_Protegidas_PI_DG_UCs_Protecao_Integral/Areas_Protegidas_PI_DG_UCs_Protecao_Integral.kml","tipo":"Unidade de Conservação","categoria":"Estação Ecológica","orgao_gestor":"Fundação Florestal do Estado de São Paulo"},"geometry":{"type":"Polygon","coordinates":[[[-46.24315700019537,-23.51727200030251],[-46.23908100018798,-23.51460999985159],[-46.23901399979621,-23.51334700006396],[-46.24019100011452,-23.50718500008765],[-46.24204200003823,-23.50512200028004],[-46.24529599991041,-23.5050420001881],[-46.24808599996891,-23.50767400015496],[-46.2460109996079,-23.51222499958402],[-46.2481700002453,-23.51448200024407],[-46.24315700019537,-23.51727200030251]]]}},{"type":"Feature","id":"uc-protecao-integral-002","properties":{"id":"uc-protecao-integral-002","nome":"Estação Ecológica Angatuba","nome_origem":"Estaado Ecolagica Angatuba","natureza":"camada fornecida para a demonstração","fonte_arquivo":"assets/layers/Areas_Protegidas_PI_DG_UCs_Protecao_Integral/Areas_Protegidas_PI_DG_UCs_Protecao_Integral.kml","tipo":"Unidade de Conservação","categoria":"Estação Ecológica","orgao_gestor":"Fundação Florestal do Estado de São Paulo"},"geometry":{"type":"Polygon","coordinates":[[[-48.34455901029003,-23.43926578988425],[-48.34147435995368,-23.43734202041787],[-48.34122035993164,-23.43872153007453],[-48.33865467956974,-23.43825130965018],[-48.33776774028894,-23.43638236015772],[-48.33599912995584,-23.43783442981504],[-48.33608240987525,-23.43659319002364],[-48.33434255986123,-23.435878259574],[-48.33198949002292,-23.43664113018394],[-48.33251713036123,-23.43541456013378],[-48.33129117994395,-23.43587830993602],[-48.33005274963466,-23.43230963008534],[-48.32653385984969,-23.43234511013867],[-48.32604606037734,-23.43127495017876],[-48.32494472002276,-23.43262192955837],[-48.32549727967569,-23.4306580503287],[-48.32454364037665,-23.42977136016009],[-48.32546870012038,-23.42973499967047],[-48.32203637997492,-23.42444611999241],[-48.3223155403299,-23.4229045102349],[-48.3157630897947,-23.42288073036138],[-48.31701608012793,-23.42201454023882],[-48.31647119978601,-23.4155946902427],[-48.31829353022221,-23.41415354015373],[-48.31418841016693,-23.40311731990835],[-48.3168094995587,-23.40286450968932],[-48.32139611034216,-23.39955523028959],[-48.32354649997097,-23.40021932026536],[-48.32783850993923,-23.39500107963607],[-48.33175641992278,-23.39852186968847],[-48.3335178302836,-23.39657398040481],[-48.34218403026875,-23.39617306983126],[-48.34276006042842,-23.397970470161],[-48.33970007040188,-23.39624829002651],[-48.33385392042203,-23.39787198000784],[-48.32827592039735,-23.40178093993836],[-48.32784418016473,-23.40498576038448],[-48.32889174016162,-23.40866647957432],[-48.33914923025276,-23.40279370966192],[-48.33653974031671,-23.40684065976859],[-48.33738471992882,-23.41224667974041],[-48.33305452024985,-23.41151876038242],[-48.33651694969745,-23.41462992992729],[-48.33411635968218,-23.41881355989784],[-48.33621302021464,-23.41944107984193],[-48.33840433978838,-23.41805129992753],[-48.33944407028758,-23.41925319977531],[-48.34081670013057,-23.41744203981824],[-48.34435348012897,-23.41780857020927],[-48.34644468987051,-23.41501206985112],[-48.34590845021478,-23.41186050006201],[-48.34748256956487,-23.41103942982579],[-48.3491183095623,-23.41363832035216],[-48.35062922995496,-23.41298202030396],[-48.35148165955093,-23.41140557980361],[-48.34876070044595,-23.40923910040414],[-48.3618461401872,-23.39205084017408],[-48.35998537002877,-23.38594968023352],[-48.36100938037856,-23.385538750313],[-48.36302050998853,-23.39189343003773],[-48.36600398029941,-23.39637447030549],[-48.37686039998744,-23.39618851029149],[-48.37864070960103,-23.39954527029795],[-48.38573735969135,-23.40261206009848],[-48.383799909738,-23.41123174984534],[-48.3758517302731,-23.41447936003442],[-48.36166704020172,-23.41186337969117],[-48.3459612997741,-23.42325183020773],[-48.33850334974977,-23.42449279030996],[-48.33832810965447,-23.42365965027261],[-48.34129657028046,-23.42318210037359],[-48.34050889007318,-23.42093108020515],[-48.33603383029697,-23.42229596958327],[-48.33324687983958,-23.42542296000158],[-48.33695437994066,-23.42770478015143],[-48.33379003977848,-23.43141132966906],[-48.33980043024565,-23.43431328003379],[-48.34741954957252,-23.43349285011487],[-48.34455901029003,-23.43926578988425]]]}},{"type":"Feature","id":"uc-protecao-integral-003","properties":{"id":"uc-protecao-integral-003","nome":"Estação Ecológica Assis","nome_origem":"Estaado Ecolagica Assis","natureza":"camada fornecida para a demonstração","fonte_arquivo":"assets/layers/Areas_Protegidas_PI_DG_UCs_Protecao_Integral/Areas_Protegidas_PI_DG_UCs_Protecao_Integral.kml","tipo":"Unidade de Conservação","categoria":"Estação Ecológica","orgao_gestor":"Fundação Florestal do Estado de São Paulo"},"geometry":{"type":"Polygon","coordinates":[[[-50.41636771959452,-22.55344956984175],[-50.41469058020607,-22.54506118032918],[-50.41570172035807,-22.53285706989783],[-50.42165628001328,-22.53135171001338],[-50.42786034038238,-22.53256019020057],[-50.42922812018156,-22.53382622969667],[-50.41636771959452,-22.55344956984175]]]}},{"type":"Feature","id":"uc-protecao-integral-004","properties":{"id":"uc-protecao-integral-004","nome":"Estação Ecológica Assis","nome_origem":"Estaado Ecolagica Assis","natureza":"camada fornecida para a demonstração","fonte_arquivo":"assets/layers/Areas_Protegidas_PI_DG_UCs_Protecao_Integral/Areas_Protegidas_PI_DG_UCs_Protecao_Integral.kml","tipo":"Unidade de Conservação","categoria":"Estação Ecológica","orgao_gestor":"Fundação Florestal do Estado de São Paulo"},"geometry":{"type":"Polygon","coordinates":[[[-50.39435423955649,-22.62860927040145],[-50.35993972993452,-22.5948357004072],[-50.36191346033786,-22.58805602986183],[-50.36136691984746,-22.58281338972608],[-50.36788877005068,-22.58058883031021],[-50.37061581037131,-22.57741788013101],[-50.37615376988055,-22.57527840017798],[-50.3783699098434,-22.57223818984056],[-50.37835978977245,-22.56895327037711],[-50.37264437963438,-22.56597027041158],[-50.37460503029786,-22.56265338994194],[-50.37186359992518,-22.56101820032961],[-50.37636544960577,-22.55768256000209],[-50.38433677042559,-22.55674343036497],[-50.39014828031884,-22.56212721010263],[-50.39995128002749,-22.6128088502482],[-50.39903519012188,-22.61189798000771],[-50.39023726014142,-22.61925751002605],[-50.3901684799913,-22.62152804997947],[-50.39464845995843,-22.62734039983951],[-50.39435423955649,-22.62860927040145]]]}},{"type":"Feature","id":"uc-protecao-integral-005","properties":{"id":"uc-protecao-integral-005","nome":"Estação Ecológica Avar","nome_origem":"Estaado Ecolagica Avar","natureza":"camada fornecida para a demonstração","fonte_arquivo":"assets/layers/Areas_Protegidas_PI_DG_UCs_Protecao_Integral/Areas_Protegidas_PI_DG_UCs_Protecao_Integral.kml","tipo":"Unidade de Conservavao","categoria":"Estação Ecológica","orgao_gestor":"Fundação Florestal do Estado de São Paulo"},"geometry":{"type":"Polygon","coordinates":[[[-48.81083191985715,-23.02342191978573],[-48.80951260002644,-23.01917559987402],[-48.81061563020711,-23.01177259033273],[-48.8003011599705,-22.99701441967966],[-48.8029330897902,-22.99537779025275],[-48.80829950991443,-22.99486144000343],[-48.82389320021099,-22.99901997978822],[-48.82682255022047,-23.0057350403398],[-48.83665422031595,-23.0109163799869],[-48.83644706957654,-23.01266619988519],[-48.83887942004918,-23.0135482000893],[-48.83874994015758,-23.01771952013968],[-48.83548685983067,-23.01719303992678],[-48.83449264042298,-23.0202296295937],[-48.82937907008795,-23.02119608962778],[-48.82704583030079,-23.02251169975511],[-48.82788712988707,-23.02369217955038],[-48.82159921043518,-23.02284027965516],[-48.81872371003118,-23.02412383974337],[-48.81572248980103,-23.02318622996052],[-48.8135312898371,-23.02406953957757],[-48.81236218017045,-23.02262379035562],[-48.81083191985715,-23.02342191978573]]]}},{"type":"Feature","id":"uc-protecao-integral-006","properties":{"id":"uc-protecao-integral-006","nome":"Estação Ecológica Barreiro Rico","nome_origem":"Estaado Ecolagica Barreiro Rico","natureza":"camada fornecida para a demonstração","fonte_arquivo":"assets/layers/Areas_Protegidas_PI_DG_UCs_Protecao_Integral/Areas_Protegidas_PI_DG_UCs_Protecao_Integral.kml","tipo":"Unidade de Conservaaro","categoria":"Estação Ecológica","orgao_gestor":"Fundação Florestal do Estado de São Paulo"},"geometry":{"type":"Polygon","coordinates":[[[-48.13850498961352,-22.68356398978625],[-48.13963103974066,-22.68104673971521],[-48.13499191034833,-22.67457688021881],[-48.1561080702312,-22.66835856019935],[-48.16120820019825,-22.68352555995659],[-48.14208718987186,-22.68227694032851],[-48.13850498961352,-22.68356398978625]]]}},{"type":"Feature","id":"uc-protecao-integral-007","properties":{"id":"uc-protecao-integral-007","nome":"Estação Ecológica Caetetus","nome_origem":"Estaado Ecolagica Caetetus","natureza":"camada fornecida para a demonstração","fonte_arquivo":"assets/layers/Areas_Protegidas_PI_DG_UCs_Protecao_Integral/Areas_Protegidas_PI_DG_UCs_Protecao_Integral.kml","tipo":"Unidade de Conservaaeo","categoria":"Estação Ecológica","orgao_gestor":"Fundação Florestal do Estado de São Paulo"},"geometry":{"type":"Polygon","coordinates":[[[-49.69192480968218,-22.42926982014603],[-49.69057676010937,-22.42569678038205],[-49.67567986003746,-22.42916632976227],[-49.6715069203081,-22.42765382026755],[-49.67202655038494,-22.42523932043827],[-49.66930102991853,-22.4245031498005],[-49.66923057972741,-22.42074383975637],[-49.67288996969631,-22.41892059021302],[-49.67565183986051,-22.4154146695513],[-49.67781567974976,-22.41642116020836],[-49.68117143971011,-22.4142087398414],[-49.68416840974425,-22.41033957041481],[-49.68189828977421,-22.40411679965052],[-49.68399688025175,-22.40131171976003],[-49.68258829011745,-22.39750844006244],[-49.67737994023202,-22.39340196023221],[-49.67058057003726,-22.37635371994816],[-49.67435459029207,-22.37459364957721],[-49.68924858015782,-22.37320458012721],[-49.69136849985637,-22.37508017021366],[-49.69115523012971,-22.3873209496021],[-49.71454558031422,-22.38994080962061],[-49.71553415018087,-22.38250615023861],[-49.71813662000898,-22.38406384976679],[-49.72014166030931,-22.38870583001],[-49.72296301972756,-22.38736051977213],[-49.72407416988699,-22.38945971999004],[-49.72114237012426,-22.39406127031134],[-49.71572218043423,-22.3960988597745],[-49.71400702040762,-22.40033005039146],[-49.71153323007445,-22.401952369806],[-49.70720597027929,-22.41595193983011],[-49.70259442039617,-22.42287880960936],[-49.70244131981104,-22.42559563003425],[-49.69192480968218,-22.42926982014603]]]}},{"type":"Feature","id":"uc-protecao-integral-008","properties":{"id":"uc-protecao-integral-008","nome":"Estação Ecológica Caetetus","nome_origem":"Estaado Ecolagica Caetetus","natureza":"camada fornecida para a demonstração","fonte_arquivo":"assets/layers/Areas_Protegidas_PI_DG_UCs_Protecao_Integral/Areas_Protegidas_PI_DG_UCs_Protecao_Integral.kml","tipo":"Unidade de Conservaaeo","categoria":"Estação Ecológica","orgao_gestor":"Fundação Florestal do Estado de São Paulo"},"geometry":{"type":"Polygon","coordinates":[[[-49.70244351955273,-22.42559487010715],[-49.70259639980395,-22.42287925027711],[-49.70720777971525,-22.4159525999325],[-49.71153525984431,-22.40195315041751],[-49.71400865987169,-22.40033101986063],[-49.71572406001729,-22.39610000011487],[-49.72114365975204,-22.39406262019372],[-49.72407508989346,-22.38946146017821],[-49.72810555992362,-22.3970575002034],[-49.71397610980955,-22.42162472030458],[-49.70244351955273,-22.42559487010715]]]}},{"type":"Feature","id":"uc-protecao-integral-009","properties":{"id":"uc-protecao-integral-009","nome":"Estação Ecológica Chau","nome_origem":"Estaado Ecolagica Chau","natureza":"camada fornecida para a demonstração","fonte_arquivo":"assets/layers/Areas_Protegidas_PI_DG_UCs_Protecao_Integral/Areas_Protegidas_PI_DG_UCs_Protecao_Integral.kml","tipo":"Unidade de Conservahao","categoria":"Estação Ecológica","orgao_gestor":"Fundação Florestal do Estado de São Paulo"},"geometry":{"type":"Polygon","coordinates":[[[-47.70864088037229,-24.79512173977645],[-47.66786461965643,-24.76460928958699],[-47.66556872961314,-24.74706886023966],[-47.63542077015239,-24.72737790996251],[-47.62776530022836,-24.7370543300932],[-47.63168480021329,-24.72370939007624],[-47.63274856959077,-24.70992683995166],[-47.64661335012596,-24.71090871976156],[-47.64227224976446,-24.71567304017861],[-47.65666430011731,-24.71677135971044],[-47.67060807979902,-24.71207859025469],[-47.66865183041762,-24.71529601020268],[-47.67234277040251,-24.7185658102639],[-47.67243225024811,-24.72100529955486],[-47.66953840007704,-24.72057421043144],[-47.66727012011989,-24.72264043970449],[-47.66860915039194,-24.72701928011566],[-47.70463160016817,-24.7635439104231],[-47.7060609700377,-24.76905307993565],[-47.70011405012326,-24.77369517978866],[-47.70028013961672,-24.77719851040291],[-47.70277568994607,-24.77712122986082],[-47.70423940042792,-24.77975899987791],[-47.70708674036075,-24.77829414006248],[-47.70820111998563,-24.77989418956514],[-47.70744838023853,-24.7825353698114],[-47.71194734039739,-24.7830795702659],[-47.71398369958803,-24.78603975982702],[-47.71669094043449,-24.78340331990722],[-47.71899109955956,-24.78352759002621],[-47.72088822031509,-24.78586659986365],[-47.70864088037229,-24.79512173977645]]]}},{"type":"Feature","id":"uc-protecao-integral-010","properties":{"id":"uc-protecao-integral-010","nome":"Estação Ecológica Ibicatu","nome_origem":"Estaado Ecolagica Ibicatu","natureza":"camada fornecida para a demonstração","fonte_arquivo":"assets/layers/Areas_Protegidas_PI_DG_UCs_Protecao_Integral/Areas_Protegidas_PI_DG_UCs_Protecao_Integral.kml","tipo":"Unidade de Conservação","categoria":"Estação Ecológica","orgao_gestor":"Fundação Florestal do Estado de São Paulo"},"geometry":{"type":"Polygon","coordinates":[[[-47.82459582993357,-22.787232219891],[-47.82044610980006,-22.78423278031852],[-47.81567056044798,-22.78447500012112],[-47.81688110997521,-22.77541972014393],[-47.82215666979442,-22.77837778011042],[-47.82319472035999,-22.77645082974198],[-47.82608833041206,-22.77696860991335],[-47.82508722039887,-22.78007805995446],[-47.82300471969199,-22.77989917041032],[-47.82270833012529,-22.78274832967162],[-47.82573250015474,-22.78636222024022],[-47.82459582993357,-22.787232219891]]]}},{"type":"Feature","id":"uc-protecao-integral-011","properties":{"id":"uc-protecao-integral-011","nome":"Estação Ecológica Itabero","nome_origem":"Estaado Ecolagica Itabero","natureza":"camada fornecida para a demonstração","fonte_arquivo":"assets/layers/Areas_Protegidas_PI_DG_UCs_Protecao_Integral/Areas_Protegidas_PI_DG_UCs_Protecao_Integral.kml","tipo":"Unidade de Conservatao","categoria":"Estação Ecológica","orgao_gestor":"Fundação Florestal do Estado de São Paulo"},"geometry":{"type":"Polygon","coordinates":[[[-49.13583694012266,-23.85325111025048],[-49.13641806044507,-23.83943750024042],[-49.13948500043239,-23.8373522197291],[-49.13965555955639,-23.83563917041135],[-49.14168083010617,-23.83568166967325],[-49.14149805998744,-23.83757055983341],[-49.14788555957085,-23.83827999992201],[-49.14777749973177,-23.83658610976113],[-49.14887860985993,-23.83698083030106],[-49.14465000029725,-23.85147417039661],[-49.13583694012266,-23.85325111025048]]]}},{"type":"Feature","id":"uc-protecao-integral-012","properties":{"id":"uc-protecao-integral-012","nome":"Estação Ecológica Itapeva","nome_origem":"Estaado Ecolagica Itapeva","natureza":"camada fornecida para a demonstração","fonte_arquivo":"assets/layers/Areas_Protegidas_PI_DG_UCs_Protecao_Integral/Areas_Protegidas_PI_DG_UCs_Protecao_Integral.kml","tipo":"Unidade de Conservatao","categoria":"Estação Ecológica","orgao_gestor":"Fundação Florestal do Estado de São Paulo"},"geometry":{"type":"Polygon","coordinates":[[[-49.06857743030412,-24.08131922969864],[-49.06713276026863,-24.07886022961588],[-49.06792391995288,-24.07580177023544],[-49.08187296966179,-24.07365352009384],[-49.08515429003842,-24.07867950005885],[-49.06857743030412,-24.08131922969864]]]}},{"type":"Feature","id":"uc-protecao-integral-013","properties":{"id":"uc-protecao-integral-013","nome":"Estação Ecológica Itirapina","nome_origem":"Estaado Ecolagica Itirapina","natureza":"camada fornecida para a demonstração","fonte_arquivo":"assets/layers/Areas_Protegidas_PI_DG_UCs_Protecao_Integral/Areas_Protegidas_PI_DG_UCs_Protecao_Integral.kml","tipo":"Unidade de Conservatio","categoria":"Estação Ecológica","orgao_gestor":"Fundação Florestal do Estado de São Paulo"},"geometry":{"type":"Polygon","coordinates":[[[-47.861422379739,-22.2452261102967],[-47.86494658991313,-22.24133875028303],[-47.86522651019527,-22.23540138026942],[-47.8707739800351,-22.2280842595809],[-47.87536736990813,-22.21769223990492],[-47.87929037005449,-22.21763393955462],[-47.88550201980235,-22.21416286042762],[-47.89083978033153,-22.21540052991048],[-47.8869487897548,-22.21198375004997],[-47.90926409036541,-22.18964576044345],[-47.91693516982218,-22.19250218982415],[-47.9220426697334,-22.19817890033596],[-47.92959589033802,-22.19975747043088],[-47.93108141027881,-22.20688864999119],[-47.93449070957854,-22.21044484994979],[-47.92911363968267,-22.20890401990454],[-47.9194593095994,-22.22367436018351],[-47.90635909039963,-22.22351962013431],[-47.90168465991906,-22.22590251958559],[-47.90532479989957,-22.22799201971588],[-47.90793543017594,-22.23697911039756],[-47.90964589034553,-22.23799694959951],[-47.90699097025703,-22.24040880991862],[-47.90832343008219,-22.24448958982265],[-47.90710531006198,-22.24852816993905],[-47.87744186035354,-22.24518079975405],[-47.87146551012518,-22.24729852960343],[-47.861422379739,-22.2452261102967]]]}},{"type":"Feature","id":"uc-protecao-integral-014","properties":{"id":"uc-protecao-integral-014","nome":"Estação Ecológica Jata","nome_origem":"Estaado Ecolagica Jata","natureza":"camada fornecida para a demonstração","fonte_arquivo":"assets/layers/Areas_Protegidas_PI_DG_UCs_Protecao_Integral/Areas_Protegidas_PI_DG_UCs_Protecao_Integral.kml","tipo":"Unidade de Conservaato","categoria":"Estação Ecológica","orgao_gestor":"Fundação Florestal do Estado de São Paulo"},"geometry":{"type":"Polygon","coordinates":[[[-47.73423310997003,-21.64256615970044],[-47.71125267976731,-21.6331641703901],[-47.70966696995464,-21.63127006955801],[-47.7060244395762,-21.6222230498538],[-47.72701948955773,-21.61517104031122],[-47.72359121995879,-21.6128886796688],[-47.72201682991272,-21.60922735975481],[-47.71638265013917,-21.60721374981466],[-47.71358795022365,-21.60482023026935],[-47.7129755002191,-21.60000625018824],[-47.71063117988501,-21.59706141025583],[-47.71077829997853,-21.5938445496862],[-47.71277165988414,-21.59103697957289],[-47.71703501025746,-21.58952777958331],[-47.71775949960119,-21.58756797967845],[-47.7226867699784,-21.58822154039171],[-47.72519682007714,-21.59121441041668],[-47.72540423971384,-21.59513527017651],[-47.72871842041872,-21.5990978000234],[-47.75627993956749,-21.60101775996162],[-47.75732627019119,-21.59186890012961],[-47.76078217955393,-21.59126298999496],[-47.76521251964203,-21.58458999972868],[-47.76481788004111,-21.58294464957589],[-47.77727211981244,-21.57745523996732],[-47.78164130959874,-21.57638757023011],[-47.78396997003807,-21.57786782014375],[-47.78531357965795,-21.57684161005221],[-47.78895422955401,-21.5732051599901],[-47.79137826039835,-21.56662309028337],[-47.79625489984369,-21.55891259983656],[-47.83572360026392,-21.55927983979274],[-47.83887098011161,-21.57727170002892],[-47.84264753015935,-21.58659067022319],[-47.84220540005913,-21.58835548002133],[-47.84402926024211,-21.59090823982336],[-47.8441596997103,-21.59482094992683],[-47.84590448970039,-21.596660839626],[-47.83961291990028,-21.60601803010798],[-47.84135909034967,-21.60208046993768],[-47.84023813038539,-21.59840231021838],[-47.83847707975337,-21.59879353959013],[-47.83687412993709,-21.60409366978701],[-47.83141999983309,-21.59950004968749],[-47.82813307038487,-21.60052836958852],[-47.82823983969678,-21.60181929962096],[-47.83175483002134,-21.60273663958418],[-47.83086115032177,-21.60602655028504],[-47.83387834970603,-21.61065676020127],[-47.83137100027142,-21.61502518016789],[-47.82779228038936,-21.61151360996507],[-47.82241531031826,-21.61074708001371],[-47.82047262001538,-21.6116238002981],[-47.81964073003564,-21.61486966040644],[-47.81522801036436,-21.61714244956437],[-47.81786055981695,-21.62345299955626],[-47.8142442896422,-21.62528006042641],[-47.81043028013329,-21.63040372025546],[-47.80273239998024,-21.62692973991551],[-47.79239234043411,-21.6267662503621],[-47.78513000014937,-21.62508110970538],[-47.78238193997453,-21.62777027957469],[-47.78028999998349,-21.62411972004901],[-47.77318923009886,-21.61858074970178],[-47.76842951960663,-21.61924120012122],[-47.76582851027746,-21.62189365966464],[-47.76093194005693,-21.62369806031717],[-47.75780045033048,-21.62254959998398],[-47.7503711500085,-21.62247116021581],[-47.74772280036689,-21.62355655019456],[-47.74351508025671,-21.62179378995143],[-47.74014167020187,-21.61769500022405],[-47.73598721963441,-21.61865861030657],[-47.72881250029661,-21.61585166971872],[-47.72632499979886,-21.61832111003116],[-47.73423310997003,-21.64256615970044]]]}},{"type":"Feature","id":"uc-protecao-integral-015","properties":{"id":"uc-protecao-integral-015","nome":"Estação Ecológica Jata","nome_origem":"Estaado Ecolagica Jata","natureza":"camada fornecida para a demonstração","fonte_arquivo":"assets/layers/Areas_Protegidas_PI_DG_UCs_Protecao_Integral/Areas_Protegidas_PI_DG_UCs_Protecao_Integral.kml","tipo":"Unidade de Conservaato","categoria":"Estação Ecológica","orgao_gestor":"Fundação Florestal do Estado de São Paulo"},"geometry":{"type":"Polygon","coordinates":[[[-47.73042949032867,-21.67482697018846],[-47.73060210979946,-21.6712208299773],[-47.71023078012638,-21.63498139987166],[-47.71023195014436,-21.63258717975452],[-47.73426767001689,-21.64269423035438],[-47.73591235017477,-21.64832236038859],[-47.74083222003088,-21.64867138997261],[-47.7372583304076,-21.65713167039024],[-47.73351861029556,-21.66149277976791],[-47.73209604020008,-21.67133642973238],[-47.73042949032867,-21.67482697018846]]]}},{"type":"Feature","id":"uc-protecao-integral-016","properties":{"id":"uc-protecao-integral-016","nome":"Estação Ecológica Jata","nome_origem":"Estaado Ecolagica Jata","natureza":"camada fornecida para a demonstração","fonte_arquivo":"assets/layers/Areas_Protegidas_PI_DG_UCs_Protecao_Integral/Areas_Protegidas_PI_DG_UCs_Protecao_Integral.kml","tipo":"Unidade de Conservaato","categoria":"Estação Ecológica","orgao_gestor":"Fundação Florestal do Estado de São Paulo"},"geometry":{"type":"Polygon","coordinates":[[[-47.83747192998555,-21.54620580975029],[-47.82646541974327,-21.54475483996384],[-47.82337433026112,-21.54590655044689],[-47.80658638975007,-21.54136417012029],[-47.81119361029681,-21.51918249977251],[-47.82455585956524,-21.51579165995707],[-47.82658725000152,-21.51975169958121],[-47.82940613988143,-21.5204733695503],[-47.8392561300663,-21.5344141598855],[-47.83747192998555,-21.54620580975029]]]}},{"type":"Feature","id":"uc-protecao-integral-017","properties":{"id":"uc-protecao-integral-017","nome":"Estação Ecológica Jata","nome_origem":"Estaado Ecolagica Jata","natureza":"camada fornecida para a demonstração","fonte_arquivo":"assets/layers/Areas_Protegidas_PI_DG_UCs_Protecao_Integral/Areas_Protegidas_PI_DG_UCs_Protecao_Integral.kml","tipo":"Unidade de Conservaato","categoria":"Estação Ecológica","orgao_gestor":"Fundação Florestal do Estado de São Paulo"},"geometry":{"type":"Polygon","coordinates":[[[-47.80262589956556,-21.5540364001597],[-47.80441139017347,-21.55217000024527],[-47.80654694008916,-21.54154083024508],[-47.8232523399235,-21.54601478025785],[-47.80262589956556,-21.5540364001597]]]}},{"type":"Feature","id":"uc-protecao-integral-018","properties":{"id":"uc-protecao-integral-018","nome":"Estação Ecológica Jata","nome_origem":"Estaado Ecolagica Jata","natureza":"camada fornecida para a demonstração","fonte_arquivo":"assets/layers/Areas_Protegidas_PI_DG_UCs_Protecao_Integral/Areas_Protegidas_PI_DG_UCs_Protecao_Integral.kml","tipo":"Unidade de Conservaato","categoria":"Estação Ecológica","orgao_gestor":"Fundação Florestal do Estado de São Paulo"},"geometry":{"type":"Polygon","coordinates":[[[-47.67767832039812,-21.63430871957172],[-47.67722898043309,-21.63227362033126],[-47.68054437971932,-21.63109619013704],[-47.67956665028066,-21.63377884981401],[-47.67767832039812,-21.63430871957172]]]}},{"type":"Feature","id":"uc-protecao-integral-019","properties":{"id":"uc-protecao-integral-019","nome":"Estação Ecológica Jata","nome_origem":"Estaado Ecolagica Jata","natureza":"camada fornecida para a demonstração","fonte_arquivo":"assets/layers/Areas_Protegidas_PI_DG_UCs_Protecao_Integral/Areas_Protegidas_PI_DG_UCs_Protecao_Integral.kml","tipo":"Unidade de Conservaato","categoria":"Estação Ecológica","orgao_gestor":"Fundação Florestal do Estado de São Paulo"},"geometry":{"type":"Polygon","coordinates":[[[-47.72892236957165,-21.67581806984799],[-47.68994273037265,-21.64211681973541],[-47.68172035031387,-21.63314247964166],[-47.67969805022477,-21.63374197041554],[-47.68069745962003,-21.63103541035588],[-47.70590580011253,-21.62226019005567],[-47.71012642009816,-21.63502859988995],[-47.73049331971089,-21.67125964022017],[-47.73034504039128,-21.67494309964428],[-47.72892236957165,-21.67581806984799]]]}},{"type":"Feature","id":"uc-protecao-integral-020","properties":{"id":"uc-protecao-integral-020","nome":"Estação Ecológica Juraia-Itatins","nome_origem":"Estaado Ecolagica Juraia-Itatins","natureza":"camada fornecida para a demonstração","fonte_arquivo":"assets/layers/Areas_Protegidas_PI_DG_UCs_Protecao_Integral/Areas_Protegidas_PI_DG_UCs_Protecao_Integral.kml","tipo":"Unidade de Conservauro","categoria":"Estação Ecológica","orgao_gestor":"Fundação Florestal do Estado de São Paulo"},"geometry":{"type":"Polygon","coordinates":[[[-47.33677590968045,-24.36078743968852],[-47.33515377013032,-24.35965157975653],[-47.33405757030062,-24.35350579995264],[-47.32849953972192,-24.35438473976387],[-47.32280142984206,-24.35720282025392],[-47.32033456968458,-24.35604363010941],[-47.31813441966767,-24.35681118978454],[-47.31493033037043,-24.35340619014352],[-47.30842412027687,-24.35461274038562],[-47.3111483897863,-24.35372333966035],[-47.31267782002533,-24.35134237015421],[-47.30674253014359,-24.35057596970518],[-47.31070614996878,-24.3483980896001],[-47.31214643041341,-24.34504705018117],[-47.3043585802842,-24.34327730040707],[-47.30423130013435,-24.34151100043226],[-47.30916204009606,-24.33815057029256],[-47.31144742965512,-24.33842998965224],[-47.31572956956393,-24.33609545034471],[-47.31897207969769,-24.3372804501326],[-47.31948374987513,-24.33916088037029],[-47.32625224994132,-24.33961451999409],[-47.3294005102253,-24.33563919009651],[-47.33615481988897,-24.33099105039662],[-47.34329446027107,-24.33266805039017],[-47.34024697981425,-24.36055409979184],[-47.33849243038134,-24.35829029036455],[-47.33677590968045,-24.36078743968852]]]}},{"type":"Feature","id":"uc-protecao-integral-021","properties":{"id":"uc-protecao-integral-021","nome":"Estação Ecológica Juraia-Itatins","nome_origem":"Estaado Ecolagica Juraia-Itatins","natureza":"camada fornecida para a demonstração","fonte_arquivo":"assets/layers/Areas_Protegidas_PI_DG_UCs_Protecao_Integral/Areas_Protegidas_PI_DG_UCs_Protecao_Integral.kml","tipo":"Unidade de Conservauro","categoria":"Estação Ecológica","orgao_gestor":"Fundação Florestal do Estado de São Paulo"},"geometry":{"type":"Polygon","coordinates":[[[-47.37547148002471,-24.62921183016181],[-47.3136614202383,-24.59142157044909],[-47.31461973960927,-24.58665129022484],[-47.30847342021212,-24.5734546304268],[-47.30562509012577,-24.57164235980702],[-47.30405238001327,-24.56844115013894],[-47.30469325039314,-24.56479140000306],[-47.2994538397229,-24.56774324025827],[-47.29451835044148,-24.56274090976513],[-47.28467028030917,-24.56525746016359],[-47.27710316967551,-24.56271360994509],[-47.27363100956342,-24.56365070981235],[-47.27202023024938,-24.56250330977986],[-47.25907923961518,-24.56474346973528],[-47.25399061017845,-24.56775079006684],[-47.25153622991303,-24.57164024010495],[-47.24263859029867,-24.57441268000116],[-47.23677065963818,-24.57110380979293],[-47.22782631013604,-24.57080760009063],[-47.22465902019758,-24.56607364977907],[-47.22818070957203,-24.55956244035428],[-47.22733372986772,-24.55806775002662],[-47.2024604497899,-24.53943638008485],[-47.1939804598303,-24.53524319032095],[-47.19050076969472,-24.53591757033956],[-47.18768949977056,-24.534052719957],[-47.18660866036134,-24.53158859014127],[-47.18857010962284,-24.52849806003741],[-47.18665944957388,-24.52489498021913],[-47.16285634024786,-24.50538958975773],[-47.12158191986964,-24.47492046980381],[-47.08124236993939,-24.44816427016491],[-47.0821530099534,-24.4336685297788],[-47.0864226897553,-24.43233400960679],[-47.09321128966923,-24.43602017958756],[-47.10289572995396,-24.43334630988426],[-47.10849420034702,-24.42994073018053],[-47.10837557976913,-24.42695870957675],[-47.11207250024563,-24.42609103017685],[-47.11535939012373,-24.4199739504374],[-47.11705908990501,-24.42286251978942],[-47.1168208496025,-24.4260743099814],[-47.11868686011047,-24.42734275966058],[-47.12336068984393,-24.42746679955309],[-47.12228933018838,-24.42407659016249],[-47.12319164967482,-24.42379038991453],[-47.13931783035355,-24.42847172988638],[-47.14110912968255,-24.42702186986338],[-47.13905808995884,-24.42556862029556],[-47.14209480013488,-24.42440810994628],[-47.14591401042321,-24.43119442018627],[-47.15570766977311,-24.43635132975004],[-47.15927558969668,-24.43515511991279],[-47.15977988992995,-24.43236150997564],[-47.16147434036844,-24.4311330603424],[-47.16966813997266,-24.43592575976595],[-47.17094952999679,-24.4348176897845],[-47.16185146027664,-24.43041262963908],[-47.15928403972663,-24.43138885001537],[-47.15821629984231,-24.43502177023845],[-47.15598985005147,-24.43559908013339],[-47.14670902010516,-24.43091341981841],[-47.14277212992982,-24.42376596972366],[-47.13776556992508,-24.42525025039868],[-47.1400070896554,-24.42714770030608],[-47.13862107969902,-24.4277325402245],[-47.13068246992003,-24.4257434799776],[-47.13108719002179,-24.42125271983713],[-47.13531971972924,-24.42141603042541],[-47.14071765029928,-24.4171969599717],[-47.14616998985309,-24.41714769960663],[-47.14856755994487,-24.41381769982695],[-47.15124507999639,-24.41305113030535],[-47.15257051971366,-24.40685650022726],[-47.15475164007609,-24.40479153989759],[-47.14989013981807,-24.40377917037239],[-47.1479027397196,-24.40139158994987],[-47.14599313997138,-24.40313481961618],[-47.14413777024185,-24.40301486984032],[-47.14178242961538,-24.40598129979708],[-47.14083554962087,-24.40063407030607],[-47.13516161981283,-24.39813409980883],[-47.12897975021525,-24.4005430795994],[-47.13115635957831,-24.39507869002949],[-47.12313381966999,-24.3965283998657],[-47.12445520974012,-24.39443438963531],[-47.12200960955579,-24.39213772977234],[-47.12070129023232,-24.39265439028782],[-47.12079973002346,-24.39500744034103],[-47.11759300031667,-24.39536016973602],[-47.10335156032619,-24.3920874999381],[-47.09786513017156,-24.385776410353],[-47.09658231022541,-24.38551161037248],[-47.09603673021087,-24.386976249854],[-47.08987698033832,-24.38349897979401],[-47.08498564956801,-24.38341834028415],[-47.08529655958853,-24.38135020984424],[-47.08147602010223,-24.38218013030871],[-47.0798467498276,-24.38149304017162],[-47.07796238955257,-24.37773016971153],[-47.07509917029046,-24.37647711013051],[-47.0751324101326,-24.37525337024681],[-47.07083619043777,-24.37465762964587],[-47.07296138016352,-24.371041769562],[-47.07286324973916,-24.36883126025441],[-47.07180144987694,-24.36856952966002],[-47.06878277020866,-24.37209195018329],[-47.06159817001947,-24.37029941968245],[-47.06232815961681,-24.36535659013447],[-47.05661807976054,-24.36281245033427],[-47.05036142973614,-24.3626029100962],[-47.04775853003207,-24.3608225600131],[-47.04346509014175,-24.36048687996549],[-47.04028822961806,-24.35640023018641],[-47.04050119987045,-24.35413312024724],[-47.03836048964484,-24.35319501044131],[-47.03437030024912,-24.35338042007027],[-47.03306211042803,-24.35501670955347],[-47.02880639979549,-24.35338727020633],[-47.02426620032486,-24.35418645993713],[-47.0229865801665,-24.3565129404198],[-47.01978607017094,-24.35442857991501],[-47.02038680021064,-24.35676068026112],[-47.01948143022378,-24.35721512028152],[-47.01028038992803,-24.35632445960607],[-47.00935893017044,-24.35925638977051],[-47.0127476295994,-24.36407942962194],[-47.00720841013998,-24.36387210980996],[-47.00390313991795,-24.35901442987199],[-47.00615156014635,-24.35691633042427],[-47.00179751044669,-24.35422027984197],[-47.00573426032781,-24.35257566983125],[-47.004991080374,-24.34918999032573],[-47.00603128031929,-24.34659867029234],[-47.00374570010393,-24.34087970963083],[-47.00768646006202,-24.3383908799351],[-47.00934673986012,-24.33576424982022],[-47.01255039028825,-24.33540760028046],[-47.01441413000805,-24.33362958034081],[-47.0233119602787,-24.33433002001436],[-47.02771478021288,-24.33862189958097],[-47.0375362897679,-24.33137974008287],[-47.04342680959957,-24.33410463012456],[-47.04524681978484,-24.32975564990329],[-47.04734927015267,-24.32986812991021],[-47.04876307995215,-24.32845421039343],[-47.04933674039819,-24.32326253034148],[-47.0547570101279,-24.32518623955326],[-47.06217279993473,-24.32517501961144],[-47.06288511965249,-24.32231427978013],[-47.0665515396218,-24.31772148975489],[-47.07964654994828,-24.32218480978111],[-47.08276517037626,-24.32528376023731],[-47.08603409000119,-24.33166337996096],[-47.08976919029584,-24.33467968991573],[-47.08941023039779,-24.33649358021449],[-47.07478291020311,-24.34339374012893],[-47.08774657994064,-24.34888781991691],[-47.09029142031278,-24.35224280016507],[-47.09609948040668,-24.35400410980179],[-47.10224438966679,-24.35402365027119],[-47.11061335022589,-24.35179383971388],[-47.11241596032829,-24.35580745015363],[-47.11832306006113,-24.36074723999309],[-47.12066408977586,-24.3647225204279],[-47.12841607044527,-24.36598378002736],[-47.14358691030765,-24.3644728596347],[-47.14446633035681,-24.35328810016563],[-47.147772120387,-24.35237039957423],[-47.15423182024227,-24.35371271956632],[-47.15810693958355,-24.35737178038329],[-47.1600094796537,-24.35344073040534],[-47.16377202006265,-24.35663614034553],[-47.16723100960337,-24.35561807991041],[-47.17060073963239,-24.36078635960274],[-47.17759461969592,-24.36020126967281],[-47.17842792970515,-24.36160080992937],[-47.18039530010299,-24.35875294029591],[-47.18011943036737,-24.35313589980188],[-47.18519551965744,-24.35581234966014],[-47.18785309994058,-24.35471463986869],[-47.19169355041697,-24.35726770993682],[-47.19270720957002,-24.35465621990858],[-47.19787400987764,-24.35615460015464],[-47.19482227023155,-24.34476123034648],[-47.19543173988285,-24.34327247014835],[-47.2047083196332,-24.34231547008284],[-47.20691049042676,-24.34635372014804],[-47.20750852969485,-24.34452709005313],[-47.21216289000535,-24.34412429000395],[-47.21594863022506,-24.33699080997786],[-47.22285706030505,-24.34035248028272],[-47.22361236042207,-24.33587283036678],[-47.22829490998208,-24.33613091960621],[-47.23164329010569,-24.33830194957528],[-47.23156069007376,-24.33657589965799],[-47.23516005029603,-24.33408429015782],[-47.23574625988192,-24.33839128013341],[-47.23948305000272,-24.34110704025767],[-47.23999552956997,-24.34723726988403],[-47.23837060032292,-24.35073201017411],[-47.23218861021616,-24.35552191000812],[-47.23315409988174,-24.35910055974301],[-47.243251589789,-24.35801154999297],[-47.24617802959233,-24.35894375035377],[-47.24753161988832,-24.36156129012141],[-47.26055308006056,-24.35863022960137],[-47.26415830026531,-24.3591966100355],[-47.27071867023039,-24.35616860979349],[-47.27684245981163,-24.35572032023657],[-47.28377762044079,-24.35916202031092],[-47.28910138032438,-24.36466369037697],[-47.30403181971269,-24.36596118006435],[-47.3139145101465,-24.36950984999953],[-47.31851903992174,-24.37520317009017],[-47.31634523014822,-24.37554154001003],[-47.31753482996839,-24.37743705997229],[-47.32231507018429,-24.37875127974769],[-47.33154872979003,-24.37827182958125],[-47.33768386971479,-24.38588621038025],[-47.32876740998796,-24.3871892003213],[-47.32381340006833,-24.39227088968977],[-47.32490625981598,-24.39585621958884],[-47.32360570973566,-24.39568560021024],[-47.32271594028839,-24.39789475963539],[-47.32143247013232,-24.39728490957089],[-47.32082738017942,-24.40039940031204],[-47.32156027998292,-24.39742850971788],[-47.32272305032848,-24.39813920975666],[-47.32386897007689,-24.39589958040125],[-47.32512136955552,-24.39593222039559],[-47.32399122031853,-24.39319237013171],[-47.32490123980034,-24.39095380017767],[-47.32962365990392,-24.38709348997253],[-47.33643393977445,-24.3864686401156],[-47.33456550019764,-24.38739125999859],[-47.33728746024804,-24.38882154987459],[-47.33676141980362,-24.39060434971094],[-47.33999477034234,-24.39014820997187],[-47.34236073016353,-24.38808871032569],[-47.34592223971953,-24.38827548962212],[-47.34754093036958,-24.39079867971526],[-47.35111350968066,-24.39072790037227],[-47.35172090009939,-24.39169877967493],[-47.34884732964053,-24.39455252997521],[-47.35443800021352,-24.3947130202896],[-47.35067860023719,-24.39752911957316],[-47.35677125978577,-24.40231696985222],[-47.34944485989234,-24.4084111303693],[-47.35204210016275,-24.40860999025881],[-47.352541169939,-24.41101689981002],[-47.35481347975826,-24.41096800996564],[-47.35530832002291,-24.41314388008595],[-47.36199538018263,-24.41035780017228],[-47.36065180024036,-24.41549872968261],[-47.36727810040395,-24.4117818100824],[-47.36886369960001,-24.41492084961749],[-47.36739629020661,-24.41616061991664],[-47.3644349099431,-24.41600293009111],[-47.3650317000529,-24.41766174039697],[-47.36266468982353,-24.42035980006466],[-47.3579602102954,-24.42198558996296],[-47.36113135023157,-24.42582909004045],[-47.36551878006759,-24.42536166021239],[-47.36840402012939,-24.42716585042359],[-47.37437319017056,-24.43291035003256],[-47.38146618002014,-24.43308889963299],[-47.38398323044169,-24.43214271031781],[-47.38513359014303,-24.42802704031561],[-47.39563698006253,-24.41825434955854],[-47.40042525032499,-24.41596964977947],[-47.40047346028194,-24.41409339959068],[-47.40626316970946,-24.40806986013587],[-47.40584680968249,-24.40420227981133],[-47.40727281968486,-24.40101580013902],[-47.41132224022914,-24.40144329017568],[-47.41303189010961,-24.39923885039258],[-47.41468844041913,-24.39979013031024],[-47.4182798002725,-24.39759530967575],[-47.42269404969062,-24.39813852986919],[-47.425700799852,-24.39568933959129],[-47.42002901043043,-24.39370040974609],[-47.41744219959782,-24.38870133030213],[-47.40797386999805,-24.38252368032352],[-47.40506986018585,-24.37918261978206],[-47.40353338016132,-24.3822876604471],[-47.40036368993231,-24.38237314010826],[-47.39834502040634,-24.38539774990619],[-47.38925178004558,-24.38427402002998],[-47.38323618969838,-24.38503669009111],[-47.38845424956395,-24.32840071961749],[-47.3868090495979,-24.32211092957567],[-47.39173470029613,-24.32086531008594],[-47.39754019012764,-24.32157253964095],[-47.39941233041469,-24.32311629967745],[-47.40359315000381,-24.32187034024395],[-47.40747299977909,-24.32482372013851],[-47.41573209016377,-24.32462203008259],[-47.42001374983465,-24.32739535041503],[-47.42233691002036,-24.32585624976605],[-47.42531630010711,-24.32810591015959],[-47.42729119962911,-24.33367528028992],[-47.43245129998746,-24.33810406005426],[-47.43772852984773,-24.33993654023908],[-47.44150523008227,-24.3397033802068],[-47.44234400976819,-24.33813190036688],[-47.4451891400667,-24.34018018996375],[-47.44601076968121,-24.33899981988571],[-47.45023512994726,-24.33853446029707],[-47.45176410962591,-24.33668065988451],[-47.46965828999805,-24.37314288983248],[-47.46607876971939,-24.37567459021011],[-47.46690613970657,-24.37853080015628],[-47.47471658979873,-24.37944739008492],[-47.47193233011291,-24.38714105961219],[-47.47460420961653,-24.38909370990672],[-47.47553242957792,-24.38778927025857],[-47.48136716985897,-24.39093808002832],[-47.48510116039017,-24.38480445995782],[-47.49069347042729,-24.38284106995934],[-47.49100594976471,-24.37901781002387],[-47.49374083037497,-24.37878734975635],[-47.49884395958105,-24.3813827401213],[-47.49833770961754,-24.38304536984788],[-47.50113488986324,-24.38700786012458],[-47.50012446017564,-24.38971016009577],[-47.49874368966948,-24.38962949000893],[-47.49771849041593,-24.39147850962547],[-47.49642837966593,-24.39012086968233],[-47.49284300030416,-24.39106033026997],[-47.49167661018737,-24.39408211979395],[-47.48836929041039,-24.39598019023356],[-47.48981307011707,-24.39738397978681],[-47.48752722999762,-24.39778514037187],[-47.49186023016546,-24.39877342965002],[-47.49367485970697,-24.40103715004437],[-47.49599589029805,-24.40097017033702],[-47.4952712201906,-24.40257272984758],[-47.49805708966289,-24.40399371983426],[-47.49588000995448,-24.40425572022525],[-47.49337935956976,-24.40721061008156],[-47.49487655001275,-24.41093491041772],[-47.49422802010702,-24.41197818964167],[-47.49184970000363,-24.41185069005724],[-47.49158227040539,-24.41034133988086],[-47.48638250994486,-24.40735246014788],[-47.48519231027683,-24.41030631038785],[-47.4819580199466,-24.40944206999546],[-47.47808294017551,-24.41146728029071],[-47.47270875980138,-24.41057140984265],[-47.46895882968619,-24.41592407033954],[-47.46197563986385,-24.41826781960413],[-47.46233145033614,-24.4211680999278],[-47.45996479983557,-24.42240796015921],[-47.45544280983773,-24.42083984018643],[-47.4496943199369,-24.42380486000621],[-47.44900562001334,-24.42264031979488],[-47.45171906977919,-24.41772839994564],[-47.44675239021058,-24.41704194023333],[-47.44229645991368,-24.41925215006665],[-47.44075121959304,-24.417134070381],[-47.43687368017618,-24.42087815040628],[-47.43041568993209,-24.42339268002814],[-47.42966430995989,-24.42556946026235],[-47.43336287979304,-24.42957641032302],[-47.44800772957302,-24.43082691043355],[-47.45605862960201,-24.42829712021586],[-47.47087212025212,-24.43158433025258],[-47.48173658977174,-24.4207540403666],[-47.48809423006463,-24.42917472003728],[-47.48826359039236,-24.4370745195734],[-47.48343596040121,-24.44700274987696],[-47.48012517014047,-24.48132214000469],[-47.47380623037321,-24.48582789993759],[-47.47446146022816,-24.49270364955373],[-47.44481162985278,-24.52748945957086],[-47.42584523996584,-24.5565442598097],[-47.42629317968647,-24.57406243992961],[-47.42245799024403,-24.57968513985725],[-47.41355110020305,-24.60294697961939],[-47.37547148002471,-24.62921183016181]]]}},{"type":"Feature","id":"uc-protecao-integral-022","properties":{"id":"uc-protecao-integral-022","nome":"Estação Ecológica Maralia","nome_origem":"Estaado Ecolagica Maralia","natureza":"camada fornecida para a demonstração","fonte_arquivo":"assets/layers/Areas_Protegidas_PI_DG_UCs_Protecao_Integral/Areas_Protegidas_PI_DG_UCs_Protecao_Integral.kml","tipo":"Unidade de Conservaaro","categoria":"Estação Ecológica","orgao_gestor":"Fundação Florestal do Estado de São Paulo"},"geometry":{"type":"Polygon","coordinates":[[[-49.90715642982531,-22.02213401976917],[-49.90221398968384,-22.02059654959106],[-49.89768552007064,-22.01657971957837],[-49.89346734983826,-22.01808845012181],[-49.89284869990752,-22.01346872000539],[-49.88860137994971,-22.01347815029635],[-49.89254827957939,-22.00884028984746],[-49.89282510979092,-22.01268789982669],[-49.89810304022308,-22.01389936036713],[-49.89915230983121,-22.0127947500776],[-49.90448054024472,-22.01679889964947],[-49.90430282971175,-22.01873293038039],[-49.90769243026142,-22.01947185024562],[-49.90715642982531,-22.02213401976917]]]}},{"type":"Feature","id":"uc-protecao-integral-023","properties":{"id":"uc-protecao-integral-023","nome":"Estação Ecológica Maralia","nome_origem":"Estaado Ecolagica Maralia","natureza":"camada fornecida para a demonstração","fonte_arquivo":"assets/layers/Areas_Protegidas_PI_DG_UCs_Protecao_Integral/Areas_Protegidas_PI_DG_UCs_Protecao_Integral.kml","tipo":"Unidade de Conservaaro","categoria":"Estação Ecológica","orgao_gestor":"Fundação Florestal do Estado de São Paulo"},"geometry":{"type":"Polygon","coordinates":[[[-49.91413958997003,-22.03509909964367],[-49.91124043020164,-22.03342129026026],[-49.91651487036495,-22.02537722957544],[-49.90780895991554,-22.02197891999111],[-49.90831747976785,-22.01972768038809],[-49.91453452994455,-22.02278224030812],[-49.9185059396973,-22.02237628993379],[-49.92067936006436,-22.01768648014689],[-49.92328806039563,-22.01632367000133],[-49.93322131970808,-22.00356332978379],[-49.92687977008529,-21.99864635034874],[-49.93397258007047,-21.99524499026404],[-49.93554747013957,-21.99328663017377],[-49.93583648976215,-21.99001341988338],[-49.93300576030754,-21.98544428022933],[-49.93434090011243,-21.98134704992634],[-49.93337045967894,-21.97975827972078],[-49.93480782991736,-21.97895792986452],[-49.93397364037116,-21.97694356988978],[-49.93172506006346,-21.97612282970476],[-49.93395723044176,-21.97669033968737],[-49.93288825039241,-21.97239864987773],[-49.92360760031045,-21.96680229019347],[-49.92357132975303,-21.96288568962285],[-49.93600406043902,-21.95372141001502],[-49.94688427978565,-21.95171593983872],[-49.94001038996748,-21.95798144998389],[-49.93923049968777,-21.96091230995512],[-49.93613223991088,-21.96336225026761],[-49.93677641979588,-21.96561782999879],[-49.93490476963939,-21.96995209011681],[-49.93359867973521,-21.96945933987661],[-49.93378739976862,-21.97230765017787],[-49.93630379998035,-21.97466794966613],[-49.93487196956568,-21.97587531019735],[-49.93611758995479,-21.97772051039317],[-49.93591823004226,-21.98260271034678],[-49.9340763699285,-21.98493316043698],[-49.9383596798553,-21.9905146498312],[-49.93761247003943,-21.99757371995116],[-49.93594416019482,-22.0000543496285],[-49.93668065009189,-22.00291467037567],[-49.93372474040439,-22.00414925968056],[-49.93184970969628,-22.00918430031516],[-49.93317752991902,-22.00995363974863],[-49.93264150969787,-22.01362060021046],[-49.93094730027764,-22.01582141032975],[-49.92571441958478,-22.01846826979477],[-49.92499092039463,-22.02125566002064],[-49.92254913963103,-22.02344387963132],[-49.92278279968639,-22.02642199987537],[-49.92089766959174,-22.02965005970248],[-49.91900286009388,-22.02876506025927],[-49.91413958997003,-22.03509909964367]]]}},{"type":"Feature","id":"uc-protecao-integral-024","properties":{"id":"uc-protecao-integral-024","nome":"Estação Ecológica Mata do Jacarr d SIo Carlos","nome_origem":"Estaado Ecolagica Mata do Jacarr d SIo Carlos","natureza":"camada fornecida para a demonstração","fonte_arquivo":"assets/layers/Areas_Protegidas_PI_DG_UCs_Protecao_Integral/Areas_Protegidas_PI_DG_UCs_Protecao_Integral.kml","tipo":"Unidade de Conservaato","categoria":"Estação Ecológica","orgao_gestor":"Fundação Florestal do Estado de São Paulo"},"geometry":{"type":"Polygon","coordinates":[[[-48.01737056020318,-22.08978639032961],[-48.02281721963891,-22.08155082980693],[-48.0269411103439,-22.07771389028375],[-48.03636806033768,-22.07886166983013],[-48.01737056020318,-22.08978639032961]]]}},{"type":"Feature","id":"uc-protecao-integral-025","properties":{"id":"uc-protecao-integral-025","nome":"Estação Ecológica Mogi-Guaeu","nome_origem":"Estaado Ecolagica Mogi-Guaeu","natureza":"camada fornecida para a demonstração","fonte_arquivo":"assets/layers/Areas_Protegidas_PI_DG_UCs_Protecao_Integral/Areas_Protegidas_PI_DG_UCs_Protecao_Integral.kml","tipo":"Unidade de Conservaogo","categoria":"Estação Ecológica","orgao_gestor":"Fundação Florestal do Estado de São Paulo"},"geometry":{"type":"Polygon","coordinates":[[[-47.15417374022587,-22.2974198201685],[-47.15412612022425,-22.29459783032559],[-47.14805045966096,-22.29290720020708],[-47.14411107026962,-22.28665272024682],[-47.15404423964992,-22.2761219999303],[-47.16069144995043,-22.2783673795509],[-47.17028427989555,-22.27088277002377],[-47.17536484960806,-22.27155932010652],[-47.18200114034033,-22.2670491004356],[-47.1886519803046,-22.25917449990322],[-47.19470964993036,-22.26077906040524],[-47.19583399044626,-22.2666353196642],[-47.20029922962573,-22.27478064041418],[-47.20496513992924,-22.27564034012954],[-47.20258339970411,-22.27918786972435],[-47.20118095014067,-22.27790835029009],[-47.19874095992731,-22.28265421032353],[-47.1963569399208,-22.28071588982641],[-47.19255358018353,-22.28047085964243],[-47.19543357000322,-22.27954729007536],[-47.19624032033448,-22.27762566009608],[-47.19143849009419,-22.27494694034897],[-47.19304935034722,-22.2726133902957],[-47.1924013402496,-22.2713141199506],[-47.19020455999242,-22.27294919984564],[-47.18944177032142,-22.27086842044122],[-47.18786572012687,-22.27039787985825],[-47.18360525028203,-22.27418170991791],[-47.183847839706,-22.27531002004133],[-47.18766522976648,-22.27651525997123],[-47.18428256029188,-22.27706353975049],[-47.18307121036804,-22.27918991028611],[-47.18380713998749,-22.28098738975621],[-47.18586757043198,-22.27894974993097],[-47.187478829984,-22.2798366901111],[-47.18380733963699,-22.28266071961644],[-47.18499914999074,-22.28740515962039],[-47.18379024982011,-22.29231729980347],[-47.17536617970541,-22.29574049003156],[-47.17260952021314,-22.29178774031192],[-47.16832340979749,-22.2903327802336],[-47.17095460037444,-22.2907534498118],[-47.17165429990598,-22.28932597031724],[-47.16848429041761,-22.28327900981839],[-47.16681929997065,-22.28296640997178],[-47.16627956015355,-22.28613397959941],[-47.16388374014247,-22.28462650990548],[-47.1624733495654,-22.28690328036203],[-47.15921480991551,-22.28701805993546],[-47.16101045027204,-22.29197029998932],[-47.15660528040934,-22.29195320027992],[-47.15653751019789,-22.29427331985778],[-47.15417374022587,-22.2974198201685]]]}},{"type":"Feature","id":"uc-protecao-integral-026","properties":{"id":"uc-protecao-integral-026","nome":"Estação Ecológica Paranapanema","nome_origem":"Estaado Ecolagica Paranapanema","natureza":"camada fornecida para a demonstração","fonte_arquivo":"assets/layers/Areas_Protegidas_PI_DG_UCs_Protecao_Integral/Areas_Protegidas_PI_DG_UCs_Protecao_Integral.kml","tipo":"Unidade de Conservaaro","categoria":"Estação Ecológica","orgao_gestor":"Fundação Florestal do Estado de São Paulo"},"geometry":{"type":"Polygon","coordinates":[[[-48.74435533013434,-23.51951072044335],[-48.7407919400959,-23.51689926009271],[-48.73842974034022,-23.51184619974225],[-48.73541573984448,-23.50901508987448],[-48.73565640022264,-23.50602436023598],[-48.73929360031934,-23.5051707902997],[-48.74179501962442,-23.50688412020594],[-48.74095598992693,-23.50816598956874],[-48.74212478033428,-23.50909206015041],[-48.75013167024036,-23.50233958960035],[-48.75958737965379,-23.50522876959201],[-48.76941388044617,-23.50380570037271],[-48.7743127700183,-23.50456316965449],[-48.77270760966843,-23.5202812496799],[-48.76635925037908,-23.52450475019401],[-48.75215988966715,-23.51963377018228],[-48.74435533013434,-23.51951072044335]]]}},{"type":"Feature","id":"uc-protecao-integral-027","properties":{"id":"uc-protecao-integral-027","nome":"Estação Ecológica Santa B rbara","nome_origem":"Estaado Ecolagica Santa B rbara","natureza":"camada fornecida para a demonstração","fonte_arquivo":"assets/layers/Areas_Protegidas_PI_DG_UCs_Protecao_Integral/Areas_Protegidas_PI_DG_UCs_Protecao_Integral.kml","tipo":"Unidade de Conservaano","categoria":"Estação Ecológica","orgao_gestor":"Fundação Florestal do Estado de São Paulo"},"geometry":{"type":"Polygon","coordinates":[[[-49.17648094024315,-22.82945079981454],[-49.17513911038162,-22.82657139005755],[-49.17625809993132,-22.81840496042054],[-49.17412685956685,-22.81227805019182],[-49.17469761969937,-22.80797854977021],[-49.19458348004355,-22.80239157001489],[-49.20270437970333,-22.80179953012419],[-49.21597513014808,-22.81070141004199],[-49.22140985018439,-22.8011545597351],[-49.22191131035862,-22.79661278015561],[-49.22874932981767,-22.78967975991293],[-49.23510584955528,-22.77887938957213],[-49.2485668803572,-22.77843434027255],[-49.25403192013698,-22.77687486997922],[-49.25680521978501,-22.77830160033852],[-49.25976149010063,-22.78721114967476],[-49.2585149002424,-22.78941083024557],[-49.25655019003921,-22.80482103995899],[-49.25362745993931,-22.80661011976116],[-49.24859425032435,-22.81897471960758],[-49.24823164997065,-22.82463087971126],[-49.24366904029392,-22.83402901992326],[-49.24195849019213,-22.84200030027358],[-49.2386950402439,-22.83976777016642],[-49.23102986033973,-22.83760201022454],[-49.22490672006904,-22.84189922007289],[-49.2189369196031,-22.82979993012265],[-49.21782704018574,-22.82180670001912],[-49.2095130497874,-22.82135227978387],[-49.20626755030713,-22.82689804001251],[-49.20150241960096,-22.82969507007141],[-49.19120973993751,-22.83102819989148],[-49.18775831009788,-22.82654209014532],[-49.17648094024315,-22.82945079981454]]]}},{"type":"Feature","id":"uc-protecao-integral-028","properties":{"id":"uc-protecao-integral-028","nome":"Estação Ecológica Sebasti o Aleixo da Silva s Bauru","nome_origem":"Estaado Ecolagica Sebasti o Aleixo da Silva s Bauru","natureza":"camada fornecida para a demonstração","fonte_arquivo":"assets/layers/Areas_Protegidas_PI_DG_UCs_Protecao_Integral/Areas_Protegidas_PI_DG_UCs_Protecao_Integral.kml","tipo":"Unidade de Conservaebo","categoria":"Estação Ecológica","orgao_gestor":"Fundação Florestal do Estado de São Paulo"},"geometry":{"type":"Polygon","coordinates":[[[-49.07470598988948,-22.24244574017871],[-49.07025609044615,-22.23892101019641],[-49.0790269796114,-22.22900934990156],[-49.08881366022217,-22.22791840031385],[-49.09234901029856,-22.23014377991149],[-49.09881360966034,-22.22898908008193],[-49.10047896972861,-22.23095888044793],[-49.09864182026377,-22.23444622021685],[-49.09407384972832,-22.23773668040343],[-49.09095737957938,-22.23901752993504],[-49.08173560001791,-22.23870468007686],[-49.07670785018712,-22.2409498096859],[-49.07643905002209,-22.24259051034375],[-49.07470598988948,-22.24244574017871]]]}},{"type":"Feature","id":"uc-protecao-integral-029","properties":{"id":"uc-protecao-integral-029","nome":"Estação Ecológica Valinhos","nome_origem":"Estaado Ecolagica Valinhos","natureza":"camada fornecida para a demonstração","fonte_arquivo":"assets/layers/Areas_Protegidas_PI_DG_UCs_Protecao_Integral/Areas_Protegidas_PI_DG_UCs_Protecao_Integral.kml","tipo":"Unidade de Conservaalo","categoria":"Estação Ecológica","orgao_gestor":"Fundação Florestal do Estado de São Paulo"},"geometry":{"type":"Polygon","coordinates":[[[-47.01394138968334,-22.96515166981368],[-47.01290556044324,-22.96146444043154],[-47.01536000006394,-22.95990972035725],[-47.01849472015516,-22.96432333035739],[-47.01394138968334,-22.96515166981368]]]}},{"type":"Feature","id":"uc-protecao-integral-030","properties":{"id":"uc-protecao-integral-030","nome":"Estação Ecológica Xitu","nome_origem":"Estaado Ecolagica Xitu","natureza":"camada fornecida para a demonstração","fonte_arquivo":"assets/layers/Areas_Protegidas_PI_DG_UCs_Protecao_Integral/Areas_Protegidas_PI_DG_UCs_Protecao_Integral.kml","tipo":"Unidade de Conservaito","categoria":"Estação Ecológica","orgao_gestor":"Fundação Florestal do Estado de São Paulo"},"geometry":{"type":"Polygon","coordinates":[[[-48.31703752985806,-24.31250293975882],[-48.30541410987325,-24.30361465039573],[-48.29934012025029,-24.30635146994433],[-48.29880407035154,-24.30283470975399],[-48.29478080029367,-24.30049050003652],[-48.29522023962232,-24.29597578015807],[-48.29223292021305,-24.29382777013547],[-48.28733927998377,-24.29418446014466],[-48.28094755988195,-24.29788236987542],[-48.27869296041177,-24.29634018005521],[-48.27519734957798,-24.29665834041003],[-48.27473358988323,-24.29426015967857],[-48.28213428007291,-24.29159783996829],[-48.28531789000857,-24.28860004975246],[-48.29121040003992,-24.28905460038948],[-48.29703641959503,-24.28725169980606],[-48.29749060960393,-24.28463848038155],[-48.29940699024036,-24.28340843984756],[-48.30403166033284,-24.27553202987923],[-48.31232485031154,-24.27299116001399],[-48.31475307019798,-24.26652485014165],[-48.31627269962536,-24.26570494992347],[-48.31470783969502,-24.26423149978382],[-48.31483122038446,-24.26243490974326],[-48.3233634402705,-24.25680137028695],[-48.32138557028782,-24.25511986019336],[-48.32474849964348,-24.25182346987719],[-48.32477048986618,-24.24971370981979],[-48.32850568998555,-24.25032994956746],[-48.33273667016118,-24.25390395969993],[-48.33771570011942,-24.26269399003559],[-48.34835682031098,-24.27276221960074],[-48.36428485965848,-24.26008182011986],[-48.3660920796857,-24.26000205025434],[-48.36577842043772,-24.26289100001958],[-48.3673539301397,-24.26728025008345],[-48.37404038955231,-24.27587635960629],[-48.37225292043587,-24.28163526005915],[-48.37598586955221,-24.28890165988366],[-48.38112972995305,-24.29188490986064],[-48.38344400034032,-24.29548446973246],[-48.38611672970325,-24.29609578029596],[-48.3891289801183,-24.29524465022041],[-48.39309343001776,-24.29067882996401],[-48.39401779008892,-24.2915671595967],[-48.39350343993175,-24.29495652002731],[-48.3945638998041,-24.29640890984325],[-48.39165234018333,-24.30038529014899],[-48.39190106028565,-24.30276603032797],[-48.38817851992269,-24.30569494956222],[-48.38544860986542,-24.30559559965718],[-48.37277102975918,-24.29368490023791],[-48.36960947030076,-24.2927564797277],[-48.36768149020855,-24.28912366022871],[-48.35931224006777,-24.28048257021442],[-48.35624902956903,-24.2841397100795],[-48.35239175007916,-24.2852972796457],[-48.35277834974102,-24.28745120001281],[-48.34633730991885,-24.28542808963459],[-48.34318773032948,-24.28569522965108],[-48.34096260973661,-24.28677184044801],[-48.33844189008113,-24.29186768964212],[-48.33450789032685,-24.29210826008807],[-48.3296778897228,-24.28985187996022],[-48.32393750990809,-24.29194850991576],[-48.32405568981818,-24.29537392956314],[-48.32704416035966,-24.29683904028946],[-48.32980641003775,-24.30262060006061],[-48.32987944038382,-24.30628079042611],[-48.32509317021362,-24.31318306015004],[-48.31703752985806,-24.31250293975882]]]}},{"type":"Feature","id":"uc-protecao-integral-031","properties":{"id":"uc-protecao-integral-031","nome":"Monumento Natural Estadual da Mantiqueira Paulista","nome_origem":"Monumento Natural Estadual da Mantiqueira Paulista","natureza":"camada fornecida para a demonstração","fonte_arquivo":"assets/layers/Areas_Protegidas_PI_DG_UCs_Protecao_Integral/Areas_Protegidas_PI_DG_UCs_Protecao_Integral.kml","tipo":"Fundaeno Florestal - FF","categoria":"Monumento Natural","orgao_gestor":"Fundaeno Para ConservaF"},"geometry":{"type":"Polygon","coordinates":[[[-45.07376349039271,-22.56084434968693],[-45.06970678983646,-22.55918255992714],[-45.07161988974605,-22.55611265037845],[-45.06995214017911,-22.55579787956844],[-45.07390387006751,-22.55381699955484],[-45.07476982007108,-22.5507917800166],[-45.07378138959939,-22.5502950700614],[-45.07055080987192,-22.55326041003985],[-45.07017927025709,-22.55132925983742],[-45.07184708007861,-22.55188305965544],[-45.07061967995423,-22.54904208962068],[-45.06850697012055,-22.54791864033297],[-45.06562867012696,-22.54939986960824],[-45.06723444021719,-22.54732256968077],[-45.07062491041125,-22.54718344006369],[-45.07501270986864,-22.54312377983854],[-45.07740042968607,-22.54275934037122],[-45.08032454024527,-22.54444063013091],[-45.08526064016638,-22.54190798996171],[-45.0834376496278,-22.53992983039728],[-45.08031976034863,-22.54122213998971],[-45.08096720027601,-22.53950085018403],[-45.08325178044527,-22.53892602961253],[-45.07834661990057,-22.53567585006039],[-45.08334393037802,-22.53812286038163],[-45.08647188037293,-22.53662014000741],[-45.08680038023334,-22.53524317992878],[-45.08968288995339,-22.5363315502608],[-45.09034271984058,-22.53807127976569],[-45.09205035973628,-22.53671264966903],[-45.09062856035973,-22.53445706993779],[-45.08933205992656,-22.53495496969606],[-45.09091615006025,-22.53355817956628],[-45.08754116978912,-22.53486034033239],[-45.08373684957593,-22.53373575969749],[-45.08272255010559,-22.5316695196326],[-45.08038095022061,-22.5325327896565],[-45.07852714980805,-22.53033468020129],[-45.07629994998268,-22.53086957986716],[-45.07539711968127,-22.52790768968811],[-45.07154872009733,-22.5292097398376],[-45.07198152962383,-22.53029949962217],[-45.07060309016043,-22.53160040043809],[-45.0709112203765,-22.53037646000558],[-45.06905181988554,-22.52946164983524],[-45.07067803965975,-22.52783921980409],[-45.06855335984966,-22.52764614974996],[-45.07104750004203,-22.52456166039229],[-45.07048107014521,-22.52377312043313],[-45.07387590025257,-22.52130964982041],[-45.07619075969575,-22.52223879968079],[-45.07968206007899,-22.52051238014218],[-45.07647259013788,-22.5179859902612],[-45.07377217964233,-22.51977993989226],[-45.0745680104053,-22.51655273981703],[-45.07160908978761,-22.51595651987742],[-45.07317787975529,-22.51490410983678],[-45.07127439989358,-22.51547862014218],[-45.07163695977783,-22.52011553990019],[-45.06927158991192,-22.52327168993651],[-45.06726500997217,-22.52372669023453],[-45.06554365991195,-22.52891422980781],[-45.06243113958539,-22.53051694040442],[-45.06633988008139,-22.5260217097341],[-45.06716009955892,-22.51959613015725],[-45.0681909501522,-22.52201549981544],[-45.0701300701466,-22.51888314044453],[-45.06727013970516,-22.5188369296805],[-45.06844387998103,-22.51708088017841],[-45.06573717962709,-22.51703455969715],[-45.06364043006175,-22.51067745989684],[-45.06209347023741,-22.512450100092],[-45.06502234990148,-22.51731953956505],[-45.06260635989554,-22.51966516031882],[-45.06440791958977,-22.52105077996947],[-45.06487242032591,-22.52403840964485],[-45.06312197989541,-22.52203130000447],[-45.06193992988381,-22.5252585900119],[-45.05851773970187,-22.52459058978383],[-45.05540591994719,-22.52789024014243],[-45.04974550964749,-22.52789209004789],[-45.05313783963953,-22.52989011024033],[-45.04938595979417,-22.52970877993619],[-45.04717448011814,-22.53343822979042],[-45.04784426010445,-22.53573266023403],[-45.0449120997136,-22.53919935966269],[-45.04339399014049,-22.53931928965346],[-45.04437202984525,-22.54010779993496],[-45.04254547979002,-22.54135121968301],[-45.045504959786,-22.54237821038606],[-45.04509433023912,-22.54567685979919],[-45.04344837034597,-22.54675508038258],[-45.04044256986867,-22.54595275021921],[-45.03974232984461,-22.5448056100908],[-45.04114179995406,-22.54360057970297],[-45.0395118695771,-22.54212072009511],[-45.0404349301279,-22.54106594034084],[-45.0385366600388,-22.53979595012294],[-45.03523296992557,-22.54061896019681],[-45.0313214999872,-22.53935772038244],[-45.03253557036027,-22.53742616008918],[-45.03486151035037,-22.53690937996384],[-45.03662670955498,-22.53392996019949],[-45.03515074041428,-22.53293898014977],[-45.03535406004181,-22.52909571029875],[-45.03336208958871,-22.52866910969163],[-45.03305532004691,-22.5273406401584],[-45.03489358017453,-22.52582194962321],[-45.03045039956623,-22.52639221962517],[-45.02986240032948,-22.52768562998779],[-45.02848630000273,-22.52655672990909],[-45.02537333990767,-22.52780017034155],[-45.02730247023277,-22.52495546002643],[-45.02658154040574,-22.52220680000374],[-45.02938537023863,-22.51967264987286],[-45.02714726973068,-22.52070085016408],[-45.02670957958338,-22.51912336015488],[-45.02158977964456,-22.5188851099598],[-45.02730015987441,-22.51321934959327],[-45.02565350030875,-22.51231132031114],[-45.02863751021289,-22.51118739977863],[-45.02526729994588,-22.51063820988543],[-45.02449527963341,-22.50925199038699],[-45.02928029974601,-22.50949021000514],[-45.0303449801367,-22.51141779979156],[-45.03386896008442,-22.5128216001367],[-45.03724556003453,-22.51339299968714],[-45.03876335034829,-22.51162279035947],[-45.04275463961488,-22.51250503967577],[-45.04256218020043,-22.50991304964748],[-45.03919656996567,-22.50753320968983],[-45.03965899956313,-22.50532449992568],[-45.04157362022636,-22.50758998029329],[-45.0444385598916,-22.50840642981285],[-45.04836927981836,-22.51374162007966],[-45.04954611016478,-22.51106199021865],[-45.04673658042879,-22.50854811979985],[-45.04831920017091,-22.50731401972621],[-45.05010671964936,-22.50793029005081],[-45.05363281030588,-22.514524329734],[-45.06302679025413,-22.50882724957785],[-45.05888982970185,-22.50740539983929],[-45.05271185956462,-22.50996969974182],[-45.05143402995645,-22.50683857963668],[-45.04472166017644,-22.5053231797209],[-45.04222065006292,-22.50348813017303],[-45.04271496962014,-22.50483609970621],[-45.04132593974026,-22.50520933993903],[-45.03851615999275,-22.50297277007724],[-45.03586195036866,-22.50512460041995],[-45.03827052006841,-22.50773420996575],[-45.03583152990115,-22.50690296030331],[-45.0354924998789,-22.50899690038659],[-45.03465834001037,-22.50638693021261],[-45.03252826966389,-22.50624395959102],[-45.03001626983496,-22.50325606011904],[-45.02705650025723,-22.5037970203162],[-45.02668568999258,-22.50184663001789],[-45.03010164967134,-22.50079431980197],[-45.03005684005109,-22.49783652963208],[-45.02785804980908,-22.49851919960133],[-45.02503848993433,-22.49714287984],[-45.02567670011956,-22.49859605026745],[-45.02349594038532,-22.50219133026565],[-45.02086155991304,-22.50085314985296],[-45.02246640010424,-22.49869214013012],[-45.01870040989598,-22.49846316014668],[-45.02351613016521,-22.49492206969774],[-45.02211658990865,-22.49354548013974],[-45.02431840007404,-22.49331569975971],[-45.02359789023041,-22.49163307001015],[-45.01958551006322,-22.49390912010978],[-45.01709587007832,-22.49656738028034],[-45.01802192986815,-22.49672024973967],[-45.01756940000774,-22.49830742994391],[-45.01573793965417,-22.49880479010892],[-45.01536713028878,-22.4953054902561],[-45.01966728002094,-22.49002734038942],[-45.02596729985095,-22.48542186003078],[-45.02747153018692,-22.48584472035753],[-45.02680169983853,-22.48699640026359],[-45.02870583980263,-22.48805871993392],[-45.02982044965398,-22.49072182025577],[-45.0327716702763,-22.49112793970261],[-45.03391248007688,-22.48596475017303],[-45.03200392983746,-22.48195512013262],[-45.03001720962646,-22.48170824993576],[-45.0268929000872,-22.4834712502979],[-45.02747885966158,-22.48109045975684],[-45.0224458802731,-22.482279559554],[-45.02050323043972,-22.47948524005176],[-45.02056546982055,-22.48289851975085],[-45.02284959043618,-22.48355791976212],[-45.02392537025958,-22.4861312200797],[-45.0212142002751,-22.48656986980359],[-45.01760234037567,-22.48215311037768],[-45.01865161987632,-22.48123513998968],[-45.01750947008594,-22.47988715966466],[-45.02044118980905,-22.47730533017682],[-45.01886703988197,-22.47658844999694],[-45.01679938968005,-22.4782236099316],[-45.01683088034082,-22.48341525041343],[-45.01325052998794,-22.48344426973722],[-45.01149151991768,-22.48700111001318],[-45.01454721028546,-22.4868000800596],[-45.01294229005458,-22.48786148961602],[-45.01059643997371,-22.48751746026255],[-45.01096659013598,-22.48439098965241],[-45.00840489017349,-22.48634159039204],[-45.00312678976951,-22.48324399971079],[-45.00179959997149,-22.48367426955184],[-45.00217000014533,-22.48496500982731],[-44.99627425974927,-22.48396028004282],[-44.99971468998092,-22.48608669014857],[-45.00236502982222,-22.48570423006612],[-44.99938491038529,-22.48649109998422],[-45.00149010998052,-22.48880376957828],[-45.00441210983098,-22.48859336958827],[-45.00375375033525,-22.49285761029046],[-45.00253965028458,-22.49341217003558],[-45.00756108957256,-22.50006647958435],[-45.00396598044557,-22.50098352007336],[-45.00273126973229,-22.50363671975879],[-45.00586958980966,-22.50174834041354],[-45.00576679010521,-22.50389957990166],[-45.00746473980587,-22.50617024036427],[-45.00651299987499,-22.50813029028063],[-45.00787648001551,-22.50877559971411],[-45.00641015970109,-22.50939714006591],[-45.00885422024601,-22.51138092039309],[-45.00905995005661,-22.51009018011769],[-45.01001182038914,-22.51037694963645],[-45.01196719023358,-22.51274317026105],[-45.00988543956134,-22.514276749972],[-45.01441190998162,-22.51977029016672],[-45.01137601998727,-22.51931639963209],[-45.01209650015329,-22.52053535961909],[-45.01430908959276,-22.52060688989599],[-45.01557008029494,-22.52357068034257],[-45.01412904981578,-22.52108495960317],[-45.01062998018938,-22.52010522017974],[-45.00978083042094,-22.51797796021464],[-45.00767133026761,-22.52055953969096],[-45.00677084000222,-22.52015324037967],[-45.00697650955823,-22.51716542004806],[-45.0045065997997,-22.51389085987523],[-45.00152234977656,-22.51606605010807],[-44.99487609005945,-22.51306798020306],[-44.99496093030263,-22.51031255997663],[-44.99690976027716,-22.50944662975809],[-44.99716392037857,-22.51161160009525],[-45.00054471027011,-22.51346067996639],[-45.00203684022796,-22.51288700962778],[-45.00213971997204,-22.51152457000285],[-44.9994516904431,-22.51117862959006],[-44.99802429998141,-22.50298516992962],[-44.99784186980639,-22.50511670976829],[-44.99398676038066,-22.50464425003207],[-44.99275811019857,-22.50645490996607],[-44.99330867965182,-22.50991887005978],[-44.9920803298433,-22.5082803997206],[-44.99029395969842,-22.50821889958252],[-44.99139073959094,-22.50950290033853],[-44.99069085030249,-22.51168277963654],[-44.99267303972897,-22.51294980029303],[-44.99089652975101,-22.51374796030007],[-44.99134915044289,-22.51634858022277],[-44.98830302976097,-22.51696029008525],[-44.99147246997848,-22.51910214964443],[-44.9924185801533,-22.51767334994508],[-44.99635877983377,-22.51873629014761],[-44.99415554963889,-22.5203501100695],[-44.99572313991092,-22.52243638972755],[-44.99258754028273,-22.52712046993372],[-44.99077222006184,-22.52613900021464],[-44.98603793969909,-22.52797436002862],[-44.98496775995409,-22.52655924980951],[-44.98624395009818,-22.52613868005602],[-44.98616179972726,-22.52430295961386],[-44.98500931043128,-22.5229643196476],[-44.98216846989891,-22.5265207102625],[-44.98245699039774,-22.52365246019286],[-44.98068659041377,-22.52571741962316],[-44.97747610963472,-22.52288695007263],[-44.97187678038904,-22.52724588039302],[-44.9713979300704,-22.52491866966085],[-44.96940706038748,-22.52605986976715],[-44.96821347027537,-22.52506528973129],[-44.9658283099285,-22.52576255030141],[-44.96520843961775,-22.52479696980424],[-44.96656722979378,-22.52342048007108],[-44.96858439025738,-22.52315317008271],[-44.96623822991035,-22.52212010985517],[-44.96842002026767,-22.52185285022881],[-44.9678851403869,-22.52074366958465],[-44.97080773019258,-22.5211266602671],[-44.97134255971133,-22.52269475955546],[-44.97355679041351,-22.52173371973532],[-44.96805016957961,-22.51913744983341],[-44.97266106025967,-22.51649947027431],[-44.97237326011782,-22.51474019040739],[-44.97397896995346,-22.51282825961647],[-44.97056230970281,-22.5137455303319],[-44.96755796972445,-22.51156505028678],[-44.96562300999386,-22.5130179203407],[-44.96537521979053,-22.51626859991592],[-44.96611600035311,-22.51691890957994],[-44.9661168897826,-22.51324749027941],[-44.96784591016058,-22.51240647038225],[-44.96722785018511,-22.51508342026358],[-44.96928573015231,-22.51626940031252],[-44.96870916039938,-22.51753132990689],[-44.96393379001233,-22.51906010004353],[-44.96310012027431,-22.51738521975204],[-44.96105225965402,-22.51925064030473],[-44.95911762997463,-22.51898245977264],[-44.95771846023871,-22.51768179997504],[-44.95924168965223,-22.51703204968931],[-44.95623730021117,-22.51534851971837],[-44.95504472993031,-22.51179149957801],[-44.95681529988616,-22.50980329998225],[-44.95455151024396,-22.50957321023543],[-44.9574335496186,-22.50708813970584],[-44.95936771974442,-22.50835068983241],[-44.96052127024041,-22.504679550221],[-44.95825711007751,-22.50594103015436],[-44.95850466016191,-22.50395240967595],[-44.95562345985473,-22.50406636996695],[-44.95423802996106,-22.50241202029844],[-44.95135294008605,-22.50515885020076],[-44.95143368032006,-22.50607207036973],[-44.95297585035519,-22.50553055978747],[-44.95145330982234,-22.50787020994221],[-44.9433951396739,-22.51377652007028],[-44.94632001016032,-22.50769671992765],[-44.942039290281,-22.50773348960882],[-44.94483924043857,-22.50517211969753],[-44.94512806041161,-22.50337474994473],[-44.94747434036844,-22.50284011018289],[-44.94517002997287,-22.50130958007304],[-44.94739355966499,-22.49878622000801],[-44.94550032038342,-22.49870910044456],[-44.94360625012831,-22.50069713996101],[-44.9447184902661,-22.49828815027786],[-44.94245448029,-22.49909048044128],[-44.9403147503254,-22.4979423798369],[-44.9409343400477,-22.49270316971547],[-44.93969846021571,-22.49174095987735],[-44.93664986999545,-22.49847073963286],[-44.93547733031448,-22.4974759302699],[-44.93644425979471,-22.49806909970914],[-44.93672753005143,-22.49472977036254],[-44.93488056988235,-22.49741832959216],[-44.93259361999952,-22.49521076016839],[-44.93591109042444,-22.49083031986333],[-44.94021650029123,-22.48980849036951],[-44.94353134019917,-22.4858762802661],[-44.96268259022929,-22.485633779875],[-44.96676172976998,-22.48213450969979],[-44.96520937041606,-22.47552473008216],[-44.96995914969494,-22.4714110997424],[-44.98235149992172,-22.46787926961258],[-44.98899981998568,-22.46899317979137],[-44.991429670343,-22.46587758018615],[-44.99722049043322,-22.4686841799309],[-45.01103633975521,-22.46592851958547],[-45.02392863030201,-22.46796873956561],[-45.02656603969092,-22.46943638997737],[-45.02487720012266,-22.4644067596642],[-45.02838953025258,-22.46291993031048],[-45.03713758023508,-22.46648198035905],[-45.04106560039708,-22.46950809022616],[-45.04405301963112,-22.46887272999243],[-45.0582800902539,-22.47099304988927],[-45.06526367038202,-22.47643626042503],[-45.0721000099075,-22.47789234015931],[-45.08283818043765,-22.48622797993727],[-45.09028230968079,-22.48267410022947],[-45.09673553981327,-22.48450780978754],[-45.10472569963127,-22.49111375019936],[-45.11230020988671,-22.49357325030519],[-45.11629775034089,-22.49339880970723],[-45.12178583974469,-22.49696264041347],[-45.12965281042881,-22.49717082986984],[-45.13583847966208,-22.50219294005211],[-45.13851697008204,-22.50132708987326],[-45.14119748037939,-22.51188271961178],[-45.14066161034498,-22.51583771044193],[-45.1395103702074,-22.51709609041222],[-45.13730990003182,-22.51624999024483],[-45.13535571009788,-22.52100240004069],[-45.13321567975976,-22.52018526973438],[-45.13076021041536,-22.52226861040799],[-45.13320586995491,-22.52628874003329],[-45.13469405009027,-22.53206519974913],[-45.13401236038209,-22.53390643033742],[-45.13709571029875,-22.53609416971011],[-45.13453112980773,-22.53826978981891],[-45.13521896008689,-22.54068963971508],[-45.13219862027006,-22.53820166977118],[-45.12977051010091,-22.53915974992248],[-45.1314395699801,-22.5368229704037],[-45.12885308020543,-22.53164971026587],[-45.12740646043977,-22.53147066963567],[-45.12818318960245,-22.53352228042883],[-45.12721926026063,-22.53465283975669],[-45.12487605958245,-22.5340541799564],[-45.12510257002754,-22.53539493962472],[-45.1172211598286,-22.53371910964916],[-45.11920235010831,-22.53817259019286],[-45.1170204797113,-22.53835855020691],[-45.11090415989901,-22.53094080977053],[-45.11272719000777,-22.53669448965894],[-45.11545189029243,-22.53811904995416],[-45.10875613009131,-22.53547934009941],[-45.11208424039535,-22.54176462004114],[-45.10863120976245,-22.5460018496056],[-45.1078772901048,-22.55173999010839],[-45.10437206012244,-22.55284688017935],[-45.10689243983421,-22.55086132998633],[-45.10537376009091,-22.55031257986161],[-45.10305909040466,-22.55210675971915],[-45.10200254977781,-22.5500996401862],[-45.10061284990309,-22.54995710033984],[-45.09829853994563,-22.55232485970447],[-45.09379605984026,-22.55366607982569],[-45.09150848043197,-22.55780249988544],[-45.09096698963481,-22.55617745012916],[-45.08625818976361,-22.55711223963812],[-45.08522807031915,-22.55591767016432],[-45.08577039029126,-22.55897689037113],[-45.08187469985745,-22.5599417001493],[-45.08117419003679,-22.55906245007196],[-45.07827187994326,-22.56009646987616],[-45.07907378023071,-22.55827950029868],[-45.07689177043881,-22.55881596028831],[-45.07479006021305,-22.55556624028969],[-45.07398898010729,-22.55898942961846],[-45.07487469990741,-22.55981125978178],[-45.07376349039271,-22.56084434968693]]]}},{"type":"Feature","id":"uc-protecao-integral-032","properties":{"id":"uc-protecao-integral-032","nome":"Monumento Natural Estadual da Pedra do Bao","nome_origem":"Monumento Natural Estadual da Pedra do Bao","natureza":"camada fornecida para a demonstração","fonte_arquivo":"assets/layers/Areas_Protegidas_PI_DG_UCs_Protecao_Integral/Areas_Protegidas_PI_DG_UCs_Protecao_Integral.kml","tipo":"Unidade de Conservasto","categoria":"Monumento Natural","orgao_gestor":"Fundaeno Para Conserva"},"geometry":{"type":"Polygon","coordinates":[[[-45.61905628032304,-22.70325840964784],[-45.61267641958108,-22.69211592011357],[-45.61391299009239,-22.68998627964305],[-45.61860901959056,-22.68857326034765],[-45.62182904037786,-22.68445722971734],[-45.62060802004407,-22.68363722967439],[-45.61621800016053,-22.68622125980323],[-45.6115519495628,-22.68587626997385],[-45.60213396041388,-22.68148700012489],[-45.60668654984437,-22.67783768975755],[-45.60220069010973,-22.67736026036766],[-45.59969626976698,-22.67861587042603],[-45.60213616015562,-22.66252692977395],[-45.60370958972572,-22.66057825987872],[-45.6057380195939,-22.66388401033873],[-45.61215479031131,-22.66523540988624],[-45.61957494003144,-22.67175234979106],[-45.62207629008867,-22.67037428984156],[-45.62363264962704,-22.66688198041902],[-45.62667427999401,-22.66750462963489],[-45.62843446997476,-22.66596235977505],[-45.63062539024952,-22.65995181012789],[-45.63000456036212,-22.65573195006942],[-45.62456491024238,-22.6481412196415],[-45.62815875042594,-22.64902332956297],[-45.62857630025599,-22.64792351985449],[-45.63120365972105,-22.64752098960196],[-45.6328018701102,-22.643952409576],[-45.64411110024702,-22.64640199015969],[-45.6476891402416,-22.64834298973716],[-45.65944223976749,-22.64855896012784],[-45.66621731028062,-22.6513169497174],[-45.67229835958159,-22.64666981006366],[-45.68212790008249,-22.64656188961948],[-45.68345200970242,-22.64686518957677],[-45.68409959981665,-22.64949837035346],[-45.69402705040801,-22.65181964016421],[-45.69850739010394,-22.65506363957525],[-45.70389762967181,-22.65511302044951],[-45.70361696025446,-22.65706660963627],[-45.70082329006277,-22.65821473002575],[-45.69820460995476,-22.65693744990335],[-45.69435808995382,-22.65781894019187],[-45.69417769044799,-22.65683573028468],[-45.68945229988367,-22.65687819986897],[-45.69267815996909,-22.66104284964774],[-45.68994562029411,-22.66291324974662],[-45.69664501015905,-22.66786823003474],[-45.69775011957233,-22.67101414039024],[-45.69659220016985,-22.67217570024832],[-45.69851990956613,-22.67769793960821],[-45.6958715302469,-22.67858184997237],[-45.69206093996036,-22.67626803014542],[-45.69267464991509,-22.67282365998386],[-45.69379347039228,-22.67252423970183],[-45.69260055027513,-22.67027490036634],[-45.69020594974472,-22.66995557988605],[-45.68993604970888,-22.66595692966854],[-45.68473815983816,-22.66317258005046],[-45.68470720966997,-22.65977200957053],[-45.68223782961212,-22.65902804990452],[-45.6814900604179,-22.66063331997168],[-45.67995791962227,-22.65936879043727],[-45.67427810015414,-22.66014822026409],[-45.66999818966468,-22.65615470967208],[-45.66657208023724,-22.65704748015702],[-45.66152678013674,-22.65401091027525],[-45.65938726960678,-22.65516034997012],[-45.66018768961015,-22.65903874014572],[-45.64972307036334,-22.65730978991485],[-45.64660044975091,-22.6553375802651],[-45.64627096962948,-22.65698558971314],[-45.64466005002123,-22.65627945013648],[-45.64587797039195,-22.65890172033806],[-45.64868054027465,-22.66087538958749],[-45.64726550020265,-22.66173165029539],[-45.651178380278,-22.66587622001151],[-45.65629794009783,-22.67596837963697],[-45.65852239968893,-22.676151100293],[-45.66340758988832,-22.68254719020064],[-45.66727755971158,-22.68119975036814],[-45.66791388042122,-22.68433023015598],[-45.67439521976354,-22.68681285992551],[-45.67361109997222,-22.69278654006672],[-45.68008621960331,-22.69958986997648],[-45.68351793990098,-22.7008427901626],[-45.68337793974007,-22.70667721028497],[-45.67957991028459,-22.70449960986906],[-45.6771258303927,-22.70590878006612],[-45.67538700020987,-22.70305096033348],[-45.67217683958944,-22.70326624993743],[-45.66543808010329,-22.69942583003797],[-45.66543986975415,-22.69818372959543],[-45.66340617975135,-22.69861584034868],[-45.66005578964291,-22.69585220031877],[-45.65398212017868,-22.69472189999567],[-45.65259239961949,-22.69842521015528],[-45.64865511014517,-22.69599542005255],[-45.64709881985459,-22.70138879016048],[-45.64232381009572,-22.69879086011008],[-45.64394226962003,-22.69681116000697],[-45.63955767984299,-22.69540409961945],[-45.63784984029786,-22.69599266992572],[-45.6364348002258,-22.69410861991685],[-45.63493005997424,-22.69612304014612],[-45.63195246043767,-22.69547829009099],[-45.63171924015074,-22.69374266958846],[-45.6291067203988,-22.69505517975267],[-45.62672249984342,-22.69397266040988],[-45.62669405968308,-22.69263515988467],[-45.6248116095681,-22.69375853992466],[-45.61925149975684,-22.6929634196261],[-45.62042571037819,-22.69428880988062],[-45.61895699966578,-22.69596219999551],[-45.61939394967101,-22.69886253967439],[-45.62112258963577,-22.6995537001431],[-45.62191909039365,-22.70165903014009],[-45.61905628032304,-22.70325840964784]]]}},{"type":"Feature","id":"uc-protecao-integral-033","properties":{"id":"uc-protecao-integral-033","nome":"Monumento Natural Estadual da Pedra Grande","nome_origem":"Monumento Natural Estadual da Pedra Grande","natureza":"camada fornecida para a demonstração","fonte_arquivo":"assets/layers/Areas_Protegidas_PI_DG_UCs_Protecao_Integral/Areas_Protegidas_PI_DG_UCs_Protecao_Integral.kml","tipo":"Unidade de Conservasto","categoria":"Monumento Natural","orgao_gestor":"Fundaeno Para Conserva"},"geometry":{"type":"Polygon","coordinates":[[[-46.48776092982303,-23.23772379022068],[-46.48424987043512,-23.22944990958564],[-46.4803051804397,-23.22624698041375],[-46.47933521035162,-23.22738395010919],[-46.47655476019401,-23.22188560034016],[-46.47473994988871,-23.22425389030474],[-46.47310610026625,-23.22426921025578],[-46.47359930016751,-23.22586077015836],[-46.47226633042675,-23.22502260021281],[-46.47259352986748,-23.22373877032794],[-46.46786361031729,-23.22434692966704],[-46.46633076984909,-23.22319515982872],[-46.46683163017553,-23.22076275989343],[-46.46176623022728,-23.21524718001331],[-46.47085862972193,-23.2126390804292],[-46.47188590011416,-23.21107151983472],[-46.47532013041962,-23.21210983030437],[-46.47803229955093,-23.21048817998548],[-46.4792165996663,-23.21098362009792],[-46.47992093969958,-23.20827209038464],[-46.4773777801604,-23.20927090982457],[-46.47727706958108,-23.20575452015493],[-46.47880069019965,-23.20795764962577],[-46.4820439395761,-23.20668459002178],[-46.48444395042793,-23.2039646804256],[-46.48550130044464,-23.20420321030986],[-46.48550441030028,-23.20729040033166],[-46.48814950979198,-23.20990337963724],[-46.49555798001671,-23.21123811025052],[-46.50463937990344,-23.20768728014383],[-46.50884283003256,-23.2088553097247],[-46.5129633204009,-23.20618765973268],[-46.5144426404155,-23.20405888980588],[-46.51242833979597,-23.19930547996387],[-46.51668084974136,-23.19844755011428],[-46.51778983972929,-23.20131093035513],[-46.52112405013474,-23.20355666970448],[-46.52269158015224,-23.20045113980819],[-46.52249935006489,-23.19412888963649],[-46.53000297036073,-23.19155811011865],[-46.52714902041095,-23.1894615602028],[-46.5251001003893,-23.1838327403886],[-46.52113832957019,-23.18272638001838],[-46.51941004034103,-23.18080407015168],[-46.51780480984405,-23.18139115028134],[-46.51652599008236,-23.17903744012574],[-46.5182281800864,-23.17873814035283],[-46.52067639999581,-23.17375122963551],[-46.52416358957794,-23.17263375994003],[-46.5238455902018,-23.16955995003161],[-46.52019737970528,-23.16783149982382],[-46.51966473014312,-23.16451407976092],[-46.52236302003729,-23.16698419006826],[-46.52697483971701,-23.16781464023342],[-46.52920503968079,-23.16189670996516],[-46.52951656034094,-23.16555192977768],[-46.53407918980275,-23.16997372990369],[-46.54081785036345,-23.17146476988319],[-46.54415045008318,-23.18822209027718],[-46.5483186099159,-23.18710684010853],[-46.55043961959274,-23.19415471996433],[-46.54899236040904,-23.19978416031068],[-46.54675140994959,-23.2015982997217],[-46.54868583008692,-23.20346692006228],[-46.54825263025464,-23.20513185025465],[-46.55150652040953,-23.20484889026403],[-46.55431891988218,-23.20215690012083],[-46.55625684018099,-23.20543516010451],[-46.55580591021453,-23.20779321038833],[-46.55729032039193,-23.20873428975563],[-46.55687720961549,-23.211008339763],[-46.5529261901915,-23.21025889962846],[-46.55258447029701,-23.21200656025451],[-46.55430755964613,-23.21458207020635],[-46.55210812998615,-23.21664675984005],[-46.55059003030561,-23.21727105031869],[-46.55064095981243,-23.21496473983086],[-46.55026783019616,-23.21623481998091],[-46.54404024985763,-23.21761029977546],[-46.54493398981174,-23.21889181030878],[-46.54841551996026,-23.219263769907],[-46.54762494033866,-23.22244950044404],[-46.54311928023054,-23.22520581010002],[-46.54375309003302,-23.22186631977479],[-46.54196503006204,-23.22037852005263],[-46.54122811028901,-23.22600093039858],[-46.5360348501282,-23.22969567001911],[-46.53429226977238,-23.22992774007309],[-46.53203261970958,-23.22822748990671],[-46.52969493007691,-23.22819291996723],[-46.52951728969111,-23.22984814017946],[-46.52561527972136,-23.2286722298395],[-46.52456896978208,-23.22942788968533],[-46.52321592987124,-23.23505144037165],[-46.53082977017772,-23.23248286958869],[-46.5330257797159,-23.23449200000573],[-46.53067519020783,-23.23582911022521],[-46.53177482994442,-23.23704994979528],[-46.52982180013595,-23.23924337018536],[-46.53122000040264,-23.24054394005077],[-46.52902538031702,-23.24309812977481],[-46.52439450040583,-23.24175726038919],[-46.5250888103003,-23.24028100976074],[-46.52200566003313,-23.23860245034274],[-46.51597164977176,-23.23892362972168],[-46.50874281013256,-23.23301956969732],[-46.51009959032382,-23.23181179997454],[-46.50858329018666,-23.23147989977753],[-46.50687573033065,-23.2325357002623],[-46.50082549000433,-23.2313869197705],[-46.50047122007072,-23.23438907979215],[-46.49796660997106,-23.23469972001601],[-46.49565413013397,-23.23717094997932],[-46.49212705022313,-23.23622480023431],[-46.48776092982303,-23.23772379022068]]]}},{"type":"Feature","id":"uc-protecao-integral-034","properties":{"id":"uc-protecao-integral-034","nome":"Parque Estadual nguas da Billings","nome_origem":"Parque Estadual nguas da Billings","natureza":"camada fornecida para a demonstração","fonte_arquivo":"assets/layers/Areas_Protegidas_PI_DG_UCs_Protecao_Integral/Areas_Protegidas_PI_DG_UCs_Protecao_Integral.kml","tipo":"Unidade de Conservaaso","categoria":"Parque Estadual","orgao_gestor":"Fundae o Para Conserva"},"geometry":{"type":"Polygon","coordinates":[[[-46.53213263960959,-23.76852501981375],[-46.53111925025314,-23.76651901993677],[-46.52957712968077,-23.76708763968276],[-46.53037852005264,-23.76273255036688],[-46.52771665000336,-23.76551504018693],[-46.52705256002758,-23.76332236983149],[-46.52547422015908,-23.76344795026267],[-46.52530657034191,-23.7610287901465],[-46.52717105020378,-23.76088228968587],[-46.52519273955323,-23.75869482010984],[-46.53336000016384,-23.76445750041324],[-46.5340425496239,-23.76696227958547],[-46.53213263960959,-23.76852501981375]]]}},{"type":"Feature","id":"uc-protecao-integral-035","properties":{"id":"uc-protecao-integral-035","nome":"Parque Estadual nguas da Billings","nome_origem":"Parque Estadual nguas da Billings","natureza":"camada fornecida para a demonstração","fonte_arquivo":"assets/layers/Areas_Protegidas_PI_DG_UCs_Protecao_Integral/Areas_Protegidas_PI_DG_UCs_Protecao_Integral.kml","tipo":"Unidade de Conservaaso","categoria":"Parque Estadual","orgao_gestor":"Fundae o Para Conserva"},"geometry":{"type":"Polygon","coordinates":[[[-46.5222662997499,-23.76162626014377],[-46.52090473966194,-23.75823115034729],[-46.51949591030797,-23.7597970498939],[-46.51863543987361,-23.75643093963612],[-46.51778384035191,-23.75656638023423],[-46.52137363988152,-23.75644705998377],[-46.52491804972817,-23.75847330000272],[-46.52490140957235,-23.76014844019829],[-46.5222662997499,-23.76162626014377]]]}},{"type":"Feature","id":"uc-protecao-integral-036","properties":{"id":"uc-protecao-integral-036","nome":"Parque Estadual nguas da Billings","nome_origem":"Parque Estadual nguas da Billings","natureza":"camada fornecida para a demonstração","fonte_arquivo":"assets/layers/Areas_Protegidas_PI_DG_UCs_Protecao_Integral/Areas_Protegidas_PI_DG_UCs_Protecao_Integral.kml","tipo":"Unidade de Conservaaso","categoria":"Parque Estadual","orgao_gestor":"Fundae o Para Conserva"},"geometry":{"type":"Polygon","coordinates":[[[-46.50931251985685,-23.76690983022445],[-46.50923860008129,-23.75688166995309],[-46.51738155021832,-23.75667217018446],[-46.51790048961584,-23.75954870031222],[-46.51615737955939,-23.76048674986356],[-46.51533799015607,-23.75925354011872],[-46.5140056400482,-23.75978104016281],[-46.51322879037633,-23.75775697020794],[-46.51226621991009,-23.76275038032577],[-46.51063157978354,-23.76215404976955],[-46.51171996990064,-23.76668391962716],[-46.50931251985685,-23.76690983022445]]]}},{"type":"Feature","id":"uc-protecao-integral-037","properties":{"id":"uc-protecao-integral-037","nome":"Parque Estadual nguas da Billings","nome_origem":"Parque Estadual nguas da Billings","natureza":"camada fornecida para a demonstração","fonte_arquivo":"assets/layers/Areas_Protegidas_PI_DG_UCs_Protecao_Integral/Areas_Protegidas_PI_DG_UCs_Protecao_Integral.kml","tipo":"Unidade de Conservaaso","categoria":"Parque Estadual","orgao_gestor":"Fundae o Para Conserva"},"geometry":{"type":"Polygon","coordinates":[[[-46.50711894028683,-23.76573282990614],[-46.50532120001333,-23.76408418014074],[-46.50598445002231,-23.76158722956694],[-46.50238241971283,-23.7614357396676],[-46.50269253023606,-23.75767048960137],[-46.50082557993653,-23.75936954996473],[-46.4999220697477,-23.7585612797792],[-46.50249099036688,-23.75391390000641],[-46.50842499961402,-23.7566625600291],[-46.5073861198735,-23.75807073018001],[-46.50838314966256,-23.76028845025172],[-46.50711894028683,-23.76573282990614]]]}},{"type":"Feature","id":"uc-protecao-integral-038","properties":{"id":"uc-protecao-integral-038","nome":"Parque Estadual nguas da Billings","nome_origem":"Parque Estadual nguas da Billings","natureza":"camada fornecida para a demonstração","fonte_arquivo":"assets/layers/Areas_Protegidas_PI_DG_UCs_Protecao_Integral/Areas_Protegidas_PI_DG_UCs_Protecao_Integral.kml","tipo":"Unidade de Conservaaso","categoria":"Parque Estadual","orgao_gestor":"Fundae o Para Conserva"},"geometry":{"type":"Polygon","coordinates":[[[-46.49620257988511,-23.7559660602854],[-46.49747279043686,-23.75400494017578],[-46.4957130501171,-23.7555859798091],[-46.4942941402623,-23.75389453040822],[-46.49588063967974,-23.75059941982732],[-46.50143407022614,-23.75338410039586],[-46.49848643969739,-23.7563976197543],[-46.49620257988511,-23.7559660602854]]]}},{"type":"Feature","id":"uc-protecao-integral-039","properties":{"id":"uc-protecao-integral-039","nome":"Parque Estadual nguas da Prata","nome_origem":"Parque Estadual nguas da Prata","natureza":"camada fornecida para a demonstração","fonte_arquivo":"assets/layers/Areas_Protegidas_PI_DG_UCs_Protecao_Integral/Areas_Protegidas_PI_DG_UCs_Protecao_Integral.kml","tipo":"Unidade de Conservaaso","categoria":"Parque Estadual","orgao_gestor":"Fundae o Para Conserva"},"geometry":{"type":"Polygon","coordinates":[[[-46.7077441701573,-21.93446305972236],[-46.71242471962506,-21.92667193965826],[-46.71555693960102,-21.92670444025765],[-46.71606610966319,-21.92932693978639],[-46.71881722033839,-21.93203028027318],[-46.71873194032673,-21.93385443993043],[-46.71271971973925,-21.93258360974573],[-46.7077441701573,-21.93446305972236]]]}},{"type":"Feature","id":"uc-protecao-integral-040","properties":{"id":"uc-protecao-integral-040","nome":"Parque Estadual Alberto L fgren","nome_origem":"Parque Estadual Alberto L fgren","natureza":"camada fornecida para a demonstração","fonte_arquivo":"assets/layers/Areas_Protegidas_PI_DG_UCs_Protecao_Integral/Areas_Protegidas_PI_DG_UCs_Protecao_Integral.kml","tipo":"Unidade de Conservaero","categoria":"Parque Estadual","orgao_gestor":"Fundae o Para Conserva"},"geometry":{"type":"Polygon","coordinates":[[[-46.6456440502327,-23.46926832986946],[-46.63577503039329,-23.4652016504358],[-46.63245779019479,-23.46484635977163],[-46.63107116959878,-23.46695961009789],[-46.63007837022059,-23.46612783972796],[-46.62953013001146,-23.46235301008329],[-46.63200090042119,-23.46142491962428],[-46.63602171982649,-23.45461964987692],[-46.63410830965074,-23.45386585972159],[-46.63908855009646,-23.45299990971802],[-46.64281308965235,-23.45383132035909],[-46.64134299038665,-23.45796529965878],[-46.64313023017593,-23.45832151032937],[-46.64330238020062,-23.46032550022159],[-46.64806758015465,-23.45917626017621],[-46.64727886033108,-23.46113831018482],[-46.64888266000673,-23.46460040958118],[-46.6456440502327,-23.46926832986946]]]}},{"type":"Feature","id":"uc-protecao-integral-041","properties":{"id":"uc-protecao-integral-041","nome":"Parque Estadual Assessoria de Reforma Agroria","nome_origem":"Parque Estadual Assessoria de Reforma Agroria","natureza":"camada fornecida para a demonstração","fonte_arquivo":"assets/layers/Areas_Protegidas_PI_DG_UCs_Protecao_Integral/Areas_Protegidas_PI_DG_UCs_Protecao_Integral.kml","tipo":"Unidade de Conservaeso","categoria":"Parque Estadual","orgao_gestor":"Fundae o Para Conserva"},"geometry":{"type":"Polygon","coordinates":[[[-47.06259500015909,-23.02588222028817],[-47.05923722032139,-23.02277499966647],[-47.05763138997662,-23.02025250025264],[-47.05833416968613,-23.01963471996629],[-47.06380500020055,-23.02210167005597],[-47.06259500015909,-23.02588222028817]]]}},{"type":"Feature","id":"uc-protecao-integral-042","properties":{"id":"uc-protecao-integral-042","nome":"Parque Estadual Assessoria de Reforma Agroria","nome_origem":"Parque Estadual Assessoria de Reforma Agroria","natureza":"camada fornecida para a demonstração","fonte_arquivo":"assets/layers/Areas_Protegidas_PI_DG_UCs_Protecao_Integral/Areas_Protegidas_PI_DG_UCs_Protecao_Integral.kml","tipo":"Unidade de Conservaeso","categoria":"Parque Estadual","orgao_gestor":"Fundae o Para Conserva"},"geometry":{"type":"Polygon","coordinates":[[[-47.06156167013495,-23.02088166955338],[-47.05961360998009,-23.01974888979936],[-47.0615958299835,-23.01974667027258],[-47.06156167013495,-23.02088166955338]]]}},{"type":"Feature","id":"uc-protecao-integral-043","properties":{"id":"uc-protecao-integral-043","nome":"Parque Estadual Assessoria de Reforma Agroria","nome_origem":"Parque Estadual Assessoria de Reforma Agroria","natureza":"camada fornecida para a demonstração","fonte_arquivo":"assets/layers/Areas_Protegidas_PI_DG_UCs_Protecao_Integral/Areas_Protegidas_PI_DG_UCs_Protecao_Integral.kml","tipo":"Unidade de Conservaeso","categoria":"Parque Estadual","orgao_gestor":"Fundae o Para Conserva"},"geometry":{"type":"Polygon","coordinates":[[[-47.07029860989292,-23.01557193999298],[-47.06745360999605,-23.01509472014516],[-47.06666806028272,-23.01144943963988],[-47.06444806042958,-23.00851555974526],[-47.06906623022229,-23.00838892980522],[-47.07168167007296,-23.01102443982597],[-47.07291638977955,-23.01410806043862],[-47.07029860989292,-23.01557193999298]]]}},{"type":"Feature","id":"uc-protecao-integral-044","properties":{"id":"uc-protecao-integral-044","nome":"Parque Estadual Campina do Encantado","nome_origem":"Parque Estadual Campina do Encantado","natureza":"camada fornecida para a demonstração","fonte_arquivo":"assets/layers/Areas_Protegidas_PI_DG_UCs_Protecao_Integral/Areas_Protegidas_PI_DG_UCs_Protecao_Integral.kml","tipo":"Unidade de Conservapio","categoria":"Parque Estadual","orgao_gestor":"Fundae o Para Conserva"},"geometry":{"type":"Polygon","coordinates":[[[-47.76364000018583,-24.67247214966994],[-47.76083503990515,-24.66782610988702],[-47.75885866999158,-24.66674792977312],[-47.75930881035328,-24.66590870042614],[-47.74882395006517,-24.66157963029565],[-47.74933249959514,-24.66032490966683],[-47.74670194034223,-24.65694785016314],[-47.74711247006439,-24.65288163028299],[-47.74575849036199,-24.65229931026494],[-47.74743448041687,-24.651427779968],[-47.74630357035346,-24.64800227038842],[-47.74763018008872,-24.64679272000797],[-47.74673099024295,-24.641152889794],[-47.7433449501093,-24.63547678992188],[-47.74128571036721,-24.63450195000496],[-47.74015670956447,-24.6352744901256],[-47.73948109028004,-24.63362937019923],[-47.73756500012462,-24.63414669981029],[-47.7364959903976,-24.63274393008828],[-47.74047568020842,-24.62935299044813],[-47.74728154980363,-24.6266396297151],[-47.75225511997775,-24.62199905960887],[-47.77940734956951,-24.62149947991702],[-47.77032626984146,-24.61053314958514],[-47.77439887041152,-24.61060980959502],[-47.77406346016051,-24.61214126960385],[-47.78059198962859,-24.60979811029449],[-47.78681403014332,-24.61293085007861],[-47.78898154016588,-24.61074498039648],[-47.79082716034515,-24.61083970958487],[-47.79126598993344,-24.61356665997334],[-47.79404555965482,-24.61363111978034],[-47.79489138013304,-24.63937376998348],[-47.81499056955909,-24.645626050202],[-47.80572933044419,-24.66950927023657],[-47.79863950980547,-24.6685484399585],[-47.77517098964944,-24.67049215998514],[-47.77361959976469,-24.66929275036011],[-47.76831540013558,-24.67220021986424],[-47.76364000018583,-24.67247214966994]]]}},{"type":"Feature","id":"uc-protecao-integral-045","properties":{"id":"uc-protecao-integral-045","nome":"Parque Estadual Campos do JordPo","nome_origem":"Parque Estadual Campos do JordPo","natureza":"camada fornecida para a demonstração","fonte_arquivo":"assets/layers/Areas_Protegidas_PI_DG_UCs_Protecao_Integral/Areas_Protegidas_PI_DG_UCs_Protecao_Integral.kml","tipo":"Unidade de Conservapoo","categoria":"Parque Estadual","orgao_gestor":"Fundae o Para Conserva"},"geometry":{"type":"Polygon","coordinates":[[[-45.50822134024264,-22.74786061027891],[-45.50388016973403,-22.74435108963104],[-45.5007602102155,-22.74482148002721],[-45.49538226977586,-22.74308199963451],[-45.49361614966551,-22.73672143024976],[-45.48244705998377,-22.72958247964766],[-45.48179282028241,-22.72547403030222],[-45.47819362013939,-22.72337403958022],[-45.47665054988295,-22.7205854901282],[-45.46661515006906,-22.71464868039226],[-45.4644516896937,-22.71412863033197],[-45.46081126013149,-22.71556399957888],[-45.45755688973861,-22.71882045999621],[-45.45430009027689,-22.71851796043546],[-45.45321834974698,-22.71618810030054],[-45.44820483978151,-22.71560658967235],[-45.4481009204211,-22.71096670035291],[-45.44566700962474,-22.70711826029941],[-45.44593744026059,-22.70512123026054],[-45.4400919395913,-22.70397711005552],[-45.4377860302011,-22.7015749597166],[-45.43347672986715,-22.69981665021817],[-45.43108442980252,-22.69684190962636],[-45.42765201972486,-22.69621785027351],[-45.42528052007992,-22.69268143989649],[-45.42693022025344,-22.68704275991541],[-45.42459401989805,-22.68517176986126],[-45.42540525964495,-22.68209514957147],[-45.42373249006232,-22.67960413991909],[-45.41864447036596,-22.67558187979989],[-45.41053150002864,-22.67383449976234],[-45.40580931015148,-22.66740656036444],[-45.40217303995377,-22.66498440010992],[-45.39954772015113,-22.65440506963819],[-45.41046901962949,-22.65249121969401],[-45.4110722803614,-22.648330730179],[-45.40828473005621,-22.64471111992219],[-45.4118627502657,-22.64165314977299],[-45.40925164964386,-22.63782160977945],[-45.40924162040443,-22.63578688016037],[-45.41163389978459,-22.63343619982072],[-45.41329807994236,-22.62869324010092],[-45.41229955008413,-22.62363825969788],[-45.4131108401931,-22.62249412960034],[-45.41795781999735,-22.62091313043658],[-45.42419857000795,-22.6216203896692],[-45.4367216600765,-22.61954012018037],[-45.43902365022126,-22.62244630994923],[-45.44575283012898,-22.62130951022567],[-45.44785857021679,-22.62342286037665],[-45.45344687017689,-22.62124586970106],[-45.45613040039763,-22.62164111004915],[-45.45818984968179,-22.62353412000357],[-45.46368170994293,-22.6229516399062],[-45.46673576983989,-22.6251756696214],[-45.46961044016962,-22.62927556011897],[-45.47616323964178,-22.63401849016117],[-45.47886283984815,-22.6414282302286],[-45.47432523042499,-22.64259172992433],[-45.47336775012155,-22.64866667013069],[-45.46179386029837,-22.64933236989293],[-45.46099852955842,-22.66251602009822],[-45.46203042966056,-22.66734544963276],[-45.46525579961542,-22.67280047995814],[-45.47430712977018,-22.67940603995675],[-45.47790013987952,-22.68079103008193],[-45.48006026017282,-22.68023803965377],[-45.47630879041827,-22.67781015971104],[-45.47865577994025,-22.675264730283],[-45.47497906003554,-22.66993230003555],[-45.47692689985649,-22.66907281975477],[-45.47685755043557,-22.66592032006668],[-45.47615615028604,-22.66319424022197],[-45.47428595972923,-22.66227384975832],[-45.47488686963328,-22.65807592956048],[-45.47341318027401,-22.65639552023703],[-45.47758343013118,-22.65372724971274],[-45.47905346014903,-22.65523150972632],[-45.48383309961781,-22.65482418968458],[-45.48240541957443,-22.65212293022898],[-45.47969028987495,-22.65055918995461],[-45.48139930033739,-22.649429410339],[-45.48068636008742,-22.64785063969521],[-45.48387641006821,-22.64773265044141],[-45.48334690993192,-22.64522288003184],[-45.47990087962188,-22.64281223020021],[-45.48205594032936,-22.63957624015131],[-45.48415499036048,-22.63975060970284],[-45.48323715037412,-22.63584180985163],[-45.48577025009695,-22.6361232400954],[-45.4897138402215,-22.64002819984148],[-45.49001138991366,-22.64206715987149],[-45.49460625017826,-22.64811919974125],[-45.50566137956895,-22.65896249022671],[-45.5120148200279,-22.66348100974074],[-45.51314590006319,-22.66584802986262],[-45.51122328982291,-22.67021016986342],[-45.50844998028231,-22.66994313956417],[-45.50415077034171,-22.66660718986986],[-45.50178182027474,-22.66672926024711],[-45.49917256955837,-22.67381320021894],[-45.49546846979399,-22.67454562967703],[-45.49544177971433,-22.67816580021145],[-45.49254068010828,-22.68067970030791],[-45.4870512902848,-22.68168870996595],[-45.48568754034767,-22.6854290398183],[-45.48699790023289,-22.68731732023809],[-45.4913867500984,-22.6887650003045],[-45.49120173976843,-22.69020886994338],[-45.48970255013256,-22.68950887003825],[-45.48909791973318,-22.69135710005008],[-45.49273145958915,-22.69308515995215],[-45.49204863043991,-22.69536826972984],[-45.4970001600293,-22.6989979595881],[-45.50228929961145,-22.70551728989096],[-45.50540786967741,-22.71249440029629],[-45.504362659609,-22.72095352958166],[-45.50813354033056,-22.7283216400316],[-45.5072657098446,-22.73360883977608],[-45.5122764004355,-22.74627176992618],[-45.50822134024264,-22.74786061027891]],[[-45.47099188966394,-22.67724190958643],[-45.47099237979444,-22.6772384004318],[-45.47099082037005,-22.67724135020808],[-45.47099188966394,-22.67724190958643]]]}},{"type":"Feature","id":"uc-protecao-integral-046","properties":{"id":"uc-protecao-integral-046","nome":"Parque Estadual Cantareira","nome_origem":"Parque Estadual Cantareira","natureza":"camada fornecida para a demonstração","fonte_arquivo":"assets/layers/Areas_Protegidas_PI_DG_UCs_Protecao_Integral/Areas_Protegidas_PI_DG_UCs_Protecao_Integral.kml","tipo":"Unidade de Conservatao","categoria":"Parque Estadual","orgao_gestor":"Fundae o Para Conserva"},"geometry":{"type":"Polygon","coordinates":[[[-46.63497329018514,-23.45477287996437],[-46.6316862204427,-23.45187766012589],[-46.62973573031968,-23.44703614999827],[-46.62763185992236,-23.44624934033476],[-46.62784611980254,-23.44363367025761],[-46.6260050403003,-23.44385838026],[-46.62524655028801,-23.44026871023277],[-46.62095450974277,-23.44041097038991],[-46.62098051993502,-23.44171106001738],[-46.62449084997269,-23.44446523018615],[-46.62016744017518,-23.44568278992875],[-46.61556521985898,-23.44196731014318],[-46.61618801026844,-23.43891419993031],[-46.61891215027549,-23.43593432960557],[-46.61821413967078,-23.43351991970849],[-46.61999541965287,-23.42470430006335],[-46.61685722997714,-23.43085423023848],[-46.60743616964345,-23.43068167012291],[-46.60599640990637,-23.42697652984293],[-46.60657370990873,-23.42457984018745],[-46.60295024965427,-23.42525982028445],[-46.59855022031638,-23.42340774027497],[-46.59802586969806,-23.41845963980052],[-46.60085621963879,-23.41497921042219],[-46.59308630019257,-23.41282855009746],[-46.5915160497259,-23.41081538981837],[-46.58696030007775,-23.40891792012587],[-46.58492147044944,-23.40539957982668],[-46.58538039988548,-23.40219286990498],[-46.58251989028065,-23.39917687021637],[-46.5824815800608,-23.39378886996036],[-46.57922075973022,-23.39433592036636],[-46.5775011201805,-23.39622007020006],[-46.57561172999732,-23.39037082025709],[-46.5736030096711,-23.38881974963169],[-46.56966701971714,-23.38903524967697],[-46.56525120997532,-23.39370357016361],[-46.56765634966075,-23.39588968985726],[-46.56476529997855,-23.40303965985237],[-46.55590542019894,-23.39751986035321],[-46.5525189196124,-23.39280275973954],[-46.54550924025921,-23.38727579983822],[-46.53847193013542,-23.39535757988835],[-46.53345391996237,-23.39834623029424],[-46.53543113973529,-23.40351977012125],[-46.5338488203667,-23.40379825958195],[-46.53109954970444,-23.40248397955196],[-46.52866356956804,-23.3972782601835],[-46.52189904990121,-23.39409852992316],[-46.52067592965039,-23.39204412043978],[-46.51488104012788,-23.39471473010065],[-46.51380010988714,-23.39658312021476],[-46.50973024955135,-23.39192909984803],[-46.5059779299375,-23.39178829029731],[-46.50243773970988,-23.39338288990842],[-46.49916052024179,-23.39002068001031],[-46.49572531956778,-23.38908960020484],[-46.4915723196068,-23.39342715993541],[-46.48846058978432,-23.39235957023794],[-46.48838278044093,-23.39043863003872],[-46.48647717008527,-23.38887820016873],[-46.48350741983154,-23.39363169005043],[-46.47709527972336,-23.39295011005947],[-46.47660716998485,-23.3856737898135],[-46.47972311043316,-23.38285021986172],[-46.48073102022039,-23.37819861957058],[-46.48386240022955,-23.3750691398289],[-46.48162079956023,-23.3727802995711],[-46.48332774967588,-23.36562057013316],[-46.47973384024448,-23.3633645803111],[-46.47973459027907,-23.36196819037963],[-46.48667986018734,-23.35783966007222],[-46.48684815032186,-23.35081707994425],[-46.48820871036366,-23.34944877044438],[-46.49499915029054,-23.34841155984554],[-46.49881180991707,-23.35102353011177],[-46.50392392964557,-23.35026045985228],[-46.50953162978084,-23.35537901962601],[-46.51565689964616,-23.35391783983641],[-46.51922902030299,-23.35477322010797],[-46.53583140999154,-23.36366196003138],[-46.54472330024009,-23.3588103001552],[-46.54980529987466,-23.35781229999759],[-46.55625051974567,-23.36533191023943],[-46.56486286023278,-23.37077952025862],[-46.56806299970765,-23.37557362981914],[-46.57978730024365,-23.37301165016748],[-46.58061947980508,-23.37641916970887],[-46.5829961604444,-23.37694450958139],[-46.59163449043933,-23.38466018012315],[-46.59502721973035,-23.38505632968582],[-46.60057529031735,-23.38805471974945],[-46.60098891011006,-23.38992491030632],[-46.59870781031714,-23.39217169017132],[-46.60061596035825,-23.39590691996835],[-46.60465491998855,-23.39652048962887],[-46.61206711970175,-23.40170731963707],[-46.61907730986991,-23.4012270996509],[-46.62259759000671,-23.40544135963097],[-46.62099031984735,-23.41157690964661],[-46.62245640993535,-23.41477530983263],[-46.62575759004068,-23.41053539039592],[-46.63947235016877,-23.40899943017951],[-46.64280921986955,-23.41427756026116],[-46.64776529013596,-23.41507562044347],[-46.65216536983593,-23.41851949957521],[-46.64855460980738,-23.4215320395719],[-46.65089717016821,-23.42937648044017],[-46.65365714995744,-23.43073462040638],[-46.65675016039154,-23.42936589991632],[-46.65916245957982,-23.42574484984488],[-46.66459318033094,-23.42329793035515],[-46.66755456958765,-23.4192368501005],[-46.67178622965076,-23.41923390032417],[-46.67624843991354,-23.41534590988579],[-46.68195951981596,-23.41416718017121],[-46.68411231962779,-23.41686563014468],[-46.68644803974519,-23.41730727011441],[-46.69235619977877,-23.41715109025057],[-46.69631601996832,-23.41541189044636],[-46.70040862955454,-23.41705935040864],[-46.69890279033149,-23.42197812039387],[-46.70370828980566,-23.42444252989878],[-46.7031317002677,-23.43775262028714],[-46.69551098014756,-23.44077598002741],[-46.69361724983617,-23.44043936018829],[-46.69060846001236,-23.44418009023894],[-46.68710155998895,-23.44331937968559],[-46.68538658971931,-23.4447869401651],[-46.6842764000358,-23.44045804000649],[-46.67635466963225,-23.44120916996718],[-46.67593567998762,-23.43978599013127],[-46.67433882038023,-23.44167477956739],[-46.67207810012417,-23.4390717395691],[-46.66867235044856,-23.43933715018926],[-46.6660314103213,-23.44371227010515],[-46.66803178044228,-23.44787430015879],[-46.66696951023465,-23.44956296975522],[-46.66771326035865,-23.45090015012181],[-46.66447099034389,-23.45179926982041],[-46.66287387982567,-23.4478729700615],[-46.66138316989731,-23.4483468003645],[-46.66117443005584,-23.44694324013835],[-46.65913125040686,-23.44726038965524],[-46.65739487986974,-23.44527398960287],[-46.65176179996706,-23.44888672993858],[-46.65111226012266,-23.44705908990505],[-46.65315879963885,-23.4447443302866],[-46.65244610040719,-23.43987389976064],[-46.65089534004784,-23.43811328979643],[-46.64250435958849,-23.43768306042483],[-46.6423202000172,-23.44700047029545],[-46.64112097025651,-23.44986841009899],[-46.63974039040664,-23.45026795999831],[-46.64211949022223,-23.4526811000527],[-46.64058737011101,-23.45461888005724],[-46.63497329018514,-23.45477287996437]]]}},{"type":"Feature","id":"uc-protecao-integral-047","properties":{"id":"uc-protecao-integral-047","nome":"Parque Estadual Carlos Botelho","nome_origem":"Parque Estadual Carlos Botelho","natureza":"camada fornecida para a demonstração","fonte_arquivo":"assets/layers/Areas_Protegidas_PI_DG_UCs_Protecao_Integral/Areas_Protegidas_PI_DG_UCs_Protecao_Integral.kml","tipo":"Unidade de Conservaloo","categoria":"Parque Estadual","orgao_gestor":"Fundae o Para Conserva"},"geometry":{"type":"Polygon","coordinates":[[[-47.96386210984844,-24.25609492044418],[-47.95902328959312,-24.25050591991226],[-47.96399799021503,-24.24655009990715],[-47.96120693974842,-24.24439632972678],[-47.96828552965343,-24.23909669955299],[-47.95559437967682,-24.22067173031604],[-47.94662265031502,-24.22026225010273],[-47.94715930995415,-24.21565281992167],[-47.9447316899155,-24.2131149897649],[-47.94478282986364,-24.20502959983611],[-47.94167345986222,-24.20324043010174],[-47.91036552964545,-24.20158559030273],[-47.89619060980874,-24.17776791016087],[-47.87590910981754,-24.17858143958171],[-47.86664932040975,-24.15349687997701],[-47.86339436006165,-24.15375754037814],[-47.85870136037943,-24.15658343957404],[-47.85238524987932,-24.15700997003404],[-47.85221682034995,-24.15894609978261],[-47.8495932596212,-24.16056999031275],[-47.84753367004282,-24.15857078031723],[-47.84287108003628,-24.16059270988563],[-47.83989157033966,-24.16002679979692],[-47.84121771962202,-24.1700988397896],[-47.83863824006266,-24.16928633019995],[-47.83527444016323,-24.1726664599891],[-47.83122241967891,-24.16948025011339],[-47.82849087015751,-24.1702435703844],[-47.82098550967351,-24.16448998042819],[-47.8144467000551,-24.16584257967128],[-47.81174489021447,-24.16488682966343],[-47.811996970184,-24.16275804984406],[-47.80826972996402,-24.15918644000214],[-47.80989967023356,-24.15720997026386],[-47.80866329037849,-24.15602685005905],[-47.80061579967935,-24.15266430021722],[-47.79893910005939,-24.15408345019102],[-47.79392818014134,-24.15190435959846],[-47.79454134960355,-24.14904199019566],[-47.79191957043179,-24.14651159023765],[-47.79370881031332,-24.14424617012463],[-47.79335558988851,-24.14164347007005],[-47.78933824006771,-24.138488599769],[-47.78861292964297,-24.1324377802793],[-47.7933424202165,-24.13066130987153],[-47.79003186018218,-24.12298404038114],[-47.79168913984188,-24.11869138020296],[-47.79390318978034,-24.11701149968093],[-47.79100595006452,-24.10778563989533],[-47.79152074988264,-24.10344259969617],[-47.79513309991256,-24.10725890967092],[-47.80020693999825,-24.10793091008338],[-47.80234902978384,-24.11301479020034],[-47.80558476982122,-24.11598581029688],[-47.81426680956559,-24.11609027014981],[-47.8160788904284,-24.11496916989125],[-47.81837928967246,-24.11666733992575],[-47.82338178024492,-24.11556396980131],[-47.82715177963087,-24.11714621992206],[-47.83701715991396,-24.11520849027954],[-47.83703288995588,-24.11113412973623],[-47.83985628004325,-24.10796691983745],[-47.84381678012028,-24.1061555296539],[-47.84942368975146,-24.10611658001613],[-47.85610490971379,-24.10315256024239],[-47.85869349041224,-24.09844594032785],[-47.85847777003301,-24.09408835988984],[-47.86130070956006,-24.08960080043653],[-47.86758898964013,-24.0863251997481],[-47.86652006984531,-24.08295110980583],[-47.86815929021901,-24.07622318984829],[-47.87130493977111,-24.07645561963108],[-47.87654406985291,-24.08055442015035],[-47.88164049011647,-24.08089700968918],[-47.889442789653,-24.07781129995146],[-47.89407963027065,-24.07896445024915],[-47.89439786976584,-24.07702898959616],[-47.89910562012824,-24.07427021040183],[-47.90358810021064,-24.07432241964392],[-47.90696318030649,-24.06982637958373],[-47.9054602297058,-24.06563423033543],[-47.89606678035756,-24.06180378032013],[-47.89267808992184,-24.06474163971484],[-47.89100201982728,-24.06266398995115],[-47.88537054971107,-24.0634956200268],[-47.88404338959072,-24.06116125968435],[-47.88474127968624,-24.05904085974782],[-47.88932681038398,-24.05798171018773],[-47.89031723015603,-24.05666625024719],[-47.89048484040302,-24.05243906970725],[-47.88737756042605,-24.04587769969606],[-47.88717007963544,-24.04182909034023],[-47.89002567984119,-24.03884985044022],[-47.90052701031323,-24.03473842973472],[-47.9033605402567,-24.02820041961365],[-47.9029947599002,-24.02611312012436],[-47.90714724994558,-24.01941494974011],[-47.91257522956317,-24.01910501008808],[-47.91648332974182,-24.02257448032793],[-47.91892024966972,-24.02307524982285],[-47.92041493010493,-24.02268194031927],[-47.92081152033535,-24.02014675956525],[-47.92505679973146,-24.01782474961249],[-47.9271491803903,-24.02002571981109],[-47.93288187010216,-24.01887370985378],[-47.93455135985732,-24.01993615003323],[-47.93060218044621,-24.02154919024287],[-47.93295201991975,-24.03497910989796],[-47.93078314022972,-24.03702190014053],[-47.93229991970549,-24.0398445797635],[-47.93543113963534,-24.03699950971958],[-47.93784025972019,-24.0323504697983],[-47.93712732036948,-24.02974590005317],[-47.93924516982867,-24.03025558003094],[-47.9440051204399,-24.02642244014345],[-47.94691176976232,-24.02628612000836],[-47.94911199981891,-24.02387791993004],[-47.95497211986742,-24.02717979970794],[-47.95139140978569,-24.03178419008827],[-47.95397223023417,-24.03515185977045],[-47.95192021024945,-24.03666062988412],[-47.95340485964653,-24.04075210002935],[-47.95257703010583,-24.04408969997962],[-47.96218754971562,-24.04460657003716],[-47.96200243956088,-24.04563220006594],[-47.96810421014112,-24.04703161981337],[-47.96747801040181,-24.05386203010858],[-47.9703684098742,-24.05553059985726],[-47.97217600042205,-24.0546114198811],[-47.97881200966646,-24.05784633973673],[-47.98590135006719,-24.05802792994496],[-47.98841596962126,-24.05961157041759],[-47.99264030020964,-24.05792262023272],[-47.99309131021573,-24.05622336021986],[-47.9980126702485,-24.05504064021335],[-48.00522422042138,-24.05540581982268],[-48.00809761011658,-24.05612916972535],[-48.01078038041021,-24.0592561799287],[-48.01314197042558,-24.05942089975468],[-48.00832204042979,-24.06220571971812],[-48.0093135798578,-24.06354061041077],[-48.00674628970944,-24.06302267016008],[-48.00762064028027,-24.06515186996279],[-48.00631809010775,-24.06690423044586],[-48.00098534959415,-24.06539807016475],[-48.00241585980405,-24.06413825037993],[-47.99998560025523,-24.06261829989455],[-48.00155739036126,-24.06968449983975],[-47.99841499995222,-24.07059591956602],[-47.99800304030805,-24.07366481018278],[-47.99357337021485,-24.07241400969872],[-47.9924578799272,-24.07070841036483],[-47.98935402996449,-24.07495631038535],[-47.98713390960222,-24.07163086027595],[-47.97998424987321,-24.07532851999514],[-47.97704246044117,-24.07853372984772],[-47.97645038997348,-24.08227470990988],[-47.97400455956273,-24.08481323973916],[-47.97443918032388,-24.08609686997454],[-47.97105238026307,-24.08951272982858],[-47.97194747999214,-24.09222455991545],[-47.97095005000477,-24.09453745973593],[-47.97354627044399,-24.09484836975639],[-47.97278998017339,-24.09583919961932],[-47.97787492958429,-24.09920106957367],[-47.9815286996897,-24.10423774967239],[-47.98410760008562,-24.10446716043106],[-47.98502107026616,-24.10811353001537],[-47.98515541009408,-24.10655182041012],[-47.98771811999518,-24.10569754990195],[-47.98630882029579,-24.10556670034288],[-47.98558746958599,-24.10380364961867],[-47.98988278995876,-24.10307668983734],[-47.98994212992534,-24.09967721023503],[-47.98698844965719,-24.09561808960314],[-47.98812959040822,-24.09212263974797],[-47.99243357035294,-24.09377501990122],[-47.99418592993669,-24.08932203038734],[-48.12200859042406,-24.11450534994191],[-48.12010473014914,-24.11638956003014],[-48.11919342014016,-24.12351177964484],[-48.11660843043467,-24.12327998028684],[-48.11281945985013,-24.12545167035825],[-48.11545487004616,-24.12767465955784],[-48.11383598963914,-24.13044740972015],[-48.10635200963748,-24.12733240007015],[-48.10747851032494,-24.12884304976689],[-48.10648963019224,-24.1314501897744],[-48.10794146962309,-24.13404968014856],[-48.10690201971238,-24.1354016004035],[-48.10952389960823,-24.13744856979559],[-48.10133806979604,-24.15061176042434],[-48.09611587035107,-24.15502783007025],[-48.09554748982475,-24.15902644971084],[-48.09306940972544,-24.16006770006425],[-48.0927476502838,-24.1619630599472],[-48.08840964988536,-24.15987541961488],[-48.08652078040967,-24.16049819023925],[-48.08614680003473,-24.16192838029048],[-48.08323734033092,-24.16158239041494],[-48.08253638984246,-24.16029390024323],[-48.07885036015597,-24.16107901018813],[-48.07901929960093,-24.15974310955681],[-48.0757318395527,-24.15813187968246],[-48.07569221991997,-24.15642974004044],[-48.07322490020891,-24.15832399016],[-48.07062293040389,-24.15782506967116],[-48.07123739039321,-24.15998920993405],[-48.06993447959252,-24.16358849011669],[-48.07204981994317,-24.16514257976621],[-48.07133023999853,-24.16689238977193],[-48.0723843497579,-24.1677393901607],[-48.0729177295695,-24.17423737955136],[-48.07584602017766,-24.17652941959699],[-48.07550482998386,-24.17825763957836],[-48.07829819980202,-24.18126259019635],[-48.08043374971771,-24.18114619004461],[-48.08131715016629,-24.18275566983823],[-48.07999270959584,-24.18838199043648],[-48.08306349958082,-24.19267685035629],[-48.08464321001611,-24.1910440601352],[-48.08768813999563,-24.19350637961566],[-48.09055773994771,-24.19368856967174],[-48.08506019956849,-24.20013284975118],[-48.07946223999033,-24.20149547013978],[-48.07452120998579,-24.20744188013862],[-48.06959929956798,-24.21147852041736],[-48.0664808500112,-24.21229643043586],[-48.06570103977111,-24.21528748023297],[-48.06042591972039,-24.21915585016234],[-48.05478853026642,-24.21984031967497],[-48.05535265969746,-24.22520055965805],[-48.04016940019761,-24.22240198006727],[-48.03702689017882,-24.22589451971629],[-48.03383626013527,-24.2269779500723],[-48.03525860000434,-24.23036333999607],[-48.00594534989796,-24.23226763014696],[-47.99244719957858,-24.24405844993748],[-47.99171638979954,-24.2428641196833],[-47.99143684993066,-24.24923027026074],[-47.97448188013465,-24.25378065005691],[-47.97266419020019,-24.25243925996381],[-47.97236063033876,-24.25341986003849],[-47.96720674969168,-24.25209578009611],[-47.9677504204455,-24.25288315003729],[-47.96386210984844,-24.25609492044418]]]}},{"type":"Feature","id":"uc-protecao-integral-048","properties":{"id":"uc-protecao-integral-048","nome":"Parque Estadual Caverna do Diabo","nome_origem":"Parque Estadual Caverna do Diabo","natureza":"camada fornecida para a demonstração","fonte_arquivo":"assets/layers/Areas_Protegidas_PI_DG_UCs_Protecao_Integral/Areas_Protegidas_PI_DG_UCs_Protecao_Integral.kml","tipo":"Unidade de Conservaero","categoria":"Parque Estadual","orgao_gestor":"Fundae o Para Conserva"},"geometry":{"type":"Polygon","coordinates":[[[-48.62331394008623,-24.65942170974404],[-48.62218462002414,-24.65688487963342],[-48.61565779027478,-24.65499049011896],[-48.6142627304406,-24.65129728024522],[-48.60796479973567,-24.6543371497396],[-48.60506699974218,-24.64997344042189],[-48.59459973019335,-24.64251030040998],[-48.57893302034256,-24.63752562001133],[-48.57610321988767,-24.63833130014933],[-48.57426476011057,-24.64212978016519],[-48.57021399957637,-24.64274793996543],[-48.56281468984599,-24.63810835012021],[-48.56178259009442,-24.63576191997657],[-48.57592845013784,-24.6225944197966],[-48.57459692021166,-24.62455040028073],[-48.57553744020066,-24.62621983967381],[-48.58431747996769,-24.63085059008262],[-48.59098320011458,-24.63722860001985],[-48.59786961029425,-24.64033663003141],[-48.59872562009127,-24.63406491996005],[-48.59269567026894,-24.63180283992909],[-48.57961278010566,-24.62031015978602],[-48.57730482026119,-24.62126229991514],[-48.57872236044852,-24.61917855004998],[-48.58659402019782,-24.61490430978603],[-48.58892290007174,-24.61726378999185],[-48.58963370982781,-24.62222849015268],[-48.59179241009161,-24.62395043016818],[-48.59422462026998,-24.62357445959361],[-48.59352607007202,-24.62636852009109],[-48.5960225098309,-24.62950822962108],[-48.60053375023233,-24.6291354498411],[-48.60151215955847,-24.62731604040289],[-48.60446564017712,-24.62780160955657],[-48.60855240956602,-24.63012669968742],[-48.61333740000094,-24.63087232040124],[-48.62074831997893,-24.63525516009753],[-48.62442492027378,-24.63451676993293],[-48.63063991999627,-24.6308382199079],[-48.63233882028027,-24.63223593004409],[-48.63203632971283,-24.63440249038257],[-48.62790982018203,-24.63741603042541],[-48.62958792004645,-24.63991950018476],[-48.63318163972087,-24.64179859043259],[-48.63633711976223,-24.64678536984889],[-48.63532895996349,-24.64879043982688],[-48.63593561024015,-24.65133633960033],[-48.62950740014634,-24.65332998998701],[-48.62331394008623,-24.65942170974404]]]}},{"type":"Feature","id":"uc-protecao-integral-049","properties":{"id":"uc-protecao-integral-049","nome":"Parque Estadual Caverna do Diabo","nome_origem":"Parque Estadual Caverna do Diabo","natureza":"camada fornecida para a demonstração","fonte_arquivo":"assets/layers/Areas_Protegidas_PI_DG_UCs_Protecao_Integral/Areas_Protegidas_PI_DG_UCs_Protecao_Integral.kml","tipo":"Unidade de Conservaero","categoria":"Parque Estadual","orgao_gestor":"Fundae o Para Conserva"},"geometry":{"type":"Polygon","coordinates":[[[-48.38808437979026,-24.81470077032424],[-48.37555449984023,-24.80462886972651],[-48.36287337010992,-24.80180745005373],[-48.35993574004232,-24.79839348956784],[-48.35473275011628,-24.79664712036828],[-48.35048164041535,-24.79729310968924],[-48.34540819962865,-24.79583742026068],[-48.34589891020647,-24.79825987998942],[-48.34223688972065,-24.80090866040632],[-48.33922842994804,-24.80108612002834],[-48.33596072980379,-24.80007521999534],[-48.33680802966677,-24.7989066301368],[-48.33513453972716,-24.79517756968903],[-48.330696210062,-24.79631481008039],[-48.3289281303289,-24.79322299034868],[-48.32645381029505,-24.79410850959999],[-48.32517794030963,-24.79702458022018],[-48.32098374960032,-24.79645870970165],[-48.319222619828,-24.79746648009393],[-48.31924109010419,-24.80101783000879],[-48.31571377007441,-24.80209177971182],[-48.31255505966823,-24.80648896988998],[-48.30805856005446,-24.80575368958108],[-48.30541019962095,-24.80313129976963],[-48.301674330406,-24.80456080004086],[-48.29603108007024,-24.80226474991821],[-48.2960811804021,-24.79995606971681],[-48.30337594034734,-24.79608450989218],[-48.30238346022844,-24.79518127039927],[-48.30371406025563,-24.79020114956336],[-48.29691478988559,-24.78779041969204],[-48.29684903955149,-24.78399534001289],[-48.29183554037786,-24.78575233020581],[-48.29218035034285,-24.78152434027606],[-48.28987283026686,-24.77730139014699],[-48.28702927018463,-24.77921999031025],[-48.28297730006233,-24.77645709042235],[-48.27898474005366,-24.77732310967372],[-48.27587651039261,-24.77571430976752],[-48.26800080009679,-24.77650928977187],[-48.26329277993779,-24.77447981039489],[-48.26220178988063,-24.76928431002284],[-48.26362929005967,-24.76149813982727],[-48.26031864009315,-24.76097489987171],[-48.25932173980641,-24.75853337991151],[-48.26038638962012,-24.75566217017297],[-48.25643670029342,-24.75191737968328],[-48.25702284962478,-24.74931194029375],[-48.24903569983763,-24.74453922020882],[-48.24522091960972,-24.73887247958123],[-48.24325882013841,-24.73824158987742],[-48.24415502963086,-24.72667064983057],[-48.24138726980664,-24.72478691998032],[-48.24310198017218,-24.7102326202392],[-48.25201647038375,-24.70775433959108],[-48.25449525015563,-24.70829469004786],[-48.25552404040212,-24.70669027973258],[-48.25206365961014,-24.70253599014376],[-48.2439279697,-24.69801378970459],[-48.24445335004202,-24.69317071026001],[-48.25115289998632,-24.69483758029003],[-48.25087697988869,-24.6937910500169],[-48.26315691036308,-24.69976625990495],[-48.26428787978176,-24.6925016002686],[-48.26243502006008,-24.69029449039834],[-48.26285078023926,-24.68710161025109],[-48.25475564975341,-24.6895390203095],[-48.25069036966477,-24.68852537014965],[-48.25030277984939,-24.68713335002406],[-48.24599276995031,-24.68822431040354],[-48.24594093032965,-24.67927885023869],[-48.24397747018406,-24.67539806966516],[-48.24515565041287,-24.67264129955629],[-48.24660214966946,-24.67163262984195],[-48.24858966038448,-24.67429498012916],[-48.25214193030581,-24.67323008030394],[-48.25637159027661,-24.67495832007035],[-48.25740050013292,-24.67314122998374],[-48.26443777967972,-24.67065923963219],[-48.26545182014536,-24.67373668010367],[-48.26013409021607,-24.68533408989629],[-48.26087924957767,-24.68584814957239],[-48.26550410043387,-24.68248887955809],[-48.27166850969394,-24.68598820998784],[-48.27462486994176,-24.68195532977461],[-48.27471165991511,-24.67796558014737],[-48.27951576993678,-24.67461993036545],[-48.28464946979716,-24.6751088602856],[-48.28511300016476,-24.67386743973049],[-48.2817855202855,-24.67319512005872],[-48.28084070963098,-24.67122167024382],[-48.2852685801808,-24.67111471027562],[-48.28576697996209,-24.66684604041239],[-48.28732416957473,-24.66708811992078],[-48.28971450012403,-24.6695649400699],[-48.28990935982904,-24.67214525959599],[-48.2935599202541,-24.67403546996093],[-48.29859530982566,-24.68013278979635],[-48.29657599008982,-24.68261019990075],[-48.29670454008243,-24.68585067037208],[-48.30039901979887,-24.69010215958696],[-48.29927009004257,-24.69300457040458],[-48.30336055024918,-24.70139030961508],[-48.32079065976109,-24.69941220041267],[-48.3232194696028,-24.70285455969014],[-48.31971320000412,-24.70410082039649],[-48.31937666020468,-24.70620795982944],[-48.31527420034405,-24.7058324802847],[-48.30653437016502,-24.70838894979016],[-48.30682655000521,-24.71210241959096],[-48.31474673987009,-24.71766548007781],[-48.31760496969355,-24.71578776039678],[-48.32147764018089,-24.71788165011799],[-48.31728983016149,-24.7208672500235],[-48.31911256978924,-24.72240657010707],[-48.31829622009445,-24.72441660973868],[-48.32763071978184,-24.73211310043916],[-48.33415990035905,-24.73472871026172],[-48.33940600018673,-24.73068417033812],[-48.34240050967571,-24.72250056994528],[-48.34240817010095,-24.71933289959361],[-48.34948074983669,-24.72014583995849],[-48.36099243984916,-24.71909626008431],[-48.3619770500008,-24.71624558006943],[-48.36876497991983,-24.71462021015452],[-48.37179568981918,-24.71251071989377],[-48.38010791035174,-24.71556080029063],[-48.38612120023316,-24.71299291029453],[-48.38654151008257,-24.70949040975455],[-48.38499823028405,-24.70779890999165],[-48.39110994017153,-24.70547805027178],[-48.39316577957703,-24.70085465991457],[-48.38573011025636,-24.69687178020843],[-48.38376876981283,-24.69711087037035],[-48.3836468100522,-24.69527880027636],[-48.38505092965664,-24.69372817031876],[-48.38978405978651,-24.6925605499294],[-48.39574215018007,-24.68483834041706],[-48.39542032958451,-24.68273313992245],[-48.39200545988405,-24.68119456987347],[-48.38148442976257,-24.6826142000852],[-48.38274646997354,-24.67924122979889],[-48.38146265987382,-24.67774752962475],[-48.37459580994863,-24.67630340008179],[-48.36720362015092,-24.67943528011403],[-48.36565595975469,-24.68284112961442],[-48.35211778960428,-24.68326093044755],[-48.34982517039526,-24.68057984998006],[-48.34021125044882,-24.67880410982178],[-48.33243760960795,-24.67118043992531],[-48.32255968018507,-24.66460917017702],[-48.31732224982193,-24.663386649774],[-48.31607132972806,-24.66218028029567],[-48.31697199985786,-24.66125158998886],[-48.31636826967986,-24.65849344031994],[-48.31404315976397,-24.65670816015341],[-48.31445620039329,-24.65498304013516],[-48.30984163957999,-24.65153584969966],[-48.30946893983963,-24.64833564007768],[-48.30687478963978,-24.64887869029928],[-48.30594455969361,-24.64737021965988],[-48.29987643005319,-24.64921330015363],[-48.30093099037288,-24.64669175042388],[-48.29831432024963,-24.64700446988036],[-48.29856065984654,-24.64592163037889],[-48.29647573007082,-24.64479979987084],[-48.29860446042744,-24.64320478027633],[-48.29875196003491,-24.6407047000618],[-48.29996742975305,-24.64080095989635],[-48.29811331008113,-24.63932740993198],[-48.30040234998842,-24.63765577979035],[-48.29692381997825,-24.63439114003904],[-48.29935712013497,-24.63125356010369],[-48.30374749974726,-24.63230966995525],[-48.30458797015865,-24.63130587996233],[-48.30036492020486,-24.62803808988588],[-48.29648185984991,-24.62785368030308],[-48.2955469804088,-24.62468489029538],[-48.29856861974594,-24.62410884035063],[-48.29609888985186,-24.62234516999354],[-48.29502637996342,-24.61974698993157],[-48.3007106402838,-24.6177860496864],[-48.30787946996151,-24.61996031002025],[-48.31097505965124,-24.61749337971565],[-48.30918177012256,-24.6121442697422],[-48.31080949985846,-24.60817355966202],[-48.31632247979854,-24.60650288999631],[-48.32054918010056,-24.60857600987492],[-48.32246615968546,-24.61090018989182],[-48.3247939100109,-24.618874189792],[-48.32870845023473,-24.61957272020481],[-48.33065816963875,-24.62224557007693],[-48.33343251969501,-24.6218450201315],[-48.33329559971213,-24.6229206200905],[-48.33828098967587,-24.6263796896709],[-48.34648903993718,-24.62497013995994],[-48.34899314012125,-24.6256519402848],[-48.35414364021676,-24.62991909029375],[-48.35396546023776,-24.63188193979965],[-48.35659647994356,-24.63306573989195],[-48.3586872697017,-24.63653960961523],[-48.3691637204293,-24.63018157002341],[-48.37964608959533,-24.630750009905],[-48.3830196804139,-24.62878519987703],[-48.38789764995653,-24.62803581010451],[-48.38987869004944,-24.62311059018157],[-48.39736109983482,-24.62271591011114],[-48.3953578599772,-24.62694958015896],[-48.39882701995094,-24.62797412020944],[-48.39840618040085,-24.63082047988121],[-48.40047403025227,-24.63399270979568],[-48.40560985970723,-24.635445759714],[-48.40655830002549,-24.63983119035709],[-48.40409042003682,-24.64247652007532],[-48.40055108956108,-24.64285392956515],[-48.39716442979454,-24.64015994022901],[-48.39723397976434,-24.63652636979606],[-48.38956779981407,-24.63715343018663],[-48.38917013039713,-24.64000664988691],[-48.38506396982632,-24.64388472979641],[-48.3808140499284,-24.64572289009925],[-48.38430034018853,-24.6551296197361],[-48.39187270016492,-24.65753244006999],[-48.3945517598558,-24.65707289010174],[-48.39513599992642,-24.65895477004653],[-48.40339076007547,-24.6627290196285],[-48.40677973020036,-24.65637653964552],[-48.40987768960366,-24.65712367032108],[-48.41695581006252,-24.65466403981355],[-48.41997702042312,-24.65978991017619],[-48.42726939986289,-24.65688769990737],[-48.4282470303761,-24.65438092963615],[-48.43023410042338,-24.65357895020833],[-48.43404229041931,-24.65484139961086],[-48.44318321013702,-24.65179017977295],[-48.44655738011897,-24.65323066975958],[-48.44912235990893,-24.65204927985036],[-48.44960526976735,-24.6543911504312],[-48.45165150980927,-24.65543459962703],[-48.45055244024286,-24.65875642996525],[-48.45132050983364,-24.65997664000986],[-48.45968551967093,-24.65994860994033],[-48.46100250036505,-24.66195184979796],[-48.46439067998585,-24.66102321974574],[-48.46605979022712,-24.66319923016027],[-48.46764672041979,-24.66262544021185],[-48.48016446042146,-24.66882333033237],[-48.48273672022344,-24.67364134027559],[-48.48085192017993,-24.67724464042777],[-48.48346912000386,-24.67938111034994],[-48.48592704000083,-24.67931909040368],[-48.48692850974288,-24.67715505985808],[-48.49176125957445,-24.67531713967423],[-48.49399965955661,-24.66859418037706],[-48.50012474955753,-24.66952668021207],[-48.50208975024174,-24.6680701202398],[-48.50533112992764,-24.66798862007869],[-48.50712233033124,-24.66363814968082],[-48.50427281044182,-24.66398685011302],[-48.50380069964251,-24.66120669043636],[-48.50436427958778,-24.65659495978952],[-48.50628453000701,-24.65431695995971],[-48.50509184011628,-24.65030665992435],[-48.50577570978112,-24.64563279961396],[-48.51196720032601,-24.6334239803324],[-48.50824626974952,-24.62938324004443],[-48.50896054009678,-24.6274683603765],[-48.51240043972848,-24.62529831966168],[-48.5152219196558,-24.62016441025929],[-48.52079366039908,-24.61983595986163],[-48.5218701201099,-24.61632350022933],[-48.52677231019391,-24.61019192971372],[-48.53110691025569,-24.60890375970069],[-48.52814610016236,-24.6087143301022],[-48.52430879011854,-24.60610870005644],[-48.52528043024762,-24.59949550031706],[-48.52442899979849,-24.59761309966478],[-48.52603576993477,-24.5942186598632],[-48.52133316998976,-24.59290469999189],[-48.51757593018499,-24.5897107397588],[-48.51416763003203,-24.59184779963618],[-48.5056939802929,-24.59155414041123],[-48.50204049976918,-24.59021144989845],[-48.50022379009579,-24.58886618013008],[-48.49940395013215,-24.58532188000072],[-48.49110433989335,-24.57882280962491],[-48.48707828013846,-24.57263497032756],[-48.4780210504311,-24.56947323999799],[-48.4760442497423,-24.57020912015474],[-48.47431681037244,-24.57354412016497],[-48.46999978036553,-24.57574344010766],[-48.45098087996359,-24.57706938974047],[-48.44853048009753,-24.57833266022402],[-48.44562623016634,-24.57523654982685],[-48.43725463998959,-24.57073527031645],[-48.43742215041186,-24.56794964995635],[-48.44120419981391,-24.56770311970314],[-48.44254021016252,-24.56878211999879],[-48.44421004975396,-24.56503287966365],[-48.44665832991797,-24.56411863966343],[-48.44624745035952,-24.5708576896306],[-48.44720415005145,-24.57191745972295],[-48.44911892000209,-24.56993736032086],[-48.44894838965644,-24.56843448975985],[-48.45056384994166,-24.56865299983605],[-48.45102613025165,-24.57235498979088],[-48.4527365796294,-24.57361194973163],[-48.45495636994048,-24.57015824011063],[-48.45330189976283,-24.56891438958735],[-48.45344638034612,-24.56553806033315],[-48.45169149996269,-24.56364480036717],[-48.45166429996743,-24.56096085016304],[-48.45564316959656,-24.55722304021111],[-48.46381377028922,-24.55669396995069],[-48.46980113001808,-24.55880945958887],[-48.46643781035664,-24.55262193955082],[-48.47192197961562,-24.55117866975974],[-48.47055803992157,-24.55008976972704],[-48.47231010992357,-24.54739522011329],[-48.47591090996048,-24.54675870964667],[-48.48343316960506,-24.55250265976991],[-48.48821707995421,-24.55893899973501],[-48.49191830008942,-24.5573844298475],[-48.49268590023405,-24.5552421799826],[-48.49757239984632,-24.5562136303547],[-48.49845232981113,-24.55223234964319],[-48.50079919972325,-24.551451860415],[-48.50274964038357,-24.55491814975278],[-48.51061367028461,-24.55471372036186],[-48.5111062604455,-24.5567041799539],[-48.51531514967439,-24.55969279978285],[-48.51720231043822,-24.55742600010979],[-48.51971520958921,-24.5590159097564],[-48.51886141032577,-24.56145184043004],[-48.52398885989794,-24.56346153022537],[-48.52702374984614,-24.557134449795],[-48.53050048031287,-24.55994970011852],[-48.52739038995452,-24.56607932000458],[-48.53206551021509,-24.56998877995818],[-48.53419486020459,-24.5695083099605],[-48.54411167991003,-24.57400519988005],[-48.54708237984789,-24.57763300026272],[-48.5508771897305,-24.57535687012341],[-48.55648269012403,-24.57510302028811],[-48.55837544017436,-24.57770426973622],[-48.55503909028175,-24.58147240033094],[-48.55842299992145,-24.58647006963798],[-48.55556665957363,-24.58838885955817],[-48.55775539989173,-24.59198971984966],[-48.55719977984592,-24.59492354038906],[-48.5600569700531,-24.5993861400583],[-48.55940900042498,-24.60133161016563],[-48.56532997040176,-24.60683022973126],[-48.57352768025822,-24.60376499036198],[-48.58427727037969,-24.60486721025353],[-48.58446231038727,-24.60783563040997],[-48.59035031031851,-24.61118831019229],[-48.57807421005668,-24.61846341005827],[-48.56865956998314,-24.6284630501296],[-48.56225581965032,-24.63337428019884],[-48.56037685980419,-24.63214289967505],[-48.5544855000058,-24.6343293296348],[-48.55056291984283,-24.63427643960597],[-48.54852750044375,-24.6312648897628],[-48.54468158029067,-24.63153645983971],[-48.53959057034848,-24.63390621030334],[-48.5407954604421,-24.64043887035751],[-48.5473005104102,-24.64029618032441],[-48.54775457001733,-24.64485460005972],[-48.55435324030975,-24.64579623970468],[-48.55856959031428,-24.65191276006578],[-48.55561867006554,-24.65787831033572],[-48.55230946980612,-24.66144923039764],[-48.54939033969237,-24.6626867200161],[-48.54711365017477,-24.66596137012107],[-48.54862599959017,-24.67267932019445],[-48.55026752042966,-24.67534264984334],[-48.5536586300417,-24.6772353396392],[-48.55146805960322,-24.68025070980235],[-48.55147363989653,-24.68278249021972],[-48.55015903970786,-24.68242638027317],[-48.54909011002053,-24.68476513020653],[-48.55189125987368,-24.68508397044883],[-48.55321866011303,-24.68813430985045],[-48.55533443033966,-24.68693633014749],[-48.56057043977393,-24.68805503011549],[-48.579114460364,-24.68594409014759],[-48.57740269977472,-24.68876550982037],[-48.57188125991217,-24.69287480003197],[-48.56891532008592,-24.69898658006656],[-48.56905710000512,-24.70218165006304],[-48.56041324997148,-24.71098970011451],[-48.55346662028825,-24.70957958023342],[-48.5515362201204,-24.71121838961693],[-48.5474292195828,-24.70570487997617],[-48.54404245009897,-24.70372466995752],[-48.53941709022649,-24.70394246956926],[-48.53712541980224,-24.7017618600218],[-48.53712537033954,-24.68932947017885],[-48.53465508016779,-24.68932946028633],[-48.53465512963049,-24.68579956999412],[-48.53218489971329,-24.68579950973952],[-48.53218503011499,-24.68226962034663],[-48.5291911996141,-24.6822694998375],[-48.52919144962567,-24.67798125982722],[-48.51140691999331,-24.67797932988213],[-48.51140583990752,-24.68335994040888],[-48.50871827982473,-24.68335946017089],[-48.50871703965959,-24.6889296495836],[-48.50595032035096,-24.6889291099904],[-48.50594895967669,-24.6944722100244],[-48.50318211985888,-24.69447162006918],[-48.50318068993687,-24.69981611022524],[-48.50881343978836,-24.69981725955881],[-48.50881256025139,-24.70376242979228],[-48.51444548996733,-24.70376336958378],[-48.51444479029482,-24.70770852992467],[-48.51776299006991,-24.70770899037757],[-48.51690631027793,-24.70920659990463],[-48.51819235968958,-24.71466754956771],[-48.51234310974667,-24.71248348032833],[-48.50927784969298,-24.7127651102216],[-48.51245484961157,-24.71651508979949],[-48.51341425986016,-24.71990866984919],[-48.51124690991691,-24.72047555030633],[-48.51008608030833,-24.71696768980701],[-48.50782553002415,-24.71538264998924],[-48.50332851959547,-24.71751737972323],[-48.50310663975955,-24.72269361032181],[-48.49454255959142,-24.72148863029599],[-48.4876852703589,-24.71718300998788],[-48.48717023042178,-24.72383488956848],[-48.48813503030738,-24.72613650019929],[-48.48656672957088,-24.7312448697549],[-48.48760763008801,-24.7325581704232],[-48.48484391991093,-24.73338376964523],[-48.47458225966352,-24.72949698969427],[-48.47213977023415,-24.73230949978353],[-48.46669226993225,-24.72905077037672],[-48.46174908964872,-24.72476212027561],[-48.46183586972955,-24.71978637014485],[-48.46066821966258,-24.71843167008547],[-48.45859847044301,-24.71849600039008],[-48.4570610901971,-24.72418627987287],[-48.45576880038976,-24.72217773041785],[-48.45143429026024,-24.72036234994243],[-48.44641262973903,-24.72142129985303],[-48.44621765042416,-24.72488396042638],[-48.44948299974061,-24.72601819978007],[-48.44581305982479,-24.73527443956368],[-48.43880147031155,-24.73356035962286],[-48.43565846026968,-24.73099361985965],[-48.43054959968424,-24.73094782008576],[-48.42894630992424,-24.73647839975831],[-48.43416494985252,-24.73629556039174],[-48.44339654011821,-24.73928287980101],[-48.44114133000835,-24.74129832975404],[-48.43895471029163,-24.74075149968189],[-48.43774916998814,-24.74242980009518],[-48.43933059992719,-24.74415877011108],[-48.44426900031408,-24.74566326035114],[-48.43999984032035,-24.75195702989299],[-48.43961864018803,-24.75908244030234],[-48.43804318984132,-24.76080117963068],[-48.43190211978697,-24.75686368960754],[-48.42898765985257,-24.75617652033009],[-48.4280027700118,-24.75746805021032],[-48.41760507021775,-24.75308639042453],[-48.41151638027668,-24.75787302032359],[-48.41147848014771,-24.7598368303054],[-48.40942797012468,-24.76196118995688],[-48.40408409960145,-24.76397982980524],[-48.40704329001579,-24.76846712036127],[-48.39973539996868,-24.77136445000934],[-48.40148978032903,-24.77507490977922],[-48.4036613202137,-24.77544261018829],[-48.40501347968831,-24.77518528986917],[-48.40717527002266,-24.77153129043666],[-48.41041252991425,-24.77163687983807],[-48.41063647009696,-24.77355939025364],[-48.41770285979908,-24.77754773963642],[-48.41871125971682,-24.77272424023147],[-48.42932813958191,-24.77246702962969],[-48.43099167042919,-24.78563853988663],[-48.43313622975313,-24.78895480971664],[-48.43967723012003,-24.7925823304102],[-48.44004096991478,-24.79410288973651],[-48.43484392001085,-24.79233725975666],[-48.42588393039904,-24.7942330998776],[-48.42221477019547,-24.79183601002381],[-48.42206792979107,-24.78769606012503],[-48.419540830345,-24.78627343966747],[-48.41364238029155,-24.79052105999887],[-48.40954797026257,-24.79182937032914],[-48.40317635990107,-24.79087014983747],[-48.39917816024388,-24.7931341903905],[-48.39150729032912,-24.79059196974356],[-48.38991376001195,-24.79285169984604],[-48.38633468040115,-24.78969496974702],[-48.38380347015396,-24.78925957017299],[-48.38294579031594,-24.79136630041438],[-48.38378601970902,-24.79562428003646],[-48.38935549955664,-24.79603992959903],[-48.39117871042907,-24.79776902012412],[-48.39059679960258,-24.79909753012686],[-48.38670636031026,-24.80044914011569],[-48.38854073986323,-24.80164812975733],[-48.39195005984732,-24.81189659964832],[-48.38808437979026,-24.81470077032424]]]}},{"type":"Feature","id":"uc-protecao-integral-050","properties":{"id":"uc-protecao-integral-050","nome":"Parque Estadual das Fontes do Ipiranga","nome_origem":"Parque Estadual das Fontes do Ipiranga","natureza":"camada fornecida para a demonstração","fonte_arquivo":"assets/layers/Areas_Protegidas_PI_DG_UCs_Protecao_Integral/Areas_Protegidas_PI_DG_UCs_Protecao_Integral.kml","tipo":"Unidade de Conserva Fo","categoria":"Parque Estadual","orgao_gestor":"Fundae o Para Conserva"},"geometry":{"type":"Polygon","coordinates":[[[-46.63007057040045,-23.67234502979926],[-46.62670440978064,-23.66845967977036],[-46.62637505016841,-23.66180173965853],[-46.62152467002744,-23.66208117970262],[-46.62111353955817,-23.65957178970626],[-46.61815274025673,-23.65767174975139],[-46.61582446023061,-23.65771591006114],[-46.61385014976457,-23.65484838034843],[-46.61454406036006,-23.65142643028548],[-46.61253048999009,-23.64304950982699],[-46.6140672299187,-23.63750414979665],[-46.62016719016367,-23.63605820002584],[-46.62838691002781,-23.63889390003339],[-46.63010882036571,-23.63695598962715],[-46.63019394029806,-23.63860986984957],[-46.62876702018178,-23.63891703958967],[-46.62850925020172,-23.64506873963057],[-46.62596322991908,-23.64678303001278],[-46.62594707989376,-23.64933118978252],[-46.63234601975296,-23.64905616001374],[-46.63378860965656,-23.65284834027864],[-46.6332959601404,-23.6599831297176],[-46.62981101976271,-23.66523722002165],[-46.63247424958689,-23.66756692996978],[-46.63007057040045,-23.67234502979926]]]}},{"type":"Feature","id":"uc-protecao-integral-051","properties":{"id":"uc-protecao-integral-051","nome":"Parque Estadual Ilha Anchieta","nome_origem":"Parque Estadual Ilha Anchieta","natureza":"camada fornecida para a demonstração","fonte_arquivo":"assets/layers/Areas_Protegidas_PI_DG_UCs_Protecao_Integral/Areas_Protegidas_PI_DG_UCs_Protecao_Integral.kml","tipo":"Unidade de Conservaa o","categoria":"Parque Estadual","orgao_gestor":"Fundae o Para Conserva"},"geometry":{"type":"Polygon","coordinates":[[[-45.07721494001743,-23.56144460018811],[-45.07306530981617,-23.55703851031893],[-45.07085560989844,-23.5575429697322],[-45.06533353961112,-23.55542958001104],[-45.05694492976465,-23.54593260970211],[-45.04930568001311,-23.54665581031736],[-45.04723146026362,-23.54358507968766],[-45.04183201973188,-23.54172192003057],[-45.03951350994049,-23.5341149298601],[-45.04107012038969,-23.53314524036051],[-45.04569441996148,-23.53464409994524],[-45.04514707997373,-23.53145672994407],[-45.04833619016301,-23.5312761199969],[-45.05109854955839,-23.52785643982281],[-45.05798521964215,-23.52807038044364],[-45.05956413957335,-23.52681187996427],[-45.06128152002611,-23.52992460983285],[-45.06113128018438,-23.53403675988852],[-45.06439843983611,-23.53839745018212],[-45.07143107978044,-23.53941347005554],[-45.07809604989274,-23.53614349012992],[-45.07672551996671,-23.52937467979757],[-45.08070200009718,-23.52593493035272],[-45.0816449095849,-23.52833997021344],[-45.08013758018512,-23.53371100026243],[-45.08298627989285,-23.5357766998348],[-45.08383835965253,-23.53881222020777],[-45.08021785007367,-23.54109857024275],[-45.07977256964836,-23.54581884995991],[-45.07820097019857,-23.54628716022421],[-45.08212591018258,-23.55372405981745],[-45.07965220978161,-23.56048408017614],[-45.07721494001743,-23.56144460018811]]]}},{"type":"Feature","id":"uc-protecao-integral-052","properties":{"id":"uc-protecao-integral-052","nome":"Parque Estadual Ilha do Cardoso","nome_origem":"Parque Estadual Ilha do Cardoso","natureza":"camada fornecida para a demonstração","fonte_arquivo":"assets/layers/Areas_Protegidas_PI_DG_UCs_Protecao_Integral/Areas_Protegidas_PI_DG_UCs_Protecao_Integral.kml","tipo":"Unidade de Conservaa o","categoria":"Parque Estadual","orgao_gestor":"Fundae o Para Conserva"},"geometry":{"type":"Polygon","coordinates":[[[-48.09154447969394,-25.30101129993147],[-48.08727285016187,-25.29877514016056],[-48.06497627973147,-25.27540934956181],[-48.03778551958601,-25.25044578024853],[-47.97965640022267,-25.20176521978902],[-47.97720822977595,-25.20224612955519],[-47.97366069028857,-25.20033190009707],[-47.97251957022195,-25.19620980983478],[-47.94286000018883,-25.1707228701643],[-47.93622391989794,-25.1664469697518],[-47.93187850998521,-25.16645027026374],[-47.93116155965822,-25.16413271015642],[-47.92500200044191,-25.16060789024192],[-47.91583434028252,-25.16037419960958],[-47.91288991044098,-25.15861034039483],[-47.91311240990973,-25.1565353903959],[-47.91854612989994,-25.15618027959619],[-47.91986327966657,-25.15433176000266],[-47.92153269028137,-25.14825300037563],[-47.92081540001067,-25.1447885897216],[-47.91624687009693,-25.14338840015449],[-47.91583697979274,-25.13759884001439],[-47.90735183042261,-25.11631483965806],[-47.89884132017073,-25.10919340964807],[-47.89499952970448,-25.10777759975639],[-47.8962923402193,-25.10493708028196],[-47.90179954021659,-25.10391788040579],[-47.90401846987646,-25.09807681968942],[-47.90330445043998,-25.09088522996933],[-47.90119563017413,-25.08604079974305],[-47.90108494971059,-25.06980924999687],[-47.90268968018455,-25.06480918039932],[-47.90864593955843,-25.06369807970259],[-47.91267104962918,-25.06527554992664],[-47.91656502955243,-25.0651169895574],[-47.92563226961352,-25.06907924960763],[-47.92744467962819,-25.07285266012212],[-47.93021046004463,-25.07478587966455],[-47.95026604044534,-25.07952322042024],[-47.95103333032387,-25.08124723966836],[-47.9561583400353,-25.083298309969],[-47.96842487960447,-25.08446105963014],[-47.9731299796648,-25.08177928038941],[-47.9916664504463,-25.07990306977081],[-48.00341735023051,-25.08174650010085],[-48.00573710018699,-25.08458982006408],[-48.00637500010612,-25.09112833020822],[-48.0031174703949,-25.09406562033206],[-47.99754391032315,-25.09373493961573],[-47.99701194964172,-25.09252069027758],[-47.99851573031668,-25.09003914958703],[-47.99641974967165,-25.08655887039549],[-47.99320623008339,-25.0899933498132],[-47.99409486998223,-25.09206845989149],[-47.99580367000334,-25.09111546001043],[-47.99642593970532,-25.09370696980079],[-47.99483029957861,-25.09475988975709],[-47.99614066036315,-25.09805201009215],[-48.00132751015644,-25.09744784014566],[-48.00377695044585,-25.09967215044935],[-48.0035238803228,-25.09604211974801],[-48.00856644018904,-25.09459078034018],[-48.01127603006472,-25.09547339028467],[-48.00829914998576,-25.09624242035136],[-48.01013422021805,-25.10031842035875],[-48.0106749304037,-25.09680845994245],[-48.02049981961096,-25.09990561984841],[-48.02040713997746,-25.10373681000573],[-48.01783678044302,-25.10648162003071],[-48.01544841041579,-25.10643331024903],[-48.01543510044951,-25.1085046395774],[-48.02156361956537,-25.10769553032441],[-48.02152037026883,-25.1094560701415],[-48.01713259958973,-25.11206037998249],[-48.01720846010232,-25.11361610010289],[-48.01428847023669,-25.11666430001736],[-48.01660427037075,-25.11505361962878],[-48.02024510013121,-25.11512706995825],[-48.02030041023568,-25.11751048022444],[-48.01452970977823,-25.12547362980411],[-48.01613605993117,-25.12964839965389],[-48.02137711006554,-25.12944349991756],[-48.02429290009724,-25.131262650351],[-48.02477072968537,-25.13033998010593],[-48.02850841013498,-25.13580122025007],[-48.02867959968376,-25.14284827003161],[-48.03025770033258,-25.14816254026897],[-48.02953725973668,-25.14970160044845],[-48.03176991035303,-25.15627188993574],[-48.03025294022098,-25.1577951598187],[-48.02257482986448,-25.15981563968001],[-48.01964421001225,-25.16327899003329],[-48.0181748302042,-25.16749554957988],[-48.02557965008077,-25.17675959008295],[-48.02597398031492,-25.17925381031506],[-48.0228934102027,-25.17950232986857],[-48.00959950041658,-25.17364053977906],[-48.00097443991842,-25.17242989042705],[-47.99930531978464,-25.17101405985096],[-47.99400443955318,-25.1725387398709],[-47.99122827016851,-25.17582501011606],[-47.99842822987887,-25.19097938968702],[-47.99772702038564,-25.19530131020724],[-47.99630788030441,-25.1931200900201],[-47.99306479010795,-25.19250498971348],[-47.99290317024509,-25.19352843978561],[-47.99582921974263,-25.19386626021969],[-47.99365647026985,-25.19640329987237],[-47.99230182956575,-25.20192840986817],[-47.9911861998832,-25.2019750702932],[-47.99346551991778,-25.203831270097],[-47.99571904020149,-25.20962291036898],[-48.00062426999403,-25.21457902020558],[-48.021544419939,-25.23022764019339],[-48.02370357975639,-25.23513911038157],[-48.02958003958713,-25.24178355976341],[-48.04092337021734,-25.24853614003081],[-48.05052329041746,-25.25680768962314],[-48.05711465012098,-25.26698681998573],[-48.07635990988189,-25.27710558965117],[-48.08075476002409,-25.28869055012876],[-48.09064856967569,-25.2953796904203],[-48.09329419976746,-25.30104603984284],[-48.09154447969394,-25.30101129993147]]]}},{"type":"Feature","id":"uc-protecao-integral-053","properties":{"id":"uc-protecao-integral-053","nome":"Parque Estadual Ilhabela","nome_origem":"Parque Estadual Ilhabela","natureza":"camada fornecida para a demonstração","fonte_arquivo":"assets/layers/Areas_Protegidas_PI_DG_UCs_Protecao_Integral/Areas_Protegidas_PI_DG_UCs_Protecao_Integral.kml","tipo":"Unidade de Conservaabo","categoria":"Parque Estadual","orgao_gestor":"Fundae o Para Conserva"},"geometry":{"type":"Polygon","coordinates":[[[-45.26744598014784,-23.73957639983092],[-45.26739442021631,-23.73952568975875],[-45.2673551504198,-23.73944811963497],[-45.26734004001082,-23.73930780021476],[-45.2673668497003,-23.7391321797063],[-45.26742065973559,-23.73906098037992],[-45.26749006041791,-23.73903073977675],[-45.26757680992182,-23.73901891998713],[-45.26764924042004,-23.73904293997964],[-45.2677034596469,-23.73908467032123],[-45.2677338504368,-23.73914850959602],[-45.26773959980267,-23.73924347980272],[-45.26771924994341,-23.73937857955775],[-45.26768598042361,-23.73946373006703],[-45.26762900027808,-23.73953939003076],[-45.26757236996883,-23.73957439973873],[-45.26750583992253,-23.73958661972665],[-45.26744598014784,-23.73957639983092]]]}},{"type":"Feature","id":"uc-protecao-integral-054","properties":{"id":"uc-protecao-integral-054","nome":"Parque Estadual Ilhabela","nome_origem":"Parque Estadual Ilhabela","natureza":"camada fornecida para a demonstração","fonte_arquivo":"assets/layers/Areas_Protegidas_PI_DG_UCs_Protecao_Integral/Areas_Protegidas_PI_DG_UCs_Protecao_Integral.kml","tipo":"Unidade de Conservaabo","categoria":"Parque Estadual","orgao_gestor":"Fundae o Para Conserva"},"geometry":{"type":"Polygon","coordinates":[[[-45.25771853967882,-23.75996117976462],[-45.25766818034219,-23.75993758964802],[-45.25762916955051,-23.75990067967257],[-45.25762349033175,-23.75985539970691],[-45.25763835972248,-23.7597969797468],[-45.25767047990865,-23.75976147990832],[-45.25773927984386,-23.75973124020453],[-45.25779251970897,-23.75973681959852],[-45.25782520017282,-23.75975553988621],[-45.25784916980331,-23.75980569957335],[-45.2578492300579,-23.75985537992182],[-45.25782555990162,-23.7599226600027],[-45.25779600008531,-23.75995369021058],[-45.25776942961545,-23.7599621995958],[-45.25771853967882,-23.75996117976462]]]}},{"type":"Feature","id":"uc-protecao-integral-055","properties":{"id":"uc-protecao-integral-055","nome":"Parque Estadual Ilhabela","nome_origem":"Parque Estadual Ilhabela","natureza":"camada fornecida para a demonstração","fonte_arquivo":"assets/layers/Areas_Protegidas_PI_DG_UCs_Protecao_Integral/Areas_Protegidas_PI_DG_UCs_Protecao_Integral.kml","tipo":"Unidade de Conservaabo","categoria":"Parque Estadual","orgao_gestor":"Fundae o Para Conserva"},"geometry":{"type":"Polygon","coordinates":[[[-45.25733083025358,-23.76063999973616],[-45.25727678999181,-23.76061634037177],[-45.25725628994576,-23.76057528002514],[-45.25726174972993,-23.76052570040071],[-45.25730338024675,-23.76047685012651],[-45.25736256013403,-23.76046447995174],[-45.25741363982758,-23.76048355996829],[-45.25744048998661,-23.76051570983208],[-45.25745537016917,-23.76056117955477],[-45.25743171979798,-23.76060136036443],[-45.25738376974516,-23.76063202005162],[-45.25733083025358,-23.76063999973616]]]}},{"type":"Feature","id":"uc-protecao-integral-056","properties":{"id":"uc-protecao-integral-056","nome":"Parque Estadual Ilhabela","nome_origem":"Parque Estadual Ilhabela","natureza":"camada fornecida para a demonstração","fonte_arquivo":"assets/layers/Areas_Protegidas_PI_DG_UCs_Protecao_Integral/Areas_Protegidas_PI_DG_UCs_Protecao_Integral.kml","tipo":"Unidade de Conservaabo","categoria":"Parque Estadual","orgao_gestor":"Fundae o Para Conserva"},"geometry":{"type":"Polygon","coordinates":[[[-45.39263186976495,-23.830036840128],[-45.39157170037362,-23.82836353994537],[-45.3933989402089,-23.82946884990747],[-45.39263186976495,-23.830036840128]]]}},{"type":"Feature","id":"uc-protecao-integral-057","properties":{"id":"uc-protecao-integral-057","nome":"Parque Estadual Ilhabela","nome_origem":"Parque Estadual Ilhabela","natureza":"camada fornecida para a demonstração","fonte_arquivo":"assets/layers/Areas_Protegidas_PI_DG_UCs_Protecao_Integral/Areas_Protegidas_PI_DG_UCs_Protecao_Integral.kml","tipo":"Unidade de Conservaabo","categoria":"Parque Estadual","orgao_gestor":"Fundae o Para Conserva"},"geometry":{"type":"Polygon","coordinates":[[[-45.41671361963779,-23.85316310978965],[-45.41665510974548,-23.85311683967035],[-45.41659935987252,-23.85302996965731],[-45.4165769397739,-23.8529346999764],[-45.41659062026088,-23.85284463017553],[-45.4166483801186,-23.8527870097127],[-45.41673417004586,-23.85276605011308],[-45.41683736005609,-23.85279058991375],[-45.41695098040339,-23.85284241964189],[-45.41703443029468,-23.85287109992129],[-45.41712851017257,-23.85286384958692],[-45.4172696102043,-23.85278522995435],[-45.41743893006253,-23.85270714002246],[-45.41756909973412,-23.85267799029697],[-45.41765478983666,-23.85268864996118],[-45.41772760974135,-23.85272615978442],[-45.41778540017606,-23.85277693011119],[-45.41781639980695,-23.85284526959344],[-45.41782235961415,-23.85293570991502],[-45.41780315998778,-23.8530256699986],[-45.41773968044185,-23.85311932000059],[-45.41764572017382,-23.85317624978404],[-45.41747903982576,-23.85321825981481],[-45.41740704999529,-23.85322593013251],[-45.41736010988114,-23.85321148971843],[-45.41728770995979,-23.85318301988042],[-45.41719915012067,-23.85316326986896],[-45.41706038023233,-23.85316516024392],[-45.41691876039243,-23.85318506044212],[-45.41679952018166,-23.85319182963917],[-45.41671361963779,-23.85316310978965]]]}},{"type":"Feature","id":"uc-protecao-integral-058","properties":{"id":"uc-protecao-integral-058","nome":"Parque Estadual Ilhabela","nome_origem":"Parque Estadual Ilhabela","natureza":"camada fornecida para a demonstração","fonte_arquivo":"assets/layers/Areas_Protegidas_PI_DG_UCs_Protecao_Integral/Areas_Protegidas_PI_DG_UCs_Protecao_Integral.kml","tipo":"Unidade de Conservaabo","categoria":"Parque Estadual","orgao_gestor":"Fundae o Para Conserva"},"geometry":{"type":"Polygon","coordinates":[[[-45.24103514985222,-23.80659251982888],[-45.2409885595743,-23.80656447986684],[-45.24094871960767,-23.80653658019895],[-45.24092840032534,-23.8065135899302],[-45.24091526033095,-23.80647267977031],[-45.24091549955062,-23.80643655040643],[-45.24094182000897,-23.80638739975865],[-45.24097486020162,-23.80636546979053],[-45.24101444026417,-23.80635272010193],[-45.2410410997669,-23.80636679988788],[-45.24112091010187,-23.8063909799597],[-45.2411607500685,-23.80641887962753],[-45.24118688976313,-23.80645553959141],[-45.24120024019891,-23.80648741965865],[-45.24120032023853,-23.8065100097291],[-45.24118742036313,-23.80653684999561],[-45.24114730970052,-23.80657217986214],[-45.24110772963797,-23.8065849403427],[-45.24108124999964,-23.80658891984274],[-45.24103514985222,-23.80659251982888]]]}},{"type":"Feature","id":"uc-protecao-integral-059","properties":{"id":"uc-protecao-integral-059","nome":"Parque Estadual Ilhabela","nome_origem":"Parque Estadual Ilhabela","natureza":"camada fornecida para a demonstração","fonte_arquivo":"assets/layers/Areas_Protegidas_PI_DG_UCs_Protecao_Integral/Areas_Protegidas_PI_DG_UCs_Protecao_Integral.kml","tipo":"Unidade de Conservaabo","categoria":"Parque Estadual","orgao_gestor":"Fundae o Para Conserva"},"geometry":{"type":"Polygon","coordinates":[[[-45.24183571014987,-23.80927337996246],[-45.24177595019989,-23.80923153001106],[-45.24174941030702,-23.80918583995452],[-45.24175538989925,-23.80914079021522],[-45.24175541957692,-23.80911369004474],[-45.24178202961696,-23.80907809038155],[-45.24182827005859,-23.80904288012476],[-45.24188797964649,-23.80903503983518],[-45.24192785019011,-23.80903584023179],[-45.24199406007779,-23.8090642696003],[-45.24202704990836,-23.80909654986584],[-45.24204061977872,-23.80911939984037],[-45.24205368962606,-23.80913772982234],[-45.2420536599484,-23.80916482999288],[-45.242053929745,-23.80920548024869],[-45.24204112969431,-23.80922781041505],[-45.24202095969952,-23.80924999039468],[-45.2419877099648,-23.80928093966361],[-45.24191500966992,-23.80929304004172],[-45.24183571014987,-23.80927337996246]]]}},{"type":"Feature","id":"uc-protecao-integral-060","properties":{"id":"uc-protecao-integral-060","nome":"Parque Estadual Ilhabela","nome_origem":"Parque Estadual Ilhabela","natureza":"camada fornecida para a demonstração","fonte_arquivo":"assets/layers/Areas_Protegidas_PI_DG_UCs_Protecao_Integral/Areas_Protegidas_PI_DG_UCs_Protecao_Integral.kml","tipo":"Unidade de Conservaabo","categoria":"Parque Estadual","orgao_gestor":"Fundae o Para Conserva"},"geometry":{"type":"Polygon","coordinates":[[[-45.46210243028287,-23.89641176958747],[-45.46208267037889,-23.89638881978817],[-45.46207397033743,-23.89636606963836],[-45.46207375000353,-23.89634799956048],[-45.46207843007545,-23.89630293003614],[-45.46209353958517,-23.89625805026878],[-45.46210876960401,-23.89623574977998],[-45.46214538010514,-23.89621837038146],[-45.46221074013351,-23.89620603977687],[-45.4622586101467,-23.89620693010568],[-45.46230249976054,-23.89622130037264],[-45.46233504982263,-23.89624901028355],[-45.46236125966436,-23.89628562977794],[-45.46236577965698,-23.89633087017347],[-45.46235731973445,-23.89638039044263],[-45.46233586011181,-23.89640709041487],[-45.46230967994774,-23.89642467036219],[-45.46227511000825,-23.89643306013755],[-45.46223152976125,-23.89643223995586],[-45.46216780020376,-23.89642654005274],[-45.46213107998528,-23.89642134017265],[-45.46210243028287,-23.89641176958747]]]}},{"type":"Feature","id":"uc-protecao-integral-061","properties":{"id":"uc-protecao-integral-061","nome":"Parque Estadual Ilhabela","nome_origem":"Parque Estadual Ilhabela","natureza":"camada fornecida para a demonstração","fonte_arquivo":"assets/layers/Areas_Protegidas_PI_DG_UCs_Protecao_Integral/Areas_Protegidas_PI_DG_UCs_Protecao_Integral.kml","tipo":"Unidade de Conservaabo","categoria":"Parque Estadual","orgao_gestor":"Fundae o Para Conserva"},"geometry":{"type":"Polygon","coordinates":[[[-45.46156874020517,-23.89741797965598],[-45.46153293010059,-23.89739923958319],[-45.46150590996973,-23.8973716402889],[-45.46149494993193,-23.89733981957698],[-45.4614831499274,-23.89728991979393],[-45.46148517969726,-23.89725383000018],[-45.46149026986001,-23.89721778966918],[-45.46150702962569,-23.89718197956466],[-45.4615260403944,-23.89715523012973],[-45.46156743978548,-23.89711535958611],[-45.46159729997538,-23.89709784978589],[-45.46163116034973,-23.89709397011057],[-45.4616919203458,-23.89709509965905],[-45.46174275992041,-23.89710057023507],[-45.46177447990829,-23.897110190283],[-45.46179740002992,-23.89712868034428],[-45.46181859974854,-23.89716972989908],[-45.4618279401073,-23.89721958021943],[-45.46183011017138,-23.89726027004536],[-45.46182451998556,-23.89731887976245],[-45.46180571965817,-23.89736369028202],[-45.46177371998112,-23.89739469980549],[-45.46173220008092,-23.89741199017118],[-45.46167236998383,-23.89742442959368],[-45.46160598023175,-23.89742770042801],[-45.46156874020517,-23.89741797965598]]]}},{"type":"Feature","id":"uc-protecao-integral-062","properties":{"id":"uc-protecao-integral-062","nome":"Parque Estadual Ilhabela","nome_origem":"Parque Estadual Ilhabela","natureza":"camada fornecida para a demonstração","fonte_arquivo":"assets/layers/Areas_Protegidas_PI_DG_UCs_Protecao_Integral/Areas_Protegidas_PI_DG_UCs_Protecao_Integral.kml","tipo":"Unidade de Conservaabo","categoria":"Parque Estadual","orgao_gestor":"Fundae o Para Conserva"},"geometry":{"type":"Polygon","coordinates":[[[-45.03437745025906,-23.74271621997752],[-45.03043674965625,-23.73995813955645],[-45.03454563966949,-23.74129697017901],[-45.03437745025906,-23.74271621997752]]]}},{"type":"Feature","id":"uc-protecao-integral-063","properties":{"id":"uc-protecao-integral-063","nome":"Parque Estadual Ilhabela","nome_origem":"Parque Estadual Ilhabela","natureza":"camada fornecida para a demonstração","fonte_arquivo":"assets/layers/Areas_Protegidas_PI_DG_UCs_Protecao_Integral/Areas_Protegidas_PI_DG_UCs_Protecao_Integral.kml","tipo":"Unidade de Conservaabo","categoria":"Parque Estadual","orgao_gestor":"Fundae o Para Conserva"},"geometry":{"type":"Polygon","coordinates":[[[-45.03379704040105,-23.74301551975037],[-45.03375688027575,-23.7429785297353],[-45.03374257026337,-23.7429375701127],[-45.03372772965093,-23.74286950042705],[-45.03373311029475,-23.74280185971799],[-45.03376577996676,-23.74277094012672],[-45.03380412975673,-23.74275820033063],[-45.03386236985244,-23.74275945038829],[-45.03391685977522,-23.74278770978492],[-45.03394959959428,-23.74285163989123],[-45.03394358043187,-23.74296896004944],[-45.0338950197393,-23.74302212976744],[-45.03384207035521,-23.74303003031162],[-45.03379704040105,-23.74301551975037]]]}},{"type":"Feature","id":"uc-protecao-integral-064","properties":{"id":"uc-protecao-integral-064","nome":"Parque Estadual Ilhabela","nome_origem":"Parque Estadual Ilhabela","natureza":"camada fornecida para a demonstração","fonte_arquivo":"assets/layers/Areas_Protegidas_PI_DG_UCs_Protecao_Integral/Areas_Protegidas_PI_DG_UCs_Protecao_Integral.kml","tipo":"Unidade de Conservaabo","categoria":"Parque Estadual","orgao_gestor":"Fundae o Para Conserva"},"geometry":{"type":"Polygon","coordinates":[[[-45.22747835024563,-23.81539433038398],[-45.22589067991089,-23.81369574036609],[-45.22738566971282,-23.81170235977606],[-45.22967700019336,-23.8134873503609],[-45.22747835024563,-23.81539433038398]]]}},{"type":"Feature","id":"uc-protecao-integral-065","properties":{"id":"uc-protecao-integral-065","nome":"Parque Estadual Ilhabela","nome_origem":"Parque Estadual Ilhabela","natureza":"camada fornecida para a demonstração","fonte_arquivo":"assets/layers/Areas_Protegidas_PI_DG_UCs_Protecao_Integral/Areas_Protegidas_PI_DG_UCs_Protecao_Integral.kml","tipo":"Unidade de Conservaabo","categoria":"Parque Estadual","orgao_gestor":"Fundae o Para Conserva"},"geometry":{"type":"Polygon","coordinates":[[[-45.46041663042314,-23.90081981997866],[-45.46039175967195,-23.90080581033982],[-45.46037148985232,-23.90077832975606],[-45.46035991018169,-23.9007465000509],[-45.46035683000366,-23.90071935041766],[-45.46034932965779,-23.90066952977492],[-45.46035064986256,-23.90063794018874],[-45.46035644959045,-23.90059739965022],[-45.46036512984682,-23.90056595035827],[-45.4603779002199,-23.90054361029934],[-45.46040694022804,-23.90050801962934],[-45.46043189011959,-23.90049041989693],[-45.46045776001756,-23.9004863801423],[-45.46048415961621,-23.90048688016532],[-45.46051290015021,-23.90049192985862],[-45.4605506599849,-23.90050617961646],[-45.46058329997925,-23.90052937043407],[-45.46060480007145,-23.9005568699036],[-45.4606152501936,-23.90058416972363],[-45.46062397002015,-23.90063401015141],[-45.46062462023002,-23.90068822038501],[-45.46061563960006,-23.90073320986971],[-45.46060706996025,-23.90076014996089],[-45.46058805019834,-23.90078689040263],[-45.46056045000472,-23.90081346986568],[-45.46052711033781,-23.90082188032545],[-45.46048394018163,-23.9008301100215],[-45.46045570956329,-23.90082958032082],[-45.46041663042314,-23.90081981997866]]]}},{"type":"Feature","id":"uc-protecao-integral-066","properties":{"id":"uc-protecao-integral-066","nome":"Parque Estadual Ilhabela","nome_origem":"Parque Estadual Ilhabela","natureza":"camada fornecida para a demonstração","fonte_arquivo":"assets/layers/Areas_Protegidas_PI_DG_UCs_Protecao_Integral/Areas_Protegidas_PI_DG_UCs_Protecao_Integral.kml","tipo":"Unidade de Conservaabo","categoria":"Parque Estadual","orgao_gestor":"Fundae o Para Conserva"},"geometry":{"type":"Polygon","coordinates":[[[-45.45996132975154,-23.90516954034194],[-45.45992734976733,-23.90515083983934],[-45.45990892985321,-23.90512339972508],[-45.45989324028079,-23.90505535971704],[-45.45989319981129,-23.90500116027528],[-45.45990197989244,-23.90496519998396],[-45.45992332979779,-23.9049159198338],[-45.45995378983548,-23.90487131975556],[-45.45999377009639,-23.90484046041888],[-45.46004911977104,-23.90483697015003],[-45.46010180025786,-23.90484247040365],[-45.46012604957747,-23.90485647014992],[-45.46015103993852,-23.90489306985927],[-45.4601697997964,-23.90496117012185],[-45.46016380041902,-23.90503783013173],[-45.46012711977073,-23.90511391997137],[-45.46008756039254,-23.90515383008517],[-45.46005646993012,-23.90517131020778],[-45.46000103032327,-23.90517930967735],[-45.45996132975154,-23.90516954034194]]]}},{"type":"Feature","id":"uc-protecao-integral-067","properties":{"id":"uc-protecao-integral-067","nome":"Parque Estadual Ilhabela","nome_origem":"Parque Estadual Ilhabela","natureza":"camada fornecida para a demonstração","fonte_arquivo":"assets/layers/Areas_Protegidas_PI_DG_UCs_Protecao_Integral/Areas_Protegidas_PI_DG_UCs_Protecao_Integral.kml","tipo":"Unidade de Conservaabo","categoria":"Parque Estadual","orgao_gestor":"Fundae o Para Conserva"},"geometry":{"type":"Polygon","coordinates":[[[-45.45961743979296,-23.90614314998635],[-45.45957405020221,-23.90610621033329],[-45.45954915966593,-23.90606509962458],[-45.45953685963832,-23.9060106699564],[-45.45953365985048,-23.90596093025266],[-45.45954823965951,-23.90588443032215],[-45.45956970018148,-23.90583063017937],[-45.45960353987141,-23.90579965033356],[-45.45965908020236,-23.90578713986457],[-45.45971115004949,-23.90579263022568],[-45.45974820031915,-23.90581139008356],[-45.45978228012808,-23.90585266986477],[-45.45980421009619,-23.90591631038939],[-45.45981027962068,-23.90597512964848],[-45.45980448978531,-23.90604277035754],[-45.45979253959399,-23.90608319038688],[-45.45975542996905,-23.9061231400708],[-45.45971248014678,-23.90614943984474],[-45.4596570396406,-23.90615744021363],[-45.45961743979296,-23.90614314998635]]]}},{"type":"Feature","id":"uc-protecao-integral-068","properties":{"id":"uc-protecao-integral-068","nome":"Parque Estadual Ilhabela","nome_origem":"Parque Estadual Ilhabela","natureza":"camada fornecida para a demonstração","fonte_arquivo":"assets/layers/Areas_Protegidas_PI_DG_UCs_Protecao_Integral/Areas_Protegidas_PI_DG_UCs_Protecao_Integral.kml","tipo":"Unidade de Conservaabo","categoria":"Parque Estadual","orgao_gestor":"Fundae o Para Conserva"},"geometry":{"type":"Polygon","coordinates":[[[-45.27873188996472,-23.84455555009851],[-45.27869978956357,-23.8445368495959],[-45.27863572995494,-23.84446783022617],[-45.27862191996559,-23.84435012965474],[-45.27866272040819,-23.84420640989788],[-45.27874410006012,-23.84408606981623],[-45.27886715969163,-23.84402076014993],[-45.27897137043237,-23.84400024031879],[-45.27911248035662,-23.84400303001576],[-45.2791759599026,-23.84401784005121],[-45.27924464022794,-23.84407339027467],[-45.27929437993163,-23.84415116004794],[-45.27931312000442,-23.8442418602736],[-45.27928583996948,-23.84435874965652],[-45.27919997000259,-23.84446092972809],[-45.27906361029733,-23.84454404956819],[-45.27886828024691,-23.84457631004864],[-45.27873188996472,-23.84455555009851]]]}},{"type":"Feature","id":"uc-protecao-integral-069","properties":{"id":"uc-protecao-integral-069","nome":"Parque Estadual Ilhabela","nome_origem":"Parque Estadual Ilhabela","natureza":"camada fornecida para a demonstração","fonte_arquivo":"assets/layers/Areas_Protegidas_PI_DG_UCs_Protecao_Integral/Areas_Protegidas_PI_DG_UCs_Protecao_Integral.kml","tipo":"Unidade de Conservaabo","categoria":"Parque Estadual","orgao_gestor":"Fundae o Para Conserva"},"geometry":{"type":"Polygon","coordinates":[[[-45.02371837959947,-23.7431074997113],[-45.02383273019632,-23.74200328962007],[-45.02101260015132,-23.73991032979785],[-45.02161957957992,-23.7374660902878],[-45.02638259957729,-23.74024648019088],[-45.02538479996849,-23.74298954013511],[-45.02371837959947,-23.7431074997113]]]}},{"type":"Feature","id":"uc-protecao-integral-070","properties":{"id":"uc-protecao-integral-070","nome":"Parque Estadual Ilhabela","nome_origem":"Parque Estadual Ilhabela","natureza":"camada fornecida para a demonstração","fonte_arquivo":"assets/layers/Areas_Protegidas_PI_DG_UCs_Protecao_Integral/Areas_Protegidas_PI_DG_UCs_Protecao_Integral.kml","tipo":"Unidade de Conservaabo","categoria":"Parque Estadual","orgao_gestor":"Fundae o Para Conserva"},"geometry":{"type":"Polygon","coordinates":[[[-45.45927293020151,-23.90528314000488],[-45.45924488034689,-23.905246480041],[-45.45922335957033,-23.90519189029345],[-45.45922282986965,-23.90516026023778],[-45.4592259900873,-23.90512871022173],[-45.45922893986364,-23.90510618040588],[-45.45924139997061,-23.9050702803691],[-45.45925345987922,-23.90505243961837],[-45.45928689037765,-23.90501241978728],[-45.45932063024287,-23.90498595004152],[-45.45936676996041,-23.90498229969336],[-45.4594161904048,-23.90499676978504],[-45.45945005977239,-23.90501999028027],[-45.45948731958407,-23.90505681032352],[-45.45951180002953,-23.90511598031821],[-45.4595213499303,-23.90518389981708],[-45.45951871042013,-23.90521997971825],[-45.45949388013844,-23.90526017042049],[-45.45946329959156,-23.90528218042823],[-45.45942678981447,-23.90529503983419],[-45.45936204042579,-23.90530738033129],[-45.45931559044209,-23.90529747969487],[-45.45927293020151,-23.90528314000488]]]}},{"type":"Feature","id":"uc-protecao-integral-071","properties":{"id":"uc-protecao-integral-071","nome":"Parque Estadual Ilhabela","nome_origem":"Parque Estadual Ilhabela","natureza":"camada fornecida para a demonstração","fonte_arquivo":"assets/layers/Areas_Protegidas_PI_DG_UCs_Protecao_Integral/Areas_Protegidas_PI_DG_UCs_Protecao_Integral.kml","tipo":"Unidade de Conservaabo","categoria":"Parque Estadual","orgao_gestor":"Fundae o Para Conserva"},"geometry":{"type":"Polygon","coordinates":[[[-45.14549596996301,-23.79099178963935],[-45.14542499007121,-23.79095869998395],[-45.14534915024302,-23.79089842022586],[-45.14531641042396,-23.79085709997514],[-45.14524032957752,-23.79075616006867],[-45.14518605009607,-23.79064211973798],[-45.14518564000525,-23.79058339041109],[-45.14521275996088,-23.79050265017713],[-45.14526191960186,-23.79044945977472],[-45.14529987998543,-23.79042766020831],[-45.14537563977393,-23.79041568033932],[-45.14543021962891,-23.79041679999528],[-45.14550057988782,-23.79044986986554],[-45.14558259985705,-23.79048317985485],[-45.14563663022625,-23.79050687968868],[-45.14570388962278,-23.79055126033234],[-45.14570728995943,-23.79055349964426],[-45.1458107398737,-23.79066403981352],[-45.14583232989804,-23.79070964983043],[-45.14583809005575,-23.79075041969605],[-45.14582160997929,-23.79082235017125],[-45.14576183024423,-23.79093402978162],[-45.14569694955452,-23.79097786004019],[-45.14559940009218,-23.7910029502259],[-45.14549596996301,-23.79099178963935]]]}},{"type":"Feature","id":"uc-protecao-integral-072","properties":{"id":"uc-protecao-integral-072","nome":"Parque Estadual Ilhabela","nome_origem":"Parque Estadual Ilhabela","natureza":"camada fornecida para a demonstração","fonte_arquivo":"assets/layers/Areas_Protegidas_PI_DG_UCs_Protecao_Integral/Areas_Protegidas_PI_DG_UCs_Protecao_Integral.kml","tipo":"Unidade de Conservaabo","categoria":"Parque Estadual","orgao_gestor":"Fundae o Para Conserva"},"geometry":{"type":"Polygon","coordinates":[[[-45.27980786044435,-23.84584147990034],[-45.27974398969332,-23.84579052970912],[-45.27969374996655,-23.84570823994329],[-45.27969114013399,-23.84563592006162],[-45.27968854019394,-23.84556361007247],[-45.27972520015783,-23.84549206990306],[-45.27978882989055,-23.84544815960481],[-45.27989795003032,-23.84542773959845],[-45.27996624004987,-23.84544715955872],[-45.28000700991555,-23.84548861021113],[-45.28003865975631,-23.84555247017033],[-45.28005301023819,-23.84564759955703],[-45.280057860282,-23.84572899000085],[-45.28003922003393,-23.84576475963593],[-45.2799758798829,-23.84582222001939],[-45.27988924998886,-23.84585211977947],[-45.27980786044435,-23.84584147990034]]]}},{"type":"Feature","id":"uc-protecao-integral-073","properties":{"id":"uc-protecao-integral-073","nome":"Parque Estadual Ilhabela","nome_origem":"Parque Estadual Ilhabela","natureza":"camada fornecida para a demonstração","fonte_arquivo":"assets/layers/Areas_Protegidas_PI_DG_UCs_Protecao_Integral/Areas_Protegidas_PI_DG_UCs_Protecao_Integral.kml","tipo":"Unidade de Conservaabo","categoria":"Parque Estadual","orgao_gestor":"Fundae o Para Conserva"},"geometry":{"type":"Polygon","coordinates":[[[-45.27725092958667,-23.8519965802779],[-45.27701823000729,-23.85100285010139],[-45.2791233900324,-23.85104001008835],[-45.27725092958667,-23.8519965802779]]]}},{"type":"Feature","id":"uc-protecao-integral-074","properties":{"id":"uc-protecao-integral-074","nome":"Parque Estadual Ilhabela","nome_origem":"Parque Estadual Ilhabela","natureza":"camada fornecida para a demonstração","fonte_arquivo":"assets/layers/Areas_Protegidas_PI_DG_UCs_Protecao_Integral/Areas_Protegidas_PI_DG_UCs_Protecao_Integral.kml","tipo":"Unidade de Conservaabo","categoria":"Parque Estadual","orgao_gestor":"Fundae o Para Conserva"},"geometry":{"type":"Polygon","coordinates":[[[-45.45664414980763,-23.91972219971967],[-45.45660228996366,-23.91969883982955],[-45.45657352964463,-23.91966668007319],[-45.45654587009579,-23.91961196981651],[-45.45653754956822,-23.91954407010269],[-45.45654171972456,-23.9194944697939],[-45.45655795968207,-23.91945412980419],[-45.45659311957678,-23.91939156037216],[-45.45663064019186,-23.91933354960361],[-45.45668238988037,-23.9192983897089],[-45.45672187011814,-23.91929008986568],[-45.4567593196868,-23.91929079043757],[-45.45681762992962,-23.91929188041593],[-45.45687023037681,-23.91930189976284],[-45.45692241983375,-23.91932997030182],[-45.45695741964914,-23.91935771978291],[-45.45697881991657,-23.91938974014437],[-45.45699153003505,-23.91942609973466],[-45.45700415022134,-23.91949408038744],[-45.45700007988972,-23.91953916969686],[-45.45698117973762,-23.91958850020904],[-45.45695214962194,-23.9196240800872],[-45.45688404036611,-23.91967699979364],[-45.45681694014962,-23.91971187999923],[-45.45675463961487,-23.91972426006652],[-45.45667954982133,-23.91973188991471],[-45.45664414980763,-23.91972219971967]]]}},{"type":"Feature","id":"uc-protecao-integral-075","properties":{"id":"uc-protecao-integral-075","nome":"Parque Estadual Ilhabela","nome_origem":"Parque Estadual Ilhabela","natureza":"camada fornecida para a demonstração","fonte_arquivo":"assets/layers/Areas_Protegidas_PI_DG_UCs_Protecao_Integral/Areas_Protegidas_PI_DG_UCs_Protecao_Integral.kml","tipo":"Unidade de Conservaabo","categoria":"Parque Estadual","orgao_gestor":"Fundae o Para Conserva"},"geometry":{"type":"Polygon","coordinates":[[[-45.28635203991468,-23.86099279997768],[-45.28622324980307,-23.8609089597806],[-45.28609990958313,-23.86077553995915],[-45.28598628024258,-23.8606468397798],[-45.28573787040636,-23.86050643042739],[-45.2855759402774,-23.86042194002044],[-45.28547118005088,-23.86033406006879],[-45.28542299977158,-23.86021567960989],[-45.28540783989985,-23.86010246036022],[-45.28542539016956,-23.86000795959961],[-45.28551783957658,-23.85986073968132],[-45.28563447984732,-23.85978175042737],[-45.28575107964855,-23.85975695971587],[-45.28588554987817,-23.85975509002532],[-45.28600518039474,-23.85978455990949],[-45.28613981969687,-23.85985495973858],[-45.28625388970522,-23.85993851035391],[-45.28641588008873,-23.86007269010253],[-45.28664964986143,-23.8602353801586],[-45.28682023956236,-23.8603697298791],[-45.28688645034936,-23.86045232991103],[-45.28692555017398,-23.86053892023494],[-45.28693743021819,-23.86066110032948],[-45.286920180322,-23.86076916016856],[-45.28689600025018,-23.86083191036431],[-45.28683049992759,-23.8609028803636],[-45.28674086000262,-23.86098241011007],[-45.28663917995414,-23.86102555958189],[-45.28650460000722,-23.8610319402718],[-45.28635203991468,-23.86099279997768]]]}},{"type":"Feature","id":"uc-protecao-integral-076","properties":{"id":"uc-protecao-integral-076","nome":"Parque Estadual Ilhabela","nome_origem":"Parque Estadual Ilhabela","natureza":"camada fornecida para a demonstração","fonte_arquivo":"assets/layers/Areas_Protegidas_PI_DG_UCs_Protecao_Integral/Areas_Protegidas_PI_DG_UCs_Protecao_Integral.kml","tipo":"Unidade de Conservaabo","categoria":"Parque Estadual","orgao_gestor":"Fundae o Para Conserva"},"geometry":{"type":"Polygon","coordinates":[[[-45.2852633701084,-23.86108420976842],[-45.2851672002061,-23.86099648989602],[-45.28513412044327,-23.86091454007391],[-45.28514317032102,-23.86084246031123],[-45.28519996970277,-23.86077583044016],[-45.28527752004146,-23.8607412299238],[-45.28540934986154,-23.86072124968587],[-45.28547796993234,-23.86072713035276],[-45.28556158979546,-23.86077394006526],[-45.28562177962141,-23.8608248102168],[-45.28565180978313,-23.86087959961378],[-45.28566076972868,-23.86094300991192],[-45.28564896972415,-23.86100149012663],[-45.28561017027312,-23.86105943974133],[-45.28557127999056,-23.86109481007736],[-45.28552055013324,-23.86111187021658],[-45.28537123029798,-23.86111794963364],[-45.2852633701084,-23.86108420976842]]]}},{"type":"Feature","id":"uc-protecao-integral-077","properties":{"id":"uc-protecao-integral-077","nome":"Parque Estadual Ilhabela","nome_origem":"Parque Estadual Ilhabela","natureza":"camada fornecida para a demonstração","fonte_arquivo":"assets/layers/Areas_Protegidas_PI_DG_UCs_Protecao_Integral/Areas_Protegidas_PI_DG_UCs_Protecao_Integral.kml","tipo":"Unidade de Conservaabo","categoria":"Parque Estadual","orgao_gestor":"Fundae o Para Conserva"},"geometry":{"type":"Polygon","coordinates":[[[-45.44774672962785,-23.93011009960139],[-45.44772502988616,-23.93009163022452],[-45.44771018028058,-23.93006877035742],[-45.44770054044756,-23.93003246022982],[-45.4477023696686,-23.93000539962947],[-45.44771238002227,-23.92996946002251],[-45.44773834974501,-23.92993380999729],[-45.44778233019036,-23.92988947971565],[-45.447822619818,-23.92984507029371],[-45.44788542037583,-23.92981011994101],[-45.44793934012841,-23.92978854970175],[-45.44801013026324,-23.92978083981387],[-45.44805228958148,-23.92979066041062],[-45.4480705098461,-23.92980004033956],[-45.44809702006137,-23.92982310974867],[-45.44810490981371,-23.92985488009862],[-45.44810554023843,-23.92988199016168],[-45.44809931962783,-23.92991347992313],[-45.44806956016203,-23.92995356990127],[-45.44799458997829,-23.930010880098],[-45.44789231008201,-23.9300812196725],[-45.44784586009831,-23.93009841021342],[-45.44781180007448,-23.93011131998139],[-45.44777741989196,-23.9301106796641],[-45.44774672962785,-23.93011009960139]]]}},{"type":"Feature","id":"uc-protecao-integral-078","properties":{"id":"uc-protecao-integral-078","nome":"Parque Estadual Ilhabela","nome_origem":"Parque Estadual Ilhabela","natureza":"camada fornecida para a demonstração","fonte_arquivo":"assets/layers/Areas_Protegidas_PI_DG_UCs_Protecao_Integral/Areas_Protegidas_PI_DG_UCs_Protecao_Integral.kml","tipo":"Unidade de Conservaabo","categoria":"Parque Estadual","orgao_gestor":"Fundae o Para Conserva"},"geometry":{"type":"Polygon","coordinates":[[[-45.15325894034777,-23.83007219967226],[-45.1535355502254,-23.82745371022048],[-45.15631252000674,-23.82912777033027],[-45.15540704030263,-23.83057707007566],[-45.15325894034777,-23.83007219967226]]]}},{"type":"Feature","id":"uc-protecao-integral-079","properties":{"id":"uc-protecao-integral-079","nome":"Parque Estadual Ilhabela","nome_origem":"Parque Estadual Ilhabela","natureza":"camada fornecida para a demonstração","fonte_arquivo":"assets/layers/Areas_Protegidas_PI_DG_UCs_Protecao_Integral/Areas_Protegidas_PI_DG_UCs_Protecao_Integral.kml","tipo":"Unidade de Conservaabo","categoria":"Parque Estadual","orgao_gestor":"Fundae o Para Conserva"},"geometry":{"type":"Polygon","coordinates":[[[-45.40604815030184,-23.93833303993779],[-45.40598951000783,-23.93829127991859],[-45.40593761013258,-23.93819545985252],[-45.40591785022855,-23.93809121044097],[-45.4059433100357,-23.93802395014512],[-45.40599508040862,-23.93796169997245],[-45.40607262984793,-23.93792704999333],[-45.40613126024942,-23.93794170984199],[-45.40621221002544,-23.93800195992247],[-45.40626778992652,-23.93807075985762],[-45.40628723956439,-23.93816145019071],[-45.4062747695649,-23.93822443960613],[-45.40624214036245,-23.93828254030694],[-45.40619078008041,-23.93832672040179],[-45.406103300327,-23.93833861033858],[-45.40604815030184,-23.93833303993779]]]}},{"type":"Feature","id":"uc-protecao-integral-080","properties":{"id":"uc-protecao-integral-080","nome":"Parque Estadual Ilhabela","nome_origem":"Parque Estadual Ilhabela","natureza":"camada fornecida para a demonstração","fonte_arquivo":"assets/layers/Areas_Protegidas_PI_DG_UCs_Protecao_Integral/Areas_Protegidas_PI_DG_UCs_Protecao_Integral.kml","tipo":"Unidade de Conservaabo","categoria":"Parque Estadual","orgao_gestor":"Fundae o Para Conserva"},"geometry":{"type":"Polygon","coordinates":[[[-45.35011138023594,-23.91982777023537],[-45.3500306696796,-23.91978555965579],[-45.34999733001274,-23.91971265971142],[-45.34999693970695,-23.91964942028449],[-45.35004411994015,-23.91957355977195],[-45.35014388982859,-23.91950774019],[-45.35022134034256,-23.91947762998859],[-45.35030482980403,-23.91947923977506],[-45.35038554036038,-23.9194943501841],[-45.35043515955493,-23.91952692992385],[-45.35046891021199,-23.91958177957542],[-45.35048014004639,-23.91965424964388],[-45.35045803021387,-23.91973512027954],[-45.3504251797782,-23.91977513021806],[-45.35032776971076,-23.91981841009152],[-45.35020878041087,-23.91983868980367],[-45.35011138023594,-23.91982777023537]]]}},{"type":"Feature","id":"uc-protecao-integral-081","properties":{"id":"uc-protecao-integral-081","nome":"Parque Estadual Ilhabela","nome_origem":"Parque Estadual Ilhabela","natureza":"camada fornecida para a demonstração","fonte_arquivo":"assets/layers/Areas_Protegidas_PI_DG_UCs_Protecao_Integral/Areas_Protegidas_PI_DG_UCs_Protecao_Integral.kml","tipo":"Unidade de Conservaabo","categoria":"Parque Estadual","orgao_gestor":"Fundae o Para Conserva"},"geometry":{"type":"Polygon","coordinates":[[[-45.01260805971413,-23.763358420055],[-45.00831241018955,-23.75833376029476],[-45.00831177976477,-23.75230814970132],[-45.00952169976659,-23.75096548976552],[-45.01756086004559,-23.75218127964229],[-45.01485443038763,-23.74411022041028],[-45.01866576980939,-23.74202824041095],[-45.02434565043137,-23.74350484986888],[-45.02315220960674,-23.74648761960793],[-45.0249989197643,-23.74916952025711],[-45.02458010998407,-23.75057437011105],[-45.02289340990291,-23.75275611999888],[-45.019020570343,-23.75388831969013],[-45.01809812043189,-23.75737821982892],[-45.01998883981304,-23.76235118026273],[-45.01667034955693,-23.76304349006494],[-45.01571302033955,-23.76446387031132],[-45.01260805971413,-23.763358420055]]]}},{"type":"Feature","id":"uc-protecao-integral-082","properties":{"id":"uc-protecao-integral-082","nome":"Parque Estadual Ilhabela","nome_origem":"Parque Estadual Ilhabela","natureza":"camada fornecida para a demonstração","fonte_arquivo":"assets/layers/Areas_Protegidas_PI_DG_UCs_Protecao_Integral/Areas_Protegidas_PI_DG_UCs_Protecao_Integral.kml","tipo":"Unidade de Conservaabo","categoria":"Parque Estadual","orgao_gestor":"Fundae o Para Conserva"},"geometry":{"type":"Polygon","coordinates":[[[-45.14021119029417,-23.8156705598484],[-45.14015102025331,-23.8156467404047],[-45.1401021600866,-23.81558701013239],[-45.14008027958118,-23.81552784013769],[-45.14007998010698,-23.81546459981138],[-45.14009112000912,-23.81541062969677],[-45.14012333012755,-23.81534806026474],[-45.14017767975605,-23.81530853955741],[-45.14024325022575,-23.81528731016118],[-45.14028679989588,-23.81528821038256],[-45.1403685500685,-23.81530796039402],[-45.14045609996901,-23.81534138999314],[-45.14050623987106,-23.81537403988],[-45.14054031967999,-23.81541087970828],[-45.14054864020756,-23.81544717994336],[-45.14054959978415,-23.81548332999165],[-45.14053745983585,-23.81552825022851],[-45.14050547005138,-23.81558178956789],[-45.14044698983668,-23.81563930031342],[-45.14038561020772,-23.81566512974189],[-45.14033632016498,-23.81567314989593],[-45.14028703012229,-23.8156811601574],[-45.14021119029417,-23.8156705598484]]]}},{"type":"Feature","id":"uc-protecao-integral-083","properties":{"id":"uc-protecao-integral-083","nome":"Parque Estadual Ilhabela","nome_origem":"Parque Estadual Ilhabela","natureza":"camada fornecida para a demonstração","fonte_arquivo":"assets/layers/Areas_Protegidas_PI_DG_UCs_Protecao_Integral/Areas_Protegidas_PI_DG_UCs_Protecao_Integral.kml","tipo":"Unidade de Conservaabo","categoria":"Parque Estadual","orgao_gestor":"Fundae o Para Conserva"},"geometry":{"type":"Polygon","coordinates":[[[-45.12954541968531,-23.81228824021008],[-45.12950605006409,-23.81224224977996],[-45.1294862397981,-23.8121740901621],[-45.12949107005682,-23.81210193035974],[-45.1295106303113,-23.81203006013914],[-45.12955489044577,-23.81197677980452],[-45.12967325022026,-23.81192955010863],[-45.12972264998029,-23.81191701985455],[-45.12985017024914,-23.81189708008611],[-45.1298995196471,-23.81191165000263],[-45.12995863028652,-23.81195352963164],[-45.12996856959376,-23.81199890042888],[-45.12995899001533,-23.81203935013588],[-45.12992911993291,-23.81210648002997],[-45.12985587015226,-23.81219077978062],[-45.12976221025775,-23.81225660026183],[-45.12971297957029,-23.81228718980191],[-45.12966407983339,-23.81230424994112],[-45.12960938036855,-23.81230762959336],[-45.12954541968531,-23.81228824021008]]]}},{"type":"Feature","id":"uc-protecao-integral-084","properties":{"id":"uc-protecao-integral-084","nome":"Parque Estadual Ilhabela","nome_origem":"Parque Estadual Ilhabela","natureza":"camada fornecida para a demonstração","fonte_arquivo":"assets/layers/Areas_Protegidas_PI_DG_UCs_Protecao_Integral/Areas_Protegidas_PI_DG_UCs_Protecao_Integral.kml","tipo":"Unidade de Conservaabo","categoria":"Parque Estadual","orgao_gestor":"Fundae o Para Conserva"},"geometry":{"type":"Polygon","coordinates":[[[-45.1495954099002,-23.82339341957061],[-45.14953311026477,-23.82335600957214],[-45.14948098016305,-23.82322847041752],[-45.14952253963344,-23.82313446967999],[-45.14960516034984,-23.82306841987162],[-45.14967808997181,-23.82304733976287],[-45.14971958019441,-23.8230572296074],[-45.14978210016375,-23.82308562030511],[-45.14983403960917,-23.82314540004012],[-45.14985482024372,-23.82324971959883],[-45.14983455042415,-23.82332608013445],[-45.14976196973907,-23.82338330039897],[-45.14969958017144,-23.82340008984221],[-45.1495954099002,-23.82339341957061]]]}},{"type":"Feature","id":"uc-protecao-integral-085","properties":{"id":"uc-protecao-integral-085","nome":"Parque Estadual Ilhabela","nome_origem":"Parque Estadual Ilhabela","natureza":"camada fornecida para a demonstração","fonte_arquivo":"assets/layers/Areas_Protegidas_PI_DG_UCs_Protecao_Integral/Areas_Protegidas_PI_DG_UCs_Protecao_Integral.kml","tipo":"Unidade de Conservaabo","categoria":"Parque Estadual","orgao_gestor":"Fundae o Para Conserva"},"geometry":{"type":"Polygon","coordinates":[[[-45.14998084044339,-23.82382140963028],[-45.14989707039342,-23.82378354997081],[-45.14984556981716,-23.82370571005043],[-45.14984524965848,-23.82359279027503],[-45.14988674977366,-23.82347621025883],[-45.1499386901184,-23.82340953002574],[-45.14999025004994,-23.82333380980742],[-45.15008407991633,-23.82328605041084],[-45.15020877001865,-23.82330668985179],[-45.15027108044598,-23.82334409985026],[-45.15031276042549,-23.82342175001372],[-45.15031266959397,-23.82347593956291],[-45.15030220957925,-23.82355250964054],[-45.15025089965923,-23.82366889000724],[-45.15016751002253,-23.82376654019362],[-45.15012592986773,-23.82381084979085],[-45.15006342968348,-23.8238321502335],[-45.14998084044339,-23.82382140963028]]]}},{"type":"Feature","id":"uc-protecao-integral-086","properties":{"id":"uc-protecao-integral-086","nome":"Parque Estadual Ilhabela","nome_origem":"Parque Estadual Ilhabela","natureza":"camada fornecida para a demonstração","fonte_arquivo":"assets/layers/Areas_Protegidas_PI_DG_UCs_Protecao_Integral/Areas_Protegidas_PI_DG_UCs_Protecao_Integral.kml","tipo":"Unidade de Conservaabo","categoria":"Parque Estadual","orgao_gestor":"Fundae o Para Conserva"},"geometry":{"type":"Polygon","coordinates":[[[-45.11955246967068,-23.81591559003243],[-45.1164698697886,-23.81342151009454],[-45.11659616967745,-23.80798146966907],[-45.11452301022871,-23.80567092966965],[-45.12255686001106,-23.80456420957057],[-45.12427149033698,-23.80202976985794],[-45.13100482960914,-23.79944125031341],[-45.13594458977099,-23.79995901969295],[-45.14005973007244,-23.79846321960184],[-45.13975132016725,-23.7955616100802],[-45.13755517033479,-23.79275196972759],[-45.13798425037282,-23.79108510959009],[-45.14820110010066,-23.7930123396477],[-45.16104949024174,-23.80399029011977],[-45.15751783997626,-23.80508759971292],[-45.15649349957528,-23.81212164979428],[-45.15294138973331,-23.81228348009847],[-45.1483176396473,-23.81537706969596],[-45.14728618021303,-23.81930341981695],[-45.14453536991135,-23.81870921975462],[-45.14165622995102,-23.81532550976442],[-45.13554528988317,-23.81364097974739],[-45.1318882003801,-23.81116693040946],[-45.12457020015455,-23.81279936000243],[-45.12298612980601,-23.81493450971982],[-45.11955246967068,-23.81591559003243]]]}},{"type":"Feature","id":"uc-protecao-integral-087","properties":{"id":"uc-protecao-integral-087","nome":"Parque Estadual Ilhabela","nome_origem":"Parque Estadual Ilhabela","natureza":"camada fornecida para a demonstração","fonte_arquivo":"assets/layers/Areas_Protegidas_PI_DG_UCs_Protecao_Integral/Areas_Protegidas_PI_DG_UCs_Protecao_Integral.kml","tipo":"Unidade de Conservaabo","categoria":"Parque Estadual","orgao_gestor":"Fundae o Para Conserva"},"geometry":{"type":"Polygon","coordinates":[[[-45.26399859006284,-23.88982567991116],[-45.26274055992883,-23.88911868957581],[-45.26337831955374,-23.88792547987697],[-45.2655034697093,-23.88820708998514],[-45.26543375966025,-23.88984065991849],[-45.26399859006284,-23.88982567991116]]]}},{"type":"Feature","id":"uc-protecao-integral-088","properties":{"id":"uc-protecao-integral-088","nome":"Parque Estadual Ilhabela","nome_origem":"Parque Estadual Ilhabela","natureza":"camada fornecida para a demonstração","fonte_arquivo":"assets/layers/Areas_Protegidas_PI_DG_UCs_Protecao_Integral/Areas_Protegidas_PI_DG_UCs_Protecao_Integral.kml","tipo":"Unidade de Conservaabo","categoria":"Parque Estadual","orgao_gestor":"Fundae o Para Conserva"},"geometry":{"type":"Polygon","coordinates":[[[-45.25987079000492,-23.88927386040029],[-45.25931775011401,-23.88832794987496],[-45.26076084993326,-23.88826634001953],[-45.25987079000492,-23.88927386040029]]]}},{"type":"Feature","id":"uc-protecao-integral-089","properties":{"id":"uc-protecao-integral-089","nome":"Parque Estadual Ilhabela","nome_origem":"Parque Estadual Ilhabela","natureza":"camada fornecida para a demonstração","fonte_arquivo":"assets/layers/Areas_Protegidas_PI_DG_UCs_Protecao_Integral/Areas_Protegidas_PI_DG_UCs_Protecao_Integral.kml","tipo":"Unidade de Conservaabo","categoria":"Parque Estadual","orgao_gestor":"Fundae o Para Conserva"},"geometry":{"type":"Polygon","coordinates":[[[-45.33499686041671,-23.91898819015279],[-45.33495237005582,-23.91894668014515],[-45.33492845978054,-23.91886492007995],[-45.33494464038279,-23.91880200980484],[-45.33499590983331,-23.91876235959518],[-45.33506108010471,-23.91875911034464],[-45.33512675039918,-23.91878748035788],[-45.33516879010756,-23.91882894989607],[-45.33518299040264,-23.91887890004114],[-45.33517152044925,-23.91892384006314],[-45.33511573999937,-23.91897244032583],[-45.33505272000696,-23.91898928013114],[-45.33499686041671,-23.91898819015279]]]}},{"type":"Feature","id":"uc-protecao-integral-090","properties":{"id":"uc-protecao-integral-090","nome":"Parque Estadual Ilhabela","nome_origem":"Parque Estadual Ilhabela","natureza":"camada fornecida para a demonstração","fonte_arquivo":"assets/layers/Areas_Protegidas_PI_DG_UCs_Protecao_Integral/Areas_Protegidas_PI_DG_UCs_Protecao_Integral.kml","tipo":"Unidade de Conservaabo","categoria":"Parque Estadual","orgao_gestor":"Fundae o Para Conserva"},"geometry":{"type":"Polygon","coordinates":[[[-45.32271988961116,-23.91463017983887],[-45.32269166978472,-23.91460253018255],[-45.32267398012004,-23.91457057007568],[-45.32267155015188,-23.9145163202719],[-45.32268630982531,-23.9144624203044],[-45.32272171973153,-23.91441793983603],[-45.32278302022019,-23.91436946008247],[-45.32283869005346,-23.91435247998294],[-45.32291796978842,-23.91434951042152],[-45.32297669012212,-23.91435968984774],[-45.32302751980416,-23.91439230016448],[-45.3230503302085,-23.91441532011089],[-45.32306340005584,-23.91446074037083],[-45.32306307989717,-23.91450137983475],[-45.32303563978292,-23.91454600959065],[-45.32297424036886,-23.91459901023609],[-45.32290843967269,-23.91462933987208],[-45.32284714997593,-23.91465073024693],[-45.32277594975022,-23.91464933989505],[-45.32271988961116,-23.91463017983887]]]}},{"type":"Feature","id":"uc-protecao-integral-091","properties":{"id":"uc-protecao-integral-091","nome":"Parque Estadual Ilhabela","nome_origem":"Parque Estadual Ilhabela","natureza":"camada fornecida para a demonstração","fonte_arquivo":"assets/layers/Areas_Protegidas_PI_DG_UCs_Protecao_Integral/Areas_Protegidas_PI_DG_UCs_Protecao_Integral.kml","tipo":"Unidade de Conservaabo","categoria":"Parque Estadual","orgao_gestor":"Fundae o Para Conserva"},"geometry":{"type":"Polygon","coordinates":[[[-45.32235010007702,-23.91452812027649],[-45.32229426027186,-23.91449993012765],[-45.32225355965403,-23.91445397027445],[-45.32222769964858,-23.91440378990296],[-45.32221012959377,-23.91434020963294],[-45.32221711013148,-23.91427712039274],[-45.32222992007473,-23.91422769005578],[-45.32226267967889,-23.91419220010988],[-45.32230136041943,-23.9141658598665],[-45.32234677978005,-23.91416674030279],[-45.32239004976094,-23.91418114024736],[-45.32242594979772,-23.9141953900052],[-45.32245908981508,-23.91422312959372],[-45.32249742971254,-23.91426452988412],[-45.32252318989327,-23.91431923024822],[-45.32253308963033,-23.91436910035367],[-45.32253062009198,-23.91442325033267],[-45.32252057016814,-23.91445918004706],[-45.32248536980393,-23.91449463042284],[-45.32240902995272,-23.91452926961006],[-45.32235010007702,-23.91452812027649]]]}},{"type":"Feature","id":"uc-protecao-integral-092","properties":{"id":"uc-protecao-integral-092","nome":"Parque Estadual Ilhabela","nome_origem":"Parque Estadual Ilhabela","natureza":"camada fornecida para a demonstração","fonte_arquivo":"assets/layers/Areas_Protegidas_PI_DG_UCs_Protecao_Integral/Areas_Protegidas_PI_DG_UCs_Protecao_Integral.kml","tipo":"Unidade de Conservaabo","categoria":"Parque Estadual","orgao_gestor":"Fundae o Para Conserva"},"geometry":{"type":"Polygon","coordinates":[[[-45.33496499024204,-23.91943920015893],[-45.33492070042996,-23.91941576022913],[-45.33488316992231,-23.91936534963116],[-45.33489280975533,-23.91929327976101],[-45.33493640978742,-23.91923993017861],[-45.33499965011373,-23.91921406028064],[-45.33506226001526,-23.91921527976132],[-45.33512546976459,-23.91924361020438],[-45.33516300027219,-23.91929401990308],[-45.335179349947,-23.9193575597036],[-45.33516318013659,-23.91939337970069],[-45.33511222005285,-23.91941947982508],[-45.3350423301394,-23.91944071012063],[-45.33496499024204,-23.91943920015893]]]}},{"type":"Feature","id":"uc-protecao-integral-093","properties":{"id":"uc-protecao-integral-093","nome":"Parque Estadual Ilhabela","nome_origem":"Parque Estadual Ilhabela","natureza":"camada fornecida para a demonstração","fonte_arquivo":"assets/layers/Areas_Protegidas_PI_DG_UCs_Protecao_Integral/Areas_Protegidas_PI_DG_UCs_Protecao_Integral.kml","tipo":"Unidade de Conservaabo","categoria":"Parque Estadual","orgao_gestor":"Fundae o Para Conserva"},"geometry":{"type":"Polygon","coordinates":[[[-45.32342511008073,-23.91576399021591],[-45.32333531996898,-23.91568997960883],[-45.32326300997988,-23.91562985003748],[-45.32315498971099,-23.91560064994997],[-45.32296649001148,-23.91549309013396],[-45.32290380007026,-23.91544219030482],[-45.32288550965848,-23.91538312013483],[-45.32288492959577,-23.91530181962321],[-45.32288505999747,-23.91524311008141],[-45.32287608026684,-23.91517969978327],[-45.32285797961202,-23.91516579986171],[-45.32283987985653,-23.91515189994021],[-45.32272326027021,-23.91512251998824],[-45.32267836971096,-23.91507196999538],[-45.3226868799955,-23.91502244972622],[-45.32275861981441,-23.91497416962221],[-45.32292048968878,-23.91493217038334],[-45.32310013016684,-23.91494470963062],[-45.32328864965143,-23.91499807000486],[-45.32342335010748,-23.91509554032689],[-45.32358522987442,-23.91526579997662],[-45.323711470408,-23.91551665956615],[-45.32372992989229,-23.91564800015504],[-45.32370320024245,-23.91571521998139],[-45.3236044501852,-23.91576297038472],[-45.32350622982858,-23.91578814960337],[-45.32342511008073,-23.91576399021591]]]}},{"type":"Feature","id":"uc-protecao-integral-094","properties":{"id":"uc-protecao-integral-094","nome":"Parque Estadual Ilhabela","nome_origem":"Parque Estadual Ilhabela","natureza":"camada fornecida para a demonstração","fonte_arquivo":"assets/layers/Areas_Protegidas_PI_DG_UCs_Protecao_Integral/Areas_Protegidas_PI_DG_UCs_Protecao_Integral.kml","tipo":"Unidade de Conservaabo","categoria":"Parque Estadual","orgao_gestor":"Fundae o Para Conserva"},"geometry":{"type":"Polygon","coordinates":[[[-45.32499555030438,-23.91913670959144],[-45.32477965995332,-23.91893830026231],[-45.32456359963038,-23.91864052034367],[-45.32443696969034,-23.91832643032046],[-45.32431061044628,-23.91810718010225],[-45.32412153967726,-23.91789121960403],[-45.32404058000873,-23.91772706005571],[-45.32400367003328,-23.9174372903986],[-45.32395869044115,-23.91733705016469],[-45.32383250026965,-23.91721716963661],[-45.32370668961198,-23.91713342027106],[-45.32355419966655,-23.9170356001128],[-45.32351791022336,-23.9169581100287],[-45.32349926997529,-23.91675451970525],[-45.32345406015673,-23.91650523033206],[-45.32343550984086,-23.9163242201866],[-45.32348044986281,-23.91626638028919],[-45.32359659011053,-23.91620993973686],[-45.3239111999419,-23.91617543005202],[-45.32408174018013,-23.91618327034161],[-45.3241713396356,-23.91623920997154],[-45.32427073990266,-23.91632245032076],[-45.32438721020156,-23.91646473026304],[-45.32449540044234,-23.91659329014817],[-45.32454985978814,-23.91676145977351],[-45.32454992004273,-23.91686533956374],[-45.32451447955953,-23.91696399968879],[-45.32443411973878,-23.91706631016206],[-45.32429064010091,-23.91718996964136],[-45.32427300979151,-23.91726189022398],[-45.32430867960181,-23.91733935962372],[-45.32437158987693,-23.91738124015205],[-45.32448851972936,-23.91739707001869],[-45.32457822980143,-23.91742140027736],[-45.32466843000401,-23.91750444997035],[-45.32475831994049,-23.91760104974861],[-45.32490212962955,-23.91767610986454],[-45.32509106010428,-23.91776561039455],[-45.32519885014676,-23.91785804001648],[-45.32524432976197,-23.917962800243],[-45.32528054995737,-23.91820286976656],[-45.32534500976436,-23.91868286042563],[-45.32533612985844,-23.91888141004898],[-45.32527376996848,-23.91902922981507],[-45.32513049987261,-23.91911675993049],[-45.32504956988168,-23.91913775999956],[-45.32499555030438,-23.91913670959144]]]}},{"type":"Feature","id":"uc-protecao-integral-095","properties":{"id":"uc-protecao-integral-095","nome":"Parque Estadual Ilhabela","nome_origem":"Parque Estadual Ilhabela","natureza":"camada fornecida para a demonstração","fonte_arquivo":"assets/layers/Areas_Protegidas_PI_DG_UCs_Protecao_Integral/Areas_Protegidas_PI_DG_UCs_Protecao_Integral.kml","tipo":"Unidade de Conservaabo","categoria":"Parque Estadual","orgao_gestor":"Fundae o Para Conserva"},"geometry":{"type":"Polygon","coordinates":[[[-45.29517365983651,-23.9128121499607],[-45.29500525009217,-23.91268688968819],[-45.29495628020811,-23.91262720977784],[-45.29495335021687,-23.9125684399815],[-45.29497865983723,-23.9125102295634],[-45.29501787027846,-23.91246131993393],[-45.29507262010532,-23.91243077985655],[-45.29515006971991,-23.91242778961077],[-45.2952406997984,-23.91243861025362],[-45.29536742956316,-23.91248174983286],[-45.29550692970099,-23.91255675958672],[-45.29561377995196,-23.9126356400227],[-45.29565260997992,-23.91270867036877],[-45.29566567982721,-23.91275408972939],[-45.29567261989547,-23.91277229020898],[-45.29565950957868,-23.91280815966877],[-45.29561458034857,-23.91283889040244],[-45.29548177026743,-23.91287240993375],[-45.29533577972239,-23.91286502020449],[-45.29517365983651,-23.9128121499607]]]}},{"type":"Feature","id":"uc-protecao-integral-096","properties":{"id":"uc-protecao-integral-096","nome":"Parque Estadual Ilhabela","nome_origem":"Parque Estadual Ilhabela","natureza":"camada fornecida para a demonstração","fonte_arquivo":"assets/layers/Areas_Protegidas_PI_DG_UCs_Protecao_Integral/Areas_Protegidas_PI_DG_UCs_Protecao_Integral.kml","tipo":"Unidade de Conservaabo","categoria":"Parque Estadual","orgao_gestor":"Fundae o Para Conserva"},"geometry":{"type":"Polygon","coordinates":[[[-45.29603180012742,-23.91886741030271],[-45.29599478043474,-23.91884861986784],[-45.29595789024438,-23.91877110999866],[-45.29592052970861,-23.91863488968835],[-45.29582849039247,-23.91842080967257],[-45.29571088964582,-23.91817009037732],[-45.29568016970404,-23.91803850966943],[-45.29571043998476,-23.91789910036317],[-45.29579605994019,-23.91775626014322],[-45.29587589006024,-23.917703639911],[-45.29594914973342,-23.91769604963292],[-45.29607794973754,-23.91770310031779],[-45.29615167975618,-23.91775423037336],[-45.2962563500505,-23.91790080997436],[-45.29638570043966,-23.91801627033459],[-45.29652051960625,-23.91805505000053],[-45.29664951026666,-23.91808016986391],[-45.29672957960639,-23.91814948960723],[-45.2967849499654,-23.91827703955369],[-45.29679206000554,-23.91852557979161],[-45.2967549503806,-23.91864227042441],[-45.29670045955851,-23.91874056002877],[-45.29662677000937,-23.91879330976337],[-45.29650376973314,-23.91882701995098],[-45.29635100009853,-23.91887369026853],[-45.29609297021437,-23.91887764998353],[-45.29603180012742,-23.91886741030271]]]}},{"type":"Feature","id":"uc-protecao-integral-097","properties":{"id":"uc-protecao-integral-097","nome":"Parque Estadual Ilhabela","nome_origem":"Parque Estadual Ilhabela","natureza":"camada fornecida para a demonstração","fonte_arquivo":"assets/layers/Areas_Protegidas_PI_DG_UCs_Protecao_Integral/Areas_Protegidas_PI_DG_UCs_Protecao_Integral.kml","tipo":"Unidade de Conservaabo","categoria":"Parque Estadual","orgao_gestor":"Fundae o Para Conserva"},"geometry":{"type":"Polygon","coordinates":[[[-45.29733621009797,-23.92039702040614],[-45.29709655965848,-23.92029746005971],[-45.29692446988832,-23.92014504026133],[-45.29675172990835,-23.91988871998836],[-45.2966530401057,-23.91948482006836],[-45.29659764996154,-23.91938438018497],[-45.29650500000571,-23.91932835961603],[-45.2963885899614,-23.91928992978637],[-45.29627801022195,-23.91926518044369],[-45.29625339038159,-23.91921500996472],[-45.29627142988255,-23.9191521401591],[-45.29634504029133,-23.91907681024657],[-45.29646774019403,-23.91902954008117],[-45.29660257015246,-23.91904123036846],[-45.29675006975987,-23.91908929013857],[-45.29694663997543,-23.91919251971899],[-45.29725363974364,-23.91940631015302],[-45.29743210031114,-23.91952273008985],[-45.29761052040914,-23.91969335036777],[-45.29771477971326,-23.91985799015407],[-45.29777045044591,-23.9199990901858],[-45.29780120006529,-23.92007646965328],[-45.297795910253,-23.92019830980411],[-45.29772196979303,-23.92031428007994],[-45.29757521032764,-23.92039269017044],[-45.29748321957487,-23.92041346001315],[-45.29733621009797,-23.92039702040614]]]}},{"type":"Feature","id":"uc-protecao-integral-098","properties":{"id":"uc-protecao-integral-098","nome":"Parque Estadual Ilhabela","nome_origem":"Parque Estadual Ilhabela","natureza":"camada fornecida para a demonstração","fonte_arquivo":"assets/layers/Areas_Protegidas_PI_DG_UCs_Protecao_Integral/Areas_Protegidas_PI_DG_UCs_Protecao_Integral.kml","tipo":"Unidade de Conservaabo","categoria":"Parque Estadual","orgao_gestor":"Fundae o Para Conserva"},"geometry":{"type":"Polygon","coordinates":[[[-45.29991666002581,-23.92211880034233],[-45.2998651099868,-23.92209069023312],[-45.29982175007365,-23.92205371011056],[-45.29980192991508,-23.9220081495564],[-45.29979039970715,-23.9219492196807],[-45.29979882005944,-23.92190422030347],[-45.29981857996347,-23.9218729904461],[-45.29984990964556,-23.92184650990845],[-45.29989022985018,-23.92182924022723],[-45.29997608003202,-23.92180833998287],[-45.30004738997502,-23.92180523012723],[-45.3001418196892,-23.92181160002525],[-45.30022723010256,-23.92183586013681],[-45.30027335992759,-23.92185935042863],[-45.30031067010128,-23.92191879021993],[-45.30032497022114,-23.92196424015754],[-45.30032533984252,-23.92202746969195],[-45.30031417026271,-23.92205887042047],[-45.30027393999029,-23.92209872027968],[-45.30021131030367,-23.92212459017765],[-45.30011993019059,-23.92214537980539],[-45.29998487989826,-23.9221427196108],[-45.29991666002581,-23.92211880034233]]]}},{"type":"Feature","id":"uc-protecao-integral-099","properties":{"id":"uc-protecao-integral-099","nome":"Parque Estadual Ilhabela","nome_origem":"Parque Estadual Ilhabela","natureza":"camada fornecida para a demonstração","fonte_arquivo":"assets/layers/Areas_Protegidas_PI_DG_UCs_Protecao_Integral/Areas_Protegidas_PI_DG_UCs_Protecao_Integral.kml","tipo":"Unidade de Conservaabo","categoria":"Parque Estadual","orgao_gestor":"Fundae o Para Conserva"},"geometry":{"type":"Polygon","coordinates":[[[-45.24508375021486,-23.96396857009341],[-45.23859487005717,-23.95895666991436],[-45.23543155961875,-23.94879483980998],[-45.22717973036021,-23.94114565974434],[-45.23530340982444,-23.94296170032214],[-45.23640959033031,-23.942058030054],[-45.23511039013238,-23.9360839703989],[-45.23723606998857,-23.93388645989216],[-45.23279032990973,-23.92949775032088],[-45.23382248002338,-23.92780222968912],[-45.23680809971398,-23.92676009979874],[-45.23838169026277,-23.92411342019813],[-45.23618509976251,-23.91846005968398],[-45.23833654969195,-23.91549977029814],[-45.23830379998032,-23.90815091972911],[-45.23567409957997,-23.90580386995259],[-45.22668105988299,-23.90696467977608],[-45.22446695958246,-23.90476130029373],[-45.22434976982595,-23.90284848007326],[-45.22741575023662,-23.90160941034594],[-45.22992656026253,-23.89783896039967],[-45.23536870959822,-23.90006640034403],[-45.23674642960401,-23.89694154041973],[-45.241650560425,-23.89357566038836],[-45.24199688035168,-23.89209668031748],[-45.24617268981774,-23.894903620006],[-45.24501095998778,-23.89996591009862],[-45.24874126959389,-23.9024612598792],[-45.25029957976176,-23.90038772001719],[-45.25262057977591,-23.90023531011144],[-45.25542306961893,-23.89596445039905],[-45.26003408980137,-23.89464716033814],[-45.26217016042455,-23.89211980998118],[-45.27329137020052,-23.89197479969721],[-45.27551776962935,-23.88893419995333],[-45.27469413003001,-23.88582862958754],[-45.27789506000897,-23.88411253966194],[-45.27732940982435,-23.88307158968206],[-45.27576003979397,-23.88341537981586],[-45.27274521012333,-23.87989150958543],[-45.26929362020439,-23.87973270999652],[-45.27002231028138,-23.876415500375],[-45.27300046020304,-23.87502782037757],[-45.27536859008831,-23.87643420987087],[-45.27925201017212,-23.87495292034095],[-45.28227912008526,-23.87656193968172],[-45.28811902966942,-23.87534493032422],[-45.29022672038678,-23.87813252019959],[-45.29333069985188,-23.87710975001488],[-45.29634857013036,-23.87862346999708],[-45.29906256038879,-23.87499144010286],[-45.29716365987497,-23.87224872999485],[-45.29779970988864,-23.86971395033851],[-45.29256655040592,-23.86453437965787],[-45.29303661974416,-23.86256542015798],[-45.29590944016849,-23.86051280032541],[-45.29317550024911,-23.85763161980339],[-45.29617712967075,-23.85563122000474],[-45.29647753021379,-23.85306272026827],[-45.30002426031132,-23.85105490016349],[-45.29401601023062,-23.85056177040934],[-45.29496016977595,-23.84857955040587],[-45.29390361026338,-23.84737541034684],[-45.29672895997351,-23.84616190025145],[-45.2945371700543,-23.84336365970506],[-45.29100559982851,-23.84288304041996],[-45.28991132994389,-23.84666890024948],[-45.28612322001055,-23.84694642024107],[-45.28764246992398,-23.8450749598415],[-45.28808912001682,-23.84100532973213],[-45.28398999034573,-23.84175541018396],[-45.27872315035307,-23.84065307967586],[-45.27599518013341,-23.83817816968673],[-45.27157899987088,-23.8366136901696],[-45.27082914964552,-23.83302168010641],[-45.26916122021407,-23.8336660596409],[-45.26765273968215,-23.83251147042796],[-45.26362928975988,-23.83398971035678],[-45.26349720992823,-23.83694544017987],[-45.25995792981456,-23.83589038972968],[-45.25851826000962,-23.83410927971943],[-45.25764114042624,-23.83565002972506],[-45.25523922031374,-23.83503756982793],[-45.25158158042558,-23.83762485999927],[-45.24692661037471,-23.83724280011506],[-45.24519033966243,-23.83498139997158],[-45.24824127981117,-23.83357903044788],[-45.24601374993455,-23.82946052038665],[-45.25437965999328,-23.82838554995311],[-45.25452980001023,-23.82678063961475],[-45.24997575008075,-23.82120204963485],[-45.24181363988754,-23.82133237039255],[-45.23877863032948,-23.81585159967153],[-45.24258071033148,-23.81515994007913],[-45.24628219037072,-23.81880216019147],[-45.24757510970352,-23.81820922997196],[-45.24577748004663,-23.81081566960739],[-45.24187252030055,-23.80312694005619],[-45.24319966962901,-23.80149589991578],[-45.24281752970518,-23.79819559035417],[-45.23888949965067,-23.79481969996914],[-45.23490324029228,-23.78660967029998],[-45.23526614012025,-23.78540647003251],[-45.23798652006178,-23.78522619013654],[-45.23770539019154,-23.78214918044029],[-45.2331705299959,-23.77898226012314],[-45.23789069999577,-23.77901376966969],[-45.23596254003917,-23.77541137963141],[-45.23662681977186,-23.77321603019561],[-45.24120881973118,-23.77114437980924],[-45.24268442014983,-23.76937176029844],[-45.24145248024774,-23.76701644035637],[-45.24463529967932,-23.7638913502056],[-45.24732529962284,-23.76601837005171],[-45.25799529974324,-23.7647002598091],[-45.26290960999046,-23.76858769986239],[-45.26476194001145,-23.7666417099469],[-45.26866989000337,-23.76626322037129],[-45.26810708977035,-23.7654119203238],[-45.27082241012607,-23.76398888977542],[-45.27042410039189,-23.76305504995054],[-45.26177199997778,-23.76056138010358],[-45.26109609021233,-23.75638345992871],[-45.26234273043264,-23.75491324015388],[-45.26083337036368,-23.75393917005658],[-45.2619528797216,-23.75197861022463],[-45.25787718998026,-23.7512650404492],[-45.2612108104305,-23.7479032397427],[-45.2689910397047,-23.74584932038977],[-45.26936479974569,-23.74348542990862],[-45.27079315967654,-23.74385708014012],[-45.27168145963162,-23.74146727029824],[-45.27651592986621,-23.73868147007374],[-45.27646179967229,-23.73677431018621],[-45.27865336026434,-23.73671385955691],[-45.27904445024114,-23.73798180021987],[-45.2861615796931,-23.73768451043179],[-45.28867412990712,-23.74237741028924],[-45.29385225987386,-23.74286351993544],[-45.29529502964186,-23.74103556963581],[-45.29817011995505,-23.74059537037999],[-45.29492888955656,-23.73526042023218],[-45.29995038010594,-23.73759514030343],[-45.30176656997116,-23.73679526978583],[-45.30184196013829,-23.73505327039209],[-45.30482267042987,-23.73550031978391],[-45.30432187035797,-23.73234228027195],[-45.30949552979484,-23.73372213976489],[-45.31211147956111,-23.73114016998284],[-45.31563946958579,-23.73030142986704],[-45.31596715016383,-23.7287540698444],[-45.32034937022723,-23.72836556991507],[-45.32472056010573,-23.72419618970235],[-45.32905114019792,-23.72321926965355],[-45.33342072028995,-23.72449234994195],[-45.33627969025548,-23.72740369012814],[-45.33450210019174,-23.72815222014879],[-45.3342275596541,-23.73053346035084],[-45.33585921043419,-23.7317215196324],[-45.33680995031892,-23.73497402033473],[-45.33729848004077,-23.73958158981844],[-45.33558599010132,-23.74060067997738],[-45.33677165988416,-23.74086313992194],[-45.33918568037478,-23.74610434024305],[-45.33811028006534,-23.75046918000862],[-45.33949939987735,-23.75133178003756],[-45.33784462033293,-23.75458778989452],[-45.34106742991793,-23.75474528007055],[-45.34000030966649,-23.75604793996041],[-45.33817379018825,-23.75547947040121],[-45.3357746795578,-23.75783568966528],[-45.33915170039063,-23.75950931989917],[-45.33938554031039,-23.76140184961559],[-45.34499227007717,-23.76750437023048],[-45.34450318007765,-23.77120760035041],[-45.3475457898063,-23.77550323998247],[-45.34529038993952,-23.77629058024604],[-45.34370921990455,-23.77889763032135],[-45.35117335996256,-23.78180650996239],[-45.35322668036696,-23.78433491972072],[-45.34932972009045,-23.78805796999927],[-45.35096177016953,-23.79012205978518],[-45.34695290994881,-23.7908709396421],[-45.34670837978786,-23.79222570984859],[-45.35034809978492,-23.79366928001321],[-45.34906557031979,-23.79681511032902],[-45.35404477024991,-23.79794127017345],[-45.35528770975998,-23.80235543955183],[-45.35121319992919,-23.80169398009303],[-45.34896873042254,-23.80386366017973],[-45.3420823400279,-23.8065078297725],[-45.34183500038489,-23.80779477041227],[-45.34389692010672,-23.80843097960599],[-45.34647300022874,-23.81287557035125],[-45.34698127996205,-23.8217921002252],[-45.33861904003663,-23.82356291030004],[-45.33662187959601,-23.82624305996922],[-45.33881554999761,-23.82778067044154],[-45.34413262971702,-23.82832200026007],[-45.34738774025197,-23.83175444001535],[-45.35056865042282,-23.83121985960878],[-45.35722590974791,-23.83406302039202],[-45.35800122967299,-23.83760538967692],[-45.36049961016886,-23.83656514026899],[-45.36366967001919,-23.84049691959711],[-45.36461209027573,-23.8373580401414],[-45.36942072028995,-23.84049475043236],[-45.37082826990871,-23.83959594010054],[-45.37189911964862,-23.84241223993286],[-45.37434685032684,-23.84173664043357],[-45.37644567013155,-23.84388613973351],[-45.37664547970508,-23.84105813972133],[-45.37817512038544,-23.84197271966525],[-45.38041433965003,-23.83963547969358],[-45.38264787969587,-23.84012089955985],[-45.38288847981943,-23.84150303973342],[-45.38476161026006,-23.84137179986863],[-45.38478804043569,-23.8436757100659],[-45.38601753957772,-23.84434961973909],[-45.38740385980026,-23.8412371902441],[-45.39129565976685,-23.84333497043252],[-45.39318086000861,-23.83932420994427],[-45.393725439977,-23.84288004028161],[-45.39633652980694,-23.84284857030525],[-45.39907658961289,-23.84458544985858],[-45.39106116963723,-23.84450476987917],[-45.3902052695575,-23.84712604003465],[-45.39951570968219,-23.85133237968552],[-45.40047736014202,-23.85294951990437],[-45.40345091003144,-23.85266739988054],[-45.40382760006366,-23.85627867971726],[-45.40677117015332,-23.85610432005831],[-45.4075524004229,-23.85966456966412],[-45.41317698982618,-23.86306381993927],[-45.41448735960392,-23.86663405022119],[-45.42064203999809,-23.8691894702178],[-45.41963147001627,-23.87171759039444],[-45.4203494599596,-23.87329385013101],[-45.42820922977211,-23.87354626015173],[-45.42912376025328,-23.87561846002387],[-45.42820886015073,-23.87700128008498],[-45.43306835042398,-23.8797440198706],[-45.43398421010318,-23.88258851974433],[-45.43854534039508,-23.88308084010862],[-45.43969117021129,-23.8854463700539],[-45.44408540971386,-23.88668510972997],[-45.44588301958566,-23.8885705401982],[-45.44655310983808,-23.89229553031441],[-45.44790020972687,-23.89288588037903],[-45.45362523002029,-23.88923124962241],[-45.45384418975749,-23.89143854025639],[-45.45500571004544,-23.89152802010199],[-45.45310015005185,-23.89420666970199],[-45.45461276027061,-23.89682733011716],[-45.45380599015431,-23.90131951028712],[-45.45669548041207,-23.90218648012194],[-45.45714619004457,-23.90404659017793],[-45.45393906013948,-23.90598732985137],[-45.45556382031401,-23.90759842033077],[-45.45382519967319,-23.90910595027935],[-45.456722229847,-23.91036144972111],[-45.45510828042273,-23.91164550983234],[-45.45460875019364,-23.91457174009366],[-45.45236167984763,-23.91568585981452],[-45.45288573009231,-23.91753377956024],[-45.45112337004747,-23.91811048960739],[-45.44545521028971,-23.92582639037556],[-45.44080834043251,-23.92677789018745],[-45.44081593970384,-23.93044070027804],[-45.43189363977962,-23.9353039101473],[-45.41932850011017,-23.93797062034781],[-45.41266308033687,-23.93685532970966],[-45.40884178991661,-23.93222594986764],[-45.40767203993266,-23.93363538986131],[-45.3989599403489,-23.93085480030874],[-45.39632172966407,-23.93125165044324],[-45.39357830009845,-23.92890959010543],[-45.3884720997076,-23.93037923971008],[-45.38436080041055,-23.92967738000704],[-45.38081268985371,-23.92756810018761],[-45.37844913032308,-23.92306071967641],[-45.37778439013744,-23.92726617979031],[-45.37270528991718,-23.92894360965983],[-45.36381270988863,-23.92832997974472],[-45.35808077021136,-23.92615101955386],[-45.35319591006316,-23.92075003038957],[-45.35410111007815,-23.91887067034514],[-45.35047450039781,-23.91703016011377],[-45.34694557957482,-23.91197582992055],[-45.34216035981274,-23.90912361026636],[-45.33939930983024,-23.90528080986144],[-45.33860290979641,-23.91022430041107],[-45.33655310034527,-23.91172004024759],[-45.33705437975578,-23.91521188022404],[-45.33958676991347,-23.91848119015475],[-45.33649956010657,-23.91650632031036],[-45.33466107964506,-23.91689963970657],[-45.33516933959328,-23.91538750972575],[-45.33381063035625,-23.91361326963664],[-45.32971598020828,-23.91366004967153],[-45.3260241103244,-23.90612258968571],[-45.32189508988643,-23.90245604021402],[-45.32042030964953,-23.89896768960716],[-45.31924436963192,-23.89891761985223],[-45.31876954018207,-23.90043939955859],[-45.31951112024194,-23.9035024400855],[-45.31832215983974,-23.9065367904405],[-45.32076651985898,-23.90739749020196],[-45.32221131040359,-23.91043358973832],[-45.31957703964861,-23.91358877030547],[-45.31366939042999,-23.91191963038659],[-45.31270458964508,-23.90760116955829],[-45.30488060025948,-23.9059393303358],[-45.3046843798802,-23.90412893030583],[-45.30151864037293,-23.90316349010294],[-45.30152559033371,-23.90511018958352],[-45.29907640994833,-23.90657504040576],[-45.29823490981317,-23.90925025009892],[-45.30014655012315,-23.91038530963431],[-45.29950694958603,-23.91155003960262],[-45.301154090289,-23.91505400963479],[-45.29154804030975,-23.91012575989583],[-45.28969724992811,-23.91570311960322],[-45.28826689979752,-23.91662786998018],[-45.28839476001014,-23.91862210042956],[-45.28495266962994,-23.9199858602592],[-45.28021438998206,-23.92752936998437],[-45.28212118024823,-23.93536225006773],[-45.28689491027183,-23.94000894995304],[-45.28570563960352,-23.9428804303875],[-45.2811770701656,-23.94599754984699],[-45.27909861011273,-23.95239216036987],[-45.27683246964273,-23.95302476957738],[-45.27338523963704,-23.95655598007437],[-45.27243254012956,-23.95932815017397],[-45.26868217024594,-23.96079384006362],[-45.26825751037575,-23.96383388042921],[-45.25559118978157,-23.96462080970258],[-45.25209557984709,-23.96636667977839],[-45.24508375021486,-23.96396857009341]]]}},{"type":"Feature","id":"uc-protecao-integral-100","properties":{"id":"uc-protecao-integral-100","nome":"Parque Estadual Intervales","nome_origem":"Parque Estadual Intervales","natureza":"camada fornecida para a demonstração","fonte_arquivo":"assets/layers/Areas_Protegidas_PI_DG_UCs_Protecao_Integral/Areas_Protegidas_PI_DG_UCs_Protecao_Integral.kml","tipo":"Unidade de Conservaero","categoria":"Parque Estadual","orgao_gestor":"Fundae o Para Conserva"},"geometry":{"type":"Polygon","coordinates":[[[-48.45614697969933,-24.5178662802046],[-48.44920058024252,-24.51196505034676],[-48.44045447999019,-24.50925608999648],[-48.43824955996917,-24.49818603006122],[-48.43368071978932,-24.49576843026881],[-48.43000789035182,-24.4900377901119],[-48.42798829002754,-24.49289616022958],[-48.42067161000676,-24.49348405964162],[-48.41320309025036,-24.49209986002046],[-48.40634756009177,-24.49373023016597],[-48.4015906303033,-24.4895659203309],[-48.39219113031635,-24.48926684988515],[-48.39031868965577,-24.48716753994995],[-48.39418441018233,-24.48455244993556],[-48.39284383037841,-24.4818124296998],[-48.38548690030018,-24.48109159969755],[-48.37693555003557,-24.47361461012611],[-48.3717232701128,-24.47295321002258],[-48.36331735011555,-24.46933642993224],[-48.35968290014569,-24.46479813972235],[-48.35147674025933,-24.45942631017601],[-48.35014902975388,-24.45255388985009],[-48.35203409959399,-24.44701403996595],[-48.34824267026301,-24.44473528020899],[-48.34726786991621,-24.44077496988888],[-48.34995621960383,-24.43494823986936],[-48.35762441043818,-24.43435184995786],[-48.35763053032468,-24.42747996023195],[-48.36209665983296,-24.42206828981966],[-48.35847919985514,-24.3159816999954],[-48.21088617985328,-24.31977872041159],[-48.21151686001502,-24.33778717044152],[-48.12409237985941,-24.34050584976512],[-48.12390313012531,-24.34312411978226],[-48.11711587020119,-24.34555061027243],[-48.11724830976164,-24.341778920161],[-48.11536146016323,-24.34026334038083],[-48.11670471005431,-24.33706345991072],[-48.16682153008952,-24.32001812983276],[-48.1408783202782,-24.25533443033964],[-48.11151084015313,-24.26531010977368],[-48.10995110995572,-24.26140146010925],[-48.11484014026024,-24.25547664013482],[-48.11874203961338,-24.25470929989422],[-48.11436874981791,-24.24406309043923],[-48.11029773025598,-24.24337625031364],[-48.10705220019884,-24.24006841972175],[-48.09398080966662,-24.23522402996497],[-48.08736224007527,-24.23520745006374],[-48.08524051993402,-24.23698523977697],[-48.08300657968988,-24.23617601001479],[-48.07473996018098,-24.22203791022133],[-48.07277584982558,-24.22479112980676],[-48.06722591044735,-24.22675837969541],[-48.05449984968828,-24.2280198002735],[-48.05469523999329,-24.21995743029112],[-48.06004131025821,-24.21935345010161],[-48.06531086980078,-24.21570177991316],[-48.06648085990372,-24.21229640975145],[-48.06959927978289,-24.21147852041736],[-48.07343047983272,-24.20838708019954],[-48.07946225977543,-24.20149545035468],[-48.08506019956849,-24.20013284975118],[-48.09050829971824,-24.19381917011856],[-48.09444593992816,-24.19380897000792],[-48.09260470034661,-24.19582930957495],[-48.09378803998601,-24.2004805600298],[-48.09812182975861,-24.20188013985654],[-48.1145188601572,-24.19955237963859],[-48.11762180000602,-24.19466179980219],[-48.12460747015859,-24.19706314974451],[-48.12998445012221,-24.19630868959433],[-48.13322566972886,-24.19449548008231],[-48.13766193994655,-24.19515502038786],[-48.14084996015748,-24.19423805004595],[-48.14347250015572,-24.2009249204487],[-48.13855530038677,-24.20894801973526],[-48.13944821026666,-24.21054280011009],[-48.14383156977107,-24.21115112042781],[-48.1465145603986,-24.21330544998648],[-48.1437880695637,-24.22044300034412],[-48.14696867036781,-24.22591598023826],[-48.14369708964892,-24.22816541040532],[-48.14578134043649,-24.23198764961029],[-48.14889116009891,-24.23285615998373],[-48.14885252972044,-24.22882835014821],[-48.15335323996004,-24.22968979994425],[-48.15448644958991,-24.23185407960204],[-48.15729667000528,-24.2325189304043],[-48.16092728976258,-24.23614285021233],[-48.16581933999049,-24.23790617972639],[-48.17107340961013,-24.24478655995176],[-48.18109227988475,-24.24760911996486],[-48.19138656034147,-24.25430085030393],[-48.19706462972886,-24.25482955993618],[-48.19987503990114,-24.26138139983169],[-48.2057506103024,-24.26346781978401],[-48.21032660009246,-24.26213884033518],[-48.21779444985395,-24.26248768016228],[-48.22108298009539,-24.26424353001488],[-48.22638606006859,-24.26255054007532],[-48.22946411028045,-24.2639490901783],[-48.23463576962502,-24.26298348000353],[-48.23934854000305,-24.2636344003073],[-48.2420723202813,-24.26241207955377],[-48.24312015007484,-24.25937196994039],[-48.24822691973651,-24.25987852027743],[-48.25256575020916,-24.25767345996218],[-48.25698617976832,-24.2642799201821],[-48.25731437026195,-24.26660706976043],[-48.26341312001944,-24.27318339999385],[-48.26610529991962,-24.27377449020054],[-48.26732994991721,-24.27571083039044],[-48.27193580978974,-24.2763965301757],[-48.2837072797671,-24.28382755000138],[-48.28217169996395,-24.28836726024082],[-48.27759912040307,-24.28989877960493],[-48.27485493001097,-24.29331578969192],[-48.27512030016169,-24.29628996011354],[-48.28176007037092,-24.29803688959072],[-48.28673822978544,-24.29479474997771],[-48.29181729043557,-24.29414684959738],[-48.29585281015903,-24.2973389500325],[-48.29491898022673,-24.30104540961793],[-48.29819486959752,-24.30206844959923],[-48.30009640962157,-24.30469490974224],[-48.3054536899358,-24.30451878021751],[-48.31756929988325,-24.31340063043473],[-48.32225377039515,-24.31434255966133],[-48.32910076958478,-24.31217205039974],[-48.33002896976109,-24.30751554970283],[-48.32991624963518,-24.3034738804152],[-48.32803012039369,-24.29890353027366],[-48.32411062040876,-24.29523193020935],[-48.32523042024764,-24.29202591996017],[-48.3307243399563,-24.29040418960165],[-48.33492927036951,-24.29261851023603],[-48.33976637022175,-24.29252244015845],[-48.34067407035201,-24.2880313103966],[-48.34251661035324,-24.28642053018325],[-48.34584226011219,-24.28584559989446],[-48.35015216029393,-24.2873679200934],[-48.35955531962225,-24.28237643992071],[-48.36546362984262,-24.2865339301967],[-48.36992085965989,-24.29328892964037],[-48.37347883038365,-24.29461672018545],[-48.38256159993784,-24.30390736982923],[-48.38673283005602,-24.30634693016663],[-48.38877600970505,-24.30617104975408],[-48.39410701992301,-24.29690769003781],[-48.39380238986837,-24.29204112030141],[-48.3990363704321,-24.28985119018023],[-48.39969405004035,-24.28527307978874],[-48.40544481972262,-24.28418873032558],[-48.40162108044848,-24.26577552961697],[-48.40854905999106,-24.2669341702757],[-48.41026298974515,-24.26378328037407],[-48.41459822023165,-24.26563579025947],[-48.42295570004546,-24.26173976977452],[-48.42425374011799,-24.26322206024986],[-48.42826298974512,-24.26311552026499],[-48.43706987967118,-24.25911941962545],[-48.44248698018993,-24.26048927955657],[-48.44594482039707,-24.25604380028113],[-48.448739909719,-24.25563389019186],[-48.45022941005919,-24.25048794965909],[-48.45474612013732,-24.2464050095835],[-48.45888441978013,-24.25217631978131],[-48.46420955023052,-24.26892295982668],[-48.46474899956661,-24.27340545969417],[-48.46192925982746,-24.27810508018524],[-48.45912797957254,-24.2808811002825],[-48.45306364956775,-24.28343320987472],[-48.44667095999677,-24.27527123008315],[-48.4448114803655,-24.26846627959509],[-48.44037924000986,-24.26758178017496],[-48.42247297994402,-24.2767575504206],[-48.42326711998157,-24.28665253009012],[-48.43155486006867,-24.2915395603024],[-48.43597785989027,-24.29105785013962],[-48.43892361982915,-24.29265251000527],[-48.44413028978101,-24.29249636971167],[-48.44602379975851,-24.28920159997381],[-48.45387446033806,-24.29064210974553],[-48.4545305103747,-24.29419717026315],[-48.45897944034886,-24.29897709032042],[-48.45710733963199,-24.3002545898774],[-48.45637297033625,-24.30383537999876],[-48.46241982021849,-24.30414418020973],[-48.4675050601104,-24.30767746993922],[-48.47249017038502,-24.30589102964723],[-48.47665586967258,-24.30653005012169],[-48.47981398023097,-24.3084337296329],[-48.48143294967088,-24.31164976012826],[-48.48460121987034,-24.31410820982597],[-48.47805443956071,-24.32157833037559],[-48.47797657985524,-24.32446060986922],[-48.47916807005038,-24.32548241957795],[-48.48419387015093,-24.32371920967375],[-48.49145584980761,-24.32471950040457],[-48.49435873007127,-24.32722005006519],[-48.49944577040594,-24.32705466024436],[-48.50262614997678,-24.33062842036526],[-48.50278539023356,-24.33336399974877],[-48.50077531013244,-24.33523738020091],[-48.50124831036118,-24.33813996998356],[-48.49861520962418,-24.33820767994041],[-48.49536301019475,-24.34257277961007],[-48.49681298982756,-24.34728554009553],[-48.49929197014825,-24.34969158989492],[-48.50191977028112,-24.35028743032063],[-48.5054876299501,-24.35506777036125],[-48.50318167019788,-24.35910340969457],[-48.49681695044188,-24.36235804988405],[-48.49297727967769,-24.36934565987428],[-48.49057943978926,-24.36996847996136],[-48.49229640025862,-24.37304261992091],[-48.49194902992377,-24.37735800956443],[-48.48978306043983,-24.37711412961335],[-48.49311065992896,-24.38141614993532],[-48.49299375975414,-24.38444953981434],[-48.494941370248,-24.3857225598482],[-48.49311467000598,-24.38746488029994],[-48.49733201016409,-24.38959560984949],[-48.50117421971441,-24.38654416967762],[-48.50280064993001,-24.38673373957039],[-48.50291898002689,-24.38862508038312],[-48.50504087014002,-24.39057957968379],[-48.50447176026347,-24.39582931996711],[-48.50592582012047,-24.3962129797452],[-48.50710035000111,-24.39411396029101],[-48.50836368973245,-24.3942222296721],[-48.50743253977987,-24.39631673003299],[-48.51129840959391,-24.4001714203747],[-48.51063956986025,-24.4018506497876],[-48.5172378597394,-24.40183202033143],[-48.51816220991799,-24.4027617700396],[-48.51740448972538,-24.40394904960891],[-48.51932954971892,-24.40531201983379],[-48.51783530005901,-24.40718095044048],[-48.52087538988729,-24.40655315980047],[-48.5210533000697,-24.40827054025317],[-48.49594644986871,-24.41329898975653],[-48.49021846001386,-24.41594963986392],[-48.47590028986644,-24.41828945009797],[-48.47117475990723,-24.41561135987632],[-48.46793094036059,-24.41195636039765],[-48.46451512007667,-24.41197785959048],[-48.45841891989721,-24.41729043010923],[-48.45682226983183,-24.41593222988843],[-48.45135826966839,-24.41584026971265],[-48.44325813985125,-24.41994235005939],[-48.4395063598306,-24.41653386014946],[-48.43713886037006,-24.41639162966993],[-48.4349509896964,-24.41219240005915],[-48.42503852990421,-24.40775159006381],[-48.42061489965783,-24.4010577499152],[-48.41703823023011,-24.40055550013619],[-48.40357034029893,-24.40292340968756],[-48.40039389975863,-24.40945465960482],[-48.39354897980155,-24.41557945013147],[-48.39298120002235,-24.41715482043855],[-48.39716812960546,-24.42402510037806],[-48.40370762990318,-24.42677121981592],[-48.40573292023805,-24.43381515974181],[-48.40421925961112,-24.43709967990628],[-48.41016620020991,-24.4401925698312],[-48.41352097001669,-24.44383450036185],[-48.4146977500011,-24.45154879044429],[-48.42512254996569,-24.45526563989733],[-48.42736767957473,-24.45831761966235],[-48.42717607001958,-24.46199513996368],[-48.4331901504051,-24.46147603958752],[-48.43396260958673,-24.47965110971091],[-48.43297252975839,-24.48416736023546],[-48.43538160038054,-24.48783664994141],[-48.43640683021101,-24.48906740004043],[-48.44678249031961,-24.49191036027486],[-48.44949122044341,-24.49435309971574],[-48.44927116982859,-24.50064967963897],[-48.4576759602773,-24.50404612043206],[-48.46190279997421,-24.50954019032747],[-48.46545206975719,-24.50974408012513],[-48.46480634034032,-24.51380616042593],[-48.46599339957567,-24.51618957968532],[-48.45614697969933,-24.5178662802046]]]}},{"type":"Feature","id":"uc-protecao-integral-101","properties":{"id":"uc-protecao-integral-101","nome":"Parque Estadual Itaberaba","nome_origem":"Parque Estadual Itaberaba","natureza":"camada fornecida para a demonstração","fonte_arquivo":"assets/layers/Areas_Protegidas_PI_DG_UCs_Protecao_Integral/Areas_Protegidas_PI_DG_UCs_Protecao_Integral.kml","tipo":"Unidade de Conservabeo","categoria":"Parque Estadual","orgao_gestor":"Fundae o Para Conserva"},"geometry":{"type":"Polygon","coordinates":[[[-46.38590714040214,-23.37566450001663],[-46.38412474975735,-23.37394635963676],[-46.38019928996522,-23.37326027044509],[-46.3775629903397,-23.37027223967209],[-46.37551419982043,-23.37019290957505],[-46.37463121036205,-23.36817598023725],[-46.3646577999175,-23.36264266033044],[-46.36384606014752,-23.36192779013538],[-46.3651907597457,-23.36047384988819],[-46.36331914016614,-23.36010458016221],[-46.3636815903331,-23.35909358030443],[-46.36117105999637,-23.35715651975755],[-46.3582696699093,-23.3584750499835],[-46.35726625043708,-23.35487530035476],[-46.35246475024798,-23.35496955020454],[-46.34088961036719,-23.35814887037401],[-46.33428620964082,-23.35349635007645],[-46.33703452971974,-23.35170362981864],[-46.33710414983659,-23.34908759012012],[-46.33919263013576,-23.34832192981315],[-46.33963379976001,-23.34403539042091],[-46.3364516098539,-23.33885183034766],[-46.33637513960099,-23.33234873010974],[-46.337601480324,-23.33049359959989],[-46.33156872012029,-23.32759309984164],[-46.33282275006979,-23.32467971999301],[-46.33175304966346,-23.32283196032665],[-46.33882934989452,-23.31989335989061],[-46.33865554961386,-23.31690993004918],[-46.33325761994314,-23.31395453027733],[-46.33150345002417,-23.31495421036846],[-46.32410564036297,-23.31425644977531],[-46.32194561989439,-23.31609346973778],[-46.32069049007401,-23.31560382035997],[-46.32036388958181,-23.31333533985401],[-46.32163491042274,-23.31154935012239],[-46.32050119987042,-23.30903413971373],[-46.31698820963811,-23.3107983100939],[-46.31739585973111,-23.30563816027285],[-46.31236536966605,-23.30366116982708],[-46.31245549972147,-23.30263378971756],[-46.31025868978668,-23.3018548095518],[-46.3106908302176,-23.30042893984364],[-46.30837595998253,-23.30137207955778],[-46.3076731101259,-23.30013511964],[-46.3026122904248,-23.29947818017382],[-46.30169702969414,-23.29769006984083],[-46.30468148026608,-23.29728870960622],[-46.30375867961931,-23.29590308006306],[-46.30048069033154,-23.29622995035186],[-46.29984792014534,-23.29525357978883],[-46.29877683028644,-23.29629591022803],[-46.29752230031386,-23.29529490003955],[-46.29560633966082,-23.28945425031338],[-46.2991563801628,-23.28848430990291],[-46.3002176404317,-23.29245936011131],[-46.31126645028638,-23.28754687009194],[-46.30446774019401,-23.27950897965565],[-46.29792305980135,-23.28215009964731],[-46.29100631009311,-23.28221091989798],[-46.29046543982815,-23.2843132398641],[-46.28544054984144,-23.28590517028732],[-46.28368368015765,-23.28523733013861],[-46.28438859036112,-23.28735765003546],[-46.27958727992899,-23.28906377007689],[-46.27950796961704,-23.28473847979694],[-46.28146831990699,-23.28185439986061],[-46.28115198967254,-23.27986814010256],[-46.28522062962833,-23.27341976001389],[-46.29039283036479,-23.27176698955486],[-46.29315410967439,-23.27232298012137],[-46.28819736041982,-23.26749966957402],[-46.28900242991818,-23.26450221030871],[-46.29104783988583,-23.26331676985302],[-46.29133134036903,-23.26030452033729],[-46.29406078008088,-23.25821019984079],[-46.2888360697288,-23.258404010037],[-46.28999687955229,-23.25281133037856],[-46.29362475008213,-23.25235376971068],[-46.29299801974275,-23.25058367999281],[-46.29099770987636,-23.25072336988757],[-46.2896832400894,-23.24921412043528],[-46.28826239039694,-23.25007346042179],[-46.28822406039205,-23.25212904981578],[-46.28613985996651,-23.25001951009227],[-46.28729092023974,-23.24780123963546],[-46.2848860098814,-23.24486342970346],[-46.2855120198638,-23.2441739698528],[-46.28185613005633,-23.24627209987744],[-46.28002967982582,-23.24579295008454],[-46.28074937038707,-23.24305861985937],[-46.27784792993799,-23.24269029981741],[-46.28001635996702,-23.24126912007381],[-46.28044132021074,-23.23919146041754],[-46.27797899983091,-23.23913503965031],[-46.27763610991849,-23.24114510985891],[-46.27350444997035,-23.23958239031504],[-46.2714010499185,-23.24288801037335],[-46.26920790022439,-23.24351356979537],[-46.26845016024663,-23.23755771961305],[-46.26946603982583,-23.23210812029345],[-46.26670220014637,-23.23082022996959],[-46.26480161969897,-23.23156768979698],[-46.26530711962783,-23.2296200199479],[-46.25983350031572,-23.22957636955374],[-46.26093984000158,-23.22610566994069],[-46.26473053008988,-23.22505913966751],[-46.26399173972698,-23.22329398992565],[-46.26611358037741,-23.22176773968937],[-46.2644455403294,-23.21980680034352],[-46.26548068968202,-23.21796956993967],[-46.26472995002712,-23.21576290973047],[-46.26324992044744,-23.21539000044811],[-46.26374308977171,-23.21432367969402],[-46.26138696043984,-23.21533438007754],[-46.25997100036136,-23.21398387985215],[-46.25908463035137,-23.20977176025849],[-46.25306100006503,-23.20985378022772],[-46.25719910005836,-23.20566258965675],[-46.25584329023559,-23.20424367980195],[-46.25414385035839,-23.20474313988393],[-46.25463655023657,-23.20277933979463],[-46.25212878981176,-23.20156376035919],[-46.25309722026049,-23.1982260803693],[-46.24936062978918,-23.19777076980512],[-46.24953972977465,-23.19305172036059],[-46.24511566965236,-23.19126049027938],[-46.24791769994187,-23.18742964006577],[-46.25150178967579,-23.1886280199671],[-46.25760040003837,-23.18579542981519],[-46.26209744014471,-23.18637285032673],[-46.26847613986195,-23.19060636029525],[-46.26947625972156,-23.1953398402614],[-46.2725912801634,-23.19452131960315],[-46.27454869956279,-23.19598729997386],[-46.27524945040176,-23.20030314017771],[-46.27166374998205,-23.20099756968204],[-46.27284029973998,-23.20239316011617],[-46.27644618993969,-23.20479419979245],[-46.28080899004283,-23.20292457041256],[-46.28299248011882,-23.2048269998661],[-46.2839751702179,-23.21071716986148],[-46.28862742971205,-23.21062762976123],[-46.29014672998755,-23.21264452042823],[-46.29638658966934,-23.21029110974689],[-46.29859407995281,-23.21344211026513],[-46.30437030044897,-23.21527915001269],[-46.31095814020597,-23.22447661010744],[-46.31144340988544,-23.22711491971774],[-46.31354578021353,-23.22804107033909],[-46.31425850012965,-23.23304261032814],[-46.31136965018914,-23.23774363016435],[-46.30639440997402,-23.23842014967011],[-46.31147258029529,-23.24171234015233],[-46.31496292020256,-23.24202727014233],[-46.31436422982529,-23.24486638037911],[-46.3164979801976,-23.24983653043148],[-46.31875344031897,-23.24941879983771],[-46.32179362997198,-23.25111436993217],[-46.32105028004634,-23.24970628971346],[-46.32242063010796,-23.24851882038723],[-46.3198556997807,-23.24730668985183],[-46.32090088017145,-23.24496147019568],[-46.31598010020144,-23.2436959199307],[-46.31690326957022,-23.24175812014107],[-46.3199031498105,-23.24090568964584],[-46.32071468993098,-23.23942383983831],[-46.32291206014344,-23.24018627967303],[-46.32324807024219,-23.23767677006686],[-46.32845904974533,-23.23885203019699],[-46.3288889697501,-23.24180091977661],[-46.33745146980942,-23.25118326969209],[-46.33905599973457,-23.25679938028713],[-46.33554089969272,-23.26106373969981],[-46.3358854398611,-23.25912615035151],[-46.33318273969167,-23.25912742019426],[-46.33199708969391,-23.26208086034336],[-46.32997468978004,-23.26317004995781],[-46.32792781032015,-23.26090602019661],[-46.32917953980387,-23.25750683017606],[-46.32795269995711,-23.25806365981003],[-46.32540799987925,-23.26747036966179],[-46.32643727036367,-23.26955722038934],[-46.33356609010292,-23.27359828982918],[-46.33497979018512,-23.27614498010672],[-46.34322913012022,-23.2759047397119],[-46.34262617965442,-23.27318815041275],[-46.34629875008721,-23.27323170008287],[-46.35007614999427,-23.26850402973713],[-46.35639746037447,-23.26739828000655],[-46.3566739200653,-23.26622359993917],[-46.35921635025431,-23.26542226982184],[-46.35515744995632,-23.26196704034658],[-46.36065950043553,-23.26050584976508],[-46.36348981979933,-23.26076483023269],[-46.36608917977179,-23.26388262957965],[-46.36421496025218,-23.26721442980204],[-46.36771122039647,-23.26709143042513],[-46.3702062104482,-23.26884705005125],[-46.37191830018935,-23.26826405014577],[-46.37192973956581,-23.27121679961556],[-46.37353502042481,-23.2713512797377],[-46.37549135973842,-23.27375904994017],[-46.37957986032228,-23.27141293006264],[-46.38132086956244,-23.27264305962944],[-46.38375061020247,-23.26880771010769],[-46.38463222999337,-23.2704047999415],[-46.39029285972765,-23.26839150026746],[-46.39651754964518,-23.2698727304421],[-46.39616462959395,-23.27277218968476],[-46.40116505981962,-23.27464885985694],[-46.40426796009825,-23.27350774968284],[-46.4011557302527,-23.27293502992762],[-46.40401998013795,-23.27125400996454],[-46.40181639021421,-23.27058280994868],[-46.4033365799192,-23.26928860998134],[-46.40215880978121,-23.26762289018421],[-46.40672009025991,-23.26735812977381],[-46.40366301043952,-23.26396082023564],[-46.40401153010799,-23.26009324980362],[-46.40641865010059,-23.26238912995433],[-46.40811490008252,-23.26148884023775],[-46.4130842299532,-23.26517862009717],[-46.4143961303771,-23.27361464040331],[-46.41300071980731,-23.27496561007479],[-46.41458909970714,-23.27642610008439],[-46.41349062009601,-23.27959191963134],[-46.41716137030096,-23.28074356985979],[-46.41752829999103,-23.2821739703524],[-46.42075853977474,-23.28139921969819],[-46.4214394596633,-23.2768519902271],[-46.42463446041199,-23.27612663033966],[-46.42101687992505,-23.27441820983245],[-46.42065256996011,-23.2723271502777],[-46.42098535958661,-23.26997150028444],[-46.42310789001709,-23.27027649996046],[-46.42201031962054,-23.26682429040864],[-46.42519747018707,-23.26757344995468],[-46.42590819001094,-23.26409090986755],[-46.42722169032868,-23.26608659002409],[-46.43082949968164,-23.26689546994993],[-46.42927073985271,-23.2681744300059],[-46.4319746199327,-23.26803451977725],[-46.43117859041956,-23.27074297021187],[-46.43703330014665,-23.26876785035597],[-46.438415540145,-23.27205064022485],[-46.43929531992302,-23.26613529011149],[-46.44112430983898,-23.26532645964835],[-46.44303208036615,-23.26602149979232],[-46.44295747980379,-23.26925985955484],[-46.44475177027795,-23.2673152096292],[-46.44608432992783,-23.26887885997138],[-46.45060665986944,-23.26916730043052],[-46.45514465959832,-23.27263066966964],[-46.45540079011431,-23.27470001959017],[-46.45238340007381,-23.2758153201209],[-46.45024864965541,-23.27439551993723],[-46.44967331017506,-23.27154429043662],[-46.4480729099368,-23.2733364000548],[-46.44096776035383,-23.27548707027205],[-46.43422844958326,-23.27968042011526],[-46.43212383994324,-23.28409011986309],[-46.42933675998347,-23.28485855997451],[-46.42650356998371,-23.28394440001398],[-46.42586317984183,-23.28669325968616],[-46.42117041038608,-23.28712097005666],[-46.4160043798982,-23.29091388956431],[-46.41366916969639,-23.29014924009533],[-46.41398187026704,-23.29540940981639],[-46.4129001800992,-23.29646807014529],[-46.41838193018191,-23.294592550206],[-46.42369550973996,-23.29557118975856],[-46.4235625998341,-23.29837960973117],[-46.42111304982734,-23.30253868011596],[-46.4186896098376,-23.30333646960236],[-46.41958952004029,-23.30427293005164],[-46.41860158959162,-23.3066344903894],[-46.41957457960314,-23.30732457976552],[-46.42265848979741,-23.3052499202476],[-46.42565455961022,-23.29764798966295],[-46.42733812015808,-23.30003674999597],[-46.4308440201354,-23.29986141007595],[-46.43519986038518,-23.30225007957745],[-46.43701680028505,-23.30596464025592],[-46.43110695042537,-23.30534893020894],[-46.42963473955155,-23.30630935039613],[-46.42903213982135,-23.30699487031694],[-46.43175975031221,-23.30726354008027],[-46.43129055961157,-23.31020115036273],[-46.42986251983939,-23.31061967955452],[-46.43010062974025,-23.31215830985809],[-46.42829757986937,-23.31285101985861],[-46.42781837971444,-23.31505106015828],[-46.42365114978071,-23.31677571972364],[-46.42374307038637,-23.32418875041049],[-46.42524260985851,-23.32596688006743],[-46.42791527986623,-23.32523090997847],[-46.43261599033565,-23.32848155987602],[-46.43447381971095,-23.33353731999131],[-46.43363171972806,-23.33563837011462],[-46.43520538042395,-23.33746864965843],[-46.43758567993513,-23.33600054958566],[-46.43870040040309,-23.33736388043866],[-46.44031905957689,-23.33606176014206],[-46.44124943970985,-23.33765028033611],[-46.44608541001361,-23.33526755984997],[-46.44829066008583,-23.33588746973089],[-46.44508855019637,-23.33908525028403],[-46.44668740989601,-23.34046389029623],[-46.44543186998476,-23.34183740956877],[-46.44834974014833,-23.34277313976855],[-46.44657180024836,-23.34558922016635],[-46.44942523039003,-23.34715227965393],[-46.45048211995385,-23.35044604035244],[-46.45370438005307,-23.34838738966624],[-46.4560504099984,-23.35114932997755],[-46.45782925011974,-23.35013214997872],[-46.45976977035855,-23.35093500984277],[-46.4590898801938,-23.35273817033027],[-46.45449952013672,-23.35547929043685],[-46.46241267010862,-23.35750189989272],[-46.46121575969948,-23.36266545005043],[-46.46349468043513,-23.3691419600334],[-46.4669321896688,-23.3680721400172],[-46.467712279598,-23.37533020042838],[-46.47033382044941,-23.3787359797816],[-46.46904317999872,-23.38169462970336],[-46.47066864973834,-23.38350249004782],[-46.475401930055,-23.37895983992462],[-46.47557349012442,-23.37717648970317],[-46.47469733011764,-23.37757285959975],[-46.47411267995619,-23.37592543021441],[-46.47551031994527,-23.37551949962517],[-46.47508558003545,-23.37448262986942],[-46.47059631996416,-23.37238918980921],[-46.4710316098209,-23.3697813303441],[-46.4743193000956,-23.36971402957874],[-46.47738600985645,-23.37234289001231],[-46.4764741503617,-23.37304146988788],[-46.4772537501604,-23.37382613017172],[-46.48247952980643,-23.37553279969887],[-46.47982748035389,-23.38025475035641],[-46.4798624199147,-23.38272225982439],[-46.47641500015209,-23.38668857042114],[-46.46823857005393,-23.38518863974389],[-46.46057692988137,-23.38809721991072],[-46.45794265013313,-23.3874724204158],[-46.4569034304489,-23.38618224041801],[-46.45802191997558,-23.38336180999949],[-46.45814641042847,-23.37489444022617],[-46.45520717956765,-23.37370520013485],[-46.45217021038684,-23.36933443023975],[-46.44253249977498,-23.36819050968421],[-46.44184536017519,-23.36689189044836],[-46.44475690001087,-23.36401694042939],[-46.44002534998987,-23.36378939036803],[-46.44096746987282,-23.35918299000292],[-46.4429207496928,-23.35889858030521],[-46.43973477993609,-23.35727229038383],[-46.44073161996823,-23.35209949969209],[-46.43788999972367,-23.35243046009759],[-46.43725316010523,-23.35090221966169],[-46.43379931018995,-23.35016624957274],[-46.42775310961827,-23.35305096982637],[-46.42677214981484,-23.34803047032989],[-46.42227022998708,-23.35411508004688],[-46.41897948021881,-23.35135078980704],[-46.42027577021059,-23.35405722036438],[-46.4184470797689,-23.35745843026228],[-46.41175409037891,-23.35777514001063],[-46.4102691496015,-23.3549085401969],[-46.40440880022589,-23.35077087997206],[-46.40495974019979,-23.34378281042831],[-46.40654613979245,-23.34372493006146],[-46.40595894994556,-23.34022226044891],[-46.40714171042157,-23.33935776015244],[-46.40296437030941,-23.33922764983612],[-46.40177816003404,-23.33447287032664],[-46.40358170992795,-23.33212873974952],[-46.40841795992088,-23.33194553975483],[-46.41121498008721,-23.32996873007278],[-46.40254276993284,-23.33077243979619],[-46.39920503958086,-23.32560868009648],[-46.40071266036097,-23.32503068042149],[-46.39697519035269,-23.32170378959819],[-46.3931839004166,-23.32268918036135],[-46.39430949009085,-23.32622759982382],[-46.39298884016279,-23.32743290990084],[-46.39639572028619,-23.3292036804055],[-46.39453959962276,-23.33042452986814],[-46.39962387993808,-23.33057810979187],[-46.40089418042203,-23.33179258036324],[-46.40293482038561,-23.33974401987058],[-46.39811745975294,-23.3365958000561],[-46.39733244963281,-23.33440437975827],[-46.38973662004895,-23.32813540992117],[-46.38570501957093,-23.33117590984034],[-46.39041761008457,-23.3369284502877],[-46.38936319005916,-23.33825548000635],[-46.39037470972505,-23.33881919035332],[-46.38735193994006,-23.34149035039928],[-46.38753423971337,-23.34491961015186],[-46.38879100989715,-23.34583034009808],[-46.38760201981734,-23.34616717037858],[-46.38668264019162,-23.34909979032301],[-46.38548222962118,-23.34868856992153],[-46.38460510014522,-23.35125847979498],[-46.3790459400181,-23.35102531976264],[-46.37759537042996,-23.34969663978808],[-46.37450262979252,-23.35020816967125],[-46.37321635015439,-23.3489677095921],[-46.37133459971199,-23.35233892979772],[-46.37397860023219,-23.35315304018059],[-46.37345738015392,-23.35558835032208],[-46.37503001022674,-23.35647173997876],[-46.37353138986168,-23.35893778984706],[-46.3762802198562,-23.35989168994951],[-46.37560435955351,-23.3628390102121],[-46.38192258975567,-23.36698389019432],[-46.38267118992343,-23.37077669009216],[-46.38716455989646,-23.36806009000111],[-46.39017424004908,-23.36932342973245],[-46.39189659015545,-23.36767243993114],[-46.39217802039929,-23.36374197990841],[-46.39646002001388,-23.36675634013295],[-46.39680952983588,-23.36939847995586],[-46.39491609989807,-23.36991208997091],[-46.39586757003229,-23.37146510043397],[-46.39331257001908,-23.37137885005382],[-46.39526711968176,-23.37298137988671],[-46.3903381100157,-23.3741450099842],[-46.39257366004631,-23.37496345959596],[-46.39364474990526,-23.37734253962645],[-46.38590714040214,-23.37566450001663]]]}},{"type":"Feature","id":"uc-protecao-integral-102","properties":{"id":"uc-protecao-integral-102","nome":"Parque Estadual Itapetinga","nome_origem":"Parque Estadual Itapetinga","natureza":"camada fornecida para a demonstração","fonte_arquivo":"assets/layers/Areas_Protegidas_PI_DG_UCs_Protecao_Integral/Areas_Protegidas_PI_DG_UCs_Protecao_Integral.kml","tipo":"Unidade de Conservapeo","categoria":"Parque Estadual","orgao_gestor":"Fundae o Para Conserva"},"geometry":{"type":"Polygon","coordinates":[[[-46.50954132986845,-23.35538827005257],[-46.50515802971927,-23.35105244961079],[-46.50602997010697,-23.34705828970829],[-46.50280679989385,-23.34112608000453],[-46.50036828996457,-23.33997586959066],[-46.50061692013469,-23.33498274006138],[-46.50175405980195,-23.33477823962403],[-46.50049267969337,-23.33061722040833],[-46.50387160978693,-23.32927635012339],[-46.50494609008996,-23.32447341011971],[-46.50835201962997,-23.32335280988423],[-46.50982870013434,-23.31951434960752],[-46.51558633973775,-23.3187067701013],[-46.51970387043724,-23.31264729014026],[-46.5122972204403,-23.30872437992616],[-46.50872784991031,-23.31405815016348],[-46.50676336004096,-23.31169122986631],[-46.50382331979034,-23.31338959955036],[-46.50248314018472,-23.31267743001933],[-46.50212685037383,-23.31436241958994],[-46.49992262013279,-23.31535606972682],[-46.50006902976185,-23.31022820017125],[-46.50194830976665,-23.3049848495711],[-46.49893945968824,-23.30216694984483],[-46.49518329007674,-23.30086117020682],[-46.49399605997013,-23.30225576958804],[-46.49169206973318,-23.29986033988274],[-46.4890460097655,-23.30170750959383],[-46.49040301029066,-23.30245616012365],[-46.48948176996765,-23.30366606034039],[-46.4842960497229,-23.30537060027297],[-46.48307803042673,-23.30442485971946],[-46.48533129979961,-23.30063447000475],[-46.48232176983379,-23.30156102981761],[-46.48247197999785,-23.29840528987216],[-46.48043050996,-23.29676538961098],[-46.48040653043699,-23.30031633033434],[-46.47679619039184,-23.30315045023303],[-46.47573017990385,-23.30070928010912],[-46.46852856004494,-23.29620807973902],[-46.46839548016726,-23.29405811009366],[-46.46586624033466,-23.29567218002705],[-46.46472787039488,-23.29984160970247],[-46.4596950196094,-23.29747184035313],[-46.46122649041018,-23.29616069985639],[-46.46017143006742,-23.29391275986592],[-46.46155695978581,-23.29052040019627],[-46.46093999968122,-23.28829810976993],[-46.46236388008896,-23.28632253036045],[-46.45848421017814,-23.28215413040874],[-46.46177940979186,-23.27915060971281],[-46.46626815005504,-23.28059227960995],[-46.46743640986239,-23.27717357969692],[-46.46635680971895,-23.27524927963049],[-46.46703307022,-23.27420972989506],[-46.46298591956452,-23.27067478990961],[-46.46088145021872,-23.27081362005248],[-46.46158273975158,-23.26986983012853],[-46.46052538973493,-23.26883828975525],[-46.45660502999812,-23.27242476988715],[-46.45852672023193,-23.26598350973114],[-46.45796777988909,-23.26327523016772],[-46.45964886999928,-23.26104690978701],[-46.46211933014291,-23.26143937033061],[-46.461994339667,-23.26264061007606],[-46.46463190014202,-23.26121562979745],[-46.46660945985866,-23.2618591199024],[-46.46741011008845,-23.26597436002862],[-46.46857397041236,-23.2627330603824],[-46.47221361036981,-23.26224559995444],[-46.47581272957376,-23.26509720986832],[-46.47456560012233,-23.26715266975987],[-46.47140671974427,-23.26816763023191],[-46.47166646013898,-23.26983502996262],[-46.47421521975656,-23.26862352985199],[-46.4754084699249,-23.26948290041548],[-46.47464676033968,-23.2724559197049],[-46.47058717026164,-23.27461920021585],[-46.47259101985964,-23.2774614104157],[-46.4738582599507,-23.27676457972154],[-46.47650198977499,-23.27831316012418],[-46.47630284030379,-23.28006022989564],[-46.47740750005602,-23.28031266959397],[-46.47739531963828,-23.27804193988356],[-46.48101068959159,-23.27447706956104],[-46.4822400799157,-23.27449853008306],[-46.48175475987421,-23.27678283955635],[-46.48445745015118,-23.27472985010246],[-46.4846536003833,-23.27663401974417],[-46.48722917958293,-23.27811944975275],[-46.49060847030461,-23.28348839966986],[-46.49137718021268,-23.28191524978888],[-46.49233707969245,-23.28310085032393],[-46.49267163019152,-23.28198069974945],[-46.49243937038062,-23.27603344978382],[-46.49516645027143,-23.27318474018358],[-46.49599626011928,-23.27031735975828],[-46.49766148978586,-23.27025721040189],[-46.49793294025295,-23.26764339023021],[-46.49551552032494,-23.26778893021492],[-46.49611134006625,-23.26647272023979],[-46.49368015961164,-23.26448931043331],[-46.49203857042363,-23.2654188901696],[-46.49186040033715,-23.26829152983021],[-46.48634784038046,-23.26772520965068],[-46.48724986039269,-23.26339169956725],[-46.48363878020552,-23.26433259007695],[-46.48355503983316,-23.26100906002006],[-46.48498746020306,-23.25954873008976],[-46.48237105987647,-23.25673858971408],[-46.48002266021757,-23.25703437043978],[-46.4803241300545,-23.25385504037774],[-46.47664677972506,-23.25456184005685],[-46.47646545032023,-23.25229675988749],[-46.47768007017908,-23.25173482030567],[-46.47669537998775,-23.25014313000139],[-46.48288173990034,-23.24974075982817],[-46.48330018005925,-23.24876189994171],[-46.4839553001969,-23.25094447001123],[-46.48571442987702,-23.2503299398748],[-46.48647796958261,-23.25202401979266],[-46.48849848991335,-23.25140273035169],[-46.49149166031185,-23.25329122031354],[-46.49216719955655,-23.25202741023674],[-46.48999204979322,-23.24747355006423],[-46.48593344986875,-23.24618823000276],[-46.48519337977064,-23.24427408957752],[-46.4752787696994,-23.24524932969274],[-46.47631134968901,-23.24602815967177],[-46.47467180016338,-23.24837091968215],[-46.47119546989495,-23.25018129992702],[-46.46852121977844,-23.2471018602626],[-46.47154428993701,-23.24226423970288],[-46.46605836969798,-23.24158363008041],[-46.46538666965904,-23.24003594989915],[-46.46697695971886,-23.23827184966609],[-46.46614650955371,-23.23695200013464],[-46.46424034971233,-23.23609745982986],[-46.46420081011922,-23.23713722989919],[-46.46238065963968,-23.23736460998873],[-46.46135762955095,-23.23639424959492],[-46.46034753980706,-23.23885649982753],[-46.45805968970285,-23.24002470027966],[-46.45640288038857,-23.23955712026486],[-46.45588143997645,-23.23653177032492],[-46.45148197001686,-23.23446912035359],[-46.44602423003414,-23.23776387030631],[-46.44436996040531,-23.23688099955842],[-46.44401610955578,-23.23542389010038],[-46.44648383036446,-23.23380264987236],[-46.45262316023064,-23.21856053963717],[-46.44825722958745,-23.21583139040632],[-46.44851019988579,-23.2117060401016],[-46.4473439896334,-23.20942851961047],[-46.45195329031208,-23.208326559623],[-46.44589568004153,-23.20467502972878],[-46.44923410017356,-23.20261321972424],[-46.44471584955676,-23.20313746961847],[-46.4416629803622,-23.19911465012098],[-46.44262051012839,-23.19621047033689],[-46.44798116020235,-23.19811740989053],[-46.44757889974636,-23.19295703973557],[-46.45264586001838,-23.19553031037549],[-46.45213585988199,-23.18964936022974],[-46.45371328963654,-23.19187724983516],[-46.45617733041939,-23.1917099804312],[-46.455364140043,-23.19366412989564],[-46.45881699980464,-23.19444450041334],[-46.45697542027938,-23.19624891995164],[-46.4602562999882,-23.1993965498109],[-46.4595880803256,-23.20165844008488],[-46.46183894041474,-23.20563279961397],[-46.46830747970637,-23.20352871967464],[-46.46965490964629,-23.20098326956219],[-46.46347904032541,-23.1969261202442],[-46.4613913397385,-23.19415935956675],[-46.46157041004636,-23.19305830969319],[-46.46349701957178,-23.19365683999115],[-46.46584275004284,-23.1925836196383],[-46.46731424955294,-23.19006758005474],[-46.46531140000104,-23.18781488984524],[-46.46620147971447,-23.18594169015682],[-46.46380252017013,-23.18471583956432],[-46.46718826982277,-23.18129746970243],[-46.46928261010436,-23.181913929784],[-46.46738772956002,-23.17952208027975],[-46.47192000960069,-23.17976059037892],[-46.47484637026372,-23.18334800040986],[-46.47433096969843,-23.18127879977675],[-46.47538637987748,-23.18024567030142],[-46.47836821971754,-23.18295413962181],[-46.48056959011444,-23.18042189965092],[-46.48346595029335,-23.18302191972577],[-46.48589541034488,-23.18273959015994],[-46.4798250198088,-23.18651270030085],[-46.47919436033141,-23.18803706016217],[-46.48151803043271,-23.1934297899528],[-46.4807251395535,-23.1951509700412],[-46.48339653971851,-23.19596212974847],[-46.48460431034061,-23.1957834704308],[-46.48490474955452,-23.19396462037088],[-46.4875723797615,-23.19349975990593],[-46.48576079982104,-23.190496560268],[-46.48778465034133,-23.18792067979547],[-46.48582057955605,-23.18752781995289],[-46.48814767967161,-23.18244954980685],[-46.4886795998836,-23.18576778015887],[-46.49194364967963,-23.18608550973846],[-46.49161777044372,-23.18221308026938],[-46.49714762975924,-23.18125796967951],[-46.50205675991151,-23.18713701955778],[-46.50687754965912,-23.1893494902867],[-46.50975071002722,-23.18836549976794],[-46.51115706984285,-23.18519595972572],[-46.50630555026089,-23.17887134973296],[-46.50531183986948,-23.17500381977044],[-46.50697718015272,-23.16694780979356],[-46.50118226005321,-23.15846118013928],[-46.50165756974098,-23.15554589013067],[-46.50036869016287,-23.15584657036288],[-46.49857867956234,-23.15357241963142],[-46.49376336039074,-23.15291407992083],[-46.49486085974087,-23.15715430962365],[-46.49735842994755,-23.15930744038604],[-46.49591704963211,-23.16347134013017],[-46.4943412602409,-23.1644390897921],[-46.48913500037992,-23.16365563999574],[-46.49343700991005,-23.15611877985776],[-46.48719792994046,-23.1519762596966],[-46.48625946040573,-23.15333996017097],[-46.48099909013587,-23.15264230030186],[-46.47866473968594,-23.15062785039493],[-46.48210925014172,-23.14666230961785],[-46.48009592978332,-23.1400532998199],[-46.48100663994444,-23.13364349974768],[-46.48262011992256,-23.13198190963737],[-46.48197077972765,-23.12869524009324],[-46.48321466982111,-23.12912610978208],[-46.48394778995851,-23.12795056007025],[-46.48562686019142,-23.12893307030492],[-46.48914911973606,-23.12508965026711],[-46.49078257995205,-23.12743151005611],[-46.48593787992917,-23.13137690961662],[-46.48804732972047,-23.13897475997715],[-46.48898298977309,-23.13853581977224],[-46.48758630036741,-23.14215238042794],[-46.48890652041956,-23.14564769988141],[-46.49041773039392,-23.14678037981065],[-46.49226406013821,-23.14363743991589],[-46.49592239969894,-23.14545701033273],[-46.49523309003501,-23.14108599042606],[-46.49395440966822,-23.14067019966996],[-46.49839159989239,-23.13416373956488],[-46.49982771018063,-23.13562579979077],[-46.50154749991714,-23.13437467015484],[-46.50113690994039,-23.1390296896684],[-46.50341985963877,-23.14267115974616],[-46.50596184016678,-23.14206979028853],[-46.50640719973245,-23.14053009968433],[-46.50753255018702,-23.14264736998007],[-46.50891154992803,-23.13894473970794],[-46.50648267983178,-23.13683304970544],[-46.50921992026309,-23.13702749032637],[-46.50997187040548,-23.13535462991217],[-46.50420645976027,-23.13194906999354],[-46.50557785033749,-23.12887953995875],[-46.50269430999435,-23.12692052965866],[-46.50755467980457,-23.12284349992751],[-46.50919465021292,-23.12751679996029],[-46.51185778021232,-23.12972264988036],[-46.51325306038041,-23.12587843034527],[-46.51445399975222,-23.12908653961205],[-46.51679286030225,-23.12763172972052],[-46.51818744979096,-23.13128670042084],[-46.51949712978865,-23.13088393004927],[-46.52039091021231,-23.13245942985878],[-46.52323156008839,-23.12830743983642],[-46.52417634016592,-23.13163439990757],[-46.52254720029299,-23.13601742036764],[-46.52741598955623,-23.13162001974808],[-46.52967005033253,-23.13698687964074],[-46.52912015986743,-23.14087405979001],[-46.53102694024108,-23.14328234980059],[-46.52990440016788,-23.14688155983606],[-46.53125493996345,-23.14591347023043],[-46.53252338964268,-23.14735609970421],[-46.53278004985935,-23.15205692978344],[-46.53487953965896,-23.15297665025219],[-46.53483680027807,-23.1554009697789],[-46.53639188008117,-23.15456837023407],[-46.53988675976609,-23.15630716983998],[-46.53741971974421,-23.16024538022009],[-46.53545748987119,-23.16113736020094],[-46.53665558019082,-23.16195721005715],[-46.5352198997785,-23.16523043024011],[-46.53914938043954,-23.16409913976344],[-46.53924320041335,-23.16571206036326],[-46.54102879983918,-23.16590497033809],[-46.53914220025229,-23.16932258027282],[-46.54100284000901,-23.17113602001126],[-46.53992859982498,-23.17206992998325],[-46.5399579599918,-23.1707562003383],[-46.53751537973096,-23.17140609991156],[-46.53408251999224,-23.16997723995763],[-46.52951618982024,-23.16555508010282],[-46.52920503968079,-23.16189670996516],[-46.52697483971701,-23.16781464023342],[-46.52236302003729,-23.16698419006826],[-46.51966473014312,-23.16451407976092],[-46.52019737970528,-23.16783149982382],[-46.52384560009432,-23.16955995003161],[-46.52416358957794,-23.17263375994003],[-46.52067639999581,-23.17375122963551],[-46.5182281800864,-23.17873814035283],[-46.51652937962712,-23.17934080033763],[-46.51780480984405,-23.18139115028134],[-46.51941004034103,-23.18080407015168],[-46.52113832957019,-23.18272638001838],[-46.5251001003893,-23.1838327403886],[-46.52714902041095,-23.1894615602028],[-46.53000297036073,-23.19155811011865],[-46.52249935006489,-23.19412888963649],[-46.52269158015224,-23.20045113980819],[-46.52112405013474,-23.20355666970448],[-46.51778983972929,-23.20131093035513],[-46.51668084974136,-23.19844754022176],[-46.51242833979597,-23.19930547996387],[-46.5144426404155,-23.20405888980588],[-46.5129633204009,-23.20618765973268],[-46.50884283003256,-23.2088553097247],[-46.50463937990344,-23.20768728014383],[-46.49555798001671,-23.21123811025052],[-46.48814950979198,-23.20990337963724],[-46.48550441030028,-23.20729040033166],[-46.48550130044464,-23.20420321030986],[-46.48444395042793,-23.2039646804256],[-46.4820439395761,-23.20668459002178],[-46.47880069019965,-23.20795764962577],[-46.47727708037291,-23.20575452015493],[-46.4773777801604,-23.20927090982457],[-46.47992093969958,-23.20827209038464],[-46.4792165996663,-23.21098362009792],[-46.47803229955093,-23.21048817998548],[-46.47532013041962,-23.21210983030437],[-46.47188590011416,-23.21107151983472],[-46.47085862972193,-23.2126390804292],[-46.46176623022728,-23.21524718001331],[-46.46683163017553,-23.22076275989343],[-46.46633076984909,-23.22319515982872],[-46.46786361031729,-23.22434692966704],[-46.47259352986748,-23.22373877032794],[-46.47226633042675,-23.22502260021281],[-46.47359930016751,-23.22586077015836],[-46.47310610026625,-23.22426921025578],[-46.47473994988871,-23.22425389030474],[-46.47655476019401,-23.22188560034016],[-46.47933521035162,-23.22738395010919],[-46.4803051804397,-23.22624698041375],[-46.4842498803277,-23.22944990958564],[-46.48776092982303,-23.23772379022068],[-46.49212705022313,-23.23622480023431],[-46.49565413013397,-23.23717094997932],[-46.49796660007848,-23.23469972001601],[-46.50047122007072,-23.23438907979215],[-46.50082549000433,-23.2313869197705],[-46.50687573033065,-23.2325357002623],[-46.50858329018666,-23.23147989977753],[-46.51009959032382,-23.23181179997454],[-46.50874281013256,-23.23301956969732],[-46.51597164977176,-23.23892362972168],[-46.52200566003313,-23.23860245034274],[-46.5250877895698,-23.24028039012785],[-46.52439543030482,-23.24177050020836],[-46.52773045010014,-23.24291957028191],[-46.52902538031702,-23.24309812977481],[-46.53122000040264,-23.24054394005077],[-46.5298901396182,-23.2385805302672],[-46.53555350958675,-23.2353982603214],[-46.53726565958249,-23.23526754026472],[-46.53685578996271,-23.2402414503826],[-46.54578313958018,-23.24033923996393],[-46.55183761031742,-23.23843969013956],[-46.55139889044642,-23.23225061967031],[-46.54665114003802,-23.23398913958709],[-46.54668110005269,-23.23613934035825],[-46.54370226035098,-23.23616863037796],[-46.54364875968247,-23.23373381036703],[-46.54084016973798,-23.23210819044061],[-46.54229017005525,-23.23080988956468],[-46.54603020043334,-23.23294513011359],[-46.54677523029261,-23.23139667022014],[-46.54474952986686,-23.22768314016474],[-46.54734478983016,-23.22644793032765],[-46.54743442975507,-23.22465462011456],[-46.54931569006698,-23.22502317038294],[-46.55111252022658,-23.2218000802095],[-46.55223590026657,-23.22359200996323],[-46.55487218999951,-23.22342873984445],[-46.55582871971961,-23.22215309019293],[-46.55641730981097,-23.22749803001005],[-46.55992409022457,-23.22897865044433],[-46.55959496983195,-23.23227668022457],[-46.5584035803609,-23.23285712965276],[-46.56262306989873,-23.23648374023236],[-46.56697288019421,-23.23438205968426],[-46.56808599986897,-23.23858582007949],[-46.56543164995065,-23.24055399986713],[-46.56721055032659,-23.24212762009353],[-46.56515546005642,-23.24235776020242],[-46.56424960983156,-23.24393001975454],[-46.5619394097759,-23.24428878989568],[-46.55851901014415,-23.24134469999785],[-46.55575219011143,-23.24252835979593],[-46.55569997997003,-23.24435950988345],[-46.5535950303863,-23.24474975989347],[-46.55600837009018,-23.24783140019889],[-46.55528309024237,-23.24869899955911],[-46.54667457007531,-23.25029383029596],[-46.54234054018372,-23.24867045957399],[-46.52971800038534,-23.25139847026315],[-46.5286543200408,-23.25841653039851],[-46.53071570016937,-23.25836459005376],[-46.53392183002842,-23.26102573974606],[-46.53406089039771,-23.2631955996971],[-46.53026078980355,-23.26559082975297],[-46.52808428026526,-23.2636209700317],[-46.52602657026995,-23.26483450980476],[-46.52476102000503,-23.26237014976255],[-46.52147104994896,-23.26438769963261],[-46.52209353998484,-23.26545714013486],[-46.51949488957746,-23.26638888004271],[-46.51774973985857,-23.26392395972294],[-46.51714773997617,-23.26887023007703],[-46.51373145024621,-23.26982518958079],[-46.51297301958914,-23.27543253987977],[-46.50719094000982,-23.27727556011894],[-46.50673583988709,-23.27966573958219],[-46.50181418038005,-23.28170784993728],[-46.503844620233,-23.28494619980722],[-46.509758880368,-23.28680635033277],[-46.50894811006719,-23.2885977701709],[-46.51114182993149,-23.29018467967916],[-46.50976463962638,-23.29333131039164],[-46.51839719957104,-23.29877478982462],[-46.52348284955383,-23.2958107997286],[-46.5329717403535,-23.29714194024831],[-46.53751805971064,-23.2947584301574],[-46.53795314002537,-23.29824819989449],[-46.53689788003311,-23.30045241035043],[-46.53559436039137,-23.30092462007514],[-46.53358626959061,-23.29829822018667],[-46.53275699034276,-23.30049900962155],[-46.52902166971427,-23.30090318023753],[-46.52986886975248,-23.30245408988429],[-46.52889529967831,-23.3040796801331],[-46.52577853994762,-23.30337387960083],[-46.525963040362,-23.30489199007326],[-46.52378819007288,-23.30585550033101],[-46.52581701024678,-23.30666165980773],[-46.52617606007709,-23.31061277006324],[-46.52838620965582,-23.31352588011521],[-46.5269441899224,-23.31616639036656],[-46.52836018957106,-23.31887740027179],[-46.52780162964143,-23.32221066998636],[-46.52214783025812,-23.3255235295872],[-46.52410959967824,-23.33005811998618],[-46.52796025026532,-23.33082667970746],[-46.52666204022091,-23.33245178971828],[-46.528375969975,-23.33303155026579],[-46.52782653007029,-23.33430453972267],[-46.52923957994261,-23.33701969999913],[-46.53524826979179,-23.33878995968882],[-46.53631107959262,-23.34180029994383],[-46.54142433966149,-23.34315605041138],[-46.54447188037295,-23.34560089966175],[-46.53788601013122,-23.35093484976346],[-46.53439493997445,-23.34912194961822],[-46.53405480018881,-23.34508871956871],[-46.5313806400045,-23.34329464043526],[-46.53170604979431,-23.34689407979789],[-46.5296721799271,-23.35393384956745],[-46.52652889019606,-23.35602782022767],[-46.52487100978925,-23.35616528969632],[-46.5259885703162,-23.35510782996232],[-46.52493729971656,-23.3538134600231],[-46.52276685970276,-23.35411415014789],[-46.5214852097746,-23.35587474032695],[-46.51566340983845,-23.35392651020027],[-46.50954132986845,-23.35538827005257]]]}},{"type":"Feature","id":"uc-protecao-integral-103","properties":{"id":"uc-protecao-integral-103","nome":"Parque Estadual Itingu","nome_origem":"Parque Estadual Itingu","natureza":"camada fornecida para a demonstração","fonte_arquivo":"assets/layers/Areas_Protegidas_PI_DG_UCs_Protecao_Integral/Areas_Protegidas_PI_DG_UCs_Protecao_Integral.kml","tipo":"Unidade de Conservação","categoria":"Parque Estadual","orgao_gestor":"Fundae o Para Conserva"},"geometry":{"type":"Polygon","coordinates":[[[-47.02978231979819,-24.42627140989759],[-47.02185758026309,-24.42202491012148],[-47.02024532965822,-24.41821089971319],[-47.02238972980217,-24.4164775598914],[-47.01847165973925,-24.41282502005856],[-47.01473265009167,-24.41105649965766],[-47.01229384968138,-24.41300956993564],[-47.00794113997159,-24.41323786013908],[-47.00742411972732,-24.41193778040417],[-47.00870164986122,-24.41188674028081],[-47.00968869987355,-24.40971525975141],[-47.00360912995734,-24.40841152966834],[-47.00633830976517,-24.40104107018919],[-47.00113289976349,-24.39875386040228],[-47.00180317977288,-24.39689920023784],[-47.00992234014382,-24.39526615011272],[-47.01131921031327,-24.38983151011604],[-47.0084676498621,-24.3879945701932],[-47.0163918902735,-24.38681980019356],[-47.01780099032339,-24.38447750962933],[-47.01770864973435,-24.37992229957445],[-47.02082477004706,-24.37906172032211],[-47.02860838976534,-24.38348083956907],[-47.02979287963763,-24.38045200025954],[-47.03412357034648,-24.37995417964163],[-47.03631495017476,-24.37837212017718],[-47.04115848017966,-24.38176504012444],[-47.04709570000648,-24.37960674005899],[-47.04973232968325,-24.38312221961468],[-47.05098734978634,-24.38314343012513],[-47.05080805015137,-24.38492634957134],[-47.05561909034867,-24.38428920957932],[-47.05801200015367,-24.38694253966645],[-47.05871838974184,-24.38618903999213],[-47.05685448994274,-24.38028929041838],[-47.06274476965535,-24.38271084003321],[-47.06248989998886,-24.38486206962875],[-47.06362434978388,-24.38534134982336],[-47.06781723018099,-24.38483547038061],[-47.07327053021078,-24.38189817036425],[-47.0788288296867,-24.38129837022359],[-47.08226266968643,-24.38230566037788],[-47.08529655958853,-24.38135021973682],[-47.08498563967549,-24.38341835017667],[-47.0898769704458,-24.3834989995791],[-47.09603673021087,-24.38697626963909],[-47.09658230033284,-24.38551162026499],[-47.09786512027904,-24.38577643013809],[-47.10294504967425,-24.39182684043629],[-47.10981355974792,-24.39418956000014],[-47.12048095992833,-24.39510401044168],[-47.1207012803398,-24.39265441007291],[-47.12200959966327,-24.39213773966492],[-47.12445519984755,-24.39443441031972],[-47.12313380977747,-24.39652841965079],[-47.13098842017939,-24.39494024029983],[-47.1303775799613,-24.39895532023178],[-47.12877818966166,-24.40039877977983],[-47.13407530982767,-24.39825325008735],[-47.137581469709,-24.39864703982897],[-47.14134404968809,-24.40132563996627],[-47.14178241972286,-24.40598130968965],[-47.14413776034934,-24.40301488962541],[-47.14599313007886,-24.40313484030059],[-47.14790272982708,-24.40139159984244],[-47.1498901299255,-24.40377918026491],[-47.15483443975756,-24.40487999001948],[-47.15257051971366,-24.40685651011978],[-47.15124507010387,-24.41305114019792],[-47.14856755005235,-24.41381770971947],[-47.14671705015172,-24.4168492703775],[-47.14071764040676,-24.41719697975674],[-47.13531970983672,-24.42141604031798],[-47.1312065399498,-24.42119780003839],[-47.12808034003564,-24.42334186023862],[-47.11875648022732,-24.42227825004119],[-47.11840960002297,-24.41973486027553],[-47.12105978967753,-24.41699022022243],[-47.12060841005007,-24.41600112964835],[-47.11540017977444,-24.41659164968485],[-47.11092946012644,-24.4223080301914],[-47.10309777973868,-24.42205875970393],[-47.09785298033074,-24.41783136962198],[-47.0894262095519,-24.41822183007338],[-47.08357999032427,-24.41291100963537],[-47.06836509986942,-24.41205624989595],[-47.0679005101004,-24.4098168300826],[-47.06554861028008,-24.41176081990585],[-47.06161064001896,-24.41168913044896],[-47.0602874800831,-24.41558632005257],[-47.05257090032677,-24.42335222042857],[-47.04928455993445,-24.42285439981066],[-47.05286274022325,-24.42699320037588],[-47.05063867003855,-24.42952051026327],[-47.04804051965419,-24.42775824015064],[-47.04574930968283,-24.429641800029],[-47.03750751955636,-24.42579252000877],[-47.02978231979819,-24.42627140989759]]]}},{"type":"Feature","id":"uc-protecao-integral-104","properties":{"id":"uc-protecao-integral-104","nome":"Parque Estadual Jaragu","nome_origem":"Parque Estadual Jaragu","natureza":"camada fornecida para a demonstração","fonte_arquivo":"assets/layers/Areas_Protegidas_PI_DG_UCs_Protecao_Integral/Areas_Protegidas_PI_DG_UCs_Protecao_Integral.kml","tipo":"Unidade de Conservaago","categoria":"Parque Estadual","orgao_gestor":"Fundae o Para Conserva"},"geometry":{"type":"Polygon","coordinates":[[[-46.76579566004165,-23.47695832027023],[-46.75700354957411,-23.47096144031815],[-46.75632603991477,-23.46503231978568],[-46.75926675016035,-23.4673308700236],[-46.75959811975736,-23.46317091020927],[-46.75398224028811,-23.46378506982506],[-46.75327358980428,-23.46031382971944],[-46.75700612972906,-23.45789600959313],[-46.76029922043261,-23.45218980041892],[-46.76624979968847,-23.45197829965878],[-46.76713823993776,-23.44769725962078],[-46.76962229962936,-23.44941990020817],[-46.77017337989753,-23.45319189968637],[-46.77520116030524,-23.45380300970112],[-46.77543710014203,-23.46163229969085],[-46.77820407036154,-23.4645176503692],[-46.77902839974081,-23.46955946020086],[-46.77787592033741,-23.47149590021559],[-46.77043906031435,-23.47360858037166],[-46.76579566004165,-23.47695832027023]]]}},{"type":"Feature","id":"uc-protecao-integral-105","properties":{"id":"uc-protecao-integral-105","nome":"Parque Estadual Juquery","nome_origem":"Parque Estadual Juquery","natureza":"camada fornecida para a demonstração","fonte_arquivo":"assets/layers/Areas_Protegidas_PI_DG_UCs_Protecao_Integral/Areas_Protegidas_PI_DG_UCs_Protecao_Integral.kml","tipo":"Unidade de Conservaueo","categoria":"Parque Estadual","orgao_gestor":"Fundae o Para Conserva"},"geometry":{"type":"Polygon","coordinates":[[[-46.67273957037486,-23.36520154001903],[-46.66870173040047,-23.36095695040291],[-46.66828289993583,-23.35686725012346],[-46.66552510010325,-23.35194321011102],[-46.66154125002862,-23.33796884988249],[-46.667208059904,-23.33428468988649],[-46.67379449042335,-23.33431085026547],[-46.67920607000411,-23.33271654023611],[-46.67914649981105,-23.33595022981922],[-46.68087496980399,-23.33680076993954],[-46.68021865986321,-23.3386668496953],[-46.68323092017079,-23.33883543031084],[-46.68369156011738,-23.33725115042023],[-46.68587491979167,-23.33639517030082],[-46.68594043000678,-23.33357020999716],[-46.68491186998676,-23.33325957966582],[-46.69110392980247,-23.3300210400389],[-46.69382482955223,-23.33132203978028],[-46.70490532971718,-23.32979442976909],[-46.7061047096646,-23.3336817897827],[-46.70954469023525,-23.33712960974367],[-46.71307262989791,-23.33780716976503],[-46.7127076202604,-23.33678780980955],[-46.71579893007652,-23.33504918017547],[-46.71514557980464,-23.33906010973624],[-46.71662705009823,-23.34207162000922],[-46.71998058963248,-23.33743223970606],[-46.72057000979805,-23.33871035979524],[-46.72213914960201,-23.3381653103807],[-46.72076307985219,-23.33673473991627],[-46.72184485995228,-23.33581427031226],[-46.72534174962203,-23.33717919026736],[-46.72267970960087,-23.34212407026956],[-46.7270731900756,-23.34759877955997],[-46.73159913978844,-23.34628390957471],[-46.73101997009547,-23.3492480102874],[-46.73240365980104,-23.35369845022325],[-46.74087216002215,-23.35436333969631],[-46.72382306987873,-23.35807005019262],[-46.72227931973475,-23.35735193974017],[-46.7227616198528,-23.35560374042024],[-46.72127139016249,-23.35576454999392],[-46.72143724043627,-23.35864786011064],[-46.72285640030259,-23.35811576003425],[-46.72555790976969,-23.35995529000456],[-46.73108793995641,-23.35838273007886],[-46.73341024039024,-23.3589227298001],[-46.73479708042089,-23.36097940017913],[-46.73706037004001,-23.35921988019328],[-46.73510024997654,-23.361879590071],[-46.72431526973389,-23.36194706980137],[-46.72323948001792,-23.36090843017985],[-46.72173816978068,-23.36165173963605],[-46.72008590024404,-23.36547111000368],[-46.71808955998517,-23.36603365033267],[-46.71559897031619,-23.36386047997712],[-46.71008508026222,-23.36822677034911],[-46.70657157022174,-23.3680140600008],[-46.70200998037626,-23.37004445039105],[-46.69964339013029,-23.36977846960065],[-46.69805241029047,-23.3671140301883],[-46.69708697008758,-23.3596926097261],[-46.69364879985221,-23.35834172009424],[-46.68987954960147,-23.35870394003479],[-46.68543867035828,-23.35715758995076],[-46.68444902040591,-23.36005026021127],[-46.67606372006458,-23.3610690401041],[-46.67273957037486,-23.36520154001903]]]}},{"type":"Feature","id":"uc-protecao-integral-106","properties":{"id":"uc-protecao-integral-106","nome":"Parque Estadual Jurupar","nome_origem":"Parque Estadual Jurupar","natureza":"camada fornecida para a demonstração","fonte_arquivo":"assets/layers/Areas_Protegidas_PI_DG_UCs_Protecao_Integral/Areas_Protegidas_PI_DG_UCs_Protecao_Integral.kml","tipo":"Unidade de Conservaupo","categoria":"Parque Estadual","orgao_gestor":"Fundae o Para Conserva"},"geometry":{"type":"Polygon","coordinates":[[[-47.25388324011942,-24.02344872028215],[-47.25068527970183,-24.02053632968784],[-47.246444309857,-24.02258632979522],[-47.24396975959667,-24.02172506975614],[-47.23851819975505,-24.01628072967191],[-47.23367431002134,-24.01756433022962],[-47.23064826040883,-24.01232021970236],[-47.2260351304169,-24.01471608018289],[-47.22143564044239,-24.0144667998029],[-47.21841136968891,-24.01237592011256],[-47.22043887955061,-24.01055721034692],[-47.21464356015213,-24.00724495958718],[-47.21069810033703,-24.00129195036317],[-47.20746295025492,-24.0032588800932],[-47.20359519006593,-24.00198611996342],[-47.19735859042657,-23.99632288039658],[-47.19496125955442,-23.99212121991832],[-47.18925620960636,-23.99204519033322],[-47.18902103958925,-23.99033061036931],[-47.19192147009971,-23.98520138013953],[-47.19476399955892,-23.98240335003453],[-47.19361695026203,-23.980607260017],[-47.19485802008154,-23.97667964994582],[-47.19393533005137,-23.975017600282],[-47.1958381902802,-23.97449053011383],[-47.1967420404128,-23.97631949035213],[-47.19755912035708,-23.9732849403477],[-47.19946205972622,-23.97226997987565],[-47.20131459029608,-23.97399633016647],[-47.20001144027572,-23.97030585962767],[-47.20086754000494,-23.96932369023608],[-47.20485122010768,-23.97174469036514],[-47.20651622044716,-23.96970187044491],[-47.20591107023967,-23.96664227971741],[-47.2088725503279,-23.96503705011975],[-47.20310166011348,-23.95948374008248],[-47.19596763959487,-23.95839869994001],[-47.19388232041274,-23.95363798040842],[-47.19725327981496,-23.9536277002581],[-47.19882730023966,-23.94910263008228],[-47.20060390014982,-23.95037630032596],[-47.20182873990439,-23.94827658029988],[-47.20070912982243,-23.93943918986668],[-47.19509367033658,-23.9415898699765],[-47.18976506040917,-23.94062037023383],[-47.18908814969831,-23.93882971032281],[-47.19007541015202,-23.93498361030532],[-47.19781155016284,-23.93070545978907],[-47.19880708977536,-23.92680094970405],[-47.20277407036701,-23.92686280957093],[-47.20715651975752,-23.92184432005928],[-47.21226282986567,-23.92198383008963],[-47.21521976028367,-23.91724470957564],[-47.22405610030876,-23.92297315988338],[-47.23415509028513,-23.91742259008043],[-47.23950219027381,-23.92032600993736],[-47.24672333981022,-23.91532280979976],[-47.25232761982375,-23.91570216002663],[-47.25499642004871,-23.91353356002571],[-47.2632582497684,-23.91728059971985],[-47.2645907203854,-23.91905022988414],[-47.26756372978224,-23.91865937013375],[-47.2687368198483,-23.92012118034813],[-47.27382020983475,-23.91773434996026],[-47.2751465695585,-23.91468851975935],[-47.27715659030434,-23.91450926958709],[-47.27721845017129,-23.91257713013039],[-47.27572084963748,-23.91121927974592],[-47.27624987043515,-23.90912458962805],[-47.27956941020005,-23.90875361029083],[-47.2818900100159,-23.90533388964724],[-47.28041916970886,-23.89981870996547],[-47.27846657966887,-23.89888862031353],[-47.28423066021674,-23.8923254102894],[-47.28148762005759,-23.88261745992781],[-47.27618488992067,-23.87750459016468],[-47.27650940038848,-23.87297851005013],[-47.27534841969378,-23.8699559695923],[-47.27781469978851,-23.86742652021769],[-47.28376543013047,-23.87195544039122],[-47.28837579021052,-23.86959255984874],[-47.28711550997275,-23.86528125042929],[-47.28908107992788,-23.85836654038349],[-47.28631477970328,-23.85642860029964],[-47.28504412038978,-23.85365680971393],[-47.28663371977029,-23.85068045034245],[-47.28586117964966,-23.84776753993998],[-47.28744148004023,-23.84592320039536],[-47.28198605041587,-23.84239995969034],[-47.2807726500377,-23.84460239038793],[-47.27819640983643,-23.84486148956603],[-47.27736197027866,-23.84243103036772],[-47.27829832011133,-23.83781034966785],[-47.28125322975274,-23.83716335040828],[-47.28534165029686,-23.82667080001738],[-47.28907791971017,-23.82816337963624],[-47.2899819802841,-23.83046128955681],[-47.29485024973917,-23.82914030957755],[-47.29594902972389,-23.83168618956597],[-47.29532723036732,-23.8344529898136],[-47.29897134984787,-23.8396949401693],[-47.30294046003416,-23.83914962995141],[-47.30683919017645,-23.84152362971167],[-47.31136145986346,-23.83919948027176],[-47.31513278035351,-23.83939188033099],[-47.31892635996348,-23.84294171039159],[-47.32197565974883,-23.84324295989467],[-47.32377323994302,-23.8404215096449],[-47.32547131015281,-23.84305190971781],[-47.32857472034704,-23.84453716975452],[-47.32852480977209,-23.84752903973333],[-47.33014066036316,-23.84823207035373],[-47.33118975010683,-23.85129226992228],[-47.32919858994291,-23.85279925038503],[-47.33113310990507,-23.85263131997937],[-47.33751065039615,-23.85611103979261],[-47.34085204998206,-23.85609202003064],[-47.34033134971196,-23.85721601970351],[-47.34354965009624,-23.85987660012495],[-47.34536649017133,-23.85969101962479],[-47.3494236295968,-23.86289987982553],[-47.34979804974017,-23.86616593960639],[-47.34651158973804,-23.86672017019964],[-47.34599562979446,-23.86882905971328],[-47.347891739712,-23.86920302030308],[-47.34643315986239,-23.87139716015076],[-47.34718525029899,-23.87306321989166],[-47.35143130041416,-23.87192893017595],[-47.35269422016211,-23.8745813195722],[-47.35561608961081,-23.87637661009245],[-47.35595150975433,-23.88024387025837],[-47.35808141012893,-23.87847192973572],[-47.35896572968466,-23.88248106964562],[-47.36236229998013,-23.88248787031893],[-47.3713303196385,-23.88812962957871],[-47.37241665030814,-23.89158886013774],[-47.37052188038041,-23.89212262036261],[-47.3754119898714,-23.89682968004564],[-47.37435365959368,-23.90304072005313],[-47.37738599007133,-23.90469072959343],[-47.37326854031085,-23.90666343027306],[-47.37015596962226,-23.91066925977844],[-47.36432335983517,-23.91425500966091],[-47.36522208023479,-23.91560755044804],[-47.36858893962784,-23.91591313018677],[-47.36689075970077,-23.91883465969175],[-47.36848446988233,-23.91970261968009],[-47.36753809980343,-23.92112042966403],[-47.3702424196519,-23.92387004027012],[-47.37076908962177,-23.92682913985288],[-47.37219433969699,-23.9265221301921],[-47.37380971994259,-23.92920737002407],[-47.37108381996228,-23.93284699019642],[-47.3739813402666,-23.93557978977543],[-47.37439719037798,-23.93859504032878],[-47.3779860600086,-23.93991395006867],[-47.38052548016674,-23.94350776956787],[-47.39746996027043,-23.95304289001734],[-47.39897970974579,-23.95920743957163],[-47.39761086964586,-23.96072964016071],[-47.39227505974617,-23.96081292008017],[-47.39171296997756,-23.96279688027175],[-47.38922902000326,-23.96321931971579],[-47.39073294007306,-23.96476948022729],[-47.38880814987618,-23.96625803987661],[-47.38734309041126,-23.97294519986104],[-47.38907081036956,-23.97331984033832],[-47.38834081987289,-23.97396707971689],[-47.38945640009274,-23.97517166044372],[-47.38723754957323,-23.97549427963725],[-47.38587485004427,-23.97999991006776],[-47.38631297996,-23.98190212997929],[-47.38875757020566,-23.98299002996589],[-47.38596023977323,-23.98471638025671],[-47.38571782032113,-23.98704191015599],[-47.38261599023571,-23.99017001033764],[-47.38509717029814,-23.99200504010048],[-47.38642754999142,-23.99530907015742],[-47.37837535044201,-23.99904855015041],[-47.37385454035473,-23.99726040024723],[-47.37273500041988,-23.99807766994849],[-47.37109469996039,-23.99661701985951],[-47.36994717042552,-23.99973461955699],[-47.37102003015025,-24.00256977997134],[-47.36959160007223,-24.00435751978364],[-47.37324531981562,-24.00637292027403],[-47.37302006032746,-24.00898862002873],[-47.36940323976768,-24.00944539019258],[-47.36823026031823,-24.00871088959582],[-47.36955958960334,-24.00746079957622],[-47.36274117986153,-24.00685583013239],[-47.36334181996898,-24.01017580966584],[-47.36517464999008,-24.01045398975975],[-47.36387305040091,-24.01373016961162],[-47.36056088957338,-24.01722573997586],[-47.35562316008071,-24.01915023969178],[-47.35511728963115,-24.02119568023642],[-47.34062898034313,-24.01310300040308],[-47.3343664496519,-24.0131242297993],[-47.33563414030328,-24.01527881026885],[-47.33260958986062,-24.01843049966777],[-47.33091004026608,-24.01764514960394],[-47.33021651008386,-24.01455851985975],[-47.32819655003073,-24.01453063997701],[-47.32657313973857,-24.01734678962259],[-47.32309979971592,-24.01761697024693],[-47.31952934999947,-24.01590567011056],[-47.31564375985158,-24.01646936966563],[-47.31486180023188,-24.01223162029299],[-47.31086499991977,-24.00886658022847],[-47.30581209964862,-24.00935616035849],[-47.30330887990084,-24.01132756961158],[-47.29639326963365,-24.01010349967675],[-47.29471958004456,-24.01099220972264],[-47.28744787961591,-24.00635342027408],[-47.28468470993135,-24.0067199902353],[-47.28669998002005,-24.01430264025458],[-47.28275747987374,-24.01509789005553],[-47.27738977012177,-24.01145892998557],[-47.2766246197304,-24.01316624972259],[-47.27789631955943,-24.01523179011497],[-47.27571555982519,-24.0153061199814],[-47.27239762984669,-24.01768931980621],[-47.26979899023115,-24.01509205975071],[-47.26625904012258,-24.01575828022044],[-47.26054357962244,-24.01369480017485],[-47.26098837980982,-24.01072470008478],[-47.26441163029244,-24.0096230000014],[-47.26469150021251,-24.00748420982836],[-47.26261892981972,-24.0054044196782],[-47.25620199002975,-24.00591141967624],[-47.25332012962025,-24.00745780033719],[-47.25694222020724,-24.01991059040137],[-47.25569408981033,-24.02264581994859],[-47.25388324011942,-24.02344872028215]]]}},{"type":"Feature","id":"uc-protecao-integral-107","properties":{"id":"uc-protecao-integral-107","nome":"Parque Estadual Lagamar de Cananoia","nome_origem":"Parque Estadual Lagamar de Cananoia","natureza":"camada fornecida para a demonstração","fonte_arquivo":"assets/layers/Areas_Protegidas_PI_DG_UCs_Protecao_Integral/Areas_Protegidas_PI_DG_UCs_Protecao_Integral.kml","tipo":"Unidade de Conservaamo","categoria":"Parque Estadual","orgao_gestor":"Fundae o Para Conserva"},"geometry":{"type":"Polygon","coordinates":[[[-48.11721781015376,-25.24874990978049],[-48.11351357009517,-25.24233111019254],[-48.11593968017206,-25.23872368035353],[-48.10735207014187,-25.23689459960605],[-48.09790102011596,-25.2281749699988],[-48.09225700985309,-25.23478745028058],[-48.08944328028309,-25.23620586011231],[-48.07581256000162,-25.23497142998747],[-48.0710079103867,-25.23723241014756],[-48.07063287960369,-25.23978002043157],[-48.06552546962467,-25.23989292042188],[-48.06552642020807,-25.2370691903908],[-48.06279508022874,-25.23589365956468],[-48.06428527034893,-25.23921752956528],[-48.06278793961167,-25.23618684035034],[-48.06526056981937,-25.23723086960888],[-48.06498024034579,-25.24018017017869],[-48.05969962004139,-25.23863698031232],[-48.05870129972516,-25.23584214010265],[-48.05970941995372,-25.23637259981558],[-48.05754695962446,-25.23299272993052],[-48.05858261979205,-25.23190841014497],[-48.0623609702825,-25.2324733300801],[-48.05973905980971,-25.23142434016114],[-48.06165348981665,-25.23156478009048],[-48.05993138972184,-25.23041443028171],[-48.06003219023336,-25.22761348997057],[-48.05769745037696,-25.22674115028383],[-48.06330483035362,-25.21747281012205],[-48.06511350998045,-25.21922330990776],[-48.06722832962367,-25.21847955978382],[-48.06800400028436,-25.21654358022198],[-48.07023820043258,-25.21791456970158],[-48.08752768025818,-25.21698898025721],[-48.09094654025057,-25.21744860037256],[-48.09441047965987,-25.22115022969928],[-48.09733285003097,-25.22145183983048],[-48.10428672015598,-25.22088014979903],[-48.1097932501583,-25.21888734027851],[-48.12824010979318,-25.21884122034601],[-48.12715473959952,-25.21501303032704],[-48.1295819702317,-25.21205036043574],[-48.12942634974621,-25.20956000009386],[-48.13131123972187,-25.20838689024276],[-48.12928437017752,-25.20683561996782],[-48.12732501993366,-25.20216188016661],[-48.12718460968193,-25.19742719960556],[-48.12610705999276,-25.19972322005054],[-48.12212261996291,-25.19727820982149],[-48.12053613043804,-25.2001480202149],[-48.11823838958998,-25.20136065976658],[-48.11207611981706,-25.19783139989914],[-48.11150978974496,-25.20412814979426],[-48.10880679010126,-25.20591258010143],[-48.10565937967658,-25.20553516971228],[-48.10175693983086,-25.21030077975712],[-48.09647242006611,-25.21048611024577],[-48.0963553697045,-25.21415924005686],[-48.08118945003304,-25.21329661035026],[-48.08962297022384,-25.20455001996743],[-48.08134573961416,-25.20156968019654],[-48.07442832980354,-25.19663862007621],[-48.06811672041027,-25.19575594987714],[-48.06864479961774,-25.19456192988912],[-48.06722369002125,-25.1936063903226],[-48.06748608971122,-25.19020580005758],[-48.07447140013494,-25.18646635963472],[-48.08110860008179,-25.17872446036552],[-48.09319221035219,-25.18918016013623],[-48.1017019696701,-25.18950071988229],[-48.11303285008592,-25.18579520998094],[-48.1187335500133,-25.181463569588],[-48.1180313800441,-25.18037061990816],[-48.11610259955529,-25.18138110985029],[-48.11369223031215,-25.17958008974932],[-48.11193472031107,-25.18050071043939],[-48.09630841969778,-25.17948925012877],[-48.08902487969442,-25.17620973019484],[-48.0857196796195,-25.17742845006285],[-48.0831494100172,-25.17680394014968],[-48.08368511997224,-25.16675917029943],[-48.0850774098945,-25.16512066039013],[-48.0965443298569,-25.16343948034768],[-48.10334979026055,-25.16411915017858],[-48.11499632012402,-25.15402389958325],[-48.11779208034017,-25.15301339974854],[-48.11917024011444,-25.14554981996815],[-48.11792969999561,-25.14083508007485],[-48.11425343964447,-25.14157084961499],[-48.11300777968523,-25.14043110011511],[-48.11241921027829,-25.14197705000083],[-48.1097439097536,-25.1420925301461],[-48.10935924003684,-25.1395603504298],[-48.10453002004436,-25.13512831961623],[-48.10413031995824,-25.13283565993771],[-48.10152391020023,-25.132540649931],[-48.10169258974116,-25.13735001019478],[-48.11114145981048,-25.14621958016943],[-48.10930771967548,-25.15010383032745],[-48.10049638979649,-25.15636217017794],[-48.09702628013866,-25.1605400202057],[-48.09323230033033,-25.16229904016853],[-48.08422001963817,-25.1634539000774],[-48.08559185987639,-25.1591537800229],[-48.07716310968971,-25.15998491996805],[-48.07477492042619,-25.16307338972513],[-48.0770634198409,-25.1649559000947],[-48.07578190031438,-25.16879604030498],[-48.07714199001077,-25.17238131984197],[-48.07528416962867,-25.17422156027675],[-48.07520062980518,-25.1772891603664],[-48.0714901700353,-25.17716592986375],[-48.07213308997007,-25.18021705976946],[-48.06792354963204,-25.17908732961655],[-48.06777842963078,-25.17541495973256],[-48.06578071970443,-25.17832383038041],[-48.06384492989957,-25.17657294028891],[-48.0623306496397,-25.17961387008398],[-48.06034421001726,-25.17623158012327],[-48.06156598038564,-25.18095662984456],[-48.05085523018471,-25.18144200024807],[-48.04095739966419,-25.18771510966451],[-48.03632298991403,-25.18534881979218],[-48.03673816013793,-25.18918434018508],[-48.03520473960702,-25.1921747901344],[-48.03820859035415,-25.19392434023609],[-48.03150863031897,-25.19238083021111],[-48.03066137991868,-25.19330836039245],[-48.03222045990628,-25.20033013023129],[-48.02894246971914,-25.20471617960794],[-48.0325538502799,-25.20836939033506],[-48.0307191100988,-25.2106548797189],[-48.02938875019061,-25.21062151037438],[-48.02710980966992,-25.20666793957372],[-48.02570687986855,-25.20712401006494],[-48.02290582984011,-25.20435523040953],[-48.02483948015782,-25.20349592999315],[-48.02012892031337,-25.20260649959022],[-48.01702812984428,-25.20008427986556],[-48.01862468008488,-25.19568627040502],[-48.02306119042157,-25.19325475989922],[-48.01856194967422,-25.19028246006741],[-48.01716753015734,-25.19484346985018],[-48.01048122992478,-25.19259981962591],[-48.01208432003529,-25.19056109971496],[-48.01113977018423,-25.18920951041054],[-48.0132473601775,-25.18800682005866],[-48.01728342039348,-25.17903466981414],[-48.02430503015296,-25.18064561010675],[-48.02743562955061,-25.17866977978645],[-48.02618165985569,-25.17486337044812],[-48.01971189029149,-25.16820431967358],[-48.0293278202227,-25.16600814016351],[-48.03057689041111,-25.16782065989548],[-48.02845593019697,-25.17105354008874],[-48.03298520020678,-25.17020484987387],[-48.03380330987483,-25.17593621038776],[-48.03623802016847,-25.17699868024488],[-48.03697223028416,-25.17355882018336],[-48.03919352965761,-25.17541909031871],[-48.05039181043367,-25.16856876004022],[-48.05086546986553,-25.16738955008765],[-48.04956974015136,-25.16695848974246],[-48.0515791700426,-25.16350800958691],[-48.0487507896172,-25.16050438996558],[-48.05195879995858,-25.16074322022337],[-48.05461990018819,-25.15865729040161],[-48.05356420042745,-25.15675074025444],[-48.05554425036684,-25.15601176013456],[-48.04789904980129,-25.15376989956115],[-48.04206272041819,-25.14984659994059],[-48.03538648989456,-25.15040136023453],[-48.03502158997435,-25.14706355973544],[-48.0377153104132,-25.1446712003156],[-48.03608084025853,-25.13781861004077],[-48.03909994980279,-25.13788123972739],[-48.0432050401804,-25.14218284006597],[-48.05071808986793,-25.14298847973453],[-48.05223244027485,-25.14176556003252],[-48.0553684895641,-25.13544086010756],[-48.05540368003574,-25.13369261042561],[-48.05259919999304,-25.13234558967719],[-48.05383952967054,-25.12597677980449],[-48.0497751102331,-25.12382288012179],[-48.0483828697736,-25.11781796023064],[-48.04543458993436,-25.11617855999248],[-48.04590531038173,-25.11339429041413],[-48.04157012036472,-25.11235205979966],[-48.03728983036132,-25.11416498962251],[-48.03553254968739,-25.11038856997646],[-48.03142213981988,-25.10708363969815],[-48.03284546984253,-25.10145301044804],[-48.03120628004575,-25.09961672972827],[-48.03111661044318,-25.09611867993311],[-48.03511010035083,-25.09605081978947],[-48.035367200336,-25.09377674999695],[-48.03845209978454,-25.09340579044482],[-48.03937134990781,-25.09094680025459],[-48.04174977972849,-25.08984351016983],[-48.03696464989861,-25.088852909634],[-48.02665063022238,-25.08007493021381],[-48.0239469398993,-25.0807322698783],[-48.02368298977814,-25.07882746981181],[-48.01941428034473,-25.07586682969037],[-48.01946462978879,-25.07378867001108],[-48.02161463990365,-25.0722917403715],[-48.02932665020472,-25.0715479902475],[-48.03109699982662,-25.07409899007627],[-48.03292494023378,-25.07192804014687],[-48.03635692043548,-25.07168971980468],[-48.03832095974445,-25.07373003960959],[-48.04265509036009,-25.07281542998805],[-48.04893386010951,-25.07424962022372],[-48.04974699023137,-25.07560059978783],[-48.04937255030291,-25.07241016040052],[-48.05085670956947,-25.07202612020922],[-48.06109768001386,-25.0755035899187],[-48.05844091001995,-25.08067102964424],[-48.05646673984813,-25.08178358004812],[-48.05641335968875,-25.08295727985455],[-48.05797307999359,-25.08331071971389],[-48.0597054098767,-25.08279224976246],[-48.06180603012416,-25.07850339011929],[-48.06455663987697,-25.07770557994849],[-48.06312063031282,-25.07429106997688],[-48.05995664987944,-25.07398807039311],[-48.05807205038479,-25.07170914965747],[-48.06362963040306,-25.07321176031445],[-48.0647380502208,-25.0705166603156],[-48.07104336975567,-25.06880729012431],[-48.07401027995041,-25.06635256991513],[-48.07865221972412,-25.06715727968469],[-48.08157861006475,-25.07112066029021],[-48.08307575014572,-25.07021993979833],[-48.082946149745,-25.06730087983169],[-48.09408774984973,-25.06045375024036],[-48.09606811994774,-25.06407234965917],[-48.09899210999782,-25.06287944033386],[-48.09238963017725,-25.0701803696283],[-48.10107784017015,-25.07377485012921],[-48.12426694995975,-25.07902054975852],[-48.14694836007874,-25.09543972955981],[-48.15118876964596,-25.09551533016833],[-48.1538286296875,-25.08788789031382],[-48.15745720978236,-25.08717560027367],[-48.15643952976046,-25.08450309034532],[-48.15932852988772,-25.0805768598342],[-48.16184870994994,-25.07972627025111],[-48.16748950963313,-25.07320152962683],[-48.17273391963465,-25.07399169016435],[-48.17084479025482,-25.05724489003961],[-48.16757671958987,-25.0590257095688],[-48.16770444040753,-25.05638672007103],[-48.16451468000844,-25.05655259012991],[-48.16108371963793,-25.06662345021203],[-48.14407419966454,-25.05725806960419],[-48.14643995983624,-25.05250923011681],[-48.14272990026467,-25.05038314016974],[-48.13822607027686,-25.05006806988547],[-48.12446879020246,-25.03682164969933],[-48.12463443992743,-25.04051253032895],[-48.12312978960807,-25.04267464981518],[-48.11575341978443,-25.04379375987406],[-48.11288329013172,-25.04067366006132],[-48.0689260401046,-25.03437281015704],[-48.06787734965991,-25.02914414998247],[-48.06122293039385,-25.03565444030011],[-48.0626208203945,-25.03684714008341],[-48.0617925996487,-25.03857829994854],[-48.05688711984465,-25.04009426014193],[-48.05414164971734,-25.03766494038467],[-48.05645424017098,-25.04174359968732],[-48.05352676974456,-25.04486693975741],[-48.05622435007365,-25.04518931973126],[-48.05396473958103,-25.04917726981512],[-48.05531994955601,-25.05010034025844],[-48.05524712965126,-25.05314588987085],[-48.05044129023332,-25.05663513979982],[-48.0421749504136,-25.05467825999364],[-48.03910149034147,-25.05156999975566],[-48.04120734014657,-25.04990929008164],[-48.04340901991031,-25.05040123992524],[-48.04450382039494,-25.04782415975711],[-48.04701765034423,-25.04760534031413],[-48.04435982004964,-25.04562567978127],[-48.0444989802437,-25.04392572998842],[-48.04816385967433,-25.04287843978813],[-48.04725661010445,-25.04174017956558],[-48.04469158984494,-25.04204761010908],[-48.04500292974137,-25.0393204798562],[-48.04346308984969,-25.03790076960479],[-48.04414622027178,-25.03607721968791],[-48.04156764003454,-25.03490565037544],[-48.04099854994308,-25.02378181997494],[-48.0425779402197,-25.02354441963922],[-48.04369107967955,-25.0263447097405],[-48.045049410302,-25.02507228955449],[-48.04987186019815,-25.02700532023931],[-48.05450526990222,-25.03068198978195],[-48.05656572013186,-25.02471845039611],[-48.06009105985447,-25.02537078983005],[-48.06297624955425,-25.02399397993815],[-48.06343961984254,-25.02188163972585],[-48.06163447005468,-25.02138557998046],[-48.06190847009975,-25.02010048025289],[-48.06748608971122,-25.01471473999322],[-48.07021003006878,-25.01586784982135],[-48.06949239985431,-25.01733228965338],[-48.07544039985453,-25.01570549970899],[-48.08279654032805,-25.0178403202745],[-48.0830079403641,-25.01955082001427],[-48.08816056016167,-25.01914874032207],[-48.0935570203402,-25.02414757964704],[-48.09632428014135,-25.02229560036164],[-48.10034689009689,-25.01584431006683],[-48.11419622027933,-25.01252557969173],[-48.12382025040421,-25.01542636993099],[-48.12616143030573,-25.01368115995751],[-48.12925176975335,-25.01409423026445],[-48.13372620989662,-25.01927466969022],[-48.13723711010448,-25.01704983957836],[-48.1355069502855,-25.01605052011536],[-48.13194785990578,-25.0085117300323],[-48.13017427991906,-25.00806915027101],[-48.13472490972674,-25.00405192995254],[-48.13230657968484,-25.00313254043436],[-48.13275694038043,-25.00116009965882],[-48.1250749899188,-25.00220589968251],[-48.1226145203438,-24.99799841969127],[-48.12462411031441,-24.99719691960212],[-48.12420830966573,-24.994524309849],[-48.12742378977606,-24.99246923037066],[-48.12851695978981,-24.98847874959455],[-48.12478652967457,-24.98995015017925],[-48.12295227962397,-24.98931709041136],[-48.12126040034718,-24.99091210011329],[-48.11971112027192,-24.98628611970861],[-48.1163332100096,-24.98813942999067],[-48.11542181006843,-24.98476241994967],[-48.11468676987846,-24.99049074974823],[-48.11239705008376,-24.98814372964938],[-48.11164417004238,-24.99024896971412],[-48.10924344962547,-24.98995000988498],[-48.10777874988935,-24.98349008969586],[-48.10577674030429,-24.98872804975963],[-48.10393774992718,-24.9887010602057],[-48.10692350991201,-24.99405020974933],[-48.10338251029458,-24.99311821982991],[-48.10354841003107,-24.99616181971214],[-48.09787056997078,-24.99579087005259],[-48.09653129957979,-24.99672731970998],[-48.0967804999201,-24.99860381991033],[-48.09185402004692,-25.00133422999068],[-48.09035607956935,-25.00086563014469],[-48.0874672503133,-25.00238349959881],[-48.08689484981744,-25.00014612034715],[-48.08302900968101,-25.00294719016063],[-48.07940291980884,-24.99979323986611],[-48.08088933007849,-24.99739676964515],[-48.08057717000037,-24.99458650965965],[-48.07576278972095,-24.99341240965492],[-48.0763357900646,-24.98979536966056],[-48.07282203001262,-24.99152670039689],[-48.06752564998874,-24.99139487957001],[-48.05777093038409,-24.98854298996696],[-48.03594514964891,-24.98782542000708],[-48.02832797015964,-24.99356799956348],[-48.02599325998091,-24.98935812018107],[-48.02086041987246,-24.98772054017076],[-48.01809470960313,-24.9854524104004],[-48.01329347021743,-24.98756332968389],[-48.00537418956714,-24.98004549020715],[-48.00271011977617,-24.96807644007561],[-48.00613372009508,-24.9683833400191],[-48.00170420018867,-24.9566437600015],[-47.99493420994577,-24.95247830982612],[-47.99229205033782,-24.95335612998139],[-47.98612349969972,-24.95116859025819],[-47.97719471026761,-24.93591866041783],[-47.97528825005264,-24.93421836978189],[-47.97236846972908,-24.93541958974225],[-47.96989119991889,-24.93393678035807],[-47.9690685801508,-24.92647152963735],[-47.97471028005532,-24.91157459988784],[-47.9799560003691,-24.91240955026046],[-47.98386700985458,-24.90706189988674],[-47.9940090899475,-24.9075801396117],[-47.99822029043401,-24.91429287991241],[-48.00711049984966,-24.91894819979956],[-48.00774499043894,-24.92213340962911],[-48.01136260959669,-24.92596173004978],[-48.00653648956728,-24.93546916037343],[-48.01166770010423,-24.94134712027335],[-48.01667817036122,-24.94298899994237],[-48.01587142002995,-24.93880505970571],[-48.01731700017939,-24.93289395978837],[-48.02053892033484,-24.93301887022466],[-48.02367638965364,-24.94037782018023],[-48.02571563027209,-24.94240058971542],[-48.02439960016136,-24.94617906970825],[-48.02942726005995,-24.9481164297294],[-48.03164178034382,-24.94526016042801],[-48.04047214976987,-24.94673215006861],[-48.03933262959714,-24.95049559969215],[-48.04289516977622,-24.95736147025559],[-48.04558271007397,-24.95870028019374],[-48.05545999018636,-24.9584369002427],[-48.05743620002056,-24.95581311018685],[-48.06401983994363,-24.95851426981767],[-48.06600764024034,-24.95499413986761],[-48.07182513961845,-24.95295540017156],[-48.07880275004686,-24.95380536022913],[-48.08045337022679,-24.95809686028184],[-48.08213280018856,-24.95891878037736],[-48.09151290989286,-24.95753739023831],[-48.09852461991522,-24.96283527033142],[-48.09856928024806,-24.96599441960672],[-48.09594890042138,-24.9705092402092],[-48.0994785398027,-24.97497425995408],[-48.10510883000848,-24.9757775496941],[-48.11221951042205,-24.97341996975575],[-48.11491270026085,-24.97700016992184],[-48.12566263032608,-24.98155874973645],[-48.13466153000559,-24.97911160991282],[-48.1377427898978,-24.98612430019625],[-48.1442125702539,-24.98436568043178],[-48.14660546027375,-24.97514994971039],[-48.15046971040874,-24.97463312012235],[-48.15265934015639,-24.97019651985346],[-48.16213512963247,-24.96456409016059],[-48.16610621023335,-24.96610513964043],[-48.17016133967405,-24.96982263031009],[-48.17482571033821,-24.96871768007685],[-48.18021593012105,-24.97030264974745],[-48.18368727005145,-24.96875579964041],[-48.19171826988219,-24.96144926037505],[-48.20357732033705,-24.96020884975854],[-48.21063107996031,-24.95701669986079],[-48.21627368997878,-24.95953241029247],[-48.21747145024722,-24.96216452986909],[-48.22019133016573,-24.96275003978246],[-48.22043928044837,-24.96558821022768],[-48.22380395988478,-24.96915115959831],[-48.22344150971787,-24.97048631019504],[-48.22854846014326,-24.97249616996226],[-48.2274078796699,-24.97475255009005],[-48.23085732020911,-24.97848766027727],[-48.22646663033066,-24.9806620303284],[-48.22569227987475,-24.98220893979067],[-48.22652389016537,-24.9832656099199],[-48.23235655031448,-24.98808168002546],[-48.23849352035961,-24.99007427011145],[-48.24024159017722,-24.99207725006499],[-48.2355008796618,-24.99501631005461],[-48.23650261020725,-24.99759784006824],[-48.23368748039286,-25.00082129986305],[-48.22807232038122,-25.0000033403818],[-48.23148877019054,-25.00304545997994],[-48.23370694981583,-25.00746352971805],[-48.22990126982768,-25.00935993011666],[-48.22665984967227,-25.00685389998745],[-48.22306540964092,-25.00860066039212],[-48.2325968203869,-25.01589859044753],[-48.23351437978476,-25.01781981033594],[-48.23118121014471,-25.01895853011206],[-48.2315068096915,-25.02122064971314],[-48.22849909995347,-25.02328527009911],[-48.22401215024053,-25.02330075012947],[-48.21560380027512,-25.02986638022924],[-48.21037001036763,-25.02742190959339],[-48.20903602978888,-25.02859705011372],[-48.20941576042895,-25.03588667043346],[-48.21148934975366,-25.03836213980088],[-48.21470305999816,-25.03904512003623],[-48.21596392029863,-25.04242575974098],[-48.21482191979572,-25.05262869965475],[-48.2115899398238,-25.05930000009488],[-48.21214312990151,-25.06418342042849],[-48.21614305985429,-25.066929670268],[-48.21547988988499,-25.0708427302078],[-48.21309744009477,-25.07279232010944],[-48.21622734971237,-25.07721875983788],[-48.21000163007113,-25.0799804699227],[-48.21297844000298,-25.08241880988015],[-48.21275517970776,-25.0843999102276],[-48.20689262969108,-25.08942708988826],[-48.20420511007774,-25.09348860991139],[-48.20526615001279,-25.09868842972719],[-48.19508330994677,-25.10629281995762],[-48.19417927005725,-25.1146319104343],[-48.18984530042025,-25.11734719032052],[-48.18772598956275,-25.12505855041172],[-48.18109494997191,-25.12979636960671],[-48.18154076999048,-25.13429592961342],[-48.17764763992659,-25.13573156955624],[-48.17169803013996,-25.14225960979309],[-48.16489174955456,-25.14550432956111],[-48.1619395702549,-25.14626890978229],[-48.15639043037402,-25.14444789955087],[-48.15859831995647,-25.15045878014854],[-48.16256084980336,-25.15497975031519],[-48.16727161019662,-25.15534975029072],[-48.1690127300534,-25.15723296033281],[-48.16702683002416,-25.1667962700318],[-48.17301115993706,-25.1721667299106],[-48.17584535987544,-25.17782056976341],[-48.17933702988,-25.17992661022481],[-48.17852840985819,-25.18360192988513],[-48.18638587021172,-25.18777630043587],[-48.19039569000904,-25.18763599990143],[-48.19370985002951,-25.19015342983687],[-48.19351912001133,-25.19328112982026],[-48.19053821007032,-25.19741158018024],[-48.18684801022744,-25.19959735993018],[-48.18566600967858,-25.2031212301606],[-48.18369955029397,-25.20409443960665],[-48.18397590026757,-25.20587740042163],[-48.18644154993751,-25.2073501302043],[-48.18152551029402,-25.21063136964193],[-48.18131478025288,-25.20686440007194],[-48.17810121030254,-25.20634741040465],[-48.1732299802793,-25.209480259906],[-48.16572950041609,-25.20827175004121],[-48.1623873103261,-25.20953409961896],[-48.16004815030186,-25.21501166965277],[-48.15774033974486,-25.21529214032],[-48.15839795999784,-25.21729902962647],[-48.15594057959402,-25.21974227988227],[-48.15124464992061,-25.22927100974925],[-48.14444844983603,-25.23281545017284],[-48.13917885971654,-25.23446091993549],[-48.1378975704165,-25.23367809966453],[-48.13186660975617,-25.24040091956675],[-48.12867145972007,-25.24084411986018],[-48.12670259015238,-25.23976810981037],[-48.12644212040749,-25.24198281985122],[-48.11721781015376,-25.24874990978049]]]}},{"type":"Feature","id":"uc-protecao-integral-108","properties":{"id":"uc-protecao-integral-108","nome":"Parque Estadual Mananciais de Campos do Jordso","nome_origem":"Parque Estadual Mananciais de Campos do Jordso","natureza":"camada fornecida para a demonstração","fonte_arquivo":"assets/layers/Areas_Protegidas_PI_DG_UCs_Protecao_Integral/Areas_Protegidas_PI_DG_UCs_Protecao_Integral.kml","tipo":"Unidade de Conservaano","categoria":"Parque Estadual","orgao_gestor":"Fundae o Para Conserva"},"geometry":{"type":"Polygon","coordinates":[[[-45.56645843041218,-22.77904121987638],[-45.56021122956457,-22.77232685000411],[-45.55683118970762,-22.77492814981423],[-45.55287654961302,-22.77371586009883],[-45.55075586998737,-22.76917848000278],[-45.54740070987481,-22.77123008000416],[-45.54466637964964,-22.77038457968456],[-45.55715210018923,-22.75502927987731],[-45.56849988965814,-22.76264425962484],[-45.56989701973163,-22.76087845967311],[-45.57042898041306,-22.76242797986731],[-45.57598702987747,-22.76204469960317],[-45.58015467979459,-22.77036362008494],[-45.57600503970076,-22.77773730003634],[-45.5688624702268,-22.77687138960289],[-45.56645843041218,-22.77904121987638]]]}},{"type":"Feature","id":"uc-protecao-integral-109","properties":{"id":"uc-protecao-integral-109","nome":"Parque Estadual Marinho Laje de Santos","nome_origem":"Parque Estadual Marinho Laje de Santos","natureza":"camada fornecida para a demonstração","fonte_arquivo":"assets/layers/Areas_Protegidas_PI_DG_UCs_Protecao_Integral/Areas_Protegidas_PI_DG_UCs_Protecao_Integral.kml","tipo":"Unidade de Conservaino","categoria":"Parque Estadual","orgao_gestor":"Fundae o Para Conserva"},"geometry":{"type":"Polygon","coordinates":[[[-46.15000000029971,-24.35333299971813],[-46.15000000029971,-24.2633329997181],[-46.20000000019979,-24.2633329997181],[-46.20000000019979,-24.35333299971813],[-46.15000000029971,-24.35333299971813]]]}},{"type":"Feature","id":"uc-protecao-integral-110","properties":{"id":"uc-protecao-integral-110","nome":"Parque Estadual Morro Grande","nome_origem":"Parque Estadual Morro Grande","natureza":"camada fornecida para a demonstração","fonte_arquivo":"assets/layers/Areas_Protegidas_PI_DG_UCs_Protecao_Integral/Areas_Protegidas_PI_DG_UCs_Protecao_Integral.kml","tipo":"Unidade de Conservaroo","categoria":"Parque Estadual","orgao_gestor":"Fundae o Para Conserva"},"geometry":{"type":"Polygon","coordinates":[[[-46.99305033010859,-23.80390394980742],[-46.98855698981316,-23.80110087990164],[-46.98828110029251,-23.79840302977595],[-46.98403970956491,-23.79790335025939],[-46.98103557013542,-23.79459687044914],[-46.9807536101909,-23.79267486005671],[-46.98229549963753,-23.79211806999291],[-46.97991143016833,-23.79037028975705],[-46.98292011027485,-23.78586306033191],[-46.98159594040027,-23.78312013978257],[-46.97875913962253,-23.78219570956429],[-46.97628211982391,-23.77900486008616],[-46.97213507967012,-23.7787764295885],[-46.97260977961758,-23.77704180013893],[-46.96918237966304,-23.77533036960085],[-46.96355031959155,-23.77780108964851],[-46.96634797018265,-23.78445763041526],[-46.95994055960909,-23.78827488018152],[-46.9590464698187,-23.79280597041918],[-46.95071063039126,-23.79264535959561],[-46.94849065032321,-23.78952223985942],[-46.94887731023965,-23.78620883976612],[-46.94425660975469,-23.78621447042144],[-46.9426348002558,-23.78757941016158],[-46.93913698968026,-23.78485254970536],[-46.93987534027468,-23.77969173978192],[-46.938127599609,-23.77850501959091],[-46.93816562024716,-23.77628363028526],[-46.93428715003193,-23.77115248000291],[-46.93593685020545,-23.76552965956608],[-46.93364468965069,-23.76492068004529],[-46.9297181102026,-23.75921319023649],[-46.9309970900436,-23.75402259027027],[-46.93007624002644,-23.75146348035531],[-46.92733510013471,-23.75029277978791],[-46.93041813978527,-23.7470818601397],[-46.93040532984207,-23.7443130696924],[-46.9340492101029,-23.73903757012772],[-46.93172847988541,-23.73337337997748],[-46.92713686977066,-23.73049039001944],[-46.92549391990843,-23.72663277957906],[-46.9260350401849,-23.72308430030017],[-46.93181133982142,-23.71962922011238],[-46.93270500962848,-23.717670789875],[-46.9352436401818,-23.71707138004012],[-46.9349772304148,-23.71364069036554],[-46.93830223985645,-23.71284715017578],[-46.93965818008093,-23.70352700007095],[-46.94209994016006,-23.7013128404152],[-46.93961606033287,-23.69734517004349],[-46.93942912005781,-23.69159399027041],[-46.9354376500275,-23.69196502986222],[-46.9338643400672,-23.6899845896171],[-46.93016825955749,-23.68905094044851],[-46.92733670002866,-23.69043103016787],[-46.92516099988018,-23.68716741024775],[-46.92560054982545,-23.68480617006867],[-46.93002343003724,-23.6816461097801],[-46.9267624298422,-23.67188072961193],[-46.92413479968121,-23.67042471013224],[-46.92553307009507,-23.66817593017498],[-46.92491646971928,-23.66599482959765],[-46.9281339903913,-23.66037939978941],[-46.93201558035469,-23.66117335996256],[-46.93419683021949,-23.65757548002432],[-46.93709665009027,-23.65718830029977],[-46.94218063992457,-23.66045952039053],[-46.95013621991058,-23.66225466971719],[-46.95225171044802,-23.66045654992979],[-46.95841450992168,-23.66144402981809],[-46.96174673012746,-23.6570659097639],[-46.96109368022911,-23.65335974965268],[-46.96402040961419,-23.65188448018455],[-46.97327535977001,-23.65474465973818],[-46.97529679021466,-23.65246155985307],[-46.97740261034215,-23.65362750030886],[-46.98381152008557,-23.65232223957963],[-46.98682237025616,-23.65483426009297],[-46.98688421033802,-23.65840033011108],[-46.9889900295662,-23.65898210963661],[-46.9893396203272,-23.66543600976399],[-46.99299448041091,-23.66697790010994],[-46.99503918980673,-23.67073861039853],[-46.99415802956935,-23.67268146977398],[-46.99635890983581,-23.67641796042051],[-46.99596328008124,-23.68247177015604],[-46.99756954030198,-23.68626374987213],[-46.99543754990299,-23.68851510998428],[-46.99483142033375,-23.6914768301915],[-47.00086334956387,-23.69921007978132],[-46.99805413998655,-23.70374986016787],[-46.99791431969004,-23.70773011025636],[-47.00638370034744,-23.71465278020162],[-47.00303801009602,-23.71874918043028],[-47.00518693023258,-23.72058270023138],[-47.00431925982593,-23.72377100013148],[-47.00143332998414,-23.72477054982096],[-47.00114981960843,-23.72781133032856],[-47.00451327956415,-23.73306163988275],[-47.0037652099964,-23.73541982956147],[-47.00607566006363,-23.73832395988279],[-47.00754617031947,-23.73784331002071],[-47.00821241956749,-23.73898544991852],[-47.00843097011312,-23.7426163295799],[-47.00654778974865,-23.74424000966866],[-47.00768857976408,-23.74985464987213],[-47.00622556985411,-23.75851296999753],[-47.00841668977836,-23.76112259033522],[-47.01131463995864,-23.76171890020703],[-47.01138193982462,-23.76707547005685],[-47.01314944039433,-23.76923178981519],[-47.01130059974287,-23.76997419005676],[-47.01193590961452,-23.77241551036747],[-47.00939465034281,-23.77365759012565],[-47.00821681995023,-23.77686272983107],[-47.00906627998478,-23.780178499638],[-47.01177886999881,-23.78329703013378],[-47.015890580286,-23.78303053043459],[-47.01902030014668,-23.7888433803177],[-47.01429925960309,-23.79203962033216],[-47.00991006979382,-23.79137767973606],[-47.00691503959735,-23.79388444011477],[-47.0062369004126,-23.79761067039607],[-47.00223225981091,-23.7995880097788],[-47.00118290027058,-23.80189610002498],[-46.99529375999896,-23.80229345018256],[-46.99305033010859,-23.80390394980742]]]}},{"type":"Feature","id":"uc-protecao-integral-111","properties":{"id":"uc-protecao-integral-111","nome":"Parque Estadual Nascentes do Paranapanema","nome_origem":"Parque Estadual Nascentes do Paranapanema","natureza":"camada fornecida para a demonstração","fonte_arquivo":"assets/layers/Areas_Protegidas_PI_DG_UCs_Protecao_Integral/Areas_Protegidas_PI_DG_UCs_Protecao_Integral.kml","tipo":"Unidade de Conservaceo","categoria":"Parque Estadual","orgao_gestor":"Fundae o Para Conserva"},"geometry":{"type":"Polygon","coordinates":[[[-48.20089547004989,-24.26216609968571],[-48.19704928010015,-24.25481802972826],[-48.19137120981344,-24.25428932009601],[-48.18107695004119,-24.24759759964945],[-48.1710580995516,-24.24477503963635],[-48.16580403982454,-24.23789467020282],[-48.16091198959663,-24.23613133978944],[-48.15728137973184,-24.2325074199814],[-48.15447117010837,-24.23184257997104],[-48.15333795957912,-24.22967830031325],[-48.14844694986681,-24.22904503010403],[-48.14923195998693,-24.23192596960774],[-48.14833414970121,-24.23295224984639],[-48.14429957966183,-24.23066747992021],[-48.14382502990117,-24.22762907991807],[-48.14695339987946,-24.22590448960045],[-48.14377280986724,-24.22043150970637],[-48.14649928991025,-24.21329397014057],[-48.14381630018204,-24.2111396495751],[-48.13943294967083,-24.21053132026418],[-48.13854003979094,-24.20893654978192],[-48.14345722966738,-24.20091346038782],[-48.14134942023952,-24.19441159042253],[-48.13321042981744,-24.19448402991401],[-48.12996921021085,-24.19629723043278],[-48.12459224013975,-24.19705169957621],[-48.11760657987969,-24.19465034963389],[-48.11450364003093,-24.19954091957771],[-48.10346661039569,-24.20181500016207],[-48.09451005979139,-24.20115333026195],[-48.09257861011474,-24.19629852006062],[-48.09443075037876,-24.1937975099471],[-48.08767297023132,-24.19349491955484],[-48.08462805014437,-24.19103260996695],[-48.08304833970908,-24.19266540018805],[-48.07997754972411,-24.18837054026818],[-48.08148105970309,-24.18453699028981],[-48.08062330971791,-24.18137908028029],[-48.0783805498225,-24.18134621005953],[-48.07548968000469,-24.17824621009447],[-48.07583087019844,-24.1765179901131],[-48.07290259038217,-24.17422595996004],[-48.07236919977868,-24.16772797956259],[-48.07131509991189,-24.16688097018056],[-48.07203466996401,-24.16513117006741],[-48.06991934040519,-24.16357708041789],[-48.07122224041404,-24.15997781012777],[-48.07060779031724,-24.15781366986494],[-48.07320976012227,-24.15831259035372],[-48.07567706994081,-24.15641835012673],[-48.07571668957354,-24.15812047987617],[-48.07900413972925,-24.15973170975059],[-48.07883521017675,-24.16106761038185],[-48.08252122997072,-24.16028248964511],[-48.08322217955987,-24.16157097981682],[-48.08613163027047,-24.16191697958487],[-48.08650561963861,-24.16048679043297],[-48.08839448012111,-24.15986401980859],[-48.09273246972765,-24.16195166014097],[-48.09305423006862,-24.16005630025802],[-48.09553231016793,-24.15901504990461],[-48.09610067990241,-24.15501644015654],[-48.1013228802467,-24.15060036961131],[-48.10950870016632,-24.13743719966698],[-48.10688683016303,-24.13539023027488],[-48.10792627018117,-24.13403831991246],[-48.10647443974358,-24.13143884033019],[-48.10746331987627,-24.1288316904301],[-48.10633682008813,-24.12732104972662],[-48.11382079019728,-24.13043605038337],[-48.11543965981241,-24.12766331011363],[-48.11290195016483,-24.12525093987892],[-48.11659893988912,-24.12326703994188],[-48.11917820990641,-24.12350043020064],[-48.12014710980122,-24.11622485009673],[-48.12178626002782,-24.11513607956635],[-48.1217405304011,-24.11349703006385],[-48.12343823998276,-24.11390728998941],[-48.12629670003264,-24.11142168975914],[-48.12653734961896,-24.10861401982112],[-48.1288066296222,-24.11091724023839],[-48.12980722971986,-24.10739796014769],[-48.13258196018927,-24.10716043030959],[-48.13264784991827,-24.10965276016668],[-48.13660101962131,-24.10996862005572],[-48.13821707975438,-24.111737510078],[-48.14300230041579,-24.11320182040765],[-48.14161615016513,-24.11495954984332],[-48.14266424975528,-24.11599573971159],[-48.14179319969639,-24.11850856961473],[-48.14760788959239,-24.12193893013745],[-48.14703541984869,-24.12289934043218],[-48.14985537002929,-24.12722604984231],[-48.15185985994452,-24.12751928998318],[-48.15042624977156,-24.13003093997588],[-48.15578121972749,-24.13830430979601],[-48.1556414902625,-24.1417938996687],[-48.15951073972883,-24.14286750043476],[-48.16246669977835,-24.14623258996204],[-48.16674219009997,-24.14723913008174],[-48.16736782956167,-24.14919526974586],[-48.16961240968493,-24.14954295034681],[-48.17197219026434,-24.15213012000896],[-48.17608664977899,-24.15009510980144],[-48.17914340044751,-24.15317824028352],[-48.18225825991072,-24.15063353031314],[-48.18683657984423,-24.15004193019087],[-48.19693143024125,-24.1436410702791],[-48.20060083955707,-24.13837917026245],[-48.20316539037043,-24.14001818019483],[-48.20476208000593,-24.13962829980613],[-48.20507271033728,-24.1361570300229],[-48.21247652027517,-24.14188520963467],[-48.21749050957931,-24.140025550139],[-48.22160724977471,-24.14360828999054],[-48.22679190971883,-24.14158993972387],[-48.22626145000589,-24.13991408996321],[-48.22766575037406,-24.1388193596257],[-48.22929698027139,-24.13896202987371],[-48.22769686961482,-24.136774240139],[-48.22811062970175,-24.13433697037482],[-48.234374489591,-24.13464525977088],[-48.23526645967934,-24.1303396502546],[-48.23813728001141,-24.12790630962843],[-48.24290666001428,-24.13213066989448],[-48.24692552968941,-24.13365391009984],[-48.24713688026276,-24.13710349992652],[-48.24515546964915,-24.14075734017905],[-48.24672419036904,-24.14413679008078],[-48.2458516303484,-24.14674042003429],[-48.24751147037802,-24.15120620959885],[-48.24704110965945,-24.15378668021106],[-48.24957466983511,-24.15664816018437],[-48.25180306036293,-24.15669674965523],[-48.25525792021682,-24.15362424016649],[-48.25889421019957,-24.15346190983922],[-48.26300074039182,-24.1555853998463],[-48.26886092968812,-24.15165313038761],[-48.26837375974117,-24.14909776974622],[-48.27451814019997,-24.14750492021585],[-48.27921271009848,-24.15192749016148],[-48.27809012955578,-24.15235871957918],[-48.27933970965984,-24.15467433984884],[-48.28612668000221,-24.16304242986422],[-48.28318737000109,-24.16669343005771],[-48.28592743969955,-24.16936561982743],[-48.28649193965123,-24.17272614979191],[-48.28862353974455,-24.17426497974498],[-48.28776339036813,-24.177769549625],[-48.28977075002007,-24.18868138014153],[-48.28705232970123,-24.1913865804263],[-48.28738231973824,-24.19280805964416],[-48.28956530979116,-24.19197039961421],[-48.2896692597285,-24.19470462012208],[-48.28849059026851,-24.19625068961761],[-48.28934884027672,-24.1979158302513],[-48.28711153027285,-24.2006589396583],[-48.2879950800089,-24.20406053986198],[-48.29027865023949,-24.20491867026038],[-48.29066891014207,-24.20697128020038],[-48.28840700997551,-24.20960821025068],[-48.29171243038434,-24.2102462495647],[-48.28828593964437,-24.21479692973446],[-48.28251321031638,-24.21747113038833],[-48.27877758032105,-24.21467458956062],[-48.27469523020068,-24.2141920799005],[-48.27066016013822,-24.21561324975164],[-48.2724119099816,-24.22356891966984],[-48.2658230701785,-24.24200415017134],[-48.26422693002877,-24.24336690006237],[-48.26422568986368,-24.2464725603603],[-48.26253101009797,-24.24735592033943],[-48.26452107039103,-24.24832945983667],[-48.26344157996488,-24.24891291030252],[-48.27042826005612,-24.25618994011359],[-48.27553202957944,-24.25366898033911],[-48.27963143983902,-24.25405376966569],[-48.28601079965864,-24.25192065961073],[-48.28703291963348,-24.25581097029999],[-48.28304214028253,-24.2598253199825],[-48.28386399023094,-24.26387218015697],[-48.29318352969608,-24.27237845010535],[-48.29361787976131,-24.27564918006556],[-48.28922014998989,-24.27631710025395],[-48.28087228033144,-24.2816666104257],[-48.27192032975938,-24.27638497029011],[-48.26731448967195,-24.27569926960558],[-48.26608982978178,-24.27376293031494],[-48.2633976498816,-24.27317184010826],[-48.2572989199092,-24.26659552965992],[-48.25697073031489,-24.2642683800816],[-48.25255030974893,-24.25766191986168],[-48.24821149006817,-24.25986698017692],[-48.24310472040651,-24.25936042983994],[-48.24205688971364,-24.26240054035259],[-48.23933311033471,-24.26362286020679],[-48.23462034984925,-24.26297193990308],[-48.22944870039714,-24.26393754018528],[-48.22637066007786,-24.26253899008231],[-48.22106758010472,-24.26423198991438],[-48.21777905975574,-24.26247614006178],[-48.21031121988682,-24.26212729034211],[-48.20573523998928,-24.26345626979099],[-48.20089547004989,-24.26216609968571]]]}},{"type":"Feature","id":"uc-protecao-integral-112","properties":{"id":"uc-protecao-integral-112","nome":"Parque Estadual Porto Ferreira","nome_origem":"Parque Estadual Porto Ferreira","natureza":"camada fornecida para a demonstração","fonte_arquivo":"assets/layers/Areas_Protegidas_PI_DG_UCs_Protecao_Integral/Areas_Protegidas_PI_DG_UCs_Protecao_Integral.kml","tipo":"Unidade de Conservatoo","categoria":"Parque Estadual","orgao_gestor":"Fundae o Para Conserva"},"geometry":{"type":"Polygon","coordinates":[[[-47.42190777962031,-21.86677972010796],[-47.42359055955666,-21.86632500039838],[-47.42038194037423,-21.86396500038444],[-47.42114972038326,-21.85894527970083],[-47.41740833023022,-21.85294139043276],[-47.41255694015064,-21.85023805983855],[-47.41592443986099,-21.84662917039986],[-47.41351749973279,-21.84176721958147],[-47.45672277983238,-21.84444500043639],[-47.4557624999394,-21.84490166987609],[-47.45651333042582,-21.8462500000374],[-47.44966000000898,-21.84706777965425],[-47.44204528016553,-21.85345361009598],[-47.43556333018353,-21.8566633300486],[-47.42854471966302,-21.86456333013354],[-47.42190777962031,-21.86677972010796]]]}},{"type":"Feature","id":"uc-protecao-integral-113","properties":{"id":"uc-protecao-integral-113","nome":"Parque Estadual Prelado","nome_origem":"Parque Estadual Prelado","natureza":"camada fornecida para a demonstração","fonte_arquivo":"assets/layers/Areas_Protegidas_PI_DG_UCs_Protecao_Integral/Areas_Protegidas_PI_DG_UCs_Protecao_Integral.kml","tipo":"Unidade de Conservalao","categoria":"Parque Estadual","orgao_gestor":"Fundae o Para Conserva"},"geometry":{"type":"Polygon","coordinates":[[[-47.30163328015169,-24.60574927970544],[-47.252330600177,-24.57665010961483],[-47.24519008025794,-24.57340411011154],[-47.24261337960377,-24.57409681021954],[-47.25153622002051,-24.57164024999747],[-47.25441944020497,-24.56739051985659],[-47.26391606967081,-24.56355693030804],[-47.27710315978294,-24.56271362973018],[-47.2846702704166,-24.56525747005617],[-47.29451833964958,-24.5627409196577],[-47.2994538397229,-24.56774326004336],[-47.30469323960131,-24.56479141978815],[-47.30405237012076,-24.56844116003145],[-47.30562509012577,-24.57164236969953],[-47.30847341031961,-24.57345465021189],[-47.31464419037707,-24.58712213028207],[-47.31327614977442,-24.59228841977472],[-47.30800967040994,-24.59623635002748],[-47.30163328015169,-24.60574927970544]]]}},{"type":"Feature","id":"uc-protecao-integral-114","properties":{"id":"uc-protecao-integral-114","nome":"Parque Estadual Restinga de Bertioga","nome_origem":"Parque Estadual Restinga de Bertioga","natureza":"camada fornecida para a demonstração","fonte_arquivo":"assets/layers/Areas_Protegidas_PI_DG_UCs_Protecao_Integral/Areas_Protegidas_PI_DG_UCs_Protecao_Integral.kml","tipo":"Unidade de Conservatio","categoria":"Parque Estadual","orgao_gestor":"Fundae o Para Conserva"},"geometry":{"type":"Polygon","coordinates":[[[-45.99209168987954,-23.7916635400403],[-45.97411260001644,-23.78353021984373],[-45.97397828986612,-23.78063530037878],[-45.97244143032771,-23.77941442033921],[-45.96752227003668,-23.77990513001771],[-45.96212418028665,-23.77782770958106],[-45.96221263040854,-23.77703010985164],[-45.96853930974129,-23.77885695038793],[-45.96950899024768,-23.77685568004557],[-45.96791856978615,-23.77847301991392],[-45.96177505987106,-23.77662161979185],[-45.96175152011654,-23.77842594040476],[-45.96717829014591,-23.78055675988651],[-45.96606652035359,-23.78108566017505],[-45.95640875036349,-23.77761222032768],[-45.95653023977871,-23.77395998986162],[-45.95823122019459,-23.77410754972362],[-45.95815857026179,-23.76418323956483],[-45.94737332022248,-23.76273242985769],[-45.94739910018831,-23.76620381025759],[-45.90056373992462,-23.75137721019007],[-45.89970283961429,-23.75860988993441],[-45.898121989738,-23.7602891796019],[-45.89457410041439,-23.7542916197624],[-45.89530358998866,-23.75140069958258],[-45.8935335299484,-23.75388959043221],[-45.89336067035862,-23.75675731979442],[-45.89570533962967,-23.75862743031161],[-45.89599286997492,-23.76493683996313],[-45.88413519008691,-23.76232885009631],[-45.88042727000249,-23.7632822897458],[-45.87603868993352,-23.7622003001037],[-45.87532906998058,-23.76014077977311],[-45.87756961034921,-23.75926103956527],[-45.87628565006264,-23.75802193026783],[-45.87815598990699,-23.75597914002526],[-45.87713890973288,-23.75502754038865],[-45.87504912002083,-23.75992308987867],[-45.86541886029215,-23.75847629024855],[-45.86960508031018,-23.73466707992173],[-45.86769127982865,-23.73425766985554],[-45.86690859985197,-23.73120773964541],[-45.86569683983726,-23.73126258030379],[-45.86564379962164,-23.73501030977792],[-45.86355786979982,-23.73494715039061],[-45.86313378009982,-23.7429357202073],[-45.84884413015243,-23.74203252028451],[-45.85787364994894,-23.72931327998384],[-45.86018928011117,-23.72921904991915],[-45.85971054040908,-23.6998327496816],[-45.8644526196926,-23.70250590981982],[-45.86473254986726,-23.70143253028698],[-45.86545305971089,-23.70226233024232],[-45.86859129974863,-23.70054105032915],[-45.87249927042495,-23.7050670701891],[-45.87167134016016,-23.71047702019825],[-45.86455531957228,-23.71014786023551],[-45.86361638958465,-23.72959762043376],[-45.87069205039779,-23.72992824988876],[-45.87443231999555,-23.70528642023208],[-45.87676185997179,-23.70678500012758],[-45.87869034008708,-23.70581152987813],[-45.88038226972594,-23.70744834996134],[-45.88067173990885,-23.70524317992874],[-45.88218020964894,-23.70640683970385],[-45.88217566987123,-23.70401079036566],[-45.88371021995067,-23.70339636005394],[-45.88428388039671,-23.7045244201658],[-45.88561083007568,-23.70333572956025],[-45.88456891961988,-23.70554195000096],[-45.88654641008873,-23.70464839980377],[-45.88534715964369,-23.70663443023471],[-45.88688362977564,-23.70728830031476],[-45.88850561014573,-23.7053290103255],[-45.88709702001142,-23.70086773985429],[-45.88850761023798,-23.70164162985731],[-45.89137513005818,-23.69911481010035],[-45.8933028502463,-23.69907119028318],[-45.89639574017122,-23.70266759982985],[-45.8944388702576,-23.70591035008255],[-45.89287286009437,-23.70602136959047],[-45.8928235097971,-23.70761966991176],[-45.89611374964977,-23.71075448982782],[-45.89846900034405,-23.71203962013232],[-45.89885720979237,-23.7088114496886],[-45.90213471974147,-23.71141188974684],[-45.90176158023269,-23.71273957956788],[-45.90413984008148,-23.71272425961683],[-45.90712334007003,-23.71500848005724],[-45.90976167036473,-23.71460886001086],[-45.91070590005722,-23.7129384601418],[-45.91356325034371,-23.71492326030017],[-45.91339233958479,-23.71689176024648],[-45.91127310966624,-23.71734826960693],[-45.9085603101102,-23.72107948033369],[-45.90949598994791,-23.72218398989918],[-45.91114657955097,-23.7215442202895],[-45.91150411042634,-23.71981585012134],[-45.91334023016742,-23.71960631977578],[-45.91366736036036,-23.72537564966643],[-45.91677065993798,-23.72521069961402],[-45.91746796007823,-23.72771849960901],[-45.91853470980897,-23.72672028990939],[-45.92305624025323,-23.72888792044114],[-45.92566126955188,-23.72875691979596],[-45.92473795988889,-23.73048824963297],[-45.92586784022859,-23.73111199961903],[-45.92761499003973,-23.73040092995893],[-45.92812862973244,-23.72802636002842],[-45.93120647040223,-23.72873374966275],[-45.93175065017232,-23.73044444005882],[-45.93309397021051,-23.7283033898895],[-45.9323554604361,-23.72506334030089],[-45.93637644981328,-23.72579122008869],[-45.93769511044093,-23.7244431804084],[-45.93705392979496,-23.72625622984111],[-45.93888609971367,-23.72655942008112],[-45.93801847966904,-23.72786219958078],[-45.93915173966104,-23.72871921032328],[-45.93691530020089,-23.72889091968017],[-45.93828545960622,-23.73086777972424],[-45.93656053024421,-23.73144076028279],[-45.93857030007922,-23.73258635987258],[-45.93827112980875,-23.73449858024526],[-45.94299633960935,-23.73512706965852],[-45.94217131955071,-23.73603817012543],[-45.94317919966028,-23.73703210984394],[-45.9467671097143,-23.73646366996235],[-45.94763163968838,-23.73788648017688],[-45.94958515962736,-23.7372409998722],[-45.95220340985941,-23.73918208038867],[-45.95430311999297,-23.73777057015565],[-45.95849279970292,-23.7394538204374],[-45.95820141036677,-23.74125212998177],[-45.96303277973897,-23.74461243961235],[-45.96675691999582,-23.74525871042113],[-45.96818493998296,-23.74790447001521],[-45.96764337993801,-23.74631727991851],[-45.97070992961949,-23.74667557971418],[-45.97375199975494,-23.74925585967014],[-45.97491369001472,-23.74849890030396],[-45.97236502032939,-23.74327303971899],[-45.96717539972485,-23.73884149004266],[-45.96637478007199,-23.73512678007677],[-45.97235193969021,-23.73487470999981],[-45.97255279967192,-23.73156205004852],[-45.97689339011782,-23.7345620400061],[-45.97771123988178,-23.7340652697963],[-45.98050503957586,-23.73675203038187],[-45.97420139997456,-23.73958873043551],[-45.97627299999891,-23.74138823967547],[-45.97670040010331,-23.74048309002256],[-45.97954555018697,-23.74183240044488],[-45.98017241992119,-23.74438015012379],[-45.97913001034163,-23.74563520979706],[-45.98247895973617,-23.74749923010535],[-45.98244898982898,-23.73961864008811],[-45.9840045696551,-23.73895494041813],[-45.98481798036545,-23.7365494104269],[-45.98973092993845,-23.73754104967963],[-45.98974158960266,-23.73853727007889],[-45.99342585032269,-23.73696019016063],[-45.99144685978473,-23.73248251965254],[-45.99302946963428,-23.72588735042086],[-45.995518380269,-23.72675041000338],[-45.9948281299142,-23.73032995006707],[-45.99837301010626,-23.73072608973723],[-46.00062281978728,-23.73390104010087],[-46.00041301964512,-23.73668402005143],[-46.00176551007019,-23.73655202025947],[-46.00434757967702,-23.74126786991621],[-46.00574845992344,-23.74124610991998],[-46.00617373043326,-23.73938824007519],[-46.0074370296951,-23.74023351016831],[-46.00761423031241,-23.73903565007515],[-46.00960394976244,-23.74171410991818],[-46.01051142955879,-23.73896446963454],[-46.01586770982692,-23.73816133997383],[-46.02198585975958,-23.73998713010195],[-46.01824577002623,-23.74319418985993],[-46.00824001006839,-23.77554346036237],[-46.00321695020205,-23.77402292981429],[-46.00390367971102,-23.77070583980264],[-46.00095865002163,-23.769863690357],[-45.9978440999252,-23.76912924012231],[-45.99758387029931,-23.77274854011301],[-45.99230525008716,-23.77108586002436],[-45.99209168987954,-23.7916635400403]]]}},{"type":"Feature","id":"uc-protecao-integral-115","properties":{"id":"uc-protecao-integral-115","nome":"Parque Estadual Restinga de Bertioga","nome_origem":"Parque Estadual Restinga de Bertioga","natureza":"camada fornecida para a demonstração","fonte_arquivo":"assets/layers/Areas_Protegidas_PI_DG_UCs_Protecao_Integral/Areas_Protegidas_PI_DG_UCs_Protecao_Integral.kml","tipo":"Unidade de Conservatio","categoria":"Parque Estadual","orgao_gestor":"Fundae o Para Conserva"},"geometry":{"type":"Polygon","coordinates":[[[-46.16092965987588,-23.82832336003497],[-46.15558353025568,-23.82654476003262],[-46.15248688026526,-23.81711077014586],[-46.15069325978607,-23.81731434967747],[-46.14536480993797,-23.82256241991968],[-46.14518320983723,-23.81476660989108],[-46.14267795042701,-23.81451871986297],[-46.13561914021113,-23.81715604021906],[-46.13113597034874,-23.8087869600501],[-46.12997475043431,-23.80943023971372],[-46.13071352011281,-23.81158489033038],[-46.12986975008886,-23.81258185986491],[-46.11972713040268,-23.8144644502741],[-46.11935666008173,-23.81142564018108],[-46.12349451006355,-23.80572220991201],[-46.11968652960962,-23.80193528978174],[-46.11510949031072,-23.80133729997635],[-46.11447616973942,-23.79483378964761],[-46.11292682041636,-23.79223998029079],[-46.1117588699758,-23.79297603041942],[-46.11165891033039,-23.79637286961218],[-46.1093022701836,-23.79739545003991],[-46.10393142989153,-23.79577801034685],[-46.10250877975636,-23.79190203035438],[-46.10078278020109,-23.79129449964142],[-46.09899016966057,-23.79447525962547],[-46.09934850992573,-23.79835387013497],[-46.09066934981058,-23.79412589999026],[-46.0908911397143,-23.79642955028345],[-46.08817333003509,-23.7958445898559],[-46.08467024043921,-23.80069068023067],[-46.08430016042405,-23.79497060980577],[-46.08635249966807,-23.79571089034528],[-46.08752211025717,-23.79200882035076],[-46.09084844979606,-23.78963731980645],[-46.08454019037742,-23.7887713599103],[-46.08726341037806,-23.78634807010729],[-46.0905897903865,-23.78776714993398],[-46.08976702043162,-23.78583549970853],[-46.08237645031289,-23.78412534980498],[-46.08121350999545,-23.78231074004856],[-46.07895842039477,-23.7835244497935],[-46.08211510013172,-23.78538884961569],[-46.07990079028917,-23.78546666975097],[-46.07997704020818,-23.78882733011716],[-46.07770001974006,-23.78507003995031],[-46.0738949998543,-23.78464688014935],[-46.07428990025863,-23.78319209993543],[-46.07275345980429,-23.78128846988693],[-46.07277208026727,-23.79317955958896],[-46.06449283967277,-23.79334215971284],[-46.06446229959539,-23.78415331961997],[-46.05661572013935,-23.78192029038905],[-46.05660019963943,-23.77683620972323],[-46.05328756037255,-23.77661721041591],[-46.05410408003922,-23.77601071032598],[-46.05313618019051,-23.77449266010814],[-46.05051951006732,-23.78538484043798],[-46.04557262997287,-23.78401874956558],[-46.0485403801344,-23.77487031960953],[-46.03683032036292,-23.76522304021108],[-46.04029028027219,-23.75265728000943],[-46.04255515000011,-23.75565819986599],[-46.04512859960516,-23.75579326994341],[-46.04599236965208,-23.75121247957225],[-46.0475826300343,-23.75114364006691],[-46.04837132018025,-23.74908650024173],[-46.05313020959147,-23.74906325996142],[-46.05160237025314,-23.74541533994596],[-46.04776920968123,-23.74214946002951],[-46.05337415968967,-23.74416341980594],[-46.05488781042408,-23.74694710032838],[-46.05460866985419,-23.74948081968404],[-46.05700790009445,-23.74929356014962],[-46.05742051984106,-23.7523802996111],[-46.056387449721,-23.75506398991115],[-46.05499619042183,-23.75457514003062],[-46.05247770018565,-23.75812464004008],[-46.05347232968421,-23.76647031984936],[-46.05796887966005,-23.76802704990837],[-46.05740712983516,-23.77201569966473],[-46.06262690021123,-23.77649797020513],[-46.0645045002824,-23.77598235020525],[-46.0645251397234,-23.77453942035794],[-46.06124222035214,-23.77197927981985],[-46.06177335006004,-23.76746112992714],[-46.06592569981115,-23.77117518968322],[-46.06863411966884,-23.76872926034702],[-46.07162598964766,-23.76855427026334],[-46.07324012972816,-23.77138589993928],[-46.07593974971962,-23.77034402995298],[-46.07820283968925,-23.76625369025555],[-46.08559666985042,-23.7658954696002],[-46.08680114985316,-23.76458899028961],[-46.08517890957899,-23.76875577955553],[-46.08690360961384,-23.77008310964777],[-46.0868585598746,-23.77165327018224],[-46.08445344986677,-23.77712635979361],[-46.08646941962797,-23.77748463980424],[-46.09314630036141,-23.77617898966861],[-46.09412259987806,-23.77320433990832],[-46.09562992028452,-23.77365768995037],[-46.09699309015895,-23.77226339993592],[-46.102927610221,-23.77361170041962],[-46.10477158014425,-23.76531804998797],[-46.10953770999726,-23.76316989967108],[-46.11045270003206,-23.76459976956369],[-46.1118696295797,-23.76400642026005],[-46.10966031007518,-23.76950348040123],[-46.11027164042383,-23.77243655000672],[-46.1080912296265,-23.77386464014097],[-46.11370588961506,-23.7820882603649],[-46.11378865961888,-23.78055060042982],[-46.11647951032108,-23.77854615008471],[-46.1160352200493,-23.77998093027566],[-46.11744274988297,-23.78277355005923],[-46.11895011975218,-23.78281095016519],[-46.11888579034689,-23.78509870044462],[-46.12176567044929,-23.78510703985796],[-46.12016023041025,-23.78658135964201],[-46.1244972901178,-23.78883791963426],[-46.12434607990764,-23.79009753976959],[-46.12691372978475,-23.79134257020343],[-46.12756521036613,-23.79339976039057],[-46.13082160962955,-23.79610141015189],[-46.13472673035426,-23.79570516975775],[-46.13917403975012,-23.79797006017009],[-46.13977073003514,-23.79945781042954],[-46.14338259982708,-23.79924811011216],[-46.14499926970052,-23.80220372032539],[-46.14919341994033,-23.80187820981149],[-46.15303326966961,-23.80337304043343],[-46.15234965001628,-23.8047112604163],[-46.15429372977178,-23.80535402027175],[-46.15382267027996,-23.80707548004932],[-46.15766905987914,-23.80764634000656],[-46.15774664978801,-23.81034150025999],[-46.15921288017023,-23.81067250023563],[-46.15797547958465,-23.81291098025747],[-46.1611834296715,-23.81500668031401],[-46.1607985000507,-23.81686901978941],[-46.17341098992523,-23.8240501998568],[-46.16945482008384,-23.82434839975878],[-46.16092965987588,-23.82832336003497]]]}},{"type":"Feature","id":"uc-protecao-integral-116","properties":{"id":"uc-protecao-integral-116","nome":"Parque Estadual Rio Turvo","nome_origem":"Parque Estadual Rio Turvo","natureza":"camada fornecida para a demonstração","fonte_arquivo":"assets/layers/Areas_Protegidas_PI_DG_UCs_Protecao_Integral/Areas_Protegidas_PI_DG_UCs_Protecao_Integral.kml","tipo":"Unidade de Conserva To","categoria":"Parque Estadual","orgao_gestor":"Fundae o Para Conserva"},"geometry":{"type":"Polygon","coordinates":[[[-48.52919680958507,-25.10021472043297],[-48.52693585010934,-25.09730986975467],[-48.52782053029318,-25.09521263995134],[-48.52075558040565,-25.09167399026239],[-48.52295674036122,-25.08867818035367],[-48.52186290035252,-25.08393956975527],[-48.509851459777,-25.08344052965668],[-48.50936288958565,-25.07918131976203],[-48.5114486997976,-25.07649962955423],[-48.50800637019779,-25.07227205960783],[-48.50979653008574,-25.06950424042833],[-48.5031570899277,-25.06413982039635],[-48.50112503039577,-25.06026978042598],[-48.49367951979394,-25.05706656976633],[-48.49155744981641,-25.05277069990785],[-48.48793406960158,-25.05214082014271],[-48.4837557195508,-25.05345997989411],[-48.48362704005581,-25.05102995956491],[-48.48751171019723,-25.04564440006897],[-48.48697332026245,-25.04192583021285],[-48.48613747956097,-25.04016074971878],[-48.4812254796721,-25.03910278006919],[-48.47894395989579,-25.03537268000514],[-48.47978371984277,-25.03063955976785],[-48.47532523996779,-25.0209969298644],[-48.47481226037746,-25.01411987982857],[-48.46525380971548,-25.01076217013798],[-48.46439461002319,-25.00580053037015],[-48.45556181962223,-25.00526259009644],[-48.45347145974006,-25.00193254984725],[-48.44583950978551,-24.99839909014582],[-48.44440026985654,-24.99568482019822],[-48.44099914989079,-24.99574624029668],[-48.43460072983976,-24.99117490000157],[-48.43132296987909,-24.99165084011412],[-48.42866569986211,-24.98990815004106],[-48.42591451993911,-24.99125045024806],[-48.41834399008303,-24.99006325971163],[-48.41414882990455,-24.98705720022957],[-48.41394274036514,-24.9831818002998],[-48.41163715023424,-24.98027172995631],[-48.40564865016501,-24.9825319501893],[-48.40384115044867,-24.9851447999925],[-48.40048140019644,-24.98528466975165],[-48.39553645004708,-24.98875402038169],[-48.39523513039688,-24.99130284025381],[-48.39244479039473,-24.99073049011997],[-48.38591552977783,-24.9951103197854],[-48.38059890961193,-24.99552214992724],[-48.37851213982333,-24.99712844971816],[-48.37757040035365,-25.00336562042702],[-48.37435325020232,-25.00422935989701],[-48.37002828997356,-25.00827729026469],[-48.36660187028002,-25.01429940968995],[-48.35821601955359,-25.01646995042785],[-48.35661828040929,-25.024013409791],[-48.35017346972978,-25.02708434996276],[-48.35252426967924,-25.03338952021016],[-48.35098592985673,-25.03675537955706],[-48.34924684966234,-25.03701316032902],[-48.34795060014005,-25.0351038501625],[-48.34341563022713,-25.0377753195753],[-48.33932804964974,-25.03623109998523],[-48.3379344997773,-25.03746058024154],[-48.33802252002323,-25.0393483399539],[-48.33595189036743,-25.04027685039631],[-48.33374854955588,-25.03634764043119],[-48.32381935967567,-25.03742344993225],[-48.32352379029066,-25.04282393997283],[-48.32669643029595,-25.05092212005974],[-48.32384689961469,-25.05439938022715],[-48.3146270697834,-25.04741025038271],[-48.31126642020911,-25.04842334026489],[-48.30936203023344,-25.04762174035102],[-48.30717216036686,-25.04356609020283],[-48.30843897957521,-25.03772305007863],[-48.30750977035956,-25.03582007023999],[-48.29856934010292,-25.03517038020885],[-48.29668298962821,-25.03039817003946],[-48.29970060000267,-25.02512856013487],[-48.29758095010072,-25.02377241036839],[-48.2932825099798,-25.02421757028458],[-48.29203599026869,-25.02866205041323],[-48.28974086015251,-25.03033482988843],[-48.28968765985758,-25.03906057038898],[-48.28698159982093,-25.04094239007918],[-48.28394755973204,-25.03876894003452],[-48.27828988966661,-25.03305837004768],[-48.27872304003625,-25.0300420304153],[-48.27659419996229,-25.02865944957392],[-48.27675992972695,-25.02429465027785],[-48.27826318969443,-25.0230497403532],[-48.27853373004757,-25.02066320044628],[-48.27706278002324,-25.0173062299985],[-48.27199810043197,-25.01389230998205],[-48.27167482023674,-25.00880560959115],[-48.2730610496277,-25.00523028015328],[-48.27082044990379,-25.00310452025735],[-48.26985998025384,-24.99772632980626],[-48.26642782018769,-24.99665254018254],[-48.26673551962847,-24.9952774497944],[-48.2642192498185,-24.99309239040144],[-48.26239170960969,-24.99378972021935],[-48.25963900983237,-24.99825122001772],[-48.25724485986234,-24.99636609981559],[-48.25506112966735,-24.9964178000414],[-48.25754334035281,-24.9919830200003],[-48.25951570018935,-24.99086696044185],[-48.25764681994474,-24.98852226958701],[-48.2591863801473,-24.98652017006975],[-48.25534381986137,-24.98209953006921],[-48.25369953000927,-24.98213234003543],[-48.25210356972394,-24.97999114957184],[-48.25236239011218,-24.97814592959094],[-48.25047809009175,-24.97739819007438],[-48.24932417986696,-24.97853196987444],[-48.24916316974446,-24.98443093973606],[-48.2462231798558,-24.98706578965442],[-48.24562171956666,-24.98961757009477],[-48.24024159017722,-24.99207725006499],[-48.23849352035961,-24.99007427011145],[-48.23235655031448,-24.98808168002546],[-48.22569227987475,-24.98220893979067],[-48.22646663033066,-24.9806620303284],[-48.23085732020911,-24.97848766027727],[-48.2274078796699,-24.97475255009005],[-48.22854846014326,-24.97249616996226],[-48.22344150971787,-24.97048631019504],[-48.22380395988478,-24.96915115959831],[-48.22043928044837,-24.96558821022768],[-48.22019133016573,-24.96275003978246],[-48.21747145024722,-24.96216452986909],[-48.21627368997878,-24.95953241029247],[-48.21335538993924,-24.9579168402899],[-48.21063107996031,-24.95701669986079],[-48.20357732033705,-24.96020884975854],[-48.19171826988219,-24.96144926037505],[-48.18368727005145,-24.96875579964041],[-48.18021593012105,-24.97030264974745],[-48.17482571033821,-24.96871768007685],[-48.17016133967405,-24.96982263031009],[-48.16610621023335,-24.96610513964043],[-48.16213512963247,-24.96456409016059],[-48.15265934015639,-24.97019651985346],[-48.15046971040874,-24.97463312012235],[-48.14660546027375,-24.97514994971039],[-48.1442125702539,-24.98436568043178],[-48.14229758986187,-24.98411966998674],[-48.13926880990761,-24.98605177976577],[-48.1377427898978,-24.98612430019625],[-48.13727460014263,-24.98407830027327],[-48.13588600013873,-24.98379988995293],[-48.13466153000559,-24.97911160991282],[-48.12566263032608,-24.98155874973645],[-48.11491270026085,-24.97700016992184],[-48.11221951042205,-24.97341996975575],[-48.10510883000848,-24.9757775496941],[-48.0994785398027,-24.97497425995408],[-48.09594890042138,-24.9705092402092],[-48.09856928024806,-24.96599441960672],[-48.09866583955682,-24.96314482957018],[-48.09273743038807,-24.95843240003518],[-48.09307457992787,-24.95488247014981],[-48.09493766044466,-24.95298464972177],[-48.09510998044118,-24.94994857986302],[-48.09365000034722,-24.94748478009848],[-48.09379676970514,-24.94629570997898],[-48.09570776969775,-24.94599976018077],[-48.09450384997268,-24.94486475010808],[-48.09504911972107,-24.94357509981097],[-48.09682676014683,-24.94379036962982],[-48.10022429991147,-24.93742733969992],[-48.10070930968686,-24.94039857023779],[-48.10425927014916,-24.94444078991046],[-48.11182652017771,-24.94267214989975],[-48.11365955974082,-24.94418903009961],[-48.12009311000895,-24.94001771004923],[-48.11639236021921,-24.93498356963596],[-48.11675174010071,-24.931241989726],[-48.12638875014068,-24.93085187011769],[-48.12779761007158,-24.92720986044668],[-48.1265010799608,-24.92271450027391],[-48.1277906798959,-24.92146200996376],[-48.13852236001884,-24.91770902035495],[-48.14304639957163,-24.92253532024881],[-48.15100904013508,-24.91580821957365],[-48.15433496958315,-24.91734653961106],[-48.16167050029333,-24.90119244037879],[-48.156717340233,-24.90202362978664],[-48.15521513966689,-24.88970714996498],[-48.16122440957878,-24.8870449201869],[-48.16353148988628,-24.87805750035329],[-48.1553728798545,-24.86869747970491],[-48.15276689997239,-24.87055070994728],[-48.14743371969035,-24.87009712967875],[-48.14328722992167,-24.8711826698443],[-48.13454118992394,-24.86845264017717],[-48.14129144994041,-24.86174924023521],[-48.14515238967101,-24.85483496006532],[-48.13612572971863,-24.84232987982006],[-48.12870935984904,-24.84272820034613],[-48.12446393026613,-24.83658380999481],[-48.11730059994267,-24.8364549002734],[-48.11750809961904,-24.83227189982824],[-48.1112714801946,-24.83184874002728],[-48.10633140976671,-24.82796971043376],[-48.10734922019032,-24.82460956987569],[-48.10479799013507,-24.81785090029877],[-48.10833586011182,-24.81691425009251],[-48.10636355963055,-24.81200989983694],[-48.10903790957184,-24.80920488020104],[-48.11361180034424,-24.80750946029332],[-48.11381436004461,-24.80593118967261],[-48.11249939023463,-24.80491222002291],[-48.11410591035946,-24.78713777988457],[-48.11737171023617,-24.78707926999226],[-48.117479369877,-24.77833538027352],[-48.11505424995363,-24.77192814956442],[-48.12641610032273,-24.77455350983655],[-48.14242955008365,-24.78460696983575],[-48.1466967198777,-24.78573655969444],[-48.15261226964049,-24.79118111022001],[-48.15985027966661,-24.80095275956216],[-48.15874168987705,-24.80509723035283],[-48.15720635019284,-24.80571600978595],[-48.15743864957398,-24.80886769019173],[-48.15212707010818,-24.81496849040349],[-48.15104252998873,-24.82012110030848],[-48.15989607044725,-24.81634430024923],[-48.16151887999229,-24.83052898042808],[-48.16066642971191,-24.83211735043534],[-48.15915871000641,-24.83214594977574],[-48.15806813993265,-24.83717784008519],[-48.16263832010236,-24.83650979039447],[-48.16348696984772,-24.83784397961591],[-48.1645936000146,-24.83725301981099],[-48.16863647978965,-24.83939852971832],[-48.17198348035328,-24.83567752000152],[-48.17558155004843,-24.83479642991125],[-48.17800941020607,-24.84084332026299],[-48.17508016991388,-24.84627496012126],[-48.17579272975064,-24.85156035042979],[-48.18944303007174,-24.85151880984517],[-48.19597258027034,-24.8494024802402],[-48.19616326981901,-24.85113786961693],[-48.19419802002255,-24.85181802957834],[-48.19624775033338,-24.85391739976814],[-48.1990920496583,-24.85418214039345],[-48.20185370038791,-24.85793321984215],[-48.20452891008108,-24.84946050989458],[-48.20565169027327,-24.85193104018532],[-48.20744082043745,-24.85187774995813],[-48.20640872967908,-24.85717719037501],[-48.20926148982585,-24.85840639993535],[-48.20662822001628,-24.86104903978134],[-48.20564553980978,-24.86343998007101],[-48.20721913035851,-24.86521262026616],[-48.20550112038035,-24.86668051979012],[-48.20736740967817,-24.86780539989923],[-48.20869498978192,-24.87759385037583],[-48.20341646040129,-24.8840288899213],[-48.20469255971381,-24.88493815037532],[-48.20727274973757,-24.88411252956956],[-48.20633227021807,-24.88584354014722],[-48.20850677966411,-24.8896827900287],[-48.21053954966044,-24.88782986015985],[-48.21575068024964,-24.88735879976878],[-48.21541144967864,-24.88483524994678],[-48.21789871994991,-24.88795298004595],[-48.22108622035273,-24.8885765897378],[-48.22177710023294,-24.8845201301998],[-48.22423485025809,-24.88488641957258],[-48.22547358993421,-24.88647640026562],[-48.22631023013298,-24.88350915012711],[-48.22937606035686,-24.8799721201172],[-48.23552732962253,-24.87912934024683],[-48.23808842973722,-24.87618184011978],[-48.23782904997063,-24.87208750023791],[-48.23579691039907,-24.87017744992932],[-48.22982527981276,-24.87074737009499],[-48.23019064018587,-24.86672393995781],[-48.22178666002628,-24.86296283037029],[-48.21939552008712,-24.85864583004098],[-48.22279858978305,-24.85697357037395],[-48.22542261006538,-24.85742286986948],[-48.22681390983405,-24.86065312044514],[-48.23348860971151,-24.86559524042798],[-48.23685156964416,-24.86523244042473],[-48.23561346039281,-24.8426529603658],[-48.24469386023344,-24.84001935960572],[-48.24087001034269,-24.83446034966533],[-48.23893427989304,-24.83378134982939],[-48.24483629036246,-24.82803712001703],[-48.24061928025554,-24.82674115018386],[-48.2402261299319,-24.82782242036836],[-48.24176675043515,-24.82878394042649],[-48.2365873299413,-24.83315488029342],[-48.23090095981138,-24.82918769015976],[-48.23285268020697,-24.82821462010861],[-48.23226254957694,-24.82689037019441],[-48.23337180036827,-24.82554281974529],[-48.2294620499336,-24.82519673004504],[-48.22992845993042,-24.82355512017261],[-48.22712013978258,-24.82226892956743],[-48.22470200039697,-24.81661977967906],[-48.23625146013671,-24.81599348011497],[-48.24569795959314,-24.81856698008204],[-48.25101137007863,-24.82181958960234],[-48.25686246003448,-24.81690076026183],[-48.27058676017083,-24.8213201699898],[-48.2716366296267,-24.81857015019222],[-48.26611251967699,-24.81636791015092],[-48.26494838955648,-24.81421644043633],[-48.26660866036133,-24.81183818958073],[-48.26378596994653,-24.81094532017033],[-48.26096309966726,-24.81454672994761],[-48.25420997980666,-24.81136898988694],[-48.25381010974871,-24.80863831990251],[-48.25005719028707,-24.80860106009078],[-48.25389193996102,-24.80437861987735],[-48.25156547027018,-24.80259719960105],[-48.24899578972389,-24.80710579959293],[-48.24490640960306,-24.80624209969312],[-48.2423678402036,-24.80457302002878],[-48.24264945031183,-24.80332369982887],[-48.24014690955221,-24.80423558000797],[-48.2390484200485,-24.8028259196804],[-48.24897670970734,-24.79963399011649],[-48.25340525025206,-24.79653574023217],[-48.26589323978112,-24.79467444037306],[-48.27205962035515,-24.79005086025893],[-48.27139079994544,-24.78679143028023],[-48.26701720977638,-24.78801270961878],[-48.25562273020478,-24.78717481036915],[-48.25174467008043,-24.79035940955907],[-48.24633839020453,-24.79217872996435],[-48.24282037995653,-24.79757930004462],[-48.2353655901498,-24.79698532031625],[-48.2329166202058,-24.80243249956015],[-48.22328079007639,-24.80002938964458],[-48.22178856029376,-24.80058640993485],[-48.22177848968551,-24.80280206965972],[-48.21976125997412,-24.80083529011648],[-48.224949390402,-24.78496909984403],[-48.22690534030914,-24.78414759973191],[-48.23625308970827,-24.78356343970091],[-48.24358164977326,-24.78464776038578],[-48.25192682955952,-24.78149605030245],[-48.25953581982219,-24.78213449970735],[-48.26224607969277,-24.7805062600558],[-48.26488121019963,-24.77568750007805],[-48.26959891965436,-24.7766557902325],[-48.27587651039261,-24.77571430976752],[-48.27898474005366,-24.77732310967372],[-48.28297730006233,-24.77645709042235],[-48.28702927018463,-24.77921999031025],[-48.28987283026686,-24.77730139014699],[-48.29218035034285,-24.78152434027606],[-48.29183554037786,-24.78575233020581],[-48.29684903955149,-24.78399534001289],[-48.29691478988559,-24.78779041969204],[-48.30371406025563,-24.79020114956336],[-48.30238346022844,-24.79518127039927],[-48.30337594034734,-24.79608450989218],[-48.2960811804021,-24.79995606971681],[-48.29603108007024,-24.80226474991821],[-48.301674330406,-24.80456080004086],[-48.30541019962095,-24.80313129976963],[-48.31081056015915,-24.80655057974542],[-48.31255505966823,-24.80648896988998],[-48.31571377007441,-24.80209177971182],[-48.31924109010419,-24.80101783000879],[-48.319222619828,-24.79746648009393],[-48.32098374960032,-24.79645870970165],[-48.32517794030963,-24.79702458022018],[-48.32645381029505,-24.79410850959999],[-48.3289281303289,-24.79322299034868],[-48.330696210062,-24.79631481008039],[-48.33513453972716,-24.79517756968903],[-48.33680802966677,-24.7989066301368],[-48.33596072980379,-24.80007521999534],[-48.33922842994804,-24.80108612002834],[-48.34223688972065,-24.80090866040632],[-48.34589891020647,-24.79825987998942],[-48.34540819962865,-24.79583742026068],[-48.35048164041535,-24.79729310968924],[-48.35473275011628,-24.79664712036828],[-48.35993574004232,-24.79839348956784],[-48.36287337010992,-24.80180745005373],[-48.37555449984023,-24.80462886972651],[-48.38763912994187,-24.81466437026444],[-48.39133189015456,-24.81328153041824],[-48.39151862988081,-24.81013187978238],[-48.39207224983443,-24.81172842013046],[-48.40107126013049,-24.81364712011845],[-48.40358767023474,-24.81560045030051],[-48.4109225300507,-24.81392046006113],[-48.4110055896362,-24.81236831024927],[-48.41577192003803,-24.8151985999354],[-48.41962789011501,-24.8113657001669],[-48.43656714965419,-24.81066524970146],[-48.43651458967651,-24.80585032982879],[-48.43998882992054,-24.80912806011185],[-48.44666451005907,-24.81226782000385],[-48.44695391009481,-24.81084843980364],[-48.45016732985835,-24.80957096003175],[-48.46127946007897,-24.80988388003698],[-48.45601636036668,-24.8144171799089],[-48.44847948044361,-24.81687426983166],[-48.44253622976316,-24.8251632500839],[-48.44867875042394,-24.82730384969284],[-48.45862506969115,-24.82212000993047],[-48.46448047999013,-24.81661767976209],[-48.47254411981521,-24.81985889037543],[-48.47086786985625,-24.82227057982334],[-48.46961760986477,-24.82087023017692],[-48.46751302990236,-24.82147114997355],[-48.46300877993122,-24.82574437040631],[-48.46332721008264,-24.82723499040242],[-48.46563402958674,-24.82812289015919],[-48.46247576974093,-24.83236478001055],[-48.46012589969047,-24.83313133963958],[-48.45840883040319,-24.83669958961434],[-48.45936387983915,-24.83915561024315],[-48.46592992002974,-24.84213151006111],[-48.46398114041727,-24.84525703008785],[-48.46014992957555,-24.84717389006295],[-48.45462519999296,-24.84617522980295],[-48.45222520982554,-24.84981150989324],[-48.46151549974047,-24.8493243201612],[-48.46447813006159,-24.84771515962689],[-48.46739969014357,-24.84952192010047],[-48.46827703006085,-24.85282964007581],[-48.46427894012095,-24.85407873004931],[-48.45703441000995,-24.85368621015044],[-48.45560456979501,-24.8579120902707],[-48.44452903029048,-24.85446130974162],[-48.44085441030273,-24.85729876972238],[-48.45124790037028,-24.86076527040086],[-48.44495806985901,-24.86129433976191],[-48.44517738033181,-24.86892539039439],[-48.44564819970464,-24.87032353040655],[-48.45002316044048,-24.87162487009164],[-48.45755064964271,-24.87244086005762],[-48.45632099042132,-24.87847925001734],[-48.45198140991408,-24.87868110015262],[-48.44343430984549,-24.87439623979458],[-48.43843895989005,-24.8743538403574],[-48.43415532980458,-24.87607586041258],[-48.42506989016329,-24.87279154979012],[-48.4245429701819,-24.88104429006188],[-48.42213402006894,-24.89028202989169],[-48.42865081967955,-24.89194512007117],[-48.42895738957185,-24.89397814997159],[-48.43071692034954,-24.89521976028368],[-48.42821177964987,-24.90073706956008],[-48.42934472038252,-24.90189265971844],[-48.42808559037763,-24.90258248019728],[-48.42803983017399,-24.9066975197747],[-48.42473845041911,-24.91217825991873],[-48.42343341991636,-24.91897287000188],[-48.42142933019937,-24.92258611036067],[-48.42137963995839,-24.92725156021129],[-48.42891851997365,-24.93120753040319],[-48.43507455025025,-24.94095684957892],[-48.45047699971371,-24.95089199027308],[-48.45010740982906,-24.95317884033119],[-48.44523446030206,-24.95451818986254],[-48.43815417967159,-24.94963825979778],[-48.42802779994298,-24.94655247002044],[-48.42380283982914,-24.94803048961535],[-48.4247641503452,-24.9519789001061],[-48.42329656018808,-24.95403008012403],[-48.4292751200507,-24.95223291002071],[-48.44118954985782,-24.95466633967976],[-48.44515011018939,-24.95970236956867],[-48.44938539991625,-24.96157165990411],[-48.45075266979984,-24.96412581005802],[-48.4496798298602,-24.96858614973098],[-48.45295774990018,-24.97054784990331],[-48.46299796018769,-24.97024326031817],[-48.46667398041984,-24.97195977022716],[-48.47606439995207,-24.97252029967206],[-48.48635540957446,-24.97158253970241],[-48.48690306972082,-24.97250221970165],[-48.48120237968601,-24.97325064000501],[-48.48003478987363,-24.97948870014335],[-48.48857395972044,-24.98012375011092],[-48.49066609036771,-24.98671927997077],[-48.49624166042423,-24.98318837973989],[-48.5005004800131,-24.97835732962699],[-48.5033392296217,-24.97849749975978],[-48.50195978021964,-24.98241565975485],[-48.50537706999575,-24.98596597994595],[-48.50678565023753,-24.99047322016293],[-48.50090269010701,-24.99210211991686],[-48.49923982026144,-24.99368632966036],[-48.49939130026826,-24.99552284959981],[-48.50158694018512,-24.99578901025455],[-48.4994729704012,-24.99770207958727],[-48.49938595020137,-25.00199903043085],[-48.50540859033413,-25.00273063970724],[-48.50217122971844,-25.0073185697961],[-48.50258497002034,-25.00982877008164],[-48.50528966038945,-25.01172665975747],[-48.50404753026925,-25.01405560977855],[-48.50170147963951,-25.01499049011898],[-48.50027900037554,-25.01993950970058],[-48.50296366014476,-25.02097265986032],[-48.50308471968401,-25.02316081022315],[-48.5053387399908,-25.02593091008339],[-48.50476105957517,-25.02936428963022],[-48.50856838981929,-25.03000706027757],[-48.51061069982387,-25.0285511703002],[-48.511299649759,-25.02558248034717],[-48.51283944018797,-25.02721300967261],[-48.51299888998676,-25.03099254007361],[-48.51557121993579,-25.03206607968576],[-48.51403557987805,-25.03583341977645],[-48.50723342987885,-25.0369194203949],[-48.50544361982713,-25.03832219011696],[-48.50651232018737,-25.03926723009857],[-48.5065031003378,-25.04726174982983],[-48.513199810223,-25.04676252986684],[-48.51617191040532,-25.04600990972949],[-48.51566823969745,-25.04290662004445],[-48.51345401978716,-25.04040515037735],[-48.51723359965087,-25.0370296296137],[-48.51764014987299,-25.03409611034715],[-48.52352810034154,-25.02884383037843],[-48.52536182968464,-25.02555907998749],[-48.51776115005697,-25.02452239998871],[-48.51552554966435,-25.01976281000566],[-48.51141630981482,-25.01821564963245],[-48.50935215977432,-25.01299840005606],[-48.51636303972248,-25.01254854028286],[-48.5187944701886,-25.00753600967909],[-48.51669426003201,-25.00588468982653],[-48.51976770031905,-25.00486222990793],[-48.52213264030905,-25.00610522967258],[-48.52361556030979,-25.0042959501979],[-48.52065697963587,-25.00105498959607],[-48.51045624036317,-25.00227968995569],[-48.5094140502182,-25.00037471991732],[-48.51250049020541,-24.99468158958365],[-48.50771410042535,-24.98939035008453],[-48.50625882018835,-24.97906758989728],[-48.51525928019157,-24.97839631973432],[-48.51906859973604,-24.98190881983612],[-48.51984324966622,-24.97943624988301],[-48.52446614989287,-24.9771300796894],[-48.52081227007017,-24.97537033037639],[-48.52048025026329,-24.97396973971166],[-48.52230309960834,-24.9719101600258],[-48.52124289964007,-24.96972205013248],[-48.51312253957349,-24.96850017993933],[-48.50893186970995,-24.97025558013087],[-48.50757179979865,-24.96771546030021],[-48.50847531988006,-24.96631672044026],[-48.50644161009217,-24.96500386043977],[-48.50670139994963,-24.96374502990915],[-48.51427879972681,-24.96394119992641],[-48.51629441965173,-24.96162827042832],[-48.51311890001716,-24.95967037978414],[-48.51288250962006,-24.95582173018863],[-48.50946527020602,-24.95349830020632],[-48.50877897956622,-24.95025877042588],[-48.506492589961,-24.9506423798419],[-48.50442974034019,-24.94886023021542],[-48.50623041959813,-24.94669893990408],[-48.50361238969998,-24.94312103031126],[-48.50346387026138,-24.94039577964145],[-48.50422991008224,-24.93882559032869],[-48.5068458301709,-24.93845552020605],[-48.5082823496507,-24.93194461025553],[-48.51152070041996,-24.93196697999207],[-48.51534700006397,-24.93410149029148],[-48.51837662987754,-24.9303736897939],[-48.52048905012953,-24.93028067021669],[-48.52216174956504,-24.93131417021272],[-48.52345071008216,-24.937086850078],[-48.52035465993958,-24.94647220013189],[-48.51811657022347,-24.94891794960364],[-48.52003637008238,-24.9546929901893],[-48.52567290967698,-24.95438268990915],[-48.52894952030408,-24.95619472041],[-48.52912792961024,-24.95779585989095],[-48.53752836014564,-24.95851046028946],[-48.53975362013341,-24.95592626018873],[-48.54066318006164,-24.95227932043423],[-48.54435353998383,-24.95031414977814],[-48.5435863103599,-24.9461403502969],[-48.54826848040602,-24.9443200199529],[-48.54904276970802,-24.94137192987063],[-48.55288324986208,-24.93681799955101],[-48.55654866978523,-24.93620709997765],[-48.55988960981762,-24.9323072699645],[-48.56179833992138,-24.92374343980788],[-48.56404123021855,-24.9224015901612],[-48.56782966031051,-24.9232989903561],[-48.56872041991141,-24.92082009007504],[-48.57024368979438,-24.92050074980972],[-48.57102901018061,-24.92198489019046],[-48.56628753973814,-24.9264038196805],[-48.56465459033706,-24.93256828020191],[-48.56569649000096,-24.93506751955033],[-48.56202956011606,-24.93880037963379],[-48.56202150039189,-24.94012691022868],[-48.56669542005756,-24.9419524395534],[-48.56805908006243,-24.94380179012046],[-48.5678343700601,-24.94597215009463],[-48.56213685013546,-24.94959750971725],[-48.56279992028004,-24.95141558006492],[-48.56469005959855,-24.95191566967236],[-48.56444626957966,-24.95443793975909],[-48.56045545965168,-24.957295520272],[-48.55688986987155,-24.95731033030745],[-48.55283722975429,-24.96089415024477],[-48.55213540962143,-24.96429184019621],[-48.54890147991932,-24.96668413036826],[-48.54581084009817,-24.97235646028236],[-48.54461440992702,-24.97855156969916],[-48.54587663000245,-24.98400151975432],[-48.54351045973988,-24.98696191975677],[-48.54718463995914,-24.99273147987384],[-48.54595663009434,-24.9936792996599],[-48.54604431039655,-24.99750732959956],[-48.55161999017037,-24.9984510898459],[-48.55215462003963,-25.00075191986514],[-48.55090163959892,-25.00360908039471],[-48.57107581989311,-25.00214893032881],[-48.57433253032195,-24.99758756981043],[-48.57120965969801,-24.99129658007308],[-48.5671181499826,-24.99045845959017],[-48.56831093969805,-24.98945380984543],[-48.56667423023151,-24.98821122017165],[-48.56880358022102,-24.98697999972717],[-48.56735077042168,-24.98439804973015],[-48.56950134980741,-24.98208385038936],[-48.56618809990084,-24.98128296993309],[-48.56434912031563,-24.98411398986872],[-48.56173053013981,-24.9832879796565],[-48.55986329025859,-24.98067307040583],[-48.56144922040517,-24.9786760196825],[-48.56657108968398,-24.97682061038284],[-48.56867103993648,-24.97426154993053],[-48.57127363027377,-24.97778868020339],[-48.57491865986822,-24.97989859044753],[-48.57586368006474,-24.98355726005946],[-48.57986719021864,-24.98680838030248],[-48.58714869955281,-24.98576243998457],[-48.5907827799013,-24.98665833021772],[-48.58870222982398,-24.99445584985756],[-48.59120245033279,-24.99661109042944],[-48.59549395038545,-24.99600408042392],[-48.60087068033761,-25.00944586033813],[-48.59707966019812,-25.01561570959728],[-48.5991210196193,-25.0195847199588],[-48.59750968992023,-25.02010000990748],[-48.59529373971429,-25.01861700986706],[-48.59172690976902,-25.02003117040215],[-48.5888294002566,-25.01963118972759],[-48.58803623958073,-25.02347112039587],[-48.59233422014808,-25.02754273980554],[-48.5877960297629,-25.02781138978378],[-48.58975536022166,-25.02967365011881],[-48.58462825958645,-25.03050648978262],[-48.58495687006348,-25.03179213989529],[-48.57558139006903,-25.0396920896182],[-48.57635646987512,-25.04199715004842],[-48.57447967020056,-25.04448388971969],[-48.56930732017662,-25.04834723963336],[-48.56782049981615,-25.04846522978647],[-48.56824942966739,-25.04604309021641],[-48.56654058018358,-25.0448843200553],[-48.56627359035389,-25.03541526020604],[-48.5635220399102,-25.03162458001032],[-48.5567090198054,-25.03120883961623],[-48.55715850995722,-25.03365849034702],[-48.55276882012492,-25.04229517008599],[-48.54965776029735,-25.04121336030829],[-48.54591117026428,-25.03600354992386],[-48.54592461962545,-25.03368908977961],[-48.54354902986381,-25.03503420036799],[-48.53190827005056,-25.03345781022972],[-48.53126937997786,-25.03845227974887],[-48.52998520025676,-25.03975186036001],[-48.53077484997931,-25.04152927955255],[-48.52871322973175,-25.04186802988562],[-48.52899434970942,-25.04370871008888],[-48.5259856399253,-25.0461274097521],[-48.52747546042411,-25.05566457975652],[-48.52668295985069,-25.05852502011356],[-48.52195129021982,-25.06423615037801],[-48.52406130028874,-25.06493566015257],[-48.5290835498659,-25.06225384044234],[-48.53079702006636,-25.05939109961952],[-48.53916004959655,-25.05525599976454],[-48.54271433040196,-25.05694906974372],[-48.54206706044641,-25.05986172024217],[-48.54001966027903,-25.05993892973777],[-48.53637261980055,-25.06298053042707],[-48.54078537004875,-25.06370531025181],[-48.54576738036025,-25.06994742992993],[-48.54586775009653,-25.07183473998123],[-48.54461844968165,-25.07219116019382],[-48.54106626969258,-25.07037240995874],[-48.53925001957271,-25.07147367027363],[-48.54037626035608,-25.07727488023147],[-48.55073765991506,-25.08373171035009],[-48.55677871996193,-25.08481921013839],[-48.54509679008476,-25.09469825022404],[-48.52919680958507,-25.10021472043297]],[[-48.26222126020298,-24.917698129565],[-48.28083792982653,-24.9148717699162],[-48.28414628022659,-24.91117488001663],[-48.28297082044696,-24.90656126978672],[-48.28611569028686,-24.90051952985237],[-48.29581628959005,-24.90039556010697],[-48.29795864017905,-24.90166823030455],[-48.30446404987595,-24.89984173960454],[-48.30653624974809,-24.89430486018108],[-48.30864966015366,-24.89280428019333],[-48.30488769980747,-24.89117993010962],[-48.30164782019068,-24.89501321029138],[-48.29160087038383,-24.89382041967656],[-48.28025734999665,-24.89664587011077],[-48.27766149018561,-24.9001816401705],[-48.26952363021132,-24.89920595039428],[-48.2672078003996,-24.89560725027434],[-48.26297731035453,-24.89458404032115],[-48.2590322696235,-24.89533845010936],[-48.25439860001535,-24.90482400982017],[-48.25511421035247,-24.90614714007842],[-48.25338239038496,-24.91141019032796],[-48.25828314964758,-24.91649902031349],[-48.26222126020298,-24.917698129565]],[[-48.31315782037706,-24.9471703501315],[-48.31652281997214,-24.94685829977067],[-48.31541948042462,-24.9448447204075],[-48.31988083992877,-24.94176348030032],[-48.32341938979295,-24.94258646968979],[-48.32256789998854,-24.94417576959603],[-48.3280345099846,-24.94509756030413],[-48.33050732005671,-24.93989329963603],[-48.33363587979198,-24.9416341002335],[-48.33651712956186,-24.93988746033796],[-48.33061466043819,-24.9271604696799],[-48.33337937965462,-24.92465909983753],[-48.33656037975766,-24.92385916007214],[-48.33835704983795,-24.92601319015654],[-48.34343122986735,-24.92448400992907],[-48.34033565007013,-24.93241189978932],[-48.34266522961661,-24.93358406984891],[-48.35003594989911,-24.93403314001733],[-48.35407997990711,-24.93173113008754],[-48.35613551983835,-24.93247742978951],[-48.35780339980704,-24.93516804037273],[-48.36137135030754,-24.92988709001713],[-48.35462664000738,-24.92787628955909],[-48.35315641034003,-24.92315088010901],[-48.35740849040945,-24.91618999976862],[-48.35607164998663,-24.91122100984171],[-48.35396053015432,-24.91155753974863],[-48.35152041043852,-24.90904210990539],[-48.34798090999095,-24.90867338966518],[-48.34246634994207,-24.91172818970415],[-48.33526507991945,-24.91143156991097],[-48.33494345987276,-24.91299693975691],[-48.32879560982951,-24.91137080002238],[-48.32739346963285,-24.90975399974724],[-48.32399734989775,-24.91093706959003],[-48.32152878012909,-24.90648224995584],[-48.31231367983241,-24.90837943995916],[-48.31222068993287,-24.9063251303005],[-48.30907928967741,-24.90628658985418],[-48.31000540972184,-24.90851615039998],[-48.30884843011091,-24.9105085804066],[-48.30627561003132,-24.90901106980499],[-48.30500512968297,-24.91026158970055],[-48.30130380972298,-24.9067509997588],[-48.29867317043045,-24.90750143004692],[-48.29667670966239,-24.91003950032263],[-48.29277623033875,-24.9096958999458],[-48.2923229999065,-24.9174159501859],[-48.29520408959701,-24.91678746976589],[-48.29733072992923,-24.91830914964748],[-48.29955051034773,-24.91737518032028],[-48.30192672963483,-24.92079933012496],[-48.29533370978282,-24.92343051980259],[-48.29545839988521,-24.92635542985914],[-48.29853941965843,-24.9258562503656],[-48.30440033021102,-24.92843588011175],[-48.30239765962426,-24.93741636976961],[-48.30641593035085,-24.93888304981283],[-48.30435724009453,-24.94031239000475],[-48.3008467499775,-24.93922832023077],[-48.29950641029257,-24.9416812202121],[-48.29569398988571,-24.9436166700732],[-48.30317178974627,-24.94640373024788],[-48.30813587027416,-24.94173212993383],[-48.31315782037706,-24.9471703501315]],[[-48.29279274009286,-24.94105347993411],[-48.29352803029434,-24.93856402970619],[-48.2968724102335,-24.937421969848],[-48.29465263970752,-24.93676076040072],[-48.29388129028928,-24.93505896969566],[-48.29088956959794,-24.93467473974738],[-48.28971861002577,-24.93762172006626],[-48.29199624023425,-24.93855558956875],[-48.29091413008297,-24.94035960980813],[-48.29279274009286,-24.94105347993411]],[[-48.34331940996276,-24.96784387989112],[-48.34594355974747,-24.96642520026273],[-48.34266176003217,-24.96047538992724],[-48.34093047965786,-24.95936380989184],[-48.33941706994176,-24.96082419018421],[-48.33918753957323,-24.95477795993486],[-48.33521566037439,-24.95522071956049],[-48.33440530016441,-24.95362719014264],[-48.33305479993902,-24.95415372971081],[-48.33077298968169,-24.9523691699012],[-48.32915501039537,-24.95307586975554],[-48.32949705044848,-24.95522098036389],[-48.33189402968566,-24.95582646961583],[-48.33184624960467,-24.95694538002522],[-48.33902320016051,-24.96169007993319],[-48.33707950981147,-24.96411393001381],[-48.34094316999125,-24.96414395028302],[-48.34331940996276,-24.96784387989112]],[[-48.411769749874,-24.96498088995605],[-48.41400917957992,-24.96365013974213],[-48.41345888981584,-24.9625171099766],[-48.41207075026489,-24.96205565974088],[-48.41061276037055,-24.9640496401787],[-48.411769749874,-24.96498088995605]]]}},{"type":"Feature","id":"uc-protecao-integral-117","properties":{"id":"uc-protecao-integral-117","nome":"Parque Estadual Serra do Mar","nome_origem":"Parque Estadual Serra do Mar","natureza":"camada fornecida para a demonstração","fonte_arquivo":"assets/layers/Areas_Protegidas_PI_DG_UCs_Protecao_Integral/Areas_Protegidas_PI_DG_UCs_Protecao_Integral.kml","tipo":"Unidade de Conservarao","categoria":"Parque Estadual","orgao_gestor":"Fundae o Para Conserva"},"geometry":{"type":"Polygon","coordinates":[[[-46.49695890972583,-23.80006516037878],[-46.496698889642,-23.79465454037467],[-46.49545141035424,-23.79610159001635],[-46.49561984977618,-23.79958658974925],[-46.49326417999788,-23.79896462042086],[-46.49341658001111,-23.7967561300913],[-46.49218501962292,-23.79865718987736],[-46.48974552043939,-23.7976549197387],[-46.4916888096908,-23.79585624956621],[-46.49011960963225,-23.7958623595602],[-46.49166867027287,-23.79409459009321],[-46.49146889037695,-23.79215315974051],[-46.49442690987394,-23.78847442985102],[-46.49051808034511,-23.79104529030786],[-46.48848023007849,-23.78884888956458],[-46.48944098031694,-23.79607754034618],[-46.48650823986333,-23.79424373006407],[-46.48579675021978,-23.79070882964874],[-46.4859592801966,-23.79542118993589],[-46.48390133997481,-23.7943022498489],[-46.48324057029606,-23.79591963018675],[-46.48030996033634,-23.7933135900501],[-46.48157567967382,-23.79268373996257],[-46.48018037972071,-23.79148976044405],[-46.47843364989296,-23.79236892958238],[-46.48384139026791,-23.7879010895636],[-46.47907227016907,-23.79035620997109],[-46.48100409036641,-23.78580526000468],[-46.4788513004471,-23.7873881900129],[-46.47697318956102,-23.78367388024532],[-46.47586979965149,-23.7864179600208],[-46.47753498974794,-23.78710101040326],[-46.47784152996257,-23.79060368990832],[-46.47634041038157,-23.79081844981158],[-46.4733728697621,-23.78659044998921],[-46.47213112005511,-23.78157446958608],[-46.4752852601066,-23.77673600006631],[-46.47390483044353,-23.77351700990204],[-46.47857513033796,-23.76626576005674],[-46.48347448036293,-23.76516581994656],[-46.48364926000528,-23.77538398987917],[-46.4848067000691,-23.76920769967558],[-46.48780333015952,-23.76929358043435],[-46.48514407983538,-23.76677165029139],[-46.48740860961959,-23.76374812957249],[-46.49174763974173,-23.76325925990687],[-46.49605683035838,-23.76728130958475],[-46.48746013987352,-23.77712507016582],[-46.50334643988623,-23.79180311032525],[-46.49973893990011,-23.79565358014855],[-46.49725507985801,-23.79574723015048],[-46.49695890972583,-23.80006516037878]]]}},{"type":"Feature","id":"uc-protecao-integral-118","properties":{"id":"uc-protecao-integral-118","nome":"Parque Estadual Serra do Mar","nome_origem":"Parque Estadual Serra do Mar","natureza":"camada fornecida para a demonstração","fonte_arquivo":"assets/layers/Areas_Protegidas_PI_DG_UCs_Protecao_Integral/Areas_Protegidas_PI_DG_UCs_Protecao_Integral.kml","tipo":"Unidade de Conservarao","categoria":"Parque Estadual","orgao_gestor":"Fundae o Para Conserva"},"geometry":{"type":"Polygon","coordinates":[[[-46.47567317997323,-23.81082023996208],[-46.47067047985871,-23.80627963040058],[-46.47311542983317,-23.80211133027365],[-46.4743720696153,-23.80310077967721],[-46.4732926601281,-23.80390127972026],[-46.47671841971925,-23.80697320015304],[-46.47567317997323,-23.81082023996208]]]}},{"type":"Feature","id":"uc-protecao-integral-119","properties":{"id":"uc-protecao-integral-119","nome":"Parque Estadual Serra do Mar","nome_origem":"Parque Estadual Serra do Mar","natureza":"camada fornecida para a demonstração","fonte_arquivo":"assets/layers/Areas_Protegidas_PI_DG_UCs_Protecao_Integral/Areas_Protegidas_PI_DG_UCs_Protecao_Integral.kml","tipo":"Unidade de Conservarao","categoria":"Parque Estadual","orgao_gestor":"Fundae o Para Conserva"},"geometry":{"type":"Polygon","coordinates":[[[-47.21914060025847,-24.26944508012627],[-47.21614271021787,-24.26908620026791],[-47.21483427038521,-24.26728533035367],[-47.21245269023945,-24.26714308008906],[-47.20910865024399,-24.26464415010742],[-47.20754164992718,-24.26644895005893],[-47.20585341020666,-24.26602570032577],[-47.20567659000261,-24.26764780030567],[-47.19816010040824,-24.26639081968057],[-47.19352823034353,-24.2609608498633],[-47.19440987981204,-24.25771263982642],[-47.19284043963455,-24.2536448901995],[-47.19556429995242,-24.25102276029213],[-47.19720410038889,-24.24360651992492],[-47.19542417028919,-24.24269786021802],[-47.19275074035437,-24.24428374989509],[-47.18813889999018,-24.24180166961133],[-47.1870053396247,-24.23608092019828],[-47.18547200003275,-24.23455561964607],[-47.17511856037322,-24.23263091038814],[-47.17404817018684,-24.22941370987479],[-47.17473171969306,-24.22433580035687],[-47.17237903026802,-24.22033763037729],[-47.16711136020109,-24.22259380995632],[-47.15999580995862,-24.22147169975909],[-47.15173209975654,-24.21598790012143],[-47.14601118037166,-24.21453211986142],[-47.14442158998435,-24.21254221964767],[-47.14807484028159,-24.20710562992082],[-47.14015011963227,-24.20005876989626],[-47.13749808996482,-24.20015565026301],[-47.13571181964471,-24.19717282026937],[-47.13285148990428,-24.19603927968899],[-47.12977011040221,-24.19664391998089],[-47.12622456021523,-24.19537627969152],[-47.12442087991963,-24.19640896040517],[-47.12849588977343,-24.20434544958277],[-47.12779144991543,-24.20699497014169],[-47.13215601988435,-24.21504637019376],[-47.12845501019052,-24.21624289029711],[-47.12839216016999,-24.21808816963329],[-47.12513792017882,-24.21928379041458],[-47.12147045969391,-24.22299214037491],[-47.116758049944,-24.22091271984613],[-47.11186965006425,-24.22391018001076],[-47.10530463959742,-24.22518198955714],[-47.10333552001822,-24.22433080012627],[-47.10099234991696,-24.21496142023329],[-47.09666319974684,-24.2161730696314],[-47.09599828958937,-24.21921293013258],[-47.09300100029589,-24.21790358018603],[-47.09069020039237,-24.21908458968204],[-47.08613034983574,-24.2176927296357],[-47.08256734021052,-24.21821007993123],[-47.08225962008538,-24.21187840036782],[-47.07904234043161,-24.20948929019852],[-47.07762410956497,-24.20482939006428],[-47.06716599961118,-24.20118169038267],[-47.05967864984979,-24.2106670603365],[-47.05476826963991,-24.21175130997494],[-47.04844645024343,-24.21619318027103],[-47.04088547028817,-24.21812698976873],[-47.03903514035937,-24.22181630018207],[-47.0354898302914,-24.22223019966395],[-47.03344833956919,-24.21948872972104],[-47.02985480965168,-24.21965884008335],[-47.03038102996049,-24.23044183012632],[-47.03873019014611,-24.23392938033658],[-47.03574518019587,-24.23795856973214],[-47.03343519957474,-24.23842484033406],[-47.03167358956449,-24.23723497971048],[-47.03224487040438,-24.24028612040809],[-47.03027750989912,-24.242077399952],[-47.03043849034401,-24.24378249026967],[-47.02787816994157,-24.24016291958304],[-47.02596835975197,-24.24360193967772],[-47.02723842011693,-24.24626549955309],[-47.02502454015035,-24.24605483965905],[-47.02248269002411,-24.24764332028298],[-47.02046797032051,-24.24695145024918],[-47.02347755964161,-24.24393301969303],[-47.02241174970243,-24.24116558992],[-47.01931827971481,-24.24192533988247],[-47.016368079823,-24.23616109026204],[-47.01205003987741,-24.23962463037236],[-47.01126770973696,-24.23771014011083],[-47.01225127037981,-24.23482794965014],[-47.01014757984689,-24.23553828996006],[-47.01010011992457,-24.23352018970496],[-47.0072679902255,-24.23474119025366],[-47.00851859016075,-24.2321823096658],[-47.01224445981393,-24.23232899988341],[-47.01283215957648,-24.22994588009823],[-47.01137022975223,-24.22813517969473],[-47.00820645976029,-24.22841620974026],[-47.00909542971027,-24.22552804957979],[-47.0156893902531,-24.2247655503898],[-47.00925619971383,-24.2196503001212],[-46.99977652966305,-24.2200685397313],[-46.99681840044877,-24.2220813699592],[-46.99688084037842,-24.22608393042901],[-46.99038296969826,-24.22514462992069],[-46.99241975966413,-24.22342787000014],[-46.99192169982655,-24.22261099959792],[-46.98565632008308,-24.22380876975888],[-46.98607204968528,-24.21938393981691],[-46.99031032965797,-24.2189529999809],[-46.98752215971984,-24.2162132000791],[-46.99326259978909,-24.2150249501413],[-46.98803616004074,-24.21400175008068],[-46.98769495995441,-24.2125047799716],[-46.9890044600877,-24.21112529010003],[-46.99225251004526,-24.21109636970164],[-46.98890328995481,-24.20949156997995],[-46.98572707964098,-24.20983456960965],[-46.98689042015673,-24.20658450966732],[-46.9887372903936,-24.20615413010898],[-46.98704400997303,-24.20398412986367],[-46.98417266983279,-24.20436464021594],[-46.98163337018383,-24.20266605019799],[-46.98510929036144,-24.19880537037147],[-46.98933039957825,-24.20377913030256],[-46.98664232957981,-24.1973760499647],[-46.98433613960111,-24.19610511006272],[-46.97924701014136,-24.19703533011636],[-46.97825742044358,-24.19490663033667],[-46.97551389015388,-24.19520225008375],[-46.97438850012912,-24.19326218040527],[-46.97532588957807,-24.18811192042875],[-46.97670274983199,-24.18695828000057],[-46.97905118996039,-24.18868655034396],[-46.97831912023116,-24.19176122000425],[-46.98017014983253,-24.19371440989204],[-46.98460217974673,-24.19249929001018],[-46.9848580800363,-24.18951115041921],[-46.98644404975306,-24.18858222988598],[-46.98904957997411,-24.19050469983199],[-46.98692799023451,-24.19453288018821],[-46.99352076996752,-24.1949234503569],[-46.99491596020334,-24.19754689956972],[-46.99769352983247,-24.19539424994463],[-47.0002122404025,-24.19539189012357],[-47.00068041037258,-24.1939827397116],[-46.99943459033403,-24.19311520959917],[-47.00054855986809,-24.19114684994713],[-46.99417665003233,-24.19273179983264],[-46.99259224963259,-24.19179731969052],[-46.9962767495723,-24.18904688980206],[-46.99525678976897,-24.1878251697957],[-46.99641938025013,-24.1859437700889],[-47.00413026010335,-24.18359448999365],[-47.00273340971904,-24.1823777702179],[-46.99811088001309,-24.18459623043162],[-46.99567688018385,-24.18357722031243],[-46.9921549102209,-24.18487102008146],[-46.99222282971976,-24.18183026025827],[-46.99034454976112,-24.17970604000169],[-46.99031550975292,-24.1721884298521],[-46.98876223039258,-24.17076685980271],[-46.99358586019923,-24.16662662032223],[-46.99824070974091,-24.17227075019491],[-46.99912596009494,-24.16996864044035],[-46.99762401043967,-24.16704415036719],[-46.99809815010951,-24.16450457012974],[-46.99951307956491,-24.16367617041891],[-46.99770574982045,-24.16306516022894],[-46.99649932008754,-24.15673578023205],[-46.98953406994133,-24.15262674992454],[-46.99131877004515,-24.14969630004418],[-46.99694029995482,-24.14579746018461],[-46.99223051982261,-24.14377346037685],[-46.99432411006956,-24.14287937957965],[-46.99351360956541,-24.14041977964905],[-46.995266960202,-24.13903357004318],[-46.99324751995704,-24.13759914958104],[-46.9879692801581,-24.13855369000078],[-46.98669778987107,-24.13738390044659],[-46.98303237984044,-24.13753358990323],[-46.98458683011808,-24.13587651978554],[-46.98410470986443,-24.13485354005877],[-46.98127720987532,-24.13478825017756],[-46.97957162043389,-24.13225440042021],[-46.97564297973969,-24.13498407035854],[-46.97106165966784,-24.13089739000247],[-46.9655410696646,-24.13311285997048],[-46.96683759977537,-24.12956779002144],[-46.97160076006696,-24.13064032958749],[-46.97511386001656,-24.13000083966699],[-46.9723294996067,-24.12921344004815],[-46.97277073038487,-24.12770718983489],[-46.96901764005202,-24.12494143999544],[-46.96896322027635,-24.12344339969309],[-46.96716029990785,-24.12358851969441],[-46.96568473995876,-24.12166006026354],[-46.95956582020642,-24.1187412098389],[-46.96188606029341,-24.11576163988775],[-46.95647872011682,-24.1144183396346],[-46.95294834958662,-24.11711233976263],[-46.94877139978024,-24.11411131018878],[-46.94608943977579,-24.11511970021394],[-46.94486546966567,-24.11243300977554],[-46.94287475016955,-24.1145954296353],[-46.94111614029759,-24.11252222971706],[-46.93800624958868,-24.11196312030171],[-46.93664598002789,-24.11301687033227],[-46.93454926014022,-24.11147606007205],[-46.93270153015146,-24.11210257007752],[-46.92914557031179,-24.10993457981698],[-46.9222432304407,-24.10854358042184],[-46.90962767028071,-24.10347504004102],[-46.90488184981746,-24.09942345033193],[-46.90082165989168,-24.09882303955158],[-46.90014408997774,-24.09736427983762],[-46.90236856036074,-24.09394870956527],[-46.90082810982938,-24.09398403043861],[-46.89915185987041,-24.09637033022653],[-46.89113398024892,-24.09356383030649],[-46.89007162010915,-24.09073919016146],[-46.88599193018337,-24.08959054996387],[-46.88362137032993,-24.09286477019293],[-46.87757357975687,-24.08935109018063],[-46.87310068015222,-24.08861231960282],[-46.87082130975563,-24.08647147987483],[-46.86757759992628,-24.08612019029448],[-46.87051115966227,-24.08841199022112],[-46.87040433998828,-24.08965748020847],[-46.86692999002696,-24.08778400982413],[-46.86398433980537,-24.08805020015654],[-46.86267930030942,-24.0915233000602],[-46.86629385008109,-24.0939062004108],[-46.86467181035573,-24.09572818011139],[-46.87230154977664,-24.09926632977727],[-46.87159912979598,-24.10148973985957],[-46.87010989025919,-24.09965614001879],[-46.86649164966985,-24.10056353977552],[-46.86206988012083,-24.09821578043386],[-46.85691620002257,-24.09748394003174],[-46.85540174979087,-24.09449749026692],[-46.85147621985163,-24.09455411967684],[-46.85151010990359,-24.09095925966204],[-46.85477546011936,-24.08945967972039],[-46.85459695008916,-24.08658066026919],[-46.84765412004157,-24.09025455989996],[-46.84726781985398,-24.08805448003017],[-46.84467040961169,-24.08949890005414],[-46.84433394985189,-24.08729355015714],[-46.84198973024183,-24.08663650996692],[-46.84062796960507,-24.0867323597106],[-46.84047100013652,-24.08965154018637],[-46.83830316995528,-24.08764157969512],[-46.83630697988315,-24.08849262973104],[-46.83591897008438,-24.08604138000561],[-46.83404673986513,-24.08592752043864],[-46.83461599003584,-24.08349637955422],[-46.83150081041401,-24.08484384996365],[-46.8310160398583,-24.08083531979412],[-46.82695535980196,-24.08159990001531],[-46.82790331988224,-24.07937372991364],[-46.82533986983907,-24.07981788978373],[-46.82647679007175,-24.07683733957151],[-46.82372313971109,-24.07877986979508],[-46.82469032010215,-24.07631150956848],[-46.82278276001631,-24.07786108012471],[-46.82296027989298,-24.07518454033425],[-46.83059062995358,-24.07200181982807],[-46.83440157007635,-24.07202388019789],[-46.84204234957474,-24.07559332986824],[-46.84569285963772,-24.07498138977928],[-46.84512944966434,-24.07340720028202],[-46.84312265029001,-24.07377269015745],[-46.841123930425,-24.07146817021982],[-46.83937330023758,-24.07131496980998],[-46.83830616020111,-24.06944071971338],[-46.84078419983092,-24.06806017044045],[-46.83444645973628,-24.06584742991492],[-46.83108906031185,-24.06222635016587],[-46.82840916964744,-24.06254733978784],[-46.82810145042157,-24.06109461002819],[-46.82325419992134,-24.05938725971424],[-46.82385239027553,-24.05586417998785],[-46.82625640041249,-24.0544693998429],[-46.82569822988938,-24.05157317995827],[-46.83376038043718,-24.04919512965148],[-46.8264688904269,-24.04808505957777],[-46.82479421967747,-24.04674523970101],[-46.82571187979937,-24.04134570024382],[-46.82334770962905,-24.03997615957206],[-46.82407221965718,-24.03728381959257],[-46.81820456958519,-24.03967616012665],[-46.81757532024477,-24.04309576026111],[-46.82000043027557,-24.04767183009085],[-46.81800759017813,-24.04935597969467],[-46.82011965969451,-24.05103738996354],[-46.81646427980263,-24.05657506978361],[-46.81640849035949,-24.05142459037251],[-46.81409829030383,-24.0542510399535],[-46.81409665983296,-24.05306746019511],[-46.80906197982648,-24.0532702501219],[-46.7776932500434,-24.04699803013494],[-46.77798000966965,-24.04263731016368],[-46.7756233398452,-24.03932989955518],[-46.77287461956797,-24.0389861301058],[-46.77064998011247,-24.03649449002864],[-46.76346602024057,-24.03720313961315],[-46.7553175797425,-24.03321639012427],[-46.76450782997233,-24.04012928983479],[-46.77240872038607,-24.0440082196036],[-46.77082140978018,-24.04584059007112],[-46.76826898002935,-24.04469085989524],[-46.766277139978,-24.04541904994915],[-46.76328896981005,-24.04151670003563],[-46.76026794021323,-24.04132121979842],[-46.75533937031565,-24.03822022967984],[-46.75279585014835,-24.03951709973433],[-46.74417502006111,-24.03635773012508],[-46.73567879014399,-24.03080814957639],[-46.72857303981391,-24.02957112041082],[-46.72911476983074,-24.02766429956773],[-46.72531010967379,-24.0289131296372],[-46.72625037965128,-24.03127840957092],[-46.72397732968994,-24.02953051961777],[-46.72210652039956,-24.03156736983823],[-46.72152007968788,-24.02935288013128],[-46.71903066992945,-24.03254084008768],[-46.71749367009676,-24.03185810986383],[-46.71868308015996,-24.02927369032852],[-46.71540299005591,-24.03059263963854],[-46.71335539023903,-24.02870406963706],[-46.70998589043643,-24.02831790974369],[-46.6693610000101,-24.05340807032616],[-46.66148263041902,-24.04586190040635],[-46.65483247034217,-24.04168545961625],[-46.65355104974111,-24.03940419974396],[-46.65083227958598,-24.04275673023886],[-46.65309615016713,-24.0458353101514],[-46.65749591960099,-24.04788172016521],[-46.65792647003053,-24.04947982983026],[-46.65752930962987,-24.05124762987418],[-46.6555144199545,-24.05062470996234],[-46.65342731022213,-24.05188433999024],[-46.65649014030771,-24.05463147026609],[-46.65622865972483,-24.05739557974215],[-46.65408353023071,-24.05989021006508],[-46.65075337037172,-24.05646869977062],[-46.6464543798657,-24.05547839960843],[-46.64532353005683,-24.05100279034644],[-46.64348668006619,-24.04953170992042],[-46.63718676995342,-24.05084805029725],[-46.63725014967463,-24.04809329017314],[-46.63520649968018,-24.04495562030559],[-46.63409655011566,-24.04496656955149],[-46.63309729990044,-24.04276946014244],[-46.63029650977609,-24.04210311017033],[-46.63162070033502,-24.03887270041474],[-46.62143712012693,-24.03867316963101],[-46.6227383599873,-24.04350809042597],[-46.61770662975709,-24.04621701030675],[-46.62178985042124,-24.04940375977566],[-46.62089512031349,-24.05066116038421],[-46.62401181978959,-24.05563424042782],[-46.62277476004709,-24.05743075042875],[-46.62692365010633,-24.06056156026773],[-46.62728001995691,-24.06417780975806],[-46.63041256009154,-24.06872254001314],[-46.63035320033987,-24.07398391032916],[-46.62841287975056,-24.07531388982409],[-46.62945680019112,-24.07651547041257],[-46.62785670032639,-24.0801796303856],[-46.63318268962939,-24.08081813015252],[-46.63812090025931,-24.08630684008858],[-46.63627587992789,-24.09104282016995],[-46.63684462018301,-24.09361471035055],[-46.63479000025825,-24.09409270001805],[-46.63339660956586,-24.09614198966102],[-46.63018056018467,-24.09182581041279],[-46.63037169040115,-24.08804120963407],[-46.62870295967383,-24.08535008014206],[-46.62451171964011,-24.08337741993194],[-46.61829093008231,-24.08362398975527],[-46.6142401398705,-24.08067704001331],[-46.62161345020053,-24.08847659032233],[-46.62080816036826,-24.09107848008773],[-46.61836871964067,-24.08966136977637],[-46.61879768996135,-24.08755741034616],[-46.61744214004267,-24.08817042962158],[-46.61341507034916,-24.08642057015317],[-46.61282346033437,-24.08383307043982],[-46.6107725995758,-24.08389983970579],[-46.60932199041747,-24.08110994037139],[-46.60684361983715,-24.08104210001284],[-46.60584084967542,-24.07855046982826],[-46.60377072004263,-24.0772998896781],[-46.60369506007891,-24.07477504033579],[-46.59908434027005,-24.07444767991643],[-46.59712875998423,-24.07282739027181],[-46.59337284038423,-24.06709466998296],[-46.59317538973238,-24.0627335003507],[-46.58875981021703,-24.05713393008676],[-46.58995791042918,-24.04902257043523],[-46.5864434902748,-24.04613243986017],[-46.58314409982029,-24.04649257966878],[-46.57664407976046,-24.04387235992141],[-46.57481470043803,-24.03754132966856],[-46.57528550002576,-24.03527086975481],[-46.56724980033795,-24.02975744015367],[-46.5630272198303,-24.01936010998105],[-46.5590550303653,-24.01403534015878],[-46.56374584019835,-24.01010508967812],[-46.53886961034419,-23.98465449970536],[-46.53701603026553,-23.98392822970402],[-46.53480651021221,-23.98549089978513],[-46.53664390968862,-23.98884524960852],[-46.53482252983582,-23.98941252037145],[-46.53329004010322,-23.99229853025292],[-46.53629214976286,-23.99531253974186],[-46.53913501017252,-24.00512405962763],[-46.54354888007668,-24.01231547038259],[-46.54329885955468,-24.01541710981172],[-46.53987098026147,-24.01492515007556],[-46.52785440006045,-24.00001576021913],[-46.52562347973975,-23.99887941015663],[-46.52519158032715,-23.99209124011861],[-46.52324127006852,-23.992986550289],[-46.51781600010827,-23.98471272001598],[-46.51987547007684,-23.98098272966922],[-46.51916679980792,-23.97930109996577],[-46.51738349005598,-23.98084937010231],[-46.516281280057,-23.97963216019599],[-46.51467146031962,-23.98038764017741],[-46.51338986974667,-23.9736574404385],[-46.50857477990212,-23.97655840964285],[-46.50941278976842,-23.97374989973804],[-46.50789386990613,-23.9718432003034],[-46.50824439955937,-23.97375867981918],[-46.50604248956921,-23.97345793033918],[-46.49245508963065,-23.96228840988215],[-46.49336670001315,-23.96047078020229],[-46.49741391002391,-23.96010174969592],[-46.49796452983912,-23.95647433961904],[-46.49123482023072,-23.95974379973654],[-46.48876727029324,-23.95964764961928],[-46.4910584397951,-23.95722425999156],[-46.48854457027568,-23.9537737996211],[-46.48497550011922,-23.95212150040686],[-46.48470307029044,-23.95055467006193],[-46.48854620973975,-23.94937964015821],[-46.48958714982706,-23.94633446016718],[-46.48296761975979,-23.94434865007008],[-46.49062054999837,-23.93904510964404],[-46.49259833004885,-23.93597276023468],[-46.48796472968849,-23.93397685974423],[-46.484598569968,-23.93506958998955],[-46.48333484982339,-23.932724880249],[-46.47947004031005,-23.93713192969477],[-46.47456253972939,-23.93332677041406],[-46.47131872018275,-23.9338680804475],[-46.47052695975134,-23.93509115033629],[-46.4674463797466,-23.93339219969022],[-46.46692635037073,-23.9310167502228],[-46.46275179006301,-23.9291701102124],[-46.46297382008567,-23.92733933963876],[-46.46638775988714,-23.92786757982492],[-46.46620982991965,-23.922463690347],[-46.46308667960653,-23.92035414972418],[-46.46288884044759,-23.91866283971825],[-46.46977575964354,-23.91933130039916],[-46.47146512981186,-23.91826670994067],[-46.47162001015528,-23.91242798026701],[-46.46885688004096,-23.91052280967989],[-46.46883530980165,-23.90887587042505],[-46.46612733960501,-23.90958532040617],[-46.46709557040418,-23.90721011015842],[-46.4663108696509,-23.90495818976859],[-46.46473384998717,-23.90491180993206],[-46.46465434991825,-23.90350358042588],[-46.46249626029413,-23.90210935965916],[-46.46045414993904,-23.90448062997706],[-46.44897432020866,-23.89861253024401],[-46.4404557403401,-23.89861489006506],[-46.4382611796097,-23.89534829968426],[-46.44640564960099,-23.89355611991897],[-46.45103868968374,-23.89401006980881],[-46.45691676020027,-23.89740036013848],[-46.45979334968331,-23.89469570034623],[-46.45379097037693,-23.88842579971083],[-46.45396601981594,-23.88608662979408],[-46.45483594032635,-23.8840094998385],[-46.45634175976437,-23.88358970979721],[-46.46003726021132,-23.88515521004484],[-46.46122669005968,-23.88740231996104],[-46.46230053004541,-23.88667596992002],[-46.46130923972959,-23.88478836039445],[-46.46237771975592,-23.88316080962363],[-46.46099603014261,-23.88154552020956],[-46.46246185043401,-23.88081719975395],[-46.46009695990671,-23.87866608976816],[-46.45736345975581,-23.88048216002363],[-46.45478859012127,-23.8788934698577],[-46.44893785989427,-23.88116934998544],[-46.4450282803308,-23.88056223026268],[-46.43580517966529,-23.867674260059],[-46.42673770038454,-23.875014079636],[-46.43390101991611,-23.86562425995157],[-46.42874863034496,-23.86519332011557],[-46.42561910024125,-23.86253424965588],[-46.42403584018183,-23.86275567983074],[-46.42454595992808,-23.85962755986395],[-46.42178733991375,-23.85674721031546],[-46.42279662026777,-23.85489867003753],[-46.41855669003917,-23.84911540964839],[-46.41837893993608,-23.84583040025274],[-46.41455252967546,-23.84262993971987],[-46.41544084042238,-23.841526369946],[-46.42028883016536,-23.84098416958369],[-46.41250039008088,-23.83844320978625],[-46.4122734596524,-23.84631366983996],[-46.41464950986693,-23.8474947503824],[-46.41324708008864,-23.84845492955134],[-46.41515858010433,-23.85124680019965],[-46.41118417021323,-23.85016979010368],[-46.41023514983226,-23.85111585980906],[-46.40954663966562,-23.84918780956968],[-46.40762121005076,-23.84991070981135],[-46.40294455015083,-23.84214457021568],[-46.40057736994964,-23.84240994036639],[-46.39773821025017,-23.84013651988442],[-46.39656756993736,-23.83762756965655],[-46.39906733988579,-23.83499503998905],[-46.39572837026805,-23.83535313024271],[-46.39464289035709,-23.83244514003115],[-46.39554641043844,-23.83091800036539],[-46.39320641044742,-23.83168872025817],[-46.38960565987327,-23.82949154969521],[-46.38776520989649,-23.83025135991227],[-46.38814078027275,-23.82799752036925],[-46.3834991597584,-23.82853233010292],[-46.37957914985782,-23.8248070701901],[-46.37745665000438,-23.82442057035297],[-46.37711119972204,-23.82247662999242],[-46.37576837970693,-23.82313432039251],[-46.37338477968382,-23.81957578039788],[-46.3709098301245,-23.82029679026459],[-46.36755938965405,-23.81906585040861],[-46.3670472203529,-23.8141215297847],[-46.36315687998598,-23.81503014002891],[-46.36245957984568,-23.81922658983518],[-46.35766037022984,-23.81525835019266],[-46.35603623958076,-23.81255798016662],[-46.35840356007617,-23.80913886027014],[-46.36272391038011,-23.80768743003085],[-46.36334232019186,-23.80534117975162],[-46.36035950998337,-23.80788801032338],[-46.3570702099222,-23.80815540035138],[-46.35597913982542,-23.81093473984635],[-46.35389261015581,-23.81171889021459],[-46.34965804977912,-23.8068694300801],[-46.34978949019279,-23.80562654003273],[-46.34511469998336,-23.80326517035127],[-46.34253428962575,-23.80412210015476],[-46.34041082030308,-23.80264324958625],[-46.34082699956633,-23.80436632994213],[-46.34738327042157,-23.80671953018214],[-46.34688324016935,-23.80877119043805],[-46.3498602704351,-23.81152394957059],[-46.34900473008418,-23.81374579033593],[-46.35048765997749,-23.81334268002064],[-46.34988893003003,-23.8150547499767],[-46.35174536995282,-23.81555234036819],[-46.35332300025624,-23.81841119971705],[-46.35343417984348,-23.82250568978571],[-46.35479606009005,-23.82272671976227],[-46.35609837014363,-23.82684956995166],[-46.35908823013767,-23.82945479979912],[-46.35882508041311,-23.83133372007507],[-46.36032722971783,-23.83134575030607],[-46.35976201030849,-23.83475986007943],[-46.36477200032749,-23.83890313027518],[-46.36582374037329,-23.84295764997552],[-46.36827662956279,-23.84542294980923],[-46.36823916020904,-23.85354280985274],[-46.36516758961255,-23.85586206967872],[-46.3624885802837,-23.85263201965194],[-46.35233720030152,-23.85530427956883],[-46.34874830998649,-23.85501425000757],[-46.34520716018227,-23.85278572008485],[-46.34330108038051,-23.85399983992062],[-46.34159245033129,-23.85131633038429],[-46.34230172044801,-23.85011177034187],[-46.33673452038175,-23.84761890988472],[-46.33640991008923,-23.84487907041273],[-46.33475256028237,-23.84458910020675],[-46.3336324303923,-23.84229865016255],[-46.3319102097883,-23.84247700011343],[-46.32911648024134,-23.83876958994455],[-46.32972385986818,-23.83324921038269],[-46.32686995038785,-23.82871322963177],[-46.32806322034128,-23.82365198994734],[-46.32657636041068,-23.82388062998706],[-46.32330456025721,-23.82040658039932],[-46.32164505027879,-23.821419629812],[-46.31829767020128,-23.8191896600747],[-46.31324289034706,-23.81876590042594],[-46.31130237010825,-23.81663396038891],[-46.30512613026667,-23.81644703989895],[-46.30208402955429,-23.81427642991326],[-46.29596850024603,-23.81258135984183],[-46.29770198036204,-23.8163317899801],[-46.30189903001616,-23.81826514981674],[-46.30396817039468,-23.82168934998344],[-46.30977145958514,-23.82508544993351],[-46.31342110000372,-23.82876609987557],[-46.31497497021866,-23.83235166000105],[-46.31754912039554,-23.83371590996126],[-46.31886444004181,-23.84000369001825],[-46.31508599961916,-23.84345778005246],[-46.31707720025253,-23.84375595027683],[-46.3166164397968,-23.84538002966457],[-46.32159424038184,-23.84624319986375],[-46.31789893958432,-23.84986914044845],[-46.31537461005018,-23.85843210006135],[-46.31827167979412,-23.85963371032744],[-46.32121130006141,-23.86492677994687],[-46.33045460039943,-23.87107120986838],[-46.33136572964469,-23.87364613975751],[-46.33343978032156,-23.87163058008713],[-46.34073677957866,-23.87521200962652],[-46.34674074978574,-23.87499432962454],[-46.34612282021192,-23.8766812698247],[-46.34392125016552,-23.87480043039551],[-46.33978090006843,-23.87613244955287],[-46.33881064039872,-23.87871104957526],[-46.34784575038105,-23.88553709006459],[-46.35099920964575,-23.88656331994122],[-46.35530549005625,-23.89095682020104],[-46.35911879989266,-23.89194906020094],[-46.36113136032395,-23.89449057038348],[-46.35782793011487,-23.89417841030536],[-46.35280554024342,-23.89120819959868],[-46.35076223019274,-23.89239925002533],[-46.35167261030267,-23.89777537023713],[-46.35027065986304,-23.90029732016512],[-46.34825218998651,-23.89982647021537],[-46.3475952199434,-23.89775605999415],[-46.34506734977833,-23.90054430007933],[-46.34017089017442,-23.90092751019637],[-46.34149489007706,-23.89816069016365],[-46.34156397959396,-23.89314711994359],[-46.34449585040312,-23.89011156989301],[-46.34336713018888,-23.88809402991552],[-46.3389725399507,-23.88614106036158],[-46.33331001984152,-23.88695332983224],[-46.3297090597253,-23.88527857994245],[-46.33390034022847,-23.88322302022618],[-46.33311261955168,-23.88206668003323],[-46.33414689026671,-23.88121513986675],[-46.33131682990773,-23.87990580970529],[-46.33272392986544,-23.87643032030297],[-46.32622499978385,-23.87636995960588],[-46.32452188977334,-23.87422626003382],[-46.32311719999876,-23.87428802007599],[-46.32005796989932,-23.87911415989055],[-46.3184490602759,-23.87967070983535],[-46.31922482986198,-23.8732684298941],[-46.31571694957751,-23.87287761960641],[-46.31467503012851,-23.87113002013427],[-46.3152130297575,-23.86878191994958],[-46.31236098996766,-23.86924064973613],[-46.31048588011924,-23.86470867996155],[-46.30783012995647,-23.86427069034005],[-46.30789693969194,-23.86006895971468],[-46.30399758002426,-23.85712184000084],[-46.29956055977198,-23.85882464963782],[-46.29994205038525,-23.86162912968052],[-46.29840369977086,-23.86176672955088],[-46.29370660997205,-23.85589644986123],[-46.29409017981789,-23.85042229994912],[-46.28832906973076,-23.8506764996207],[-46.28400629035798,-23.84862914981539],[-46.28420758021559,-23.85012390039765],[-46.29023562977045,-23.85322984038476],[-46.28926817958279,-23.85568169985055],[-46.28366806972559,-23.85436299965266],[-46.28175428003595,-23.85186292033745],[-46.26994826979677,-23.85259468969315],[-46.28401486989031,-23.85976151028541],[-46.28505822016069,-23.86309877029197],[-46.30307319027548,-23.87288042009527],[-46.30721787960141,-23.87586067982647],[-46.30826363016234,-23.87819078008039],[-46.30748816994304,-23.87959714978859],[-46.29955917031941,-23.87796832018176],[-46.29560421995876,-23.87342030020665],[-46.29259070959353,-23.87375809995632],[-46.28746611986548,-23.87025913015469],[-46.28728439026236,-23.87164417963515],[-46.28466998013545,-23.87191979036601],[-46.28477284009443,-23.87458034021051],[-46.28305750020343,-23.8746127104082],[-46.28370665963462,-23.87800021014152],[-46.28205483975898,-23.88239125974877],[-46.27929667030503,-23.88185429973612],[-46.28038106023769,-23.88536010978117],[-46.27527895985605,-23.88557498030104],[-46.28325000008738,-23.8984102403403],[-46.28600321967281,-23.90039660981563],[-46.2870864000173,-23.90622419958709],[-46.27916914014367,-23.90423664030868],[-46.28111413001307,-23.90175140969973],[-46.27995755959364,-23.90080827987816],[-46.28085919019941,-23.89990220032627],[-46.27822166030131,-23.89568864991122],[-46.27878767021474,-23.89321671038283],[-46.27481641964204,-23.89069120993133],[-46.2732048201463,-23.88438651992192],[-46.26943520027424,-23.88356424999012],[-46.26608709983975,-23.88063599985145],[-46.2658198402134,-23.88334929043737],[-46.26080862981439,-23.88290636983305],[-46.2610805596201,-23.88927638030066],[-46.25960101027835,-23.89055463978474],[-46.25669947989707,-23.88810028020373],[-46.2570055299812,-23.88562059031796],[-46.25450847958263,-23.88343830983007],[-46.25668510963004,-23.88264749998211],[-46.25079390991095,-23.87544511030353],[-46.24884552959747,-23.8779176802567],[-46.24176799999316,-23.87456663993845],[-46.24066689975757,-23.87619477976523],[-46.23887146984242,-23.87473176985526],[-46.24058494993545,-23.87491303990481],[-46.23994010005555,-23.87247804992199],[-46.23776588019115,-23.87093409023601],[-46.23423580014202,-23.87159551012462],[-46.23238969972482,-23.87462034025646],[-46.23032120955611,-23.87147783023761],[-46.22836012991604,-23.87117379013824],[-46.22886043985739,-23.87402992993725],[-46.22737834003834,-23.87338881044519],[-46.22807657007763,-23.88171257017893],[-46.22391728025826,-23.8832818898473],[-46.22426758957755,-23.88711006997369],[-46.22177174966646,-23.88563165018047],[-46.21818319030194,-23.88733717037405],[-46.21869244040374,-23.89304888969446],[-46.22053741037314,-23.89507618012158],[-46.21938343989382,-23.89697823995374],[-46.2130117503919,-23.89352004991031],[-46.21666183957217,-23.89017592987523],[-46.21602929961244,-23.88775880042823],[-46.21350089974669,-23.88594004030057],[-46.21479967006866,-23.88492554028142],[-46.21444757019918,-23.88255856962223],[-46.21572840983822,-23.8821519897225],[-46.20890598012681,-23.87860865996163],[-46.20838399022892,-23.88162281963736],[-46.20608066009436,-23.8810692203682],[-46.20495795994185,-23.88391918991863],[-46.20195410020153,-23.88227734981979],[-46.20342821044352,-23.87982562974895],[-46.20265322956283,-23.87854114965427],[-46.20513874975347,-23.8793670096797],[-46.20937390008538,-23.87654138028046],[-46.20691081977844,-23.87315418991386],[-46.20971395983133,-23.86948904967983],[-46.20907468035216,-23.86727152026441],[-46.20635040994341,-23.87139029022967],[-46.20428991025113,-23.86999486976737],[-46.20396242032939,-23.87281152033535],[-46.20195578013511,-23.87214354978494],[-46.20038651982202,-23.87343008033389],[-46.2009091095677,-23.87110230033085],[-46.19906292011763,-23.86769842034579],[-46.19622578029549,-23.87186034967533],[-46.19672043979642,-23.87343062981967],[-46.19523117957522,-23.87327603006469],[-46.19651158034509,-23.86790882033574],[-46.19385450008508,-23.86494376004646],[-46.19300890983328,-23.86707895023335],[-46.19166216967335,-23.86671549012772],[-46.19207824011863,-23.8643217295641],[-46.19004872027216,-23.86241922007093],[-46.18902807968209,-23.8630258703476],[-46.18963428029775,-23.86166199990134],[-46.18664864981531,-23.86075753013586],[-46.18592431965158,-23.86317082037704],[-46.18324676002993,-23.86212934968967],[-46.18159147956311,-23.86433392976699],[-46.18221980979632,-23.86637104978405],[-46.18101377036919,-23.86690049955837],[-46.18074789030283,-23.87288296967324],[-46.17947501955649,-23.87449845963619],[-46.18138301041756,-23.87772150034692],[-46.17866425015495,-23.87584760997919],[-46.17739423025949,-23.87691397030346],[-46.17598043035252,-23.87609300978454],[-46.17602156983952,-23.87488523016918],[-46.17851019988575,-23.8744525699301],[-46.17808280967387,-23.87063475988623],[-46.1732720698501,-23.86729655019559],[-46.17094931975527,-23.86399346982273],[-46.17680754043562,-23.86470561956867],[-46.17455195980506,-23.85959945964731],[-46.17895604958198,-23.85882388971072],[-46.17608730038859,-23.85687185994834],[-46.17730624958369,-23.85621430984247],[-46.17633328025664,-23.85459884955719],[-46.16886926970102,-23.84800523974997],[-46.16759036989959,-23.84394057030102],[-46.16241014001588,-23.83851412043026],[-46.16721621955287,-23.83231653967653],[-46.16633013013137,-23.83047155981461],[-46.16313547022571,-23.829887610225],[-46.16218093969854,-23.8281246701174],[-46.16912768989096,-23.82410804964672],[-46.17371359020996,-23.82445908022231],[-46.17208776973473,-23.82231303971497],[-46.16842786985029,-23.82174927001273],[-46.16454230038681,-23.81811559975506],[-46.16191881969775,-23.81762240974638],[-46.162171530092,-23.81579529042028],[-46.15856462995367,-23.81321511028904],[-46.1600664698916,-23.81111037024732],[-46.15950067041956,-23.80874481961769],[-46.15660647041221,-23.80692146035705],[-46.15460019983931,-23.80715323993002],[-46.15518007999663,-23.80523969035937],[-46.15312498972645,-23.8051647498533],[-46.15385744976146,-23.80363299037015],[-46.14950836971542,-23.80209581966631],[-46.14533303958808,-23.80245199975991],[-46.14482815029885,-23.79927400968774],[-46.14053591010412,-23.79814799013758],[-46.14024197029067,-23.79899459032805],[-46.13354495013931,-23.79468992959653],[-46.13289973963123,-23.79623270037877],[-46.13063368010023,-23.79546629992973],[-46.12530123006769,-23.79034475980279],[-46.12547784972293,-23.78863023020091],[-46.12080602997429,-23.78713069972196],[-46.12333166982069,-23.7842069398983],[-46.11983757974048,-23.78475253969788],[-46.11733101991058,-23.78211186037402],[-46.11717158989694,-23.77826925961858],[-46.11455916007714,-23.77757827002108],[-46.1094097598525,-23.77304998027233],[-46.1093683100994,-23.7666587404085],[-46.10586617018754,-23.76701801956591],[-46.10293640019466,-23.77358043009275],[-46.09751189016157,-23.7724549303507],[-46.09586670998061,-23.77392248003838],[-46.09397042019867,-23.7736496302262],[-46.09031890019702,-23.77730700031776],[-46.08507913969049,-23.77787587007532],[-46.08690474006164,-23.7715274604239],[-46.08539889993926,-23.76863171987793],[-46.08748609960378,-23.76508393037903],[-46.08621506976959,-23.76079570026133],[-46.08638576019462,-23.7643357403021],[-46.0780932303183,-23.76555980034448],[-46.07578136022153,-23.76854999038972],[-46.07644196982102,-23.76940699034031],[-46.07331636975459,-23.77130909963518],[-46.07198055995485,-23.76864867029985],[-46.06865554961388,-23.76873041957316],[-46.06595505008545,-23.7707874901505],[-46.06085993024152,-23.76666807986794],[-46.06128118977506,-23.77226742979798],[-46.06442755968408,-23.7748215601668],[-46.06284351991246,-23.77649788027293],[-46.0577536098412,-23.77231150017553],[-46.05849904979129,-23.76814016034007],[-46.05412375990358,-23.76599709029341],[-46.05296594032586,-23.75747379977599],[-46.05658605959894,-23.7552074596565],[-46.05772780019777,-23.75260758976839],[-46.0529282902084,-23.74354386965382],[-46.05012683008908,-23.74289007961346],[-46.05207599011482,-23.74480235034815],[-46.05288571990002,-23.74886646041875],[-46.05187364984903,-23.74978283001354],[-46.04880760019057,-23.74869640041851],[-46.04555420016618,-23.7559418001739],[-46.04342076995255,-23.75627956035339],[-46.04041767013933,-23.75312520986051],[-46.03993284022835,-23.75521114957485],[-46.03771800967837,-23.75567943016154],[-46.03345966043491,-23.75234461001571],[-46.03113308012752,-23.74761413018791],[-46.02728141960176,-23.74616311003945],[-46.02583104966317,-23.74212659026989],[-46.01862724984767,-23.74460193013493],[-46.01633756962309,-23.74236631984974],[-46.01630019020155,-23.73919284977018],[-46.01485310009048,-23.7389449498495],[-46.01529716013579,-23.74585755997839],[-46.01426239029701,-23.74653539968892],[-46.01192785009016,-23.74509210022018],[-46.01111881997753,-23.74031694027451],[-46.00947345993217,-23.74171404966364],[-46.00741114990461,-23.73903698017244],[-46.0074370296951,-23.74023350027579],[-46.00617373043326,-23.73938824007519],[-46.00574845992344,-23.74124610991998],[-46.00434757967702,-23.7412678600237],[-46.00176551007019,-23.73655203015204],[-46.00001637995194,-23.73633084998869],[-45.99845529987215,-23.73086262031364],[-45.99438052024476,-23.72989358012455],[-45.99538213028103,-23.72691752022735],[-45.99398633030484,-23.7264252403325],[-45.9921638496819,-23.73164190984619],[-45.99483638029466,-23.74057602956009],[-45.99344217031984,-23.74289982017052],[-45.98945563037302,-23.74079843010344],[-45.99278335037127,-23.73921190010907],[-45.99205611989396,-23.73801536022063],[-45.98940405964959,-23.73838730003382],[-45.98562678025166,-23.73642806040664],[-45.98374805962521,-23.73970409007165],[-45.98375048959338,-23.74629720974838],[-45.98119042999429,-23.74758063044169],[-45.97939112040382,-23.74589769042603],[-45.97898015001385,-23.74224065038567],[-45.97422101958432,-23.73925502979574],[-45.97912401006499,-23.7365470595991],[-45.97636679029512,-23.73360299038563],[-45.97298643027949,-23.73260191005005],[-45.97209290975991,-23.73527820972157],[-45.96716968003665,-23.73565771013517],[-45.96862656016759,-23.73963429009035],[-45.97341571985953,-23.7441661303626],[-45.97485240031796,-23.74828997969877],[-45.97365408966448,-23.74904265019808],[-45.97044743999732,-23.74717158010429],[-45.96805453019238,-23.74759481994494],[-45.96633815967829,-23.74516158004286],[-45.96429288011228,-23.74562052027073],[-45.96055476978677,-23.74363243039232],[-45.95445317007767,-23.7381346696792],[-45.95198610037818,-23.73954348014746],[-45.93893087965631,-23.73469558033673],[-45.93668761973782,-23.73023483956615],[-45.93855399986717,-23.72659365007684],[-45.93571804984811,-23.72840816000854],[-45.9335898303064,-23.72698224983094],[-45.93162061000311,-23.73080555023591],[-45.93085673035375,-23.72933796997131],[-45.92886869983062,-23.73066223967061],[-45.92848314967756,-23.7287245199206],[-45.92586421955804,-23.73142808973449],[-45.925020429749,-23.72961143042312],[-45.9221046999719,-23.73002353036156],[-45.92028201969941,-23.72808442025973],[-45.9174910996345,-23.72782552972438],[-45.91353030997578,-23.7248205997908],[-45.91278716959215,-23.71995772986531],[-45.91114369992175,-23.72188759043991],[-45.90848273009385,-23.72181381995176],[-45.91087732972494,-23.71743465038878],[-45.9076571902271,-23.71691979031601],[-45.90715342958708,-23.71315646030234],[-45.90222164011658,-23.71292065986052],[-45.89931616980533,-23.70863478956386],[-45.89875943999613,-23.7117034499542],[-45.897473160358,-23.71223476042582],[-45.89322408042693,-23.7081001596946],[-45.89274033959498,-23.70634624967965],[-45.89511301015727,-23.70273875958605],[-45.89307990021717,-23.70190510963306],[-45.89174727042013,-23.69820249015277],[-45.89009338030519,-23.70265300023573],[-45.88825532971964,-23.70223003019169],[-45.88812497029113,-23.70659048036634],[-45.88620879020345,-23.70753264971199],[-45.88544130966864,-23.70383666992632],[-45.88364434011419,-23.70397790035975],[-45.88394705011621,-23.70858244992007],[-45.88232154979966,-23.71031049992956],[-45.88084145996538,-23.71003441975262],[-45.88092907012043,-23.7113950301565],[-45.87738551013314,-23.71440654042948],[-45.87240613033862,-23.713359900439],[-45.87208286992848,-23.70752618988172],[-45.86964251998626,-23.7051753602546],[-45.86356101023239,-23.70531598994091],[-45.86237571007092,-23.70256966995424],[-45.86112260012783,-23.70427916964792],[-45.86000719977238,-23.70335959037277],[-45.85806180970474,-23.70420856027681],[-45.85773282960633,-23.70579999967021],[-45.85357470980495,-23.70455169030822],[-45.85534597044017,-23.70890395035696],[-45.85289294994965,-23.7104493102874],[-45.85016845021374,-23.70886203025844],[-45.84760176980581,-23.70922202977283],[-45.84651593016599,-23.71089889037142],[-45.84576778955181,-23.70805611000145],[-45.84367746024657,-23.7107978803179],[-45.8420911595793,-23.7080246697027],[-45.84010683965886,-23.70941192971674],[-45.83650564032303,-23.70768014032615],[-45.8322567402563,-23.70279054974401],[-45.82903405028117,-23.70254952963705],[-45.83103066033664,-23.70573343994624],[-45.82700818977611,-23.70607020007964],[-45.82608204994659,-23.70401675017285],[-45.82306808002784,-23.70296522956164],[-45.82268102980566,-23.70021161967048],[-45.82062325955576,-23.69959210998786],[-45.82153228978331,-23.70284875026954],[-45.82034614965505,-23.70327774037537],[-45.82259031968744,-23.70561324015887],[-45.81966178985965,-23.70756343980088],[-45.82329274956072,-23.71016525042592],[-45.82034836018863,-23.71210290002875],[-45.82309297955732,-23.71412685037382],[-45.82512065039765,-23.72052605013704],[-45.82346545986303,-23.72236114015448],[-45.818882879841,-23.72075068009974],[-45.8199009798463,-23.7235452001508],[-45.81843092015077,-23.72598259042417],[-45.81150223014379,-23.72937810041896],[-45.8072986199353,-23.73324592985574],[-45.8041160801929,-23.72911410982829],[-45.80040088998902,-23.72800889969091],[-45.79854191038083,-23.72867423972434],[-45.7867270499134,-23.72081288980297],[-45.7888678500712,-23.72464139998056],[-45.78769422041188,-23.72818252999974],[-45.78216259033121,-23.72746094007027],[-45.78189120011876,-23.73081049021192],[-45.77886447961203,-23.72832298971417],[-45.78037447010564,-23.72356361017245],[-45.77835761001563,-23.72292707992074],[-45.77761015018825,-23.72558807043305],[-45.77222353039156,-23.72247641975093],[-45.76897504965876,-23.72694089001004],[-45.76668336034874,-23.72342796003227],[-45.76246369004724,-23.72422919032482],[-45.7604506898474,-23.71680207985207],[-45.75670029028612,-23.72341659979622],[-45.75604215022503,-23.71663401005145],[-45.75558407964149,-23.71868562983792],[-45.75359914998074,-23.71827984044222],[-45.75220183015028,-23.72146231993008],[-45.74900415032124,-23.71914494957974],[-45.74616106957768,-23.71963829966774],[-45.7446481796697,-23.71770639043751],[-45.74163716042659,-23.71972598986252],[-45.73780077038919,-23.7173444996489],[-45.73689513959897,-23.71975858039411],[-45.73251394026607,-23.71905410995919],[-45.72970467043416,-23.71770263037206],[-45.7280881300631,-23.71366295038479],[-45.72698336958678,-23.71716810032751],[-45.72197625020374,-23.71464900035102],[-45.71658208959172,-23.71612464033984],[-45.71630595995202,-23.71406117018682],[-45.71400989993691,-23.71323270032883],[-45.71431527013357,-23.71724879019945],[-45.71710369997572,-23.72002140006754],[-45.7195355396334,-23.72036145981349],[-45.71968813030293,-23.72224574994135],[-45.72332844025527,-23.72236967022405],[-45.72590659960986,-23.72751132998383],[-45.72910146006427,-23.72848259959227],[-45.72842864036943,-23.73310750980369],[-45.73096902010417,-23.73685197024218],[-45.7297801199565,-23.7379513797523],[-45.73337614009677,-23.73972542019192],[-45.7304064896677,-23.74189544022232],[-45.73987707027055,-23.74941206021833],[-45.74550785960002,-23.75173785991427],[-45.74612786031247,-23.7534337996301],[-45.75235125970283,-23.75483601986639],[-45.7568548297865,-23.76103619966085],[-45.75440787971985,-23.76128390982456],[-45.75323883030774,-23.76379058027101],[-45.74863884031021,-23.76165798013164],[-45.74488926992382,-23.76425566017053],[-45.74164860969552,-23.76368868978119],[-45.74065383990273,-23.75923343037846],[-45.7382256002312,-23.7605384401968],[-45.73401529996607,-23.75923169019029],[-45.73429877976486,-23.75763708967992],[-45.73277900015069,-23.75575298031572],[-45.73154094036204,-23.75861749999757],[-45.72813715030918,-23.75832739039669],[-45.72861075038577,-23.75614571964923],[-45.72729792995545,-23.75369789004554],[-45.72932885004633,-23.74659813009958],[-45.72864174012415,-23.74319897964915],[-45.72704576005373,-23.7475148000679],[-45.72495475985426,-23.74928317028201],[-45.72100383036246,-23.74634363994699],[-45.71969887989934,-23.74760427991356],[-45.72294858011281,-23.75309598998791],[-45.72108695020256,-23.75609249956915],[-45.71612183005834,-23.75684267984576],[-45.71710120975297,-23.75935989034662],[-45.71151914029605,-23.75495635994798],[-45.70778314967259,-23.75527158041905],[-45.70826181023432,-23.75795282006652],[-45.70603095016816,-23.76043331034896],[-45.70244180984162,-23.75925020992918],[-45.70627895980613,-23.76256646986667],[-45.71511292022507,-23.76633465981666],[-45.71979660023288,-23.77072868977717],[-45.7114150797421,-23.76830717973252],[-45.70423001010681,-23.76969131010583],[-45.70368617028049,-23.76783949989294],[-45.70204942034445,-23.76805558989349],[-45.70226170981005,-23.76646858955371],[-45.69749887956959,-23.76531419009774],[-45.69534178009906,-23.76252938002682],[-45.69119392965609,-23.76332203978029],[-45.68783913017165,-23.76788017982642],[-45.69205951993087,-23.75980376962821],[-45.69543969018952,-23.75860809039102],[-45.69032746973687,-23.75570640982289],[-45.69080080990943,-23.75261259989151],[-45.69550504032532,-23.7535480000401],[-45.69748578004464,-23.75088632964037],[-45.69681001956673,-23.7498389504072],[-45.69313935030073,-23.75027331036495],[-45.69345013981206,-23.74407349029929],[-45.69449122019364,-23.74296870014535],[-45.69226344030551,-23.73916531972367],[-45.68873436030242,-23.74068763992261],[-45.68869303015919,-23.74215825989575],[-45.6863923602192,-23.74219740018981],[-45.68900147963456,-23.74427854022241],[-45.68645296013597,-23.74514793013282],[-45.68672628029356,-23.7465629603123],[-45.68478601995884,-23.74817568036332],[-45.68294926979291,-23.74782161997172],[-45.68262662002246,-23.74936030963056],[-45.67651893999704,-23.74984509997137],[-45.67211786025103,-23.74770200024705],[-45.67061962029919,-23.74407937995937],[-45.66973813990319,-23.74612085988974],[-45.66712556978916,-23.74504558998194],[-45.66523931014598,-23.74613036032781],[-45.65978985022139,-23.75143302031756],[-45.65579020985024,-23.75044476971033],[-45.65766949974756,-23.74774971018093],[-45.65675585959519,-23.74577011979517],[-45.65368756972555,-23.7437996602261],[-45.65226242037437,-23.7407536996235],[-45.65047638028068,-23.7406952895559],[-45.64933891955548,-23.74143078030625],[-45.64950817016586,-23.74390488989872],[-45.64660995018903,-23.74256491983516],[-45.64519049984165,-23.74402774988073],[-45.64652262961562,-23.74793132017425],[-45.64402899034559,-23.74726791997847],[-45.64273180013242,-23.74346625006734],[-45.63486756968257,-23.74753524975193],[-45.64028001980705,-23.75515596987208],[-45.63871507983703,-23.75680901012765],[-45.63426169012484,-23.75392350026925],[-45.63458890035741,-23.75138230035282],[-45.63015422014109,-23.74437429014131],[-45.62796395996872,-23.74515003994236],[-45.62772407030957,-23.7415715403942],[-45.62909054968907,-23.73864406007527],[-45.62667146961257,-23.73525685981616],[-45.62287437005608,-23.73833504042972],[-45.62230929993422,-23.74041833973456],[-45.61763058958002,-23.73782768969608],[-45.61897037977917,-23.74042542009704],[-45.6181941704246,-23.74393936001343],[-45.62162643031547,-23.74683306989022],[-45.62163603957151,-23.75026623989498],[-45.62376625021221,-23.75358236043752],[-45.62090576039247,-23.7541899999685],[-45.61600892037535,-23.75101129043867],[-45.61631023013297,-23.75373421006572],[-45.61159875028204,-23.75429034991964],[-45.61184173990432,-23.75631080010328],[-45.61545786978485,-23.76091099964287],[-45.61918661007394,-23.76021867994808],[-45.62208103041519,-23.76300342976441],[-45.62527269018244,-23.76389014961069],[-45.62198234960573,-23.76557168038869],[-45.62163003030162,-23.76763605975628],[-45.62867236044104,-23.7670069102407],[-45.62907402014986,-23.76890203989717],[-45.63235510040749,-23.77159920024286],[-45.63124936956274,-23.77512356959704],[-45.63645047001313,-23.7744112597718],[-45.63892837024804,-23.77617403980003],[-45.63970778028977,-23.77941336003852],[-45.63882720011514,-23.78275025042365],[-45.64202570012594,-23.78475248034266],[-45.63640470980948,-23.78347513007316],[-45.63639901979889,-23.78230729024921],[-45.63146398017852,-23.77996296991506],[-45.63003240966793,-23.78050236978851],[-45.62048541007357,-23.77067095959706],[-45.61433453021436,-23.7724676701468],[-45.61247130041016,-23.77047533996495],[-45.60869098040439,-23.7709102799854],[-45.60899283964778,-23.76407440990607],[-45.60694614005229,-23.7624720203674],[-45.60407369014865,-23.76416327011879],[-45.60474732013267,-23.76849881986459],[-45.60380296993105,-23.76929463983572],[-45.59540376966817,-23.7642502201715],[-45.57902930955493,-23.76038705012223],[-45.58463110024502,-23.76529394995578],[-45.59451009986117,-23.77037572026325],[-45.59820235015832,-23.77513951008029],[-45.60010903970038,-23.77465520986999],[-45.60126619018251,-23.77701083018565],[-45.60251105963766,-23.77624365002441],[-45.60276260001393,-23.77736988990847],[-45.60700459958258,-23.77908926955411],[-45.60727106960411,-23.78046382034898],[-45.60923910999691,-23.78028807033814],[-45.60989039992199,-23.78272509998334],[-45.61187001009284,-23.783130040419],[-45.61073302960557,-23.78451466002349],[-45.61160862034149,-23.78558060036437],[-45.61524901033351,-23.78514974956124],[-45.61535632013801,-23.79019470971804],[-45.61923202044136,-23.79033185003482],[-45.61975285021384,-23.79149582007597],[-45.62321441990952,-23.79223425970326],[-45.62186974998895,-23.79658234959572],[-45.62353198041654,-23.7993340700113],[-45.62162797984735,-23.80105876015364],[-45.62272440990353,-23.80480648962777],[-45.62033368005524,-23.80343753981055],[-45.61763646035433,-23.80393066956469],[-45.61676817031474,-23.80028334040378],[-45.61396595026832,-23.79910589042447],[-45.60938161027303,-23.79843131974957],[-45.60647823987881,-23.80019682022703],[-45.59977414026434,-23.79728754038763],[-45.59660574955564,-23.79842889967392],[-45.59239547986743,-23.795366869985],[-45.58998699020736,-23.79631732028804],[-45.58796530975121,-23.79397233985156],[-45.58987092999939,-23.79181990966106],[-45.5892213703699,-23.78956147008574],[-45.59175751969372,-23.7840999196755],[-45.5873220597652,-23.78278730968657],[-45.58556936023774,-23.78547563958904],[-45.58341663956622,-23.78542146982494],[-45.57861245040419,-23.7839519398301],[-45.57921713026633,-23.78130954999568],[-45.56898769002981,-23.77988075029634],[-45.56924010994305,-23.77834434041893],[-45.56720096015613,-23.77819918984068],[-45.56745557981111,-23.77580652015473],[-45.56254572030872,-23.77360524958254],[-45.5610094902957,-23.77315938010128],[-45.56043638023471,-23.77495774990018],[-45.55711417038259,-23.7726439399658],[-45.55099919955336,-23.77227300019877],[-45.55059191998106,-23.77387764973372],[-45.55562632029842,-23.78093642037948],[-45.55535150007165,-23.78605872043357],[-45.55344151991017,-23.78700491964128],[-45.54951625976753,-23.78575443032264],[-45.5472646604357,-23.78746050989457],[-45.55025344034397,-23.79045308044527],[-45.54954089039973,-23.79350852979479],[-45.55139809024962,-23.79631097017511],[-45.55442155970718,-23.79691810968296],[-45.55654042000435,-23.80107056015817],[-45.54130976982998,-23.79435956993814],[-45.5348456803838,-23.79667628018615],[-45.54323758984287,-23.80023277961902],[-45.54624026967264,-23.80392092001438],[-45.54886825956248,-23.80491416006038],[-45.55010601987686,-23.80357136972287],[-45.55349665015024,-23.80556054957964],[-45.55485985959479,-23.80986045019955],[-45.55341690996238,-23.81058637036466],[-45.54508646017194,-23.80909573957666],[-45.5434734397474,-23.80501451990415],[-45.53909000020332,-23.80614542007504],[-45.53804020988775,-23.81145746988631],[-45.53997161999422,-23.81198127011947],[-45.53729444977898,-23.81469680990983],[-45.53352858997243,-23.81417111030845],[-45.53451516963935,-23.81325397988724],[-45.52936934961576,-23.81251932011048],[-45.52907312012837,-23.81150826989068],[-45.52743131959966,-23.8119077001802],[-45.52416723023345,-23.8151252802075],[-45.5272566901441,-23.8177693301904],[-45.52627659998507,-23.81942711976569],[-45.52916131034613,-23.81908078005392],[-45.53196999022282,-23.82333787024646],[-45.53483190007211,-23.82422920991007],[-45.54006786993619,-23.82894024009994],[-45.53845738020391,-23.82889980028551],[-45.53693715992193,-23.83096723015348],[-45.53384882955982,-23.82920582968524],[-45.52199533961317,-23.82957513988077],[-45.51976289044501,-23.82831830044915],[-45.51954736971533,-23.82604464974077],[-45.51509680027709,-23.8283040902615],[-45.51569588995329,-23.83033253991476],[-45.50753581042926,-23.82862453039769],[-45.50517609010444,-23.83056970013149],[-45.49804773981128,-23.83263509033708],[-45.50348352014828,-23.83900865042881],[-45.50950071038943,-23.83873055037458],[-45.50699235011683,-23.84011624017228],[-45.50351377963716,-23.83997860972499],[-45.49955575989037,-23.83746335974621],[-45.49341171038208,-23.83612561010875],[-45.4936827804359,-23.83406718964903],[-45.49104943957991,-23.82757598024722],[-45.47970584005242,-23.82776344033044],[-45.47439796039754,-23.82236772029404],[-45.47452793041958,-23.82057983029489],[-45.46951396989374,-23.81814652024565],[-45.47035279994174,-23.81580188964546],[-45.46869607966033,-23.81320652985744],[-45.46579322008103,-23.81242318977831],[-45.46301092991047,-23.81407093032914],[-45.46085721009212,-23.81219504976167],[-45.45948119969756,-23.81341942007015],[-45.45720801034139,-23.81244978003326],[-45.45321164979777,-23.80801044042943],[-45.44649743011229,-23.80360778956776],[-45.44563717011926,-23.80408989003632],[-45.44506132971657,-23.80010644016005],[-45.44291211010574,-23.80150727004445],[-45.43713228962343,-23.80097367979147],[-45.43662813957695,-23.80521127987663],[-45.43235182008038,-23.80637042955163],[-45.4326933996806,-23.80872601029711],[-45.43628960957778,-23.81260249031266],[-45.44416440975965,-23.81758303023264],[-45.44533843961727,-23.82098301975054],[-45.44269940965,-23.82100146034907],[-45.44084090038717,-23.81752572003592],[-45.43625433996579,-23.81497629042343],[-45.43236753033722,-23.81437665036208],[-45.43075801996662,-23.81573961968763],[-45.43018173979539,-23.81901995980326],[-45.42741356988029,-23.82036535008081],[-45.4266854796511,-23.81839018975541],[-45.42295890043289,-23.81665720966242],[-45.42512550034155,-23.81238257009949],[-45.41949888026909,-23.8052732602527],[-45.42818406044597,-23.80443196965962],[-45.42833837961251,-23.80149782986092],[-45.42742126987565,-23.80022410026197],[-45.42264819006186,-23.79922382032299],[-45.41893915032148,-23.79573299028522],[-45.40966875970543,-23.79072412981469],[-45.41021802963832,-23.78871477007056],[-45.41539243011653,-23.79043786031895],[-45.41325713021234,-23.78380208040164],[-45.42050224038604,-23.7854715701568],[-45.42289575993135,-23.78472166956936],[-45.42243160003829,-23.78141347025542],[-45.42025594035931,-23.78030030021864],[-45.41959450967886,-23.77513014993644],[-45.41677976027768,-23.77330870982905],[-45.42098609003597,-23.77295498038796],[-45.41860759006818,-23.77035920960981],[-45.42125289010875,-23.77077472966999],[-45.42535899042502,-23.7640731796335],[-45.42247982978029,-23.760183600093],[-45.42462673003951,-23.75858077977909],[-45.42184392995335,-23.75501157022774],[-45.41811075960385,-23.75277896997346],[-45.41776325976656,-23.74997263013273],[-45.41487730024716,-23.74779366004935],[-45.41481234041714,-23.74494047991919],[-45.409184179806,-23.7415529702933],[-45.40532424012156,-23.7374768596693],[-45.40932433015365,-23.73522085006215],[-45.40784563966452,-23.7329874197336],[-45.40800511014766,-23.73032061960089],[-45.40949780038312,-23.73013421981835],[-45.41039550005223,-23.72824405981544],[-45.41269661965322,-23.72899846960365],[-45.41451872975551,-23.73246657017603],[-45.42190945995355,-23.73544715995843],[-45.4245603097105,-23.73839622040919],[-45.42678065040667,-23.73716710977425],[-45.42904372958441,-23.73102059972086],[-45.430245620439,-23.73132166036629],[-45.43011056025409,-23.73501178016949],[-45.43419849966097,-23.73721239963248],[-45.43521447996426,-23.73233112957791],[-45.43768739975366,-23.7321705996934],[-45.43889162974489,-23.73023153006102],[-45.44121140038578,-23.73151476009804],[-45.44126594966383,-23.733437609558],[-45.44402470007981,-23.73249756980698],[-45.44607105973159,-23.73529353956513],[-45.44779395033049,-23.73298709957493],[-45.44916244958733,-23.7332188701547],[-45.44814336032778,-23.73589451961635],[-45.45060899021269,-23.73759357997966],[-45.45219138962091,-23.73638854959182],[-45.45169805032469,-23.73843402970664],[-45.45335047994064,-23.73931887986237],[-45.45588566968786,-23.73784999018483],[-45.45753760018005,-23.74280027960918],[-45.46038494011287,-23.73968649033924],[-45.46333722013657,-23.73900459018967],[-45.46386484968303,-23.73542182965366],[-45.46769267997314,-23.73441222014782],[-45.46617151989966,-23.7307225598982],[-45.46921858037314,-23.73173128986707],[-45.4669679001484,-23.72402985019738],[-45.47178724018892,-23.72956653986387],[-45.47199503034631,-23.72678302032011],[-45.47345890000821,-23.72571724005854],[-45.47736422038241,-23.72722719997523],[-45.47536069993629,-23.72124217038981],[-45.47190752990855,-23.71909941960251],[-45.48036122009421,-23.72019793968315],[-45.48017467012488,-23.71694051968916],[-45.47118577000725,-23.71207981982775],[-45.47357816000402,-23.71228658026143],[-45.47481045963497,-23.71016740969816],[-45.47665447992028,-23.71038122980985],[-45.47952088997704,-23.70823891969036],[-45.47683420043796,-23.70396043012971],[-45.47414059960892,-23.70260571028524],[-45.47740674032877,-23.70306175019959],[-45.48359923991296,-23.70119268019801],[-45.48527890010109,-23.7050027200994],[-45.48819939988238,-23.70507392032511],[-45.49234880974973,-23.71006111972486],[-45.48871914956908,-23.71109418984491],[-45.48902608998202,-23.71501328963154],[-45.49141716966659,-23.71694406032009],[-45.48997301044602,-23.72164277969051],[-45.48834375006396,-23.72197268968785],[-45.48951921973617,-23.72438915993172],[-45.48845105986845,-23.72787362007148],[-45.49119313955168,-23.73256087038783],[-45.48864035007205,-23.7362767503717],[-45.49126699997203,-23.74257754002139],[-45.49268722013903,-23.74294787004811],[-45.49402857965521,-23.74581858965615],[-45.49427461977785,-23.74185350033872],[-45.49258669032344,-23.7399566700642],[-45.49251071020109,-23.73592756970152],[-45.49823524036401,-23.73242995967485],[-45.49720150024899,-23.72942641020063],[-45.49818316961756,-23.72828336018887],[-45.50143645003209,-23.73083261982947],[-45.50600295017597,-23.7319413696984],[-45.50975220040368,-23.73581388010643],[-45.5110565797973,-23.7349171795841],[-45.51591330015862,-23.73741384956946],[-45.51061127958684,-23.73168055011723],[-45.51667071008518,-23.72943755999535],[-45.51170302957109,-23.72734501026395],[-45.50510886038558,-23.72677507031318],[-45.50423130013434,-23.72512590973292],[-45.50168628979043,-23.72535729000691],[-45.4996501401418,-23.72319159031957],[-45.49713801980374,-23.72407040962167],[-45.49626822969498,-23.72314376976914],[-45.49836181994198,-23.72107856032727],[-45.50624433001178,-23.72076843991152],[-45.50737978974547,-23.72188202993169],[-45.50941145987093,-23.72135418005132],[-45.51070824988579,-23.72332709027296],[-45.51503907998949,-23.7229324695578],[-45.51510241024801,-23.72132358961193],[-45.51298895037974,-23.72074893001906],[-45.51322267968288,-23.71880529003204],[-45.51136822995983,-23.71696611979053],[-45.50453574043206,-23.7129637202994],[-45.50597057997823,-23.71109475012258],[-45.51089877036191,-23.70826676989549],[-45.51655670033142,-23.70771688032971],[-45.51670188958047,-23.70373221007338],[-45.51920025029125,-23.706450730217],[-45.53564503019396,-23.71134351968766],[-45.53626703009934,-23.71447649959072],[-45.53839396990577,-23.71594681019707],[-45.54047153962983,-23.71256417040007],[-45.5394583598154,-23.70998265027902],[-45.54170772972788,-23.70951142980857],[-45.54322853996513,-23.70722090961726],[-45.54277267991523,-23.70634004975346],[-45.54046859974602,-23.7068485102505],[-45.53945248004788,-23.7028245198357],[-45.54679684030191,-23.70054156024474],[-45.55227996005209,-23.6946998304328],[-45.54975888966101,-23.69392659963285],[-45.55043614031558,-23.69287012015985],[-45.54875642976538,-23.6915699999555],[-45.53977593021494,-23.68988089958378],[-45.53762871968962,-23.69054772979388],[-45.53406988022073,-23.69502294964934],[-45.53191182027422,-23.69546031963802],[-45.53089307005911,-23.69385154041623],[-45.53594937966011,-23.68978309021742],[-45.53297667963,-23.68716040992496],[-45.5290787103142,-23.6875721096651],[-45.52809612003989,-23.68492896979609],[-45.53296457025868,-23.68369200987831],[-45.52819160016219,-23.68160109961099],[-45.52391013024828,-23.68246198013622],[-45.52362794007735,-23.68129866030489],[-45.52207343044444,-23.68178624034266],[-45.51945894027784,-23.68034894025135],[-45.51875430976355,-23.67849513983879],[-45.50675742021872,-23.67783031961352],[-45.50383846007685,-23.67442196999787],[-45.49876848977397,-23.6765555800759],[-45.49643499997524,-23.67542047017849],[-45.4953391203041,-23.67868829982513],[-45.49330103981112,-23.67813569970275],[-45.49381488005264,-23.67577026958224],[-45.49142030020664,-23.67611660030082],[-45.49198730027365,-23.67353693997774],[-45.48998021041831,-23.67206197987645],[-45.49075020006165,-23.67105423016852],[-45.49778750029287,-23.6702694403823],[-45.50135119969809,-23.66845506984555],[-45.50608685962084,-23.66949196028571],[-45.5126551795928,-23.66743806971112],[-45.51534313987395,-23.66819149024502],[-45.51751758007219,-23.66678059964494],[-45.5298004504304,-23.66519847992589],[-45.52972150973983,-23.65554547993992],[-45.51984586009831,-23.65245368988582],[-45.51804635985161,-23.65015552995368],[-45.51578373033482,-23.65276081016322],[-45.51440986032674,-23.65247633031834],[-45.5168362698779,-23.64862585959571],[-45.5149492700927,-23.64724475004516],[-45.51884009969081,-23.64530876958401],[-45.52237975032517,-23.64533934023831],[-45.52595312014034,-23.64202679989683],[-45.52929017959809,-23.6443638896817],[-45.53142969012805,-23.6439067597891],[-45.52692536011722,-23.63601378970458],[-45.5224081401235,-23.63766888041448],[-45.51891634960981,-23.6348064696428],[-45.51908517034428,-23.63286572996941],[-45.52222349042171,-23.6326420299057],[-45.52283475961644,-23.6298019699849],[-45.52027363971666,-23.62945198981743],[-45.51790129021231,-23.63197637960621],[-45.51549653993334,-23.63225988008935],[-45.51405074034932,-23.63107420041399],[-45.51749342967798,-23.6282292598724],[-45.51760294012354,-23.62566095978542],[-45.51589760968687,-23.62602884995141],[-45.51496981960145,-23.62417303955408],[-45.51320852974982,-23.62476598955874],[-45.50616983017346,-23.62146695973235],[-45.5039060801015,-23.62217796014471],[-45.50190718037203,-23.62087924018476],[-45.49928445961007,-23.6207702801243],[-45.49921538987832,-23.62375573973554],[-45.49721643978683,-23.62191771972692],[-45.49604402960824,-23.61828317982486],[-45.49329594964831,-23.61662091971965],[-45.49265033984125,-23.61724892979424],[-45.49651246038172,-23.62370931043625],[-45.49532333990015,-23.6242324802447],[-45.49559566001165,-23.62600198000735],[-45.49739294972483,-23.62686606032037],[-45.49711969971435,-23.62849458955361],[-45.49507793020229,-23.62910178032286],[-45.49792056038552,-23.63184126995861],[-45.49510472999924,-23.63049360979221],[-45.49298450992717,-23.63110372965338],[-45.48833122970245,-23.62729499017161],[-45.48783390011437,-23.62509894016392],[-45.48905769036008,-23.62360202041685],[-45.48419780978105,-23.62588892983018],[-45.48431011981614,-23.6236412902133],[-45.4860112702039,-23.6231861604129],[-45.48623304032253,-23.62005749995359],[-45.48326232959278,-23.61861073989371],[-45.4783334404359,-23.62049754992194],[-45.47659088975769,-23.61898995971882],[-45.47438225014071,-23.62006436987474],[-45.47618707976989,-23.61846730971854],[-45.47219928976534,-23.61573451013948],[-45.47111854028839,-23.61806456992394],[-45.46522694037094,-23.61553698034731],[-45.4680970700237,-23.61910071032946],[-45.46531190022398,-23.61905488987122],[-45.46553930009856,-23.62126627961504],[-45.46789370003421,-23.62228710006957],[-45.46737554034888,-23.62489455034319],[-45.46937153976472,-23.62490387991011],[-45.47193235029766,-23.62851182955723],[-45.46522412009705,-23.63139450025596],[-45.46825412043125,-23.63487554027392],[-45.46682511029059,-23.63582646002305],[-45.46610462023199,-23.63392185960612],[-45.46289249998887,-23.63327120010575],[-45.46255396009713,-23.63151086983072],[-45.4591362602302,-23.63177031974442],[-45.46168477972878,-23.62687615970697],[-45.45242501999866,-23.62734513007365],[-45.44922928000722,-23.62367184018325],[-45.44944977039057,-23.62623373979523],[-45.44762925028965,-23.62622726017986],[-45.44231934985805,-23.62320845010981],[-45.43864197974352,-23.62315657001966],[-45.43798422998816,-23.62110531985456],[-45.43260459972248,-23.62000488961394],[-45.4335505300329,-23.6179021802414],[-45.43660775014752,-23.61899738991758],[-45.43998517027933,-23.618501000121],[-45.43946784966147,-23.61681879035484],[-45.43678625028519,-23.61606582038127],[-45.43974935994498,-23.61334678042954],[-45.43802993982979,-23.61096795041055],[-45.43892171026869,-23.60765590019957],[-45.43616706975445,-23.60847116980858],[-45.43332902971093,-23.60718113999758],[-45.43151283984565,-23.60842004964553],[-45.43069221027724,-23.60716046997965],[-45.43093846983447,-23.60573263974948],[-45.43376442029171,-23.60425427031828],[-45.43086913030606,-23.60280988986449],[-45.43222358035393,-23.59797821022619],[-45.4343198298962,-23.59801897019929],[-45.4301496304011,-23.59717741970212],[-45.42784978963601,-23.59517659002756],[-45.41793004983191,-23.59337986958525],[-45.42177067028018,-23.59591409975587],[-45.42036954991477,-23.59821217964833],[-45.41715221989898,-23.59835994995166],[-45.41576982971384,-23.59637016035458],[-45.41484346955042,-23.59881957006706],[-45.41045991039653,-23.59744922989802],[-45.41051839960443,-23.60112625017626],[-45.41297978019264,-23.60556738033029],[-45.41210773008765,-23.60661296002002],[-45.40817260977809,-23.60420712965526],[-45.40597285006692,-23.60477292013411],[-45.40271511980689,-23.59881446011917],[-45.39994278962797,-23.59865543030384],[-45.40097960002845,-23.59601703975454],[-45.39943593981673,-23.59246938965055],[-45.40108161012819,-23.59032661008496],[-45.39454558031423,-23.58914162018959],[-45.39347542035432,-23.59722040999389],[-45.39133286022326,-23.59486275990838],[-45.39146053967215,-23.59698252042693],[-45.38889695023403,-23.59879368038401],[-45.39005535976702,-23.60107151024198],[-45.39454728992547,-23.60363807014079],[-45.39422443960615,-23.60613731038853],[-45.38671044023459,-23.6108947096231],[-45.3854488397921,-23.60719447964146],[-45.37683986007147,-23.60417974979555],[-45.37310858998939,-23.59978535021372],[-45.37004451973877,-23.59870334977973],[-45.36996725988109,-23.60225696958344],[-45.36595242006808,-23.59729491972473],[-45.37269219039223,-23.5939494695923],[-45.37517115002851,-23.59472572031569],[-45.37820737996657,-23.5929570002653],[-45.38005191016748,-23.59430558043812],[-45.38072270009252,-23.59172602983239],[-45.37835074988715,-23.58963354035558],[-45.37452197980548,-23.59012064015536],[-45.37411821028712,-23.58805675991152],[-45.37052660042224,-23.58852874030907],[-45.37092844988803,-23.58644213959303],[-45.3689261498219,-23.58712887000132],[-45.36818454008443,-23.58512629024608],[-45.36676152032788,-23.58512874989185],[-45.36722385010057,-23.58257231995657],[-45.36549588013071,-23.58286363015236],[-45.36121183995442,-23.57916393976399],[-45.35802539985229,-23.58225144994441],[-45.35805670974929,-23.57934195966368],[-45.35951048991711,-23.57841906998402],[-45.35521169995997,-23.57385842982262],[-45.35435846007482,-23.57470311985304],[-45.35359645011602,-23.57339059979631],[-45.35081064989151,-23.57679772003871],[-45.34852460023006,-23.57763839009959],[-45.34579839987623,-23.58779538994526],[-45.34333539960897,-23.58813776994208],[-45.34581144993842,-23.58080498036549],[-45.34469247028125,-23.57525055966556],[-45.34753054989494,-23.57155530023687],[-45.34292472959254,-23.56851066973155],[-45.3429926400982,-23.56485137958748],[-45.34031663000843,-23.56450678995634],[-45.33777886010625,-23.56035186005028],[-45.33626376955726,-23.56065323006248],[-45.33681359976777,-23.57376930970582],[-45.33340378965312,-23.56968394955459],[-45.33156746036997,-23.57010158032364],[-45.32858371036991,-23.56859223014726],[-45.32872123020059,-23.56478826966287],[-45.32728168000551,-23.56198754968563],[-45.32800384999763,-23.56040892023543],[-45.32388310961778,-23.55904820011432],[-45.32376683986774,-23.56637938979696],[-45.3208778199554,-23.56668617013059],[-45.32208749983823,-23.56928688987801],[-45.31937266961296,-23.57033034986569],[-45.32017966006322,-23.57498323978467],[-45.31880797001179,-23.57550362978861],[-45.31689233041669,-23.57273812006815],[-45.31546452986413,-23.56453120025463],[-45.30883186969498,-23.56338923032865],[-45.30928488968584,-23.56059089985013],[-45.31282867989961,-23.55877003980544],[-45.3140235299619,-23.55192986017488],[-45.31586656998616,-23.55029843962126],[-45.31123379970006,-23.55099967969142],[-45.30632990000481,-23.54803855033879],[-45.30612920010248,-23.54598671021847],[-45.30315323013741,-23.54622828970378],[-45.30491491029483,-23.54370471020417],[-45.30343812996568,-23.54314396042537],[-45.30735408032649,-23.5414263704306],[-45.30732400969526,-23.53987279968993],[-45.30550035995361,-23.54054753044414],[-45.30191018001074,-23.53819157018478],[-45.29988128968972,-23.53952329976045],[-45.30040259970019,-23.54215625031065],[-45.29706701962721,-23.54103174971544],[-45.29289272012289,-23.53408986035873],[-45.29142005958806,-23.53444039001192],[-45.29127331990776,-23.53720559036566],[-45.29351821029712,-23.54003585037412],[-45.29067517991558,-23.54187213019463],[-45.29174298994701,-23.54315909961269],[-45.29076251038151,-23.54594121981143],[-45.29272677002439,-23.54719759968941],[-45.29179323956629,-23.54817217970231],[-45.29301701002697,-23.54951123965196],[-45.28989820973453,-23.5561525297154],[-45.28842639995833,-23.56373825002015],[-45.29171165037235,-23.56802356003919],[-45.29071560983749,-23.56871552989776],[-45.28803239977537,-23.56594928992774],[-45.28033684976577,-23.56441695038188],[-45.27829325013334,-23.56184719968849],[-45.28084680043946,-23.55815002020722],[-45.27958330962201,-23.55701056028909],[-45.27975564041043,-23.55370968955049],[-45.27743059974233,-23.55327756980398],[-45.27481020013062,-23.5493312996997],[-45.272930719577,-23.55016020033293],[-45.27302308984366,-23.55408748035291],[-45.27072283988713,-23.55474637044858],[-45.27070709006011,-23.54992924004233],[-45.26814977968854,-23.54797085027445],[-45.26571407024812,-23.54798134985936],[-45.2655037502978,-23.54424304977687],[-45.26089653964357,-23.54551995038537],[-45.26086108027459,-23.54294205992807],[-45.26617662035471,-23.54218875001078],[-45.26490863022906,-23.54012242001363],[-45.26606658020847,-23.53911148041044],[-45.25934840980125,-23.53797114005602],[-45.25712383959348,-23.53562269992761],[-45.25782905017047,-23.53353134989186],[-45.2558575204082,-23.53128002035663],[-45.25862128994055,-23.53136126960686],[-45.26022672997954,-23.52826576984933],[-45.25781419966552,-23.52892556016644],[-45.2575542002661,-23.52721247037914],[-45.25297296023388,-23.52745573969059],[-45.25560637033766,-23.52551661969619],[-45.2512856998751,-23.52263226007068],[-45.24963867968125,-23.51986002971654],[-45.25074990988037,-23.51903445027961],[-45.24822870009439,-23.51809186005124],[-45.24931677005287,-23.51485546980405],[-45.24750879009855,-23.51603351963121],[-45.24632321024791,-23.51532542043174],[-45.24724918010554,-23.51076962042163],[-45.24451169955523,-23.51302039957176],[-45.24191519043364,-23.51044738973519],[-45.24000715010988,-23.51154603032501],[-45.24148706997227,-23.52006980018109],[-45.24312809978193,-23.52127403017232],[-45.2428698396713,-23.52413150996119],[-45.24033031968844,-23.52068220971614],[-45.23715025038371,-23.52157500987875],[-45.23378719961954,-23.51927762965886],[-45.23273801005109,-23.51700836044745],[-45.23143876039046,-23.5179217101188],[-45.22872120971601,-23.51663764011494],[-45.22875660972971,-23.51954976990589],[-45.22736270012848,-23.52127527033741],[-45.22528526979931,-23.52258262019171],[-45.22310022029887,-23.52108813041286],[-45.22099158979,-23.5230909997498],[-45.21949331026804,-23.52103092993343],[-45.21271955006716,-23.51983986961426],[-45.21094000038067,-23.51697437956392],[-45.20827756016121,-23.5169635103577],[-45.20599708989374,-23.51376891969983],[-45.2030483001389,-23.51350181026027],[-45.2053190901039,-23.51050084004169],[-45.20495538987927,-23.50903981043888],[-45.20283836959504,-23.50818355962355],[-45.20526488976282,-23.50649846033565],[-45.20293686964078,-23.50534531003797],[-45.20128778010695,-23.50233952035256],[-45.19930846041706,-23.50242968008564],[-45.19957343036947,-23.49838420037048],[-45.19519143963316,-23.49566363966517],[-45.19489101031184,-23.49316824042194],[-45.19664635024884,-23.49138656024149],[-45.19324520959873,-23.49017319044032],[-45.1908166596611,-23.48626134008873],[-45.1873687596605,-23.48855986964224],[-45.18759522963609,-23.49011505016938],[-45.18564896992399,-23.49201157017779],[-45.18854481029473,-23.49190240956852],[-45.18943296006302,-23.49318128958481],[-45.1868502798165,-23.49800073034936],[-45.18442065968566,-23.4989204598113],[-45.18322700032576,-23.49627343037446],[-45.18036730011079,-23.49638335990409],[-45.17923187005471,-23.49326110981229],[-45.17713917013657,-23.49196638014428],[-45.17724624971459,-23.48928078957675],[-45.18841325027125,-23.48409636975163],[-45.18813517989457,-23.48137329993779],[-45.19061176981728,-23.48134770972899],[-45.19183657989419,-23.48453571015483],[-45.19842596018987,-23.48425647965274],[-45.20784650970859,-23.48023903000717],[-45.20869711008351,-23.47750092982403],[-45.20532986038472,-23.47587948994646],[-45.20586353967059,-23.47460875958654],[-45.19796444969955,-23.47030941025105],[-45.19831485974294,-23.46890073018449],[-45.19531039026225,-23.46670230956391],[-45.19190537982939,-23.46711029960062],[-45.19135219964426,-23.46579128014343],[-45.1862112800265,-23.46491137985623],[-45.18585564042542,-23.4682666101159],[-45.18471254994421,-23.46870335957232],[-45.18238470968657,-23.46635212974695],[-45.18177673021188,-23.46212724967279],[-45.17332529012998,-23.45881365982251],[-45.17181956961741,-23.45971048984717],[-45.17383998023087,-23.46455079038662],[-45.16933175975288,-23.46060295006606],[-45.16615739035126,-23.46372632970633],[-45.16665772007769,-23.46526499958003],[-45.16398644042187,-23.46598503997757],[-45.16428440020485,-23.46226407972347],[-45.16599086018999,-23.4613210398341],[-45.16433638011978,-23.45837717027013],[-45.16525616983631,-23.45711429998494],[-45.1612577399527,-23.45330569000555],[-45.15741810965801,-23.45276312002193],[-45.15898895007996,-23.45717862039697],[-45.1560434203675,-23.45770641002275],[-45.15381617018005,-23.46045642982034],[-45.15277542974223,-23.45967430022876],[-45.153636080041,-23.45712526991525],[-45.14951879035982,-23.45702267975281],[-45.14955729033665,-23.45556022022794],[-45.14467024033928,-23.45163640979246],[-45.14099472013021,-23.4506416301071],[-45.13925151024898,-23.45205775026494],[-45.13799899026117,-23.45649403037515],[-45.1368268597717,-23.45445452985263],[-45.13309313004385,-23.45596535042051],[-45.12986517993409,-23.45513072020651],[-45.12951743008529,-23.45796734022053],[-45.13067981012512,-23.45913161962852],[-45.129250380001,-23.45922223981449],[-45.12821782968905,-23.4617017201582],[-45.13139856988806,-23.46514422962247],[-45.13365888994576,-23.4703904202816],[-45.13692750020391,-23.47229262040804],[-45.13492721012261,-23.47448033010312],[-45.13605969040236,-23.47781518981913],[-45.14106248044908,-23.47847014987747],[-45.14183669960397,-23.48086044984984],[-45.13979871983503,-23.4844998299032],[-45.14278262002188,-23.48716272967619],[-45.14662445005825,-23.4870787698693],[-45.1481465499233,-23.48902391981801],[-45.14628020037088,-23.4892804100628],[-45.14702752979662,-23.49010430956616],[-45.14530699991809,-23.49132004008771],[-45.14293920997653,-23.48979567033388],[-45.13997887022862,-23.49280631006309],[-45.1297063596607,-23.49197875031905],[-45.13018737015096,-23.4961099902838],[-45.12867759999119,-23.4975953402527],[-45.11432677006434,-23.49363748957842],[-45.11175660028681,-23.48750059957297],[-45.11270668996173,-23.4853573199843],[-45.12166696016203,-23.48585370978083],[-45.12385584976761,-23.48490805016633],[-45.12269521980852,-23.48264714015335],[-45.12581586011379,-23.48015879968881],[-45.11987230006656,-23.47983739008345],[-45.1236017301357,-23.47914256038081],[-45.11947216021196,-23.47700769035259],[-45.12202397032991,-23.47365541976177],[-45.11616841973677,-23.47173678002832],[-45.1104127397561,-23.4731338399547],[-45.10355258978018,-23.47859712965379],[-45.10047343969745,-23.4781736901636],[-45.09883944978071,-23.4800400298235],[-45.09669894010398,-23.4789836195983],[-45.09574110996419,-23.4842747799571],[-45.09352742964711,-23.48505294983374],[-45.09296379034663,-23.48708930003113],[-45.09070952992084,-23.48589558041664],[-45.08557103037873,-23.48594365007932],[-45.08566020985074,-23.48300701016535],[-45.08143668955154,-23.48017383995068],[-45.08226788975128,-23.47350983031436],[-45.07759787044535,-23.47342822043601],[-45.07602554973931,-23.47060078969463],[-45.07972034961438,-23.47096478040027],[-45.08039968040089,-23.46894467016034],[-45.0833097003823,-23.46868119038459],[-45.08801197027617,-23.47334681020709],[-45.09450132977253,-23.47468621010046],[-45.09718825043734,-23.47185002985498],[-45.10244901011367,-23.47359905025593],[-45.10719982001564,-23.47184347019993],[-45.10599582025088,-23.46994829018138],[-45.103831439869,-23.46953333039886],[-45.10540567972828,-23.46789821992684],[-45.10322980960797,-23.46523858019629],[-45.09973457019424,-23.46449022014752],[-45.09130433972348,-23.45653466983907],[-45.09350736037635,-23.4565731095613],[-45.09334297959481,-23.45533750042529],[-45.09460080018675,-23.45487425963933],[-45.09311195005643,-23.45259614019966],[-45.10185332976732,-23.45534121012872],[-45.10552498019365,-23.45783094993834],[-45.10814620987964,-23.45798760014759],[-45.10814480963523,-23.45627446989084],[-45.11545749037083,-23.458217750149],[-45.11957215043435,-23.45756519038116],[-45.10390371028797,-23.4442537402179],[-45.10822833956615,-23.44583066005686],[-45.11262597041218,-23.43985496993088],[-45.1153039895874,-23.44155302035557],[-45.11930033034594,-23.44707998025683],[-45.12338244034731,-23.44760703963311],[-45.12588195039166,-23.4465915503597],[-45.1316705302707,-23.4490915999973],[-45.13503528974678,-23.44788372955043],[-45.13038841988964,-23.44356723014351],[-45.13220848043699,-23.44167421029653],[-45.12310900957311,-23.43886065969167],[-45.1148603998875,-23.43237135955053],[-45.12505489966384,-23.43331650025624],[-45.12687789020242,-23.42942906020295],[-45.13219088969777,-23.42890525996972],[-45.13887133984042,-23.43116310958982],[-45.12876924000835,-23.4254819195549],[-45.11701754972012,-23.42410641008269],[-45.11729886035408,-23.42120119967558],[-45.12263829002501,-23.4241861098011],[-45.14012240022856,-23.42651635034923],[-45.14060520036963,-23.42486559976754],[-45.13898514994469,-23.42297916026001],[-45.13640588981991,-23.42301846962664],[-45.13117787985522,-23.42013150016857],[-45.13006399036084,-23.41615611990898],[-45.12867935996445,-23.41757001964066],[-45.12212743013674,-23.41896636010938],[-45.12020120012522,-23.41584153975521],[-45.11918284021584,-23.41540422012861],[-45.11933810007321,-23.41716643987922],[-45.11791720991124,-23.41535820991339],[-45.11849355033706,-23.41297126980822],[-45.12693321019947,-23.41251840989668],[-45.12540285006145,-23.40572595009246],[-45.12620705980794,-23.40334150021005],[-45.12395023991161,-23.40450042955115],[-45.12174566972681,-23.40397102024633],[-45.12504850008816,-23.40047354961456],[-45.12866914006872,-23.39889796976547],[-45.1279143004046,-23.39759965000383],[-45.13063608958385,-23.39470503001309],[-45.1312783098461,-23.39095852001964],[-45.12755229000612,-23.39054608013743],[-45.12746118958216,-23.38841437032687],[-45.12458968036941,-23.3849823397631],[-45.11670758039048,-23.3842901702551],[-45.1181241196324,-23.38821394022114],[-45.11818490031288,-23.39384507039364],[-45.11674010976822,-23.39908348011846],[-45.11325501021054,-23.40369195971613],[-45.11047807010681,-23.39740969969785],[-45.10702452955837,-23.39888538015612],[-45.10563922017383,-23.40322668016711],[-45.10831764044673,-23.40402245966874],[-45.1094848003832,-23.40822920041722],[-45.1080847304259,-23.40887784004025],[-45.10454865999264,-23.40661838962694],[-45.10830727036421,-23.41413127024191],[-45.1070125595819,-23.41565060019502],[-45.10556933026032,-23.41258488958096],[-45.10383055043951,-23.41450916986224],[-45.1012875401878,-23.41439884013431],[-45.10255186018014,-23.41655779040963],[-45.10124197963358,-23.41756039959273],[-45.10077618027645,-23.4215903102446],[-45.10352830988353,-23.42484850995072],[-45.10095815989115,-23.43179382032849],[-45.0991117698922,-23.43291871033017],[-45.0969879300489,-23.43220010974721],[-45.10023428028774,-23.42859119962412],[-45.09787584959076,-23.42293265002172],[-45.09539358044935,-23.42310399964981],[-45.09313863024357,-23.42080738025635],[-45.09035319964039,-23.42423069998677],[-45.08740545040115,-23.42366962015677],[-45.08590138014455,-23.4274037797606],[-45.08238073038638,-23.42810664040906],[-45.07910386974777,-23.42070672003905],[-45.07656222017027,-23.41972519995795],[-45.07409560013178,-23.41631372969482],[-45.07016858990846,-23.41628753963818],[-45.07170248977803,-23.41102333016249],[-45.07003097025301,-23.40773156955623],[-45.07088950984297,-23.40622718993285],[-45.07510827003057,-23.40692708012062],[-45.07500022997658,-23.40452164995412],[-45.07988309003252,-23.40287793027221],[-45.07525840015501,-23.40068068956214],[-45.07990250010027,-23.40096745008771],[-45.08788764979516,-23.39789645955392],[-45.09292822036105,-23.39843462016154],[-45.08718998992606,-23.39512372018351],[-45.0880931295942,-23.39043146963655],[-45.08005380024264,-23.39217103996145],[-45.07943124995217,-23.39358049974021],[-45.0768492999552,-23.39308859036612],[-45.0802443701815,-23.39009967016358],[-45.07881703008184,-23.38758741043063],[-45.08048725997901,-23.38555864961194],[-45.08070465039924,-23.38095260987501],[-45.07709339034767,-23.38364084984528],[-45.07505582966274,-23.38334284959279],[-45.07177650038517,-23.39034948024425],[-45.06898537977139,-23.39207695019104],[-45.06741517966674,-23.38922140034731],[-45.06502711001309,-23.38870390975757],[-45.0595863096604,-23.38275783970249],[-45.05813463030893,-23.38618551035296],[-45.06098217978371,-23.39225371014055],[-45.05986739006795,-23.39417184985092],[-45.0580129403449,-23.39438211044597],[-45.05596882989755,-23.39274698018892],[-45.04608558997796,-23.39291730998582],[-45.04565441002296,-23.39406644031391],[-45.04873797038101,-23.3962767904415],[-45.04661858038315,-23.39744449986375],[-45.03843905032187,-23.39486961044412],[-45.04007794963763,-23.3937057501202],[-45.03930360997356,-23.39294535984044],[-45.03144896989403,-23.39267525026253],[-45.02766390956174,-23.3895225401331],[-45.03149831029873,-23.38614888995926],[-45.03141655023359,-23.38384999977762],[-45.03458231042526,-23.38036258986159],[-45.0339943696444,-23.37716683008512],[-45.0362775603611,-23.37462532979509],[-45.03248764009248,-23.3699777701579],[-45.03084883970217,-23.37481799965093],[-45.02598830981259,-23.37844834961157],[-45.02662755961416,-23.3797598399446],[-45.02362427993654,-23.37905935980154],[-45.02012476964234,-23.38386088966826],[-45.01723128009945,-23.38509875969993],[-45.01124914992829,-23.38462327014776],[-45.00873632991767,-23.3873468795548],[-45.00521817038219,-23.38511858975107],[-45.00594447006119,-23.38943183001487],[-45.0028980696901,-23.39104701960423],[-44.99309165975228,-23.38972384977581],[-44.98910173026059,-23.39097830960128],[-44.99205010003203,-23.39487532023981],[-44.99124650991848,-23.39663941957349],[-44.98885848972748,-23.39734925986039],[-44.98353091042316,-23.39478433043246],[-44.9832273901319,-23.39582128022784],[-44.97958291002323,-23.39542159003429],[-44.97976943031489,-23.39809627991934],[-44.97831003028364,-23.39928572955273],[-44.97542296010147,-23.3936324598701],[-44.97929643008615,-23.3937224496313],[-44.97796865033291,-23.39225530014193],[-44.97947001003291,-23.39140641027757],[-44.97827424985672,-23.39059597992048],[-44.98237483013423,-23.3895649296777],[-44.98140232036076,-23.38785486970642],[-44.98016330998871,-23.38854573969411],[-44.98003728978904,-23.3870453395707],[-44.97888236962564,-23.38812282990466],[-44.97900794016425,-23.38615365007087],[-44.97548983998411,-23.38650181001049],[-44.97280518021483,-23.38355209035666],[-44.96666188973438,-23.38277857986753],[-44.96920296014844,-23.37971148969348],[-44.96884489957239,-23.37517683993917],[-44.96742728024475,-23.37415943960639],[-44.96854869976266,-23.37392210042452],[-44.96883235043259,-23.37025746021357],[-44.96609600033008,-23.3723543599657],[-44.96256989978099,-23.37100401981962],[-44.9619482002492,-23.37228113986265],[-44.95798794029116,-23.37016819980255],[-44.95288480029325,-23.37128142020134],[-44.95013618973331,-23.3687883600947],[-44.95181557023233,-23.36788015994136],[-44.94997123968091,-23.36510554008856],[-44.95383097971592,-23.36566407034053],[-44.95397135039747,-23.36433986988902],[-44.95572566960391,-23.36437289029658],[-44.95555036026087,-23.36193210957913],[-44.95130987964717,-23.35935733976936],[-44.94692424036134,-23.36055460001472],[-44.94504355021962,-23.35863894962779],[-44.94915447000272,-23.35424756996935],[-44.94963298037771,-23.35140501982573],[-44.95477931031689,-23.35057464970026],[-44.95581091004544,-23.34924437972433],[-44.95830541985919,-23.34991622005748],[-44.95876210009078,-23.34737714973562],[-44.96127660003503,-23.34556178005204],[-44.95349083993028,-23.33983635956031],[-44.94777432002883,-23.34022471020216],[-44.94470549955912,-23.33607020027949],[-44.93961668036548,-23.33238740995097],[-44.93881554000512,-23.33055513031496],[-44.94009248018375,-23.32998154990855],[-44.93733799974882,-23.32795523974249],[-44.92878814955344,-23.32644761986171],[-44.92741599005586,-23.32969256985615],[-44.92324784011566,-23.32993627983541],[-44.92441711975425,-23.32756838017656],[-44.9214292103897,-23.3252752195757],[-44.92399853030787,-23.32402811980182],[-44.92392608991707,-23.32240935001147],[-44.92211734014307,-23.32273998036578],[-44.92248606038333,-23.32112413966729],[-44.91428335029633,-23.31844608002251],[-44.91417051955381,-23.31594204998555],[-44.91664295011202,-23.31618275982646],[-44.91608173988033,-23.31429092978254],[-44.90751094987041,-23.31430507971561],[-44.90417291015166,-23.31689646989611],[-44.89988694992275,-23.31558579974484],[-44.89889545995749,-23.31652099035136],[-44.89454427010196,-23.31614867012496],[-44.89164301041654,-23.31408714970217],[-44.88802224003433,-23.30939552958],[-44.89198059972483,-23.30662154015192],[-44.89087421956953,-23.30454135969597],[-44.89685473995422,-23.30314346969533],[-44.89603838036692,-23.30155942992371],[-44.90009248008386,-23.30231362027729],[-44.9023007896497,-23.30093293970339],[-44.89952586043006,-23.3002067398491],[-44.90236428988004,-23.29967919034232],[-44.89638360042278,-23.29524912994333],[-44.88775329957508,-23.2965502798715],[-44.88224303019166,-23.29388328008923],[-44.88105613013624,-23.29686241027196],[-44.87687820996138,-23.29917616984432],[-44.87156769978947,-23.29635177971085],[-44.86970539988425,-23.29667814997657],[-44.86852768010829,-23.29497533044707],[-44.86431603985329,-23.2966401599154],[-44.86062860002983,-23.29630270010949],[-44.86291606972082,-23.30194498007671],[-44.86019267974831,-23.30543386038431],[-44.85987850968542,-23.30752203041732],[-44.86180673978919,-23.31076119956964],[-44.86092812013658,-23.31203769997984],[-44.86395922034171,-23.31286146008824],[-44.86476750041976,-23.31439778003346],[-44.87701128983912,-23.31397880028135],[-44.88488096028806,-23.32398257993208],[-44.8827906102984,-23.32630976008733],[-44.88024470962563,-23.32605129043463],[-44.87909550015718,-23.33132753014138],[-44.87549448967889,-23.33584484995981],[-44.87443083991127,-23.34243090006595],[-44.87060734974932,-23.34588473019608],[-44.8700097898199,-23.34823383042686],[-44.87230091975158,-23.35330118999786],[-44.8820985397158,-23.36039837968144],[-44.88601216982573,-23.36162624025872],[-44.88611568988716,-23.36583631029742],[-44.89063607009854,-23.37307677007681],[-44.88557291036147,-23.37030182017281],[-44.88564397029296,-23.36731374982963],[-44.88360807964909,-23.36475680997876],[-44.87928136034645,-23.36377254966339],[-44.87536266975138,-23.36492117996846],[-44.87105917993716,-23.35919437002411],[-44.86499777992356,-23.35848740037318],[-44.85204980965096,-23.36201211956364],[-44.84557469991245,-23.36452607991458],[-44.83824948982203,-23.37153460993426],[-44.83819675987252,-23.37306474973838],[-44.84084062999102,-23.37553528002911],[-44.83954737970777,-23.37931878003764],[-44.84297240005617,-23.38086598987348],[-44.84495626042303,-23.38394100037681],[-44.84403772975736,-23.38531219040522],[-44.84524469998286,-23.38751743957812],[-44.84132838000068,-23.3891268096545],[-44.83963868967373,-23.38719111967441],[-44.83696509965955,-23.38804197995336],[-44.83331387013897,-23.38574646043077],[-44.83090999040371,-23.38612326018028],[-44.83067736007206,-23.38821775964186],[-44.82812276025714,-23.38855823037801],[-44.82592715001789,-23.3867672700934],[-44.82666487018759,-23.38461461956899],[-44.81950412001908,-23.38209534962067],[-44.80658603961399,-23.3801603997826],[-44.80024213017015,-23.37624747024449],[-44.80058745005073,-23.37238631018005],[-44.79705602011921,-23.37050562003827],[-44.79124422963747,-23.36966242018451],[-44.78880642028003,-23.37241692040453],[-44.78722083996973,-23.37023511026206],[-44.78578590959199,-23.37054388978862],[-44.78324556043424,-23.37489881003199],[-44.78553707977238,-23.37802827988116],[-44.78465512993029,-23.37881473970845],[-44.76946778031379,-23.37289275979299],[-44.76551983027588,-23.37330421042094],[-44.76313234967813,-23.37107488999413],[-44.75957003972553,-23.37090145034159],[-44.75058856980661,-23.366746669723],[-44.74613494986801,-23.36815677971157],[-44.74209974041065,-23.36667509987592],[-44.73705257961279,-23.36834412018493],[-44.73523972982963,-23.37019914997074],[-44.72805851019206,-23.37080106981347],[-44.72568712026435,-23.37059458996833],[-44.72363745020812,-23.36839897972908],[-44.7262926796634,-23.36919415038966],[-44.7355431296117,-23.36581667000326],[-44.74256041992737,-23.35857979042493],[-44.75023677031066,-23.35902457982047],[-44.7509379600188,-23.35326185994683],[-44.75663722013155,-23.35143531978412],[-44.75982134987538,-23.34238464973174],[-44.76499493017184,-23.34209622006443],[-44.7695155100327,-23.3398157803739],[-44.77837297962924,-23.33838961029221],[-44.77624970006354,-23.33284844020329],[-44.77854398032042,-23.33142719031252],[-44.77886847999633,-23.32862741012684],[-44.78165230980619,-23.32625019978684],[-44.77928392001684,-23.32168791026879],[-44.78048952956811,-23.31597981971288],[-44.78300612043608,-23.31235835955061],[-44.78553536026863,-23.31113243971026],[-44.78813736964383,-23.30592390006791],[-44.786631880257,-23.2994017899606],[-44.79370940986132,-23.29680972978514],[-44.80441715992396,-23.29055087012654],[-44.80724666989784,-23.28682009017496],[-44.80707751011897,-23.28274505963674],[-44.81229797027504,-23.28496810999025],[-44.81706964984443,-23.28942255011054],[-44.82658464976174,-23.29152452024039],[-44.82715181980058,-23.28698600969653],[-44.82400660012445,-23.28060334037184],[-44.82721964037404,-23.27914173969947],[-44.83086536964106,-23.27180089039871],[-44.83079128978613,-23.2692995304489],[-44.83539644998615,-23.26767847008529],[-44.84043112999262,-23.26325200967244],[-44.83682028992439,-23.25781577967444],[-44.83715228005366,-23.25574300963217],[-44.84279916005318,-23.25569546967017],[-44.84676819019978,-23.25157124981331],[-44.85052006015263,-23.25173565037994],[-44.85162217032683,-23.25053799982879],[-44.85000171970358,-23.25009661976316],[-44.85227693972894,-23.24888381023959],[-44.87059022036232,-23.24974817024184],[-44.87560227972136,-23.24876399985868],[-44.87865752042819,-23.24088675981608],[-44.87781427021235,-23.23297846978051],[-44.886444869635,-23.23237610027678],[-44.88895631997815,-23.22487674996199],[-44.8856351803193,-23.21901182033918],[-44.88133198008677,-23.2155145898264],[-44.88330246034025,-23.21298138038634],[-44.88415525955753,-23.20395422041088],[-44.89219906033833,-23.21104538014015],[-44.90188380009727,-23.2021062197262],[-44.90670818983108,-23.20113378999235],[-44.91062633004105,-23.20278024990859],[-44.91255794968959,-23.1995208298224],[-44.91611620010252,-23.19818511984738],[-44.91740943959394,-23.20322983988518],[-44.93163644006961,-23.20928394010173],[-44.93344313039609,-23.21391072989621],[-44.93844672983266,-23.21706180955482],[-44.93886664038308,-23.22193878984325],[-44.94335621971373,-23.2294368397383],[-44.9471855896432,-23.23002340005979],[-44.95671862996079,-23.23450062990008],[-44.95640933961931,-23.24089454974364],[-44.96256025994802,-23.24482545043412],[-44.964490699686,-23.24351613016523],[-44.96654112966934,-23.24465914960001],[-44.96642148026706,-23.24072981013256],[-44.97013124036442,-23.23497839024049],[-44.9664193695582,-23.23259759969943],[-44.97511158962811,-23.22780887977592],[-44.98383628961301,-23.22434739011993],[-44.987024840424,-23.22862496956662],[-44.98949958044125,-23.22887726987005],[-44.9935720101401,-23.2334156697973],[-44.99745001000991,-23.22921977037606],[-45.00328295974077,-23.23015620024842],[-45.00648292025051,-23.22810103983107],[-45.00894598976555,-23.23019854033032],[-45.01207584002793,-23.22962696990868],[-45.0150052098225,-23.2324520902917],[-45.01957179000607,-23.22994263014823],[-45.01684125042334,-23.22754638026117],[-45.05709293029446,-23.21253979977189],[-45.05682867979971,-23.21137097968693],[-45.05959572016633,-23.20876396018855],[-45.0660034302141,-23.20871401993605],[-45.06779609021737,-23.20572820958915],[-45.06753717000436,-23.20051632986468],[-45.07025330964251,-23.19942535959262],[-45.07656201962146,-23.20634014967811],[-45.08384026981258,-23.20505713008242],[-45.08958435033747,-23.20941308004956],[-45.09471530007102,-23.21613826966535],[-45.09769368021915,-23.2230541704136],[-45.10133325992194,-23.22253066965465],[-45.10420630967343,-23.22522953961152],[-45.11025613990887,-23.22546232012991],[-45.11692496991139,-23.23000613037857],[-45.13709782010829,-23.23724487964745],[-45.13714726033777,-23.25226996009053],[-45.14116779016132,-23.25762938978448],[-45.14363690042256,-23.25496247993448],[-45.14658995026593,-23.25570990019168],[-45.14733003025663,-23.25755047967084],[-45.14372592970784,-23.261840799813],[-45.14208620031786,-23.26623789016645],[-45.14496921995351,-23.27107806030421],[-45.15011351023026,-23.2757261100719],[-45.15093996021096,-23.27942862972742],[-45.1544385801763,-23.28274871987747],[-45.15423857994648,-23.28759171028918],[-45.15568100977072,-23.29043898007484],[-45.15558395043894,-23.29537682018406],[-45.14510987032423,-23.30602199991534],[-45.13731559004242,-23.30337888972394],[-45.13739526008317,-23.32754554998712],[-45.13935201038692,-23.32909299004939],[-45.14155799970189,-23.32831846962165],[-45.14381720010368,-23.33009459019314],[-45.14792955970137,-23.33805592044433],[-45.15379571959676,-23.336780310363],[-45.15702556997405,-23.34422279024955],[-45.15896453978166,-23.34589920028782],[-45.15803582968977,-23.34986599022324],[-45.15943510014972,-23.3520678102812],[-45.16599162011715,-23.35310429962368],[-45.16786901963951,-23.35603623968069],[-45.17382316021065,-23.35711806025023],[-45.17214910010085,-23.35944988990047],[-45.17255969007761,-23.36205644984523],[-45.17605403016933,-23.36670262992237],[-45.17499267996817,-23.3704980702297],[-45.17870529001709,-23.37383796974649],[-45.17780886019068,-23.37671312031421],[-45.18018027979605,-23.38276537961855],[-45.18341425986017,-23.38231891028943],[-45.1864342399482,-23.37816562973995],[-45.18933605001865,-23.37789424042683],[-45.19128662018136,-23.37310372995313],[-45.19586363969518,-23.36999148032254],[-45.19772037009898,-23.36461389961175],[-45.20367362034125,-23.36139706961904],[-45.20411920024088,-23.35804479992754],[-45.20849156013736,-23.35485834004032],[-45.2103829800904,-23.35628084988127],[-45.20854009025294,-23.3582612703413],[-45.21374435002167,-23.36186815968779],[-45.21285792964972,-23.36740421982881],[-45.21748837968494,-23.37097755007386],[-45.21774383031345,-23.37238513026949],[-45.21547756034107,-23.37226856014587],[-45.2152144304016,-23.37373957042479],[-45.22060776004002,-23.37545350017882],[-45.22337346041684,-23.37141956955742],[-45.22846853979121,-23.37564172018921],[-45.23029619960988,-23.37559913998825],[-45.23131705963453,-23.37320926989184],[-45.23849009993813,-23.37559255964885],[-45.23783413983364,-23.37824982966583],[-45.23525385987767,-23.37871544016537],[-45.23558570971267,-23.38480269029191],[-45.23751936992295,-23.38526718023616],[-45.23848492973565,-23.3830597600998],[-45.24278274033117,-23.38641621973272],[-45.24561289961559,-23.38613666007876],[-45.24676987023327,-23.44111038033975],[-45.25032302958408,-23.4407953900951],[-45.24976524037351,-23.44293456967461],[-45.25125030975397,-23.44837510023063],[-45.25279809965252,-23.44979811998718],[-45.25118768006735,-23.45239259034571],[-45.24708542974872,-23.45406479965072],[-45.24720653965005,-23.45903445957259],[-45.2657161998427,-23.47276263039106],[-45.28165865981924,-23.47485214041393],[-45.282068560016,-23.47689038997947],[-45.30003006993172,-23.48474105955222],[-45.30142814968929,-23.48585618021849],[-45.30062667028454,-23.48763599970158],[-45.31198112013254,-23.49700355037351],[-45.3175372702288,-23.50049424011706],[-45.32273996967382,-23.50061660996852],[-45.32484741037962,-23.50218396012161],[-45.32628229039534,-23.501309300184],[-45.32484792029527,-23.50549897989396],[-45.32552330035998,-23.50818933956634],[-45.33201373004954,-23.50593098003066],[-45.33309377985404,-23.50783004961704],[-45.33709383031595,-23.50691368991482],[-45.33718209967412,-23.51008397999163],[-45.34272801008956,-23.50895182976308],[-45.34443017041599,-23.51518168988304],[-45.34293976985447,-23.51630454022234],[-45.34931817009743,-23.51753757010272],[-45.37989491012195,-23.54252258015293],[-45.38830703004538,-23.5532470899812],[-45.39789162040194,-23.55458137992667],[-45.40450054026769,-23.55203247012236],[-45.40823967042439,-23.55305513958297],[-45.40928333995413,-23.55564386956888],[-45.41336170967514,-23.55700153019643],[-45.42886085964091,-23.54133217004357],[-45.4347985003505,-23.54269046019652],[-45.43752347043176,-23.54131618009757],[-45.43847953969896,-23.54364029985993],[-45.44197985038971,-23.54267474004718],[-45.44542528984522,-23.54696083967099],[-45.44862168004647,-23.54795065959524],[-45.44977899960111,-23.55002933998202],[-45.44866920022338,-23.55213625008781],[-45.45300155018134,-23.55404674016489],[-45.45042645032038,-23.55716324988401],[-45.45110699968825,-23.5599071902646],[-45.45627592959045,-23.56166792973113],[-45.45742125039033,-23.56389020037238],[-45.46033222994839,-23.56438021037837],[-45.46694186027861,-23.56141676976807],[-45.48211043025213,-23.56015287965164],[-45.4843549204432,-23.55738374026737],[-45.48394306961694,-23.55033779035671],[-45.48760393986987,-23.54141750041725],[-45.49330704008781,-23.53910253035747],[-45.49740950984096,-23.54039357999966],[-45.49966764004949,-23.54262542032683],[-45.49826733986578,-23.53872636013335],[-45.49984704040855,-23.53689850965844],[-45.5025521003991,-23.53668422010065],[-45.50238991036605,-23.52873780960221],[-45.49955750997105,-23.52590862967946],[-45.49912576973844,-23.52360207007945],[-45.50042051019835,-23.52299089981011],[-45.50465866966181,-23.52586334971375],[-45.51060170990093,-23.52349621987463],[-45.51496359989017,-23.52586491003751],[-45.52376332042087,-23.5275573801689],[-45.52968076955182,-23.53073629024755],[-45.52930037970873,-23.53458215014609],[-45.53105666033656,-23.5372488396622],[-45.52856454991399,-23.5411775702886],[-45.52874590000323,-23.53973382025953],[-45.52733165043526,-23.53910425975374],[-45.52494182980155,-23.54173179009001],[-45.52588673038827,-23.54529645986366],[-45.52485855977466,-23.54837474030199],[-45.52406798015312,-23.54372189984576],[-45.52153166985062,-23.5451646102585],[-45.52091063042121,-23.54305505974315],[-45.51892147034954,-23.54297137962544],[-45.51648083981888,-23.54519248024872],[-45.51672762008354,-23.54315932983917],[-45.51535186959308,-23.54209804978512],[-45.51422921980259,-23.54565156976406],[-45.51497134035503,-23.54752789010001],[-45.51270373039279,-23.54892639973349],[-45.51242476968736,-23.54520589993228],[-45.51085160002128,-23.54629497982938],[-45.51244767991648,-23.54100567027541],[-45.50990814014853,-23.54300117956075],[-45.50810186980539,-23.54143199029409],[-45.50706333990115,-23.54206205981615],[-45.50665681036344,-23.5433550403028],[-45.50858569967028,-23.54305067015224],[-45.50946808028766,-23.54575756026316],[-45.50801157967061,-23.54662042019618],[-45.50825226972643,-23.54806485011272],[-45.50581370044188,-23.548334740256],[-45.50516454011142,-23.54511222025269],[-45.50372806020175,-23.54609238955209],[-45.50192914991032,-23.54451751027483],[-45.50010031018115,-23.54538148986381],[-45.50016346956841,-23.54912981019254],[-45.50722743020168,-23.55163605975633],[-45.50521512967447,-23.55322331010763],[-45.50535511005023,-23.55651974988649],[-45.50768816997305,-23.55680119002284],[-45.50586555984768,-23.56001641022908],[-45.5079697000416,-23.56121720031348],[-45.50960620985865,-23.55894277978541],[-45.51080684975625,-23.56006980028098],[-45.51378812032544,-23.55819926978046],[-45.51213017966404,-23.56086464988363],[-45.50811923031819,-23.56247972975569],[-45.51710437037036,-23.56553450011705],[-45.52059104014432,-23.57018220994098],[-45.5337978595835,-23.5769514798269],[-45.53722376036819,-23.57548551024803],[-45.54737599020973,-23.57686543988808],[-45.54990779041214,-23.57844861990782],[-45.55051483998784,-23.57726248967214],[-45.54927824969144,-23.57439488981225],[-45.54694142970317,-23.57534617018956],[-45.53642160017665,-23.57213119999483],[-45.53536770985187,-23.56993322993458],[-45.53221569040176,-23.56794185033607],[-45.53529255980374,-23.56389522038808],[-45.53450368979338,-23.56174342961555],[-45.53047529000258,-23.56125489000112],[-45.53150051983306,-23.55999219958028],[-45.54249291971246,-23.56102557007398],[-45.54422865982474,-23.56339327997586],[-45.54776590027603,-23.56488270027637],[-45.55482472038449,-23.56576544961575],[-45.55602114965632,-23.57697722022249],[-45.55907849028006,-23.57740548997134],[-45.56041135030353,-23.58101798029548],[-45.55922071986026,-23.58451036975771],[-45.55138805021829,-23.58745193975517],[-45.5575858297222,-23.58883256996711],[-45.55805238001329,-23.59000240988325],[-45.55920281975426,-23.58880869026882],[-45.56137950016375,-23.58926240003967],[-45.55745524006721,-23.59364645022345],[-45.55780520044959,-23.60084679034708],[-45.55932364996642,-23.60389971979617],[-45.5618655396629,-23.60558231986812],[-45.56341154980316,-23.61069089986512],[-45.56886355031253,-23.61501110987479],[-45.57002136989024,-23.61753683965338],[-45.69985296024589,-23.61687817978412],[-45.70307573026071,-23.61053983984169],[-45.70172436039087,-23.60900945002606],[-45.70457681027153,-23.6054113398614],[-45.70428729961912,-23.60323592030142],[-45.70617933021185,-23.6019469103216],[-45.71249622042421,-23.60528982976177],[-45.71366587957664,-23.60746117988947],[-45.71718819038261,-23.6078717599737],[-45.7214398999314,-23.60614482962012],[-45.72098620005306,-23.59940338026172],[-45.72458968006964,-23.59776473995072],[-45.7329073100243,-23.60271934971814],[-45.73981452961681,-23.60383896969267],[-45.74581918960388,-23.60095065035216],[-45.74719561008931,-23.60115314979799],[-45.74969270005801,-23.60465316011522],[-45.76382866036437,-23.60405745998372],[-45.76903603988131,-23.60821107957764],[-45.77206360035484,-23.60775741027624],[-45.77400918017946,-23.61209309042374],[-45.77337365986648,-23.61637206022237],[-45.77636403966864,-23.61697858009734],[-45.77783713007943,-23.62063494025023],[-45.78389281040484,-23.61983183037461],[-45.78765377969813,-23.61774068988086],[-45.79105347963434,-23.61263097044286],[-45.79593337012886,-23.6128518601252],[-45.80291973006143,-23.61474748980476],[-45.80606325991147,-23.61771640998427],[-45.81894594030285,-23.6176840901486],[-45.82220927963448,-23.62145980022956],[-45.83098077044616,-23.6222208299273],[-45.83289850995823,-23.62410703021521],[-45.83602463972528,-23.62419558016182],[-45.83870322997006,-23.62583175992773],[-45.85264068022315,-23.62375395997725],[-45.8601764198059,-23.62785649987751],[-45.86398735003615,-23.62772996976224],[-45.86846386041879,-23.63026871003291],[-45.8729521797992,-23.63076727978608],[-45.87904760026652,-23.63518087000108],[-45.88581716962665,-23.63702444961859],[-45.89092320993814,-23.63685042990335],[-45.89573023016595,-23.63892197956568],[-45.89953860991886,-23.63708041982545],[-45.90050734973437,-23.63380868981915],[-45.90419268964087,-23.63758014970409],[-45.90605784039695,-23.6371829497333],[-45.91439108977693,-23.64050550042845],[-45.91594568034884,-23.63930226958405],[-45.91739976988345,-23.63462280020201],[-45.91735428037572,-23.62944201993321],[-45.92308991986386,-23.63095967984532],[-45.92369267967337,-23.62954261989597],[-45.92533790032383,-23.62944061968881],[-45.92515052028023,-23.62761463980377],[-45.92860587026468,-23.62911856976615],[-45.93220242010557,-23.62798334025888],[-45.93945890040789,-23.63215750036829],[-45.9363050598306,-23.63544243961684],[-45.93887991957257,-23.63898891970285],[-45.93957813971934,-23.63609016013277],[-45.94126970962935,-23.63711675963071],[-45.94307659960532,-23.6363073598967],[-45.94358263013424,-23.64043367967054],[-45.94634072044784,-23.64210763006304],[-45.94523904014954,-23.64269419038453],[-45.94564931986019,-23.64569127013596],[-45.94941883001496,-23.65033906989214],[-45.9560290997631,-23.65427765978615],[-45.9768416602144,-23.6553099699791],[-45.98143714011189,-23.65845562043052],[-45.98357294993167,-23.65835899007527],[-45.98658169029272,-23.66039188957399],[-45.9873387099135,-23.6596157602591],[-45.98860039039567,-23.66140954981086],[-45.99791857008591,-23.66647534995741],[-45.99941117038918,-23.66869115986907],[-46.0057567103039,-23.67104634041624],[-46.01156018025807,-23.67643572023223],[-46.01866772023908,-23.67768608994106],[-46.02195269995707,-23.681067590297],[-46.02893877030795,-23.6835438897387],[-46.03344334043777,-23.68644557030677],[-46.030683750055,-23.68908495011033],[-46.03154443003137,-23.69128203973429],[-46.03381722998114,-23.69058770016221],[-46.03941241964742,-23.69592496966158],[-46.03322600037956,-23.69671420030005],[-46.03645642992024,-23.70003341001382],[-46.05826845012882,-23.7125435903144],[-46.06019803011498,-23.71232084982734],[-46.06628541963636,-23.71581486976038],[-46.07133253007214,-23.71909186979389],[-46.07241598021329,-23.72154998044721],[-46.07525033033841,-23.72135327982994],[-46.12923452025689,-23.74211744956062],[-46.13115142969468,-23.73664485997227],[-46.13443570974016,-23.73626857013835],[-46.13907835008575,-23.7308842400156],[-46.14107217044426,-23.73171757970249],[-46.14450285022633,-23.729700810444],[-46.14461301987495,-23.7283877301096],[-46.14764095986237,-23.72789385032087],[-46.15062248044308,-23.73697711989814],[-46.15298913993684,-23.73913424005309],[-46.15654374000155,-23.73993044043743],[-46.15886889038694,-23.74602814967932],[-46.16459330993325,-23.74950914023458],[-46.16459947028926,-23.75127644025548],[-46.16097502977374,-23.75160627021313],[-46.15812822044097,-23.75366329042845],[-46.15999532002797,-23.75464996002756],[-46.15962404031717,-23.75648881011045],[-46.16107624037613,-23.75660072983976],[-46.16305044022562,-23.75980555028588],[-46.16240563980841,-23.76177832021324],[-46.1636622400203,-23.7668119498116],[-46.166695500397,-23.76792701022327],[-46.17015532001199,-23.77218256976971],[-46.17441691041205,-23.77138706995726],[-46.175803379922,-23.77475693038798],[-46.17926965037401,-23.77717163975933],[-46.1792859002241,-23.77853795006632],[-46.18488548038056,-23.78437622018635],[-46.19272519980808,-23.78956568970477],[-46.20152749959436,-23.79327335977769],[-46.20195501031543,-23.7945091101073],[-46.20370414043367,-23.79441689991995],[-46.21085365986846,-23.80103048996511],[-46.21395141962228,-23.79998110974037],[-46.21637105008386,-23.80116047977231],[-46.2202015603537,-23.79838837981981],[-46.22224908013089,-23.80049720008566],[-46.22744462996565,-23.7999661998802],[-46.24672536977994,-23.77648072030894],[-46.25050396038944,-23.74059615009219],[-46.28212460017011,-23.77458981027149],[-46.29545243957836,-23.78476305007467],[-46.29679915995325,-23.7879550300006],[-46.3012495998891,-23.78743893965532],[-46.30567112032588,-23.79082149041938],[-46.32057403956026,-23.78556164985019],[-46.32461660007601,-23.78548999007091],[-46.33352582026038,-23.78147581036029],[-46.34072256039781,-23.78286653995883],[-46.34607148960754,-23.78806510971697],[-46.34984362038671,-23.78755714024976],[-46.35371544011542,-23.7887180103279],[-46.3550771000281,-23.79188582007447],[-46.35657550005925,-23.79091809019764],[-46.35868632041729,-23.79231556021489],[-46.36134733970795,-23.79263527010158],[-46.3625531102378,-23.79156170980502],[-46.36812285988202,-23.79280112037537],[-46.37251672976322,-23.79018924004134],[-46.37733293027048,-23.79358524016664],[-46.37740171042054,-23.79526796974096],[-46.37427991988233,-23.795004109552],[-46.37361623010491,-23.79600792022927],[-46.37797913992534,-23.80451120982445],[-46.38265193004247,-23.80783245020734],[-46.38326545024029,-23.80978390979953],[-46.38954305986425,-23.81021152034532],[-46.39449400039774,-23.81471560034464],[-46.39658323972469,-23.81209585004342],[-46.40794599031517,-23.81330017985937],[-46.41342390029274,-23.81938327961461],[-46.41301765044415,-23.82510760023553],[-46.41671698020446,-23.82370679013621],[-46.41897447009569,-23.82421996038283],[-46.41687879971681,-23.82150549977894],[-46.417999290235,-23.81993611985598],[-46.4235697800213,-23.82409216042481],[-46.42864481980257,-23.82566240999216],[-46.43112972036027,-23.82579355003224],[-46.43429434021158,-23.82279939037954],[-46.43942361990412,-23.8267478800106],[-46.44485478042373,-23.82894183010131],[-46.43827361993158,-23.82512922983005],[-46.43919312006642,-23.82317824957653],[-46.43789173001926,-23.82278826036986],[-46.43765583964523,-23.82078420033054],[-46.43952008028742,-23.82180709012505],[-46.44121361971276,-23.82070726962473],[-46.44054892988913,-23.81945901961802],[-46.44238437963537,-23.82045591990476],[-46.44307639985595,-23.81815907028482],[-46.44171252041644,-23.81769977032809],[-46.44467709956842,-23.81812222955722],[-46.44382576984339,-23.81675335977968],[-46.44502046971888,-23.81455082026412],[-46.44107340011726,-23.81528355998825],[-46.4420107104259,-23.81304232983962],[-46.43971208014835,-23.81131078956122],[-46.43890514006011,-23.81301725044568],[-46.43809032011217,-23.81182747975436],[-46.43939700986408,-23.81060808989139],[-46.43723861986638,-23.80995701040769],[-46.4378818095978,-23.808667590337],[-46.43977475030442,-23.81020871985652],[-46.4394671902586,-23.80897488957942],[-46.44124642967893,-23.80941312021929],[-46.44001616971042,-23.80786828009701],[-46.43887386973324,-23.80824036020442],[-46.43950662013435,-23.8072190298343],[-46.43772839964589,-23.8071126903983],[-46.439354390093,-23.80625665991687],[-46.43702879004655,-23.80415174001075],[-46.43996532024329,-23.80678489021045],[-46.44195226978138,-23.80461111011459],[-46.44374106989443,-23.80603392032913],[-46.4475716404188,-23.80561951992485],[-46.45375376992052,-23.80717510964354],[-46.458953909895,-23.81168341016121],[-46.46224974982607,-23.81188412984869],[-46.46601264996377,-23.81437185967354],[-46.46945519000496,-23.8188996799762],[-46.4690026799297,-23.81532919968276],[-46.46748570979764,-23.81425203040681],[-46.47116665022071,-23.8109021897842],[-46.47280255029739,-23.81097975990792],[-46.4743800501991,-23.81357390021526],[-46.47853761961539,-23.81144406998777],[-46.48053944034285,-23.81189079022772],[-46.48192857004744,-23.81444672013998],[-46.48668785965697,-23.81561231975269],[-46.49071597975859,-23.81525075991459],[-46.48948467028129,-23.81378502955545],[-46.491277289815,-23.81207168975664],[-46.49377125014303,-23.81214958993161],[-46.4941310895781,-23.8103129099128],[-46.49687703005088,-23.81054187011119],[-46.49727599988745,-23.81323720033646],[-46.5008454000951,-23.80961017966604],[-46.50107520026023,-23.81226649999894],[-46.50237838985078,-23.8106201902695],[-46.50380557976365,-23.81182270975023],[-46.5042943702889,-23.80943481006841],[-46.50228169024774,-23.80844572039365],[-46.50189896036869,-23.80589112957193],[-46.50375504955588,-23.80666503036679],[-46.50352379968359,-23.80857539004217],[-46.5051632403912,-23.80775119016528],[-46.50619594988314,-23.81014952018415],[-46.50670645993512,-23.80811900029158],[-46.50797164957191,-23.80939890013906],[-46.50828562987789,-23.80760419957409],[-46.50950027042109,-23.80733414035825],[-46.50914529002307,-23.80988772034198],[-46.51024898030613,-23.81128471012124],[-46.51294576023861,-23.81031641996674],[-46.5121297801652,-23.80867458976047],[-46.51407638971358,-23.80785540989922],[-46.51427054974602,-23.81118867961385],[-46.50820680969645,-23.8148423795721],[-46.5152709403016,-23.82421842973667],[-46.5032761102043,-23.83180020021899],[-46.5088486702299,-23.83949191012351],[-46.52061239974239,-23.83293565995268],[-46.51967430972155,-23.82822094973699],[-46.52274926986286,-23.82545251002529],[-46.52446603967593,-23.82542049955634],[-46.52501603985831,-23.82910094984891],[-46.52738697023244,-23.83046156025279],[-46.52668306996765,-23.83738898041707],[-46.52985579990519,-23.84155490003855],[-46.52863113012251,-23.84451575959457],[-46.52635985991958,-23.84610290022863],[-46.52686092978803,-23.84838467990903],[-46.52496804034274,-23.85156275991341],[-46.52475055009779,-23.85534106004184],[-46.52950544022383,-23.86186830977465],[-46.52706505970468,-23.86391319004161],[-46.53704842024837,-23.87637680974194],[-46.53613293019055,-23.87797081040452],[-46.53738024040575,-23.8798935600397],[-46.53584838019856,-23.87922486013912],[-46.53629418043204,-23.88087200983534],[-46.53515952019563,-23.88080825959344],[-46.53502005962798,-23.87898289034808],[-46.53392273024974,-23.88054533020278],[-46.53045526999466,-23.88035463975478],[-46.53084303967449,-23.88170209037912],[-46.53442163994669,-23.88208350994597],[-46.53211340041304,-23.88558488003815],[-46.5344391497469,-23.88356810988034],[-46.53510137003218,-23.88433724966427],[-46.53532491001653,-23.88252494037363],[-46.53821164025493,-23.88269629989429],[-46.53661110961497,-23.88389676982001],[-46.53749763970427,-23.88522253958848],[-46.53480948966615,-23.88650891995064],[-46.53575046021552,-23.88706674963072],[-46.53301649961173,-23.89139817958227],[-46.53715442963318,-23.88765330995227],[-46.53819844989852,-23.89002016999478],[-46.53911134990881,-23.88973577018959],[-46.53971224992034,-23.88761939022265],[-46.53859173961706,-23.88798927958152],[-46.53826538014312,-23.88647441026575],[-46.5394897801292,-23.88415159991638],[-46.54093522987694,-23.88441239971246],[-46.54209509990886,-23.88277420996178],[-46.54046340955864,-23.88133915008166],[-46.5416721199723,-23.88152723969034],[-46.54147283020689,-23.88001944983768],[-46.54338273032869,-23.87890758022058],[-46.54515709992017,-23.88242652036757],[-46.54382920955032,-23.88289862037499],[-46.54370872018126,-23.89109105031167],[-46.54558634993009,-23.88877833035559],[-46.54703236984795,-23.89060723033936],[-46.54613786996669,-23.88709617005219],[-46.54764748004715,-23.88512076960779],[-46.54690429020081,-23.88365182956824],[-46.54943428996046,-23.88562210027965],[-46.55119733978535,-23.88302321964585],[-46.55476690996488,-23.8809983304086],[-46.56557548032413,-23.88189846993839],[-46.56886517968428,-23.87738240017757],[-46.57192546019178,-23.87730527971485],[-46.57301599968861,-23.88218974955726],[-46.57208127043424,-23.88331611984302],[-46.57237370028599,-23.88823933967376],[-46.57374917018802,-23.88915849986483],[-46.57400671983419,-23.89328227006069],[-46.57815554963884,-23.89238302985291],[-46.58009462017054,-23.89448965037701],[-46.57959522034309,-23.89857954041344],[-46.57791271020335,-23.9003564101202],[-46.58561706997176,-23.89593795996882],[-46.60198529958188,-23.91788030992831],[-46.60853901995978,-23.91471166021489],[-46.61601628022709,-23.92513843958727],[-46.6349048796564,-23.91515073981475],[-46.6338989600689,-23.92672016000733],[-46.63148366973553,-23.93039529980319],[-46.63237640964354,-23.93511082030807],[-46.63406717016375,-23.93672876002421],[-46.63872173012368,-23.93739613972002],[-46.63956743009277,-23.94043127967979],[-46.64132451021794,-23.94106546000296],[-46.64007572961117,-23.94176466041068],[-46.63965338009939,-23.94761203976378],[-46.64243953016017,-23.94799605027748],[-46.64490602968948,-23.94517033993918],[-46.64608477019596,-23.94638490044275],[-46.64877693031104,-23.94476277977844],[-46.65161015988093,-23.94548136956951],[-46.65420281990419,-23.94220534979701],[-46.69246798011312,-23.96211708993172],[-46.6881083896904,-23.95531096043243],[-46.68784657995565,-23.95280640968804],[-46.6889902298152,-23.95014593988316],[-46.69030398014451,-23.94995283025884],[-46.68982174028105,-23.94865598988196],[-46.69144646987866,-23.94877338018728],[-46.69144663985048,-23.95044417036212],[-46.69254571031621,-23.94967062030287],[-46.6944725500681,-23.95068545037321],[-46.7008714296727,-23.94848942015057],[-46.70082374042323,-23.94955456009484],[-46.70268492966574,-23.94906034036239],[-46.70567685989914,-23.95134210025765],[-46.73236949995243,-23.96084338011786],[-46.73468314980749,-23.96803915977938],[-46.73431574977201,-23.97028183963516],[-46.86546758985736,-23.9689565896748],[-46.8659396799722,-23.97054330043295],[-46.8701444503061,-23.97117109017364],[-46.8700744102058,-23.97244504999901],[-46.87302865974482,-23.97485860014422],[-46.87838976037909,-23.97627199985288],[-46.88223089973621,-23.97559559995693],[-46.88442834009578,-23.97763988037616],[-46.89020200022208,-23.97768080042857],[-46.8930982803613,-23.97912132009282],[-46.89129786010812,-23.98173215001867],[-46.89231758968498,-23.9833926402581],[-46.89143331959201,-23.98643006989175],[-46.89290641000275,-23.98925242036285],[-46.88993612015577,-23.995882930253],[-46.89388802001605,-23.99770406009424],[-46.8975676896971,-24.00284289958012],[-46.89934818007441,-24.0140573600591],[-46.90248599023624,-24.0159497198037],[-46.90241560029966,-24.01764531957582],[-46.9058199803078,-24.01914152975775],[-46.9060448800671,-24.02226827016449],[-47.01723632039983,-24.05650031993378],[-47.01994420965752,-24.05938196990195],[-47.02287969034541,-24.05924722987572],[-47.02660682984128,-24.06355051014788],[-47.02872508039809,-24.06338429025277],[-47.0314788296842,-24.05993049969277],[-47.03456823023959,-24.05831759977735],[-47.03465418024621,-24.0547899595889],[-47.04459498037403,-24.05170398994716],[-47.04735840007004,-24.0480882899426],[-47.04673354032059,-24.04661981035593],[-47.04407792955277,-24.04627098042135],[-47.04496308008203,-24.0452674899027],[-47.04349901976389,-24.044297199656],[-47.04482861974498,-24.04246689043458],[-47.04431163997015,-24.04056586032613],[-47.04573465972675,-24.03879055993633],[-47.04277304024356,-24.03613622980311],[-47.04318091966366,-24.0309925303809],[-47.04559320985868,-24.02811527000364],[-47.04409671998758,-24.02515601034156],[-47.0468861300908,-24.0240069600531],[-47.05907925979994,-24.02989719030302],[-47.07035413043872,-24.02861430020977],[-47.0672268900089,-24.0365787897793],[-47.07302307005858,-24.03842766010837],[-47.07718788980924,-24.03546559995743],[-47.07856552977535,-24.0313579600018],[-47.08301007015859,-24.02539598993292],[-47.08712709004311,-24.02301916000619],[-47.08948016977399,-24.02393873028814],[-47.09196571964219,-24.02974121008873],[-47.08859204968331,-24.04273328041648],[-47.08343860970405,-24.04264778007092],[-47.08674087978773,-24.04539611993494],[-47.08696983009355,-24.04757785003773],[-47.0884988097722,-24.04795695025302],[-47.08842062001554,-24.05090209955222],[-47.08941169988998,-24.05148009023395],[-47.09021961034671,-24.04846698995959],[-47.09901693958005,-24.04940576976043],[-47.09753955040986,-24.04257825977879],[-47.09983923019627,-24.03728662997395],[-47.11183735990619,-24.02956895034674],[-47.11450724021694,-24.02378504964031],[-47.11753706968,-24.02069631008658],[-47.12005958977818,-24.02043577019458],[-47.12230814040834,-24.01655108026807],[-47.12416494005987,-24.01606213955603],[-47.12653032971093,-24.01839824997921],[-47.12536401963376,-24.02200742989891],[-47.12693982970933,-24.02629079018777],[-47.13165414961929,-24.02716035007006],[-47.13703929992369,-24.03223530981165],[-47.13897911959066,-24.03143087973126],[-47.13780874008125,-24.03334943043183],[-47.13988442032968,-24.03546372037437],[-47.14363665001133,-24.03356026029775],[-47.14925348006403,-24.03308863962894],[-47.15557608996454,-24.02910951998831],[-47.15806397986876,-24.03072619975427],[-47.16500309032034,-24.03108463984421],[-47.16779730010529,-24.03543516959735],[-47.17216629024205,-24.03491684983271],[-47.17688798009618,-24.0384791903623],[-47.17548985986912,-24.04117221022926],[-47.17564700020887,-24.04811823017212],[-47.16736337002345,-24.05541517007401],[-47.17451802998306,-24.05882549010425],[-47.17697177982376,-24.05846468030069],[-47.17874366998433,-24.06063412026839],[-47.18121456000392,-24.05942530013743],[-47.1835472296209,-24.06021805971562],[-47.18744566028897,-24.06457876979437],[-47.18969070985833,-24.06350392976248],[-47.19377826975131,-24.06694271963079],[-47.19527591974787,-24.06643643998967],[-47.19675173960104,-24.06880489992614],[-47.19525629024554,-24.07175136043691],[-47.19932363967416,-24.07305881011592],[-47.20002937005933,-24.0750031695606],[-47.20166118001941,-24.07457704019822],[-47.20507495974158,-24.07641103034473],[-47.20563031988331,-24.0751933096235],[-47.20998829962031,-24.07732501044086],[-47.20883753972066,-24.0785107296864],[-47.21532781023024,-24.07871743975801],[-47.21822354987688,-24.08105784983985],[-47.22026675021033,-24.07928315019717],[-47.22590152983167,-24.08284475957794],[-47.22787430965161,-24.08172277978241],[-47.23097801032685,-24.08526688026228],[-47.23414750989963,-24.0844866500388],[-47.23166273974363,-24.08744337001548],[-47.23658415013836,-24.09286741959568],[-47.23640767977054,-24.0962959598906],[-47.24112849998022,-24.09880867018393],[-47.24291750963533,-24.09785800044631],[-47.24793138022898,-24.10131767976708],[-47.25402106032362,-24.10088039971066],[-47.25537188970088,-24.10327080040707],[-47.25484349033479,-24.10611774014154],[-47.25825602989181,-24.10835307973082],[-47.26004583005096,-24.10688853018149],[-47.26134734960044,-24.10875691040303],[-47.26040075019444,-24.11152880980666],[-47.26248690035015,-24.11276626974751],[-47.26178929983627,-24.11375698989315],[-47.26599343974539,-24.11529521999836],[-47.26564968018857,-24.11677450044277],[-47.26357555037129,-24.11667255959088],[-47.26344377001391,-24.11879777000104],[-47.26051057989929,-24.12052213009218],[-47.26823531021137,-24.12396165020994],[-47.265188319885,-24.12430931012653],[-47.2640809801531,-24.12622058980833],[-47.26698602958157,-24.12652233034123],[-47.26599741025223,-24.12875053021276],[-47.26826216037034,-24.12960970022743],[-47.26782145029966,-24.13378960970266],[-47.26422018980986,-24.13323102009548],[-47.25831181034175,-24.12895289026363],[-47.25602372011855,-24.12900207958228],[-47.25683195972709,-24.13111338017831],[-47.26079860037504,-24.13421789024341],[-47.26151152983317,-24.13683159979843],[-47.25337282989216,-24.13405507967815],[-47.25365023027388,-24.13657958008349],[-47.25672000042766,-24.13756605003312],[-47.25706531041573,-24.13936011028085],[-47.25288861961405,-24.14128058013461],[-47.25237867973226,-24.13783690964561],[-47.24967206031727,-24.13635210016923],[-47.24817915964047,-24.1368796397835],[-47.24845405990692,-24.13994131963614],[-47.24737296958682,-24.14061806037512],[-47.24625324978763,-24.13947992965501],[-47.24691614996033,-24.13710949031071],[-47.24294403963569,-24.13807517962579],[-47.24783225965103,-24.13425594955237],[-47.24403802983119,-24.13317883963168],[-47.24279962020626,-24.12934770972896],[-47.24253944004306,-24.13208235022023],[-47.24128542987864,-24.13282658957542],[-47.24250180971069,-24.13539510010372],[-47.23937472036698,-24.13353800997112],[-47.23965334022944,-24.13637397977533],[-47.23605324975762,-24.13593928976638],[-47.23680560009831,-24.12914498005676],[-47.23468663997642,-24.12924914043543],[-47.23548770029709,-24.13074048978172],[-47.23435497000582,-24.13387970018795],[-47.23259545001997,-24.13554033971485],[-47.23106693978741,-24.1350400000959],[-47.23032025967223,-24.13396038016737],[-47.2316416002796,-24.13210396002967],[-47.22867511006825,-24.13223487973585],[-47.22566298016238,-24.12916250964207],[-47.2261992396032,-24.12769493027679],[-47.22839466008543,-24.12695152998907],[-47.22380655013217,-24.12522374977618],[-47.22592199030754,-24.12173625982047],[-47.22517477959235,-24.12016371967985],[-47.22163120971254,-24.12394100986967],[-47.21987772957351,-24.12139545003993],[-47.21733097004818,-24.12189737966031],[-47.21595949043808,-24.11765354997129],[-47.2134927202128,-24.12005726962724],[-47.21332358021903,-24.12223177008008],[-47.21032626034861,-24.12462148009718],[-47.20944686008448,-24.12273027957872],[-47.21160397034691,-24.11930014028923],[-47.21017449975329,-24.11767960962624],[-47.20796544015292,-24.11986105014728],[-47.2079620596013,-24.12522172000632],[-47.20572350043915,-24.1248324898275],[-47.20440883010338,-24.12658027995593],[-47.20256825961746,-24.12358528033639],[-47.20550452001754,-24.12124084039243],[-47.20391698997707,-24.12009378030365],[-47.20419978988838,-24.1181144399294],[-47.20625802958438,-24.11631257986164],[-47.20394344983032,-24.11606976021125],[-47.20461930024049,-24.11211672001059],[-47.20194338008287,-24.11943254027949],[-47.20058484981092,-24.11867483987191],[-47.1995674296931,-24.12072343973489],[-47.2000187904348,-24.12347669978982],[-47.1986411801463,-24.12344598974062],[-47.19624489968231,-24.11934760021154],[-47.2002436901941,-24.11488813018303],[-47.19913904033439,-24.11413397040639],[-47.19990759016309,-24.11237333975777],[-47.19674399014298,-24.11291990992584],[-47.19651869018537,-24.11130267977478],[-47.19853997044322,-24.10963957970279],[-47.19572756017874,-24.1089758800328],[-47.19686116011439,-24.10635960021534],[-47.19347153977969,-24.10800531009693],[-47.19483274013879,-24.10477640041051],[-47.19748945977074,-24.10467952993633],[-47.19456912006882,-24.10096688031723],[-47.19182471024214,-24.10001051966969],[-47.19266655032101,-24.10307056995077],[-47.19180530017439,-24.10591673986562],[-47.18628821033258,-24.10205880027337],[-47.18478574986244,-24.1030607097839],[-47.17712654955056,-24.09934948019429],[-47.16992833992089,-24.09804986001296],[-47.16526889034697,-24.09577774984325],[-47.16285897975808,-24.09645104977608],[-47.15415891040533,-24.09095136990976],[-47.16260074033187,-24.0984661103227],[-47.16503575999229,-24.09788003023914],[-47.16871054995187,-24.09902591041737],[-47.17148043037753,-24.10284325011588],[-47.17789588988336,-24.10273747995069],[-47.18375315008774,-24.1075279598474],[-47.18655503019045,-24.10798170019524],[-47.18603125963489,-24.10933975022925],[-47.18817076027233,-24.10901120000682],[-47.19004177011158,-24.11105443991045],[-47.19174932007502,-24.11377528030488],[-47.18914973976865,-24.11412041042854],[-47.19214172036408,-24.11637054026818],[-47.19273547975854,-24.1201021898641],[-47.18911045018706,-24.1177654697006],[-47.18618041039758,-24.11765488006864],[-47.18635790958979,-24.11594518971867],[-47.18315340030915,-24.11501785019357],[-47.1791165100189,-24.11081891016454],[-47.17743505028727,-24.11148204955691],[-47.1746987802245,-24.1097344401922],[-47.17671400984364,-24.11374385979127],[-47.1743723595967,-24.11288436961792],[-47.1706002297168,-24.11444837968895],[-47.16625829028783,-24.11033376009493],[-47.16375454983256,-24.11012187982084],[-47.16923445000981,-24.11511418017523],[-47.17411331977382,-24.1144345202369],[-47.17772438017596,-24.11550160991135],[-47.17749796955559,-24.11705942005614],[-47.17928692974795,-24.11710612994392],[-47.17962083003721,-24.11945490012351],[-47.18140959957333,-24.12001073960391],[-47.17915651995736,-24.12479332974834],[-47.18093044978042,-24.12394736987517],[-47.18168010035629,-24.12522943978678],[-47.18496765033677,-24.12124541974026],[-47.18289642982631,-24.1274048899237],[-47.19080520009987,-24.12527300024874],[-47.19026958996955,-24.12865072974733],[-47.19390029965905,-24.12668832990244],[-47.19375152031637,-24.13093981012412],[-47.19641726014839,-24.12759643023105],[-47.1966229297044,-24.13318613043555],[-47.19834010960835,-24.13132337007744],[-47.20106096978787,-24.13074700986658],[-47.20035961010785,-24.13511477962334],[-47.20499420961505,-24.13215000981506],[-47.2026730297365,-24.1375658198067],[-47.20890452032734,-24.13679325990097],[-47.20866020960096,-24.14003591032895],[-47.21024728998043,-24.14073875029305],[-47.21271869980814,-24.13675155024379],[-47.21495646037232,-24.13616749993014],[-47.21575211037157,-24.1382115303378],[-47.2136202000122,-24.14174338025276],[-47.21622416990948,-24.14082720041495],[-47.2158618897144,-24.14366442027671],[-47.21859718041549,-24.14209178031138],[-47.21716885016224,-24.13593946963078],[-47.2186793298871,-24.13585251957807],[-47.22101214969092,-24.13940615017367],[-47.22448211006127,-24.13822987021229],[-47.22248321033186,-24.1407352600242],[-47.22467710016798,-24.14631031027255],[-47.21935530979965,-24.14657017027707],[-47.22323958963528,-24.1510743402086],[-47.22089894033377,-24.15118156008089],[-47.21812636014334,-24.14878174977787],[-47.2173227097752,-24.15084088969525],[-47.2097585300321,-24.14503847014925],[-47.20870761016801,-24.14554027026719],[-47.21081186997179,-24.15102296014146],[-47.21306449003413,-24.15083050972021],[-47.21312824027603,-24.15224601024511],[-47.21516159033507,-24.15262995960489],[-47.21497256992814,-24.15404914015562],[-47.21658018992377,-24.15410613019372],[-47.21666982984874,-24.15747481970715],[-47.21558726014388,-24.15802768962612],[-47.21245276038655,-24.15438361960832],[-47.20349050987909,-24.14966911983396],[-47.20387641976095,-24.14681623018481],[-47.2019940496856,-24.14828873963359],[-47.2010939299409,-24.14697285970965],[-47.1996814997014,-24.1481984198212],[-47.19622596985261,-24.14696989014828],[-47.19665380972549,-24.1460997798809],[-47.1935178395766,-24.14370380968302],[-47.19291112994466,-24.14014659978568],[-47.19014387014346,-24.14124709028096],[-47.18983856020134,-24.14261285020285],[-47.18665324964769,-24.14216110994721],[-47.18860270015443,-24.13670749965132],[-47.18607161041643,-24.13445616022358],[-47.18552489995415,-24.13585876986627],[-47.18380915986478,-24.13550507010285],[-47.18533065988203,-24.13930381991531],[-47.18343723983673,-24.136890730223],[-47.18249735027246,-24.13889389004095],[-47.18206579979676,-24.13767901027808],[-47.18011452006903,-24.14059417977751],[-47.17909076962326,-24.14648440013491],[-47.18157103957179,-24.14494307995915],[-47.18230586032718,-24.14673361036779],[-47.18717852027243,-24.14793583037425],[-47.1873926200733,-24.14982046044582],[-47.18925174986833,-24.14974323026581],[-47.19301289003283,-24.15308091025577],[-47.19577887999128,-24.15183592029143],[-47.1964172403633,-24.154012330005],[-47.19883664959167,-24.1543042697262],[-47.19803507036215,-24.15604461976335],[-47.20001565000223,-24.15610362967874],[-47.20002332031993,-24.15752718003529],[-47.20381856997096,-24.15680434004821],[-47.20233134041899,-24.1587207296779],[-47.20943152034835,-24.16005613028614],[-47.20745374029781,-24.16193724041125],[-47.20539563010419,-24.16195257025487],[-47.20403374985762,-24.16469589999576],[-47.20352973021284,-24.16256093014277],[-47.2008821998536,-24.16469808984493],[-47.19831005966148,-24.16285383033994],[-47.19852238959658,-24.16462290022662],[-47.20241741992794,-24.16694908033577],[-47.20045698959836,-24.16755876042839],[-47.19779881036675,-24.16626733037293],[-47.19655785026453,-24.16826858992346],[-47.19504044036398,-24.16837711021543],[-47.19651832955719,-24.17009907001602],[-47.19286631043184,-24.17508345004114],[-47.18915529038429,-24.17380070024205],[-47.18917407002726,-24.17167170008884],[-47.18748878997565,-24.17307622978416],[-47.18515707993527,-24.17148288023071],[-47.18449341983541,-24.17295938986393],[-47.18193331976687,-24.17228376968018],[-47.18140361998104,-24.17510258041972],[-47.18973084030597,-24.17690788039431],[-47.18471155039771,-24.1843230298839],[-47.18570299000095,-24.18492631040084],[-47.19094753040417,-24.17998507984754],[-47.19230972001753,-24.18138103001047],[-47.19388949970062,-24.17978929024349],[-47.19212435985128,-24.17796311970216],[-47.1952233202,-24.17768559971063],[-47.19460780980256,-24.17547186003827],[-47.19773020018857,-24.17334961019628],[-47.1985460102901,-24.17094100002709],[-47.20253023987863,-24.16939483970003],[-47.20169251959408,-24.17407692970647],[-47.20312610008938,-24.17498605975879],[-47.20280103024334,-24.1767998996956],[-47.20365269991214,-24.17757208008737],[-47.20483803964379,-24.17605815955636],[-47.20642283034931,-24.17751755958767],[-47.20689102010448,-24.17618915030897],[-47.20570944043828,-24.17563119022719],[-47.20588784974444,-24.1740460703698],[-47.20430205989209,-24.17384332001319],[-47.20381983981372,-24.17160601990184],[-47.20631584969664,-24.16671847977398],[-47.20671828012451,-24.16986509969456],[-47.20793587044403,-24.16925887030055],[-47.20903394985686,-24.17051404958369],[-47.21044257956135,-24.16637524002527],[-47.21166016988087,-24.17131101978771],[-47.21282669039942,-24.17059717032311],[-47.21473021972383,-24.17165193029228],[-47.21262579984074,-24.16716418018274],[-47.21315385026992,-24.16566065041866],[-47.215465880446,-24.16889504956686],[-47.21986416959572,-24.17099588025565],[-47.21844530021042,-24.16769710044076],[-47.22169060004114,-24.16674166969227],[-47.22043147003626,-24.16442909992298],[-47.21865956998312,-24.16404052984655],[-47.22245729996439,-24.16163895957027],[-47.22414218971022,-24.15746081996082],[-47.22385939969149,-24.16351429964516],[-47.22599206997802,-24.15718738019342],[-47.22727640977843,-24.15652857013737],[-47.227620059618,-24.16125127982264],[-47.22446934958077,-24.16674539018754],[-47.22934649984103,-24.16542475015206],[-47.22737179996858,-24.16792353983942],[-47.2291104296026,-24.16775187994529],[-47.22966777005149,-24.16930549025614],[-47.22790064989505,-24.17106731970102],[-47.22905861965955,-24.1735492102278],[-47.22587964033312,-24.17368232967573],[-47.22517885981648,-24.17435336961228],[-47.22657919957038,-24.17566267998865],[-47.22432874957207,-24.1764574603435],[-47.22671333974881,-24.17879868970772],[-47.22794678961259,-24.17599116006392],[-47.22915031993125,-24.17599523039553],[-47.22974044966196,-24.17762057962602],[-47.23052282027191,-24.17569981029794],[-47.23161158990291,-24.17595199009224],[-47.23125947024829,-24.17432045982133],[-47.23493593024892,-24.17450130988749],[-47.23573093003836,-24.17246389039616],[-47.23191119994186,-24.16992625988894],[-47.23230537998927,-24.16713189002468],[-47.23736791020087,-24.17007195995296],[-47.23911246996448,-24.16753310007249],[-47.24111889971738,-24.17407651961565],[-47.24269909039066,-24.17164926020513],[-47.24171732029805,-24.16980495033812],[-47.24490453021986,-24.17200588006727],[-47.24363370992774,-24.16792612988695],[-47.24054240011162,-24.1648417601391],[-47.24382837987577,-24.16510307974329],[-47.24691087004055,-24.16031557030726],[-47.24923698000259,-24.16206690016725],[-47.24916400001854,-24.15880004988236],[-47.25211722972631,-24.1568715301969],[-47.25194557972469,-24.16172540959991],[-47.25251773020904,-24.16046395035096],[-47.25386875024259,-24.16142436963889],[-47.25574364964967,-24.15748145040857],[-47.25932886983145,-24.16072428969414],[-47.25850315010024,-24.16266838024148],[-47.25644572968662,-24.16176902042389],[-47.2547427698629,-24.16452319958597],[-47.2571458204232,-24.16498866979123],[-47.25710377981557,-24.16623506989254],[-47.25301679998529,-24.16877355025912],[-47.24961263041854,-24.16766920976619],[-47.25229979030303,-24.1704722697794],[-47.25545761038035,-24.16998324003447],[-47.25483363016787,-24.17378217960385],[-47.25325445033258,-24.17519032996972],[-47.25601780977405,-24.17621288971304],[-47.25456943003513,-24.17840180000303],[-47.2576938097215,-24.17784731040501],[-47.25844465999302,-24.18036475023297],[-47.26042819030869,-24.17978919041877],[-47.25876134006376,-24.17733678956114],[-47.25949730026014,-24.17532089983962],[-47.25695991976443,-24.17450269034686],[-47.25695998001902,-24.17131781956169],[-47.25780612964911,-24.17053074010153],[-47.25879668971544,-24.17247050041323],[-47.26033639021222,-24.17184284017486],[-47.25966837019911,-24.17045168969366],[-47.2617995898791,-24.16732279001468],[-47.25830299968362,-24.16728615972846],[-47.26251831007193,-24.16159869962024],[-47.26383845997691,-24.16258926957909],[-47.26377217994212,-24.16887240014108],[-47.26576878010508,-24.16904857013537],[-47.2667257495936,-24.1618386297489],[-47.26912639986341,-24.16534165009705],[-47.26915258002748,-24.16865881025586],[-47.27173291034552,-24.16823761997011],[-47.26945681977639,-24.17406618011006],[-47.27437249969108,-24.17432512010816],[-47.27228878040285,-24.17240177961838],[-47.2745670095598,-24.16853479014839],[-47.27796082972844,-24.17181609973318],[-47.27812584992802,-24.17340695996319],[-47.28115746004869,-24.17395831992047],[-47.27828039032772,-24.17623561018524],[-47.2795783701456,-24.1774032998224],[-47.281989809582,-24.17561229996761],[-47.28303314006735,-24.17280905019749],[-47.27982174018115,-24.16983477005857],[-47.27838436005015,-24.16990049970826],[-47.27865719996976,-24.16714579983875],[-47.27645781977253,-24.16773924986643],[-47.2767021799616,-24.16476380960211],[-47.27375298011589,-24.16568527025896],[-47.27480225961654,-24.16232227974939],[-47.27167383028302,-24.1639550304003],[-47.27096912962162,-24.16321986970121],[-47.2736744297311,-24.15986199993131],[-47.27323611995092,-24.15688951034258],[-47.27581364978005,-24.15543649010192],[-47.27589480010488,-24.15957069962803],[-47.27904452988111,-24.15776152987064],[-47.27697692014868,-24.16167055005582],[-47.27768171973554,-24.16468327980948],[-47.28497335993256,-24.17263918984668],[-47.28523266955199,-24.17504629005418],[-47.28860746995872,-24.175103379917],[-47.29489293965742,-24.1786277699556],[-47.29630159993883,-24.18334978986087],[-47.30075554992862,-24.18206788002857],[-47.30282052015082,-24.18469752017438],[-47.30503519961474,-24.18512678996933],[-47.30476508014431,-24.19114666019016],[-47.30810052981553,-24.194277589639],[-47.30704556030435,-24.19628776956489],[-47.29932805964222,-24.19848611014584],[-47.30063780978708,-24.19522784029255],[-47.29545398980974,-24.19630197975249],[-47.29540312955072,-24.19444033005715],[-47.29350680019866,-24.19312744037904],[-47.28902993997968,-24.19543623029773],[-47.28539224975248,-24.19514422042937],[-47.28290285977909,-24.19633250993735],[-47.27865710014504,-24.19427915985528],[-47.27994257039325,-24.19672347041177],[-47.27741700968721,-24.19914896984903],[-47.2782408903048,-24.20004118005636],[-47.28086814994515,-24.19746880963783],[-47.28248086010359,-24.19960488026095],[-47.28391316985687,-24.19697272021483],[-47.28830373023294,-24.19748185970002],[-47.28668689038761,-24.19831679028761],[-47.28829632971178,-24.1997676701418],[-47.28730096007121,-24.2016774398619],[-47.28279263976845,-24.20080895017287],[-47.28119294010207,-24.2062592095948],[-47.27961708955701,-24.20608782039653],[-47.27731036987763,-24.20333742018573],[-47.27472559960671,-24.20376784021363],[-47.27869207028277,-24.20753520008935],[-47.27878973036172,-24.21075647992757],[-47.28036669966343,-24.20993665974902],[-47.28107229964689,-24.21075931009403],[-47.28363457967208,-24.20884052017379],[-47.28223698015245,-24.21204629030399],[-47.28433094991334,-24.21317307967382],[-47.28685160032103,-24.21068706035948],[-47.28628895027481,-24.21340819033566],[-47.28731332035341,-24.21537698975624],[-47.28263327000934,-24.21666321003909],[-47.2817191703034,-24.21369881974471],[-47.28014026026477,-24.21347151969485],[-47.27742702993345,-24.21012058010064],[-47.27362544006195,-24.21198555998558],[-47.27715637986302,-24.21615574958815],[-47.27488407004375,-24.21629263989337],[-47.27544302027911,-24.21877672026937],[-47.27292821006881,-24.21845319995515],[-47.26917795979494,-24.21367954007866],[-47.26923886997781,-24.21167275959016],[-47.27114362957479,-24.21029567990166],[-47.26632441004347,-24.20594320041835],[-47.26648311970018,-24.20768131024425],[-47.2647450899139,-24.20802403018479],[-47.26900605978182,-24.21053246959775],[-47.26332652000286,-24.21372342969249],[-47.26679634997151,-24.21625891981324],[-47.26755960998798,-24.21797863040945],[-47.26566709016402,-24.21880429977858],[-47.27185175035794,-24.22229274031764],[-47.26652987005741,-24.22194886025164],[-47.2667847801934,-24.22370991987685],[-47.26454246006642,-24.22356655984879],[-47.26277976997039,-24.22581606016303],[-47.26630973040972,-24.22424366031663],[-47.26523065996696,-24.2268478298634],[-47.26861966966197,-24.22527803984963],[-47.26997135969043,-24.22667335958783],[-47.26949144007784,-24.23002875981939],[-47.26553127994458,-24.23020515014753],[-47.26730667026658,-24.23239852017554],[-47.2634147003281,-24.23281754039715],[-47.26528737031583,-24.23461139020344],[-47.26282813011409,-24.23739050037125],[-47.26116799960346,-24.23714976984598],[-47.26477052004344,-24.2378886195641],[-47.26314940032455,-24.24124424012956],[-47.26094679965502,-24.24355289964655],[-47.254861240254,-24.23887186004828],[-47.25057678998684,-24.23737993963249],[-47.25070589036449,-24.24471356018262],[-47.25325951981097,-24.2437920203854],[-47.25391428021982,-24.24625220037871],[-47.25756281986821,-24.24568263004932],[-47.25651551977535,-24.24787284975218],[-47.25532835981591,-24.24755103005594],[-47.25595728989697,-24.24943653966454],[-47.25202793963768,-24.24703843987209],[-47.25146267975884,-24.24954739009991],[-47.24906823031455,-24.2471995902888],[-47.24699760965194,-24.24837126032537],[-47.24591746991524,-24.24685437023294],[-47.24421796978345,-24.24751858971109],[-47.24195379972804,-24.24484287010233],[-47.23965694021558,-24.24529738026985],[-47.2389464200412,-24.24728394040147],[-47.237586660396,-24.24654835971899],[-47.23590902997773,-24.24841011013842],[-47.23928743037055,-24.24927127035278],[-47.23915085033144,-24.25069238984184],[-47.23531350971064,-24.25117763973623],[-47.23713876024556,-24.25381118024171],[-47.23429281965787,-24.2528870899672],[-47.23427736031186,-24.25493202958944],[-47.23091353972802,-24.25282566986874],[-47.22822755975403,-24.25328031043796],[-47.2354570496031,-24.25690793994943],[-47.23947819995891,-24.25678827975526],[-47.23948310036474,-24.25920302959611],[-47.23695435965595,-24.25998322024935],[-47.228199570154,-24.2581699801604],[-47.23485578986276,-24.26137631956146],[-47.23359569038877,-24.26201231021992],[-47.23408467966419,-24.26390449010012],[-47.22984749956242,-24.26260536994181],[-47.23219061030835,-24.26584882975965],[-47.22946005004121,-24.2654564996177],[-47.23016074961885,-24.26802716042505],[-47.22815029989636,-24.26567791990004],[-47.22710941017112,-24.26646592026594],[-47.22782999016187,-24.26752511029554],[-47.2257334303535,-24.26910313000542],[-47.21902164962938,-24.26390124984277],[-47.21621062971673,-24.26426001998391],[-47.21908294022546,-24.266125620401],[-47.21764758986433,-24.26711161011269],[-47.21914060025847,-24.26944508012627]],[[-46.47369006964095,-23.8949506698375],[-46.47460553002117,-23.89336557965771],[-46.47780208030173,-23.89462526004769],[-46.47886480017036,-23.89188495023024],[-46.47657634032578,-23.89045193001249],[-46.4728824703497,-23.89084571975411],[-46.47170360034085,-23.88841438011951],[-46.46973923008136,-23.8886280401519],[-46.46947119973606,-23.89065869044617],[-46.46881077989354,-23.88901442037917],[-46.46949530966077,-23.89110791979459],[-46.47211254995415,-23.89258669032347],[-46.47118524010671,-23.89397190977576],[-46.47369006964095,-23.8949506698375]]]}},{"type":"Feature","id":"uc-protecao-integral-120","properties":{"id":"uc-protecao-integral-120","nome":"Parque Estadual Serra do Mar - Caminhos do Mar","nome_origem":"Parque Estadual Serra do Mar - Caminhos do Mar","natureza":"camada fornecida para a demonstração","fonte_arquivo":"assets/layers/Areas_Protegidas_PI_DG_UCs_Protecao_Integral/Areas_Protegidas_PI_DG_UCs_Protecao_Integral.kml","tipo":"Unidade de Conservarao","categoria":"Parque Estadual","orgao_gestor":"Fundae o Para Conserva"},"geometry":{"type":"Polygon","coordinates":[[[-46.42959090029979,-23.87145021025896],[-46.43473974024675,-23.86465123036993],[-46.43356633002207,-23.86313018001374],[-46.43767720034248,-23.86248726007892],[-46.43731911008882,-23.86034460012314],[-46.44426007044586,-23.85740971028986],[-46.44647996957491,-23.85833709028446],[-46.4467020103894,-23.8571525500501],[-46.45092222028421,-23.8573360198414],[-46.4520710898089,-23.86024709023098],[-46.45340321958287,-23.86028080041854],[-46.45298444037957,-23.86311468019829],[-46.4550637098223,-23.86039099974482],[-46.45453560993042,-23.86411146986842],[-46.45744088958537,-23.86242121027061],[-46.45838992975143,-23.86394243959188],[-46.45729567965185,-23.86443996972878],[-46.45745617985875,-23.86645068025467],[-46.46006079007338,-23.86643480991847],[-46.46382685042875,-23.86279875016214],[-46.46606988012081,-23.85829639955915],[-46.46542388000802,-23.85289154960526],[-46.46722136037744,-23.85093497017272],[-46.46552054004087,-23.85290814029838],[-46.46616215955595,-23.85832797025955],[-46.46391249016926,-23.86284395998075],[-46.46010517971024,-23.86651576958707],[-46.45737629038348,-23.86650436978078],[-46.45720867024392,-23.86438051015239],[-46.45828586020423,-23.8639242301191],[-46.45739718972845,-23.86250276978694],[-46.4544538804422,-23.86416194971417],[-46.45504794021025,-23.86049537955807],[-46.45281062031381,-23.86404008977826],[-46.45220810961655,-23.86232027036414],[-46.45331020000566,-23.86031148978338],[-46.45199371034141,-23.86030298039816],[-46.45087250036556,-23.85741543987064],[-46.44924911975102,-23.85815190009009],[-46.44674973021586,-23.85723848027158],[-46.44643004011419,-23.8584539104196],[-46.44427875026406,-23.8575008997467],[-46.43736609966572,-23.86042631971884],[-46.43772361974919,-23.86256719002375],[-46.43362979967549,-23.86320011039675],[-46.43483143961919,-23.86468774014702],[-46.42959090029979,-23.87145021025896]]]}},{"type":"Feature","id":"uc-protecao-integral-121","properties":{"id":"uc-protecao-integral-121","nome":"Parque Estadual Serra do Mar - Nocleo Bertioga","nome_origem":"Parque Estadual Serra do Mar - Nocleo Bertioga","natureza":"camada fornecida para a demonstração","fonte_arquivo":"assets/layers/Areas_Protegidas_PI_DG_UCs_Protecao_Integral/Areas_Protegidas_PI_DG_UCs_Protecao_Integral.kml","tipo":"Unidade de Conservarao","categoria":"Parque Estadual","orgao_gestor":"Fundae o Para Conserva"},"geometry":{"type":"Polygon","coordinates":[[[-46.1810252996778,-23.8779129902922],[-46.17866425015495,-23.87584760997919],[-46.17739423025949,-23.87691397030346],[-46.17598043035252,-23.87609300978454],[-46.17602156983952,-23.87488523016918],[-46.17851019988575,-23.8744525699301],[-46.17808280967387,-23.87063475988623],[-46.17095183965563,-23.86416503978472],[-46.17680754043562,-23.86470561956867],[-46.17455195980506,-23.85959945964731],[-46.17895604958198,-23.85882388971072],[-46.17608730038859,-23.85687185994834],[-46.17730624958369,-23.85621430984247],[-46.17633328025664,-23.85459884955719],[-46.16886926970102,-23.84800523974997],[-46.16759036989959,-23.84394057030102],[-46.16241014001588,-23.83851412043026],[-46.16721621955287,-23.83231653967653],[-46.16633013013137,-23.83047155981461],[-46.16313547022571,-23.829887610225],[-46.16218093969854,-23.8281246701174],[-46.16912768989096,-23.82410804964672],[-46.17371359020996,-23.82445908022231],[-46.17208776973473,-23.82231303971497],[-46.16842786985029,-23.82174927001273],[-46.16454230038681,-23.81811559975506],[-46.16191881969775,-23.81762240974638],[-46.162171530092,-23.81579529042028],[-46.15856462995367,-23.81321511028904],[-46.1600664698916,-23.81111037024732],[-46.15950067041956,-23.80874481961769],[-46.15660647041221,-23.80692146035705],[-46.15460019983931,-23.80715323993002],[-46.15518007999663,-23.80523969035937],[-46.15312498972645,-23.8051647498533],[-46.15385744976146,-23.80363299037015],[-46.14950836971542,-23.80209581966631],[-46.14533303958808,-23.80245199975991],[-46.14482815029885,-23.79927400968774],[-46.14053591010412,-23.79814799013758],[-46.14024197029067,-23.79899459032805],[-46.13354495013931,-23.79468992959653],[-46.13289973963123,-23.79623270037877],[-46.13063368010023,-23.79546629992973],[-46.12530123006769,-23.79034475980279],[-46.12547784972293,-23.78863023020091],[-46.12080602997429,-23.78713069972196],[-46.12333166982069,-23.7842069398983],[-46.11983757974048,-23.78475253969788],[-46.11733101991058,-23.78211186037402],[-46.11717158989694,-23.77826925961858],[-46.11455916007714,-23.77757827002108],[-46.1094097598525,-23.77304998027233],[-46.1093683100994,-23.7666587404085],[-46.10586617018754,-23.76701801956591],[-46.10293640019466,-23.77358043009275],[-46.09751189016157,-23.7724549303507],[-46.09586670998061,-23.77392248003838],[-46.09397042019867,-23.7736496302262],[-46.09031890019702,-23.77730700031776],[-46.08507913969049,-23.77787587007532],[-46.08690474006164,-23.7715274604239],[-46.08539889993926,-23.76863171987793],[-46.08748609960378,-23.76508393037903],[-46.08621506976959,-23.76079570026133],[-46.08638576019462,-23.7643357403021],[-46.0780932303183,-23.76555980034448],[-46.07578136022153,-23.76854999038972],[-46.07644196982102,-23.76940699034031],[-46.07331636975459,-23.77130909963518],[-46.07198055995485,-23.76864867029985],[-46.06865554961388,-23.76873041957316],[-46.06595505008545,-23.7707874901505],[-46.06085993024152,-23.76666807986794],[-46.06128118977506,-23.77226742979798],[-46.06442755968408,-23.7748215601668],[-46.06284351991246,-23.77649788027293],[-46.0577536098412,-23.77231150017553],[-46.05849904979129,-23.76814016034007],[-46.05412375990358,-23.76599709029341],[-46.05296594032586,-23.75747379977599],[-46.05658605959894,-23.7552074596565],[-46.05772780019777,-23.75260758976839],[-46.0529282902084,-23.74354386965382],[-46.05012683008908,-23.74289007961346],[-46.05207599011482,-23.74480235034815],[-46.05288571990002,-23.74886646041875],[-46.05187364984903,-23.74978283001354],[-46.04880760019057,-23.74869640041851],[-46.04555420016618,-23.7559418001739],[-46.04342076995255,-23.75627956035339],[-46.04041767013933,-23.75312520986051],[-46.03993284022835,-23.75521114957485],[-46.03771800967837,-23.75567943016154],[-46.03345966043491,-23.75234461001571],[-46.03113308012752,-23.74761413018791],[-46.02728141960176,-23.74616311003945],[-46.02583104966317,-23.74212659026989],[-46.01862724984767,-23.74460193013493],[-46.01633756962309,-23.74236631984974],[-46.01630019020155,-23.73919284977018],[-46.01485310009048,-23.7389449498495],[-46.01529716013579,-23.74585755997839],[-46.01426239029701,-23.74653539968892],[-46.01192785009016,-23.74509210022018],[-46.01111881997753,-23.74031694027451],[-46.00947345993217,-23.74171404966364],[-46.00741114990461,-23.73903698017244],[-46.0074370296951,-23.74023350027579],[-46.00617373043326,-23.73938824007519],[-46.00574845992344,-23.74124610991998],[-46.00434757967702,-23.7412678600237],[-46.00176551007019,-23.73655203015204],[-46.00001637995194,-23.73633084998869],[-45.99845529987215,-23.73086262031364],[-45.99438052024476,-23.72989358012455],[-45.99538213028103,-23.72691752022735],[-45.99398633030484,-23.7264252403325],[-45.9921638496819,-23.73164190984619],[-45.99483638029466,-23.74057602956009],[-45.99344217031984,-23.74289982017052],[-45.98945563037302,-23.74079843010344],[-45.99278335037127,-23.73921190010907],[-45.99205611989396,-23.73801536022063],[-45.98940405964959,-23.73838730003382],[-45.98562678025166,-23.73642806040664],[-45.98374805962521,-23.73970409007165],[-45.98375048959338,-23.74629720974838],[-45.98119042999429,-23.74758063044169],[-45.97939112040382,-23.74589769042603],[-45.97898015001385,-23.74224065038567],[-45.97422101958432,-23.73925502979574],[-45.97912401006499,-23.7365470595991],[-45.97636679029512,-23.73360299038563],[-45.97298643027949,-23.73260191005005],[-45.97209290975991,-23.73527820972157],[-45.96716968003665,-23.73565771013517],[-45.96862656016759,-23.73963429009035],[-45.97341571985953,-23.7441661303626],[-45.97485240031796,-23.74828997969877],[-45.97365408966448,-23.74904265019808],[-45.97044743999732,-23.74717158010429],[-45.96805453019238,-23.74759481994494],[-45.96633815967829,-23.74516158004286],[-45.96429288011228,-23.74562052027073],[-45.96055476978677,-23.74363243039232],[-45.95445317007767,-23.7381346696792],[-45.95198610037818,-23.73954348014746],[-45.93893087965631,-23.73469558033673],[-45.93668761973782,-23.73023483956615],[-45.93855399986717,-23.72659365007684],[-45.93571804984811,-23.72840816000854],[-45.9335898303064,-23.72698224983094],[-45.93162061000311,-23.73080555023591],[-45.93085673035375,-23.72933796997131],[-45.92886869983062,-23.73066223967061],[-45.92848314967756,-23.7287245199206],[-45.92586421955804,-23.73142808973449],[-45.925020429749,-23.72961143042312],[-45.9221046999719,-23.73002353036156],[-45.92028201969941,-23.72808442025973],[-45.9174910996345,-23.72782552972438],[-45.91353030997578,-23.7248205997908],[-45.91278716959215,-23.71995772986531],[-45.91114369992175,-23.72188759043991],[-45.90848273009385,-23.72181381995176],[-45.91087732972494,-23.71743465038878],[-45.9076571902271,-23.71691979031601],[-45.90715342958708,-23.71315646030234],[-45.90222164011658,-23.71292065986052],[-45.89931616980533,-23.70863478956386],[-45.89875943999613,-23.7117034499542],[-45.897473160358,-23.71223476042582],[-45.89322408042693,-23.7081001596946],[-45.89274033959498,-23.70634624967965],[-45.89511301015727,-23.70273875958605],[-45.89307990021717,-23.70190510963306],[-45.89174727042013,-23.69820249015277],[-45.89009338030519,-23.70265300023573],[-45.88825532971964,-23.70223003019169],[-45.88812497029113,-23.70659048036634],[-45.88620879020345,-23.70753264971199],[-45.88544130966864,-23.70383666992632],[-45.88364434011419,-23.70397790035975],[-45.88394705011621,-23.70858244992007],[-45.88232154979966,-23.71031049992956],[-45.88084145996538,-23.71003441975262],[-45.88092907012043,-23.7113950301565],[-45.87738551013314,-23.71440654042948],[-45.87240613033862,-23.713359900439],[-45.87208286992848,-23.70752618988172],[-45.86964251998626,-23.7051753602546],[-45.86356101023239,-23.70531598994091],[-45.86237571007092,-23.70256966995424],[-45.86112260012783,-23.70427916964792],[-45.86000719977238,-23.70335959037277],[-45.85806180970474,-23.70420856027681],[-45.85773282960633,-23.70579999967021],[-45.85357470980495,-23.70455169030822],[-45.85534597044017,-23.70890395035696],[-45.85289294994965,-23.7104493102874],[-45.85016845021374,-23.70886203025844],[-45.84760176980581,-23.70922202977283],[-45.84651593016599,-23.71089889037142],[-45.84576778955181,-23.70805611000145],[-45.84367746024657,-23.7107978803179],[-45.8420911595793,-23.7080246697027],[-45.84010683965886,-23.70941192971674],[-45.83650564032303,-23.70768014032615],[-45.8322567402563,-23.70279054974401],[-45.82903405028117,-23.70254952963705],[-45.83103066033664,-23.70573343994624],[-45.82700818977611,-23.70607020007964],[-45.82608204994659,-23.70401675017285],[-45.82306808002784,-23.70296522956164],[-45.82268102980566,-23.70021161967048],[-45.82062325955576,-23.69959210998786],[-45.82153228978331,-23.70284875026954],[-45.82034614965505,-23.70327774037537],[-45.82259031968744,-23.70561324015887],[-45.81966178985965,-23.70756343980088],[-45.82329274956072,-23.71016525042592],[-45.82034836018863,-23.71210290002875],[-45.82309297955732,-23.71412685037382],[-45.8252470402187,-23.72018847971452],[-45.82346545986303,-23.72236114015448],[-45.818882879841,-23.72075068009974],[-45.8199009798463,-23.7235452001508],[-45.81843092015077,-23.72598259042417],[-45.81210355013866,-23.72932170033613],[-45.80735763974326,-23.72480604965943],[-45.79927074974529,-23.7203975999692],[-45.79485692031056,-23.71555554035587],[-45.79707967029049,-23.70546359027242],[-45.79661333044078,-23.70038745961352],[-45.79800877968137,-23.69436652999133],[-45.79958081979896,-23.6929145700513],[-45.79687460957553,-23.68448237006527],[-45.79409703994639,-23.68005525044941],[-45.79820433995826,-23.67537209024971],[-45.8053918998163,-23.67671182019433],[-45.80898593964935,-23.6754965402331],[-45.81413506018481,-23.67689899968906],[-45.82044224041704,-23.67495446037998],[-45.8233176895597,-23.67617428011891],[-45.82572183009836,-23.67444515002359],[-45.83302720024506,-23.67450122005522],[-45.83539725018289,-23.6757629796777],[-45.84102779040018,-23.67600774006513],[-45.84275311996049,-23.67744260029571],[-45.84535989034663,-23.67599973969618],[-45.85143848000183,-23.67656272968617],[-45.85562906982568,-23.68115957025793],[-45.8588881499681,-23.68275248004289],[-45.85744280993771,-23.67876266026849],[-45.85835352009883,-23.67760643968541],[-45.86057992042697,-23.67797476961988],[-45.86540631025298,-23.67587449021551],[-45.87735473982934,-23.67995336985211],[-45.88028879958841,-23.67810002989245],[-45.88181294001515,-23.67240465035428],[-45.88740482017624,-23.67178619018051],[-45.89162871009682,-23.67291402995846],[-45.90105271031427,-23.6708533602943],[-45.90578777038922,-23.67306582023139],[-45.90841722977132,-23.67669184984896],[-45.91337273976006,-23.67791921040322],[-45.91172838965343,-23.68108179958534],[-45.91709554002711,-23.69101888011716],[-45.92358369982782,-23.68936970964432],[-45.92709838977885,-23.69471964969205],[-45.93612231039629,-23.70118173005278],[-45.94014326020323,-23.70144653992583],[-45.94180976960513,-23.69992181044313],[-45.95048522990942,-23.70226034993516],[-45.95188695012263,-23.69955888993076],[-45.95665198010477,-23.70053862036099],[-45.95626165005507,-23.69723818039768],[-45.95412911017024,-23.69553820992041],[-45.95506291042494,-23.69410574998034],[-45.96953561018023,-23.6969187502001],[-45.97131029993034,-23.69471611985301],[-45.97653835036454,-23.69397808042402],[-45.98708351019582,-23.69938959975019],[-45.99225870027874,-23.70555139018444],[-45.99689216034488,-23.70451086018801],[-46.00425821044803,-23.70809365040162],[-46.00852436041089,-23.70864957981422],[-46.01668114032231,-23.71481917996113],[-46.02587460023256,-23.715582619842],[-46.02694014037513,-23.71798169000294],[-46.03093756032013,-23.72008747955351],[-46.03810689002091,-23.72051805966066],[-46.03490536019416,-23.71821320967183],[-46.03448638044205,-23.71395771037999],[-46.03126736959337,-23.7130328997485],[-46.02812040972907,-23.70854580974128],[-46.03349794007784,-23.70989000032318],[-46.03637775003307,-23.70763643956997],[-46.03929399961834,-23.70819517037074],[-46.04126597994099,-23.71027164022399],[-46.04687652013524,-23.71066057992181],[-46.04781503013947,-23.70968707999469],[-46.05348093979347,-23.71071796026558],[-46.06134770992884,-23.71293523966955],[-46.07133253007214,-23.71909186979389],[-46.07241598021329,-23.72154998044721],[-46.07525033033841,-23.72135327982994],[-46.12923452025689,-23.74211744956062],[-46.13115142969468,-23.73664485997227],[-46.13443570974016,-23.73626857013835],[-46.13907835008575,-23.7308842400156],[-46.14107217044426,-23.73171757970249],[-46.14450285022633,-23.729700810444],[-46.14461301987495,-23.7283877301096],[-46.14764095986237,-23.72789385032087],[-46.15062248044308,-23.73697711989814],[-46.15298913993684,-23.73913424005309],[-46.15654374000155,-23.73993044043743],[-46.15886889038694,-23.74602814967932],[-46.16459330993325,-23.74950914023458],[-46.16459947028926,-23.75127644025548],[-46.16097502977374,-23.75160627021313],[-46.15812822044097,-23.75366329042845],[-46.15999532002797,-23.75464996002756],[-46.15962404031717,-23.75648881011045],[-46.16107624037613,-23.75660072983976],[-46.16305044022562,-23.75980555028588],[-46.16346848018617,-23.76654155964519],[-46.166695500397,-23.76792701022327],[-46.17015532001199,-23.77218256976971],[-46.17441691041205,-23.77138706995726],[-46.175803379922,-23.77475693038798],[-46.18663499001275,-23.7857445602632],[-46.19983809974849,-23.79334882009192],[-46.20152749959436,-23.79327335977769],[-46.20195501031543,-23.7945091101073],[-46.20370414043367,-23.79441689991995],[-46.21085365986846,-23.80103048996511],[-46.21395141962228,-23.79998110974037],[-46.21637105008386,-23.80116047977231],[-46.2202015603537,-23.79838837981981],[-46.22224908013089,-23.80049720008566],[-46.22744462996565,-23.7999661998802],[-46.23616097974536,-23.78932037983162],[-46.23564918006559,-23.79149189003863],[-46.23882509000583,-23.7955265203326],[-46.23992593033739,-23.79926671978325],[-46.23682961039816,-23.79916316015169],[-46.23402566005615,-23.80288785978684],[-46.22151019983579,-23.81109496036407],[-46.2182679397136,-23.80994849023057],[-46.20957701017085,-23.8134230002712],[-46.211347209606,-23.81589562957959],[-46.21155247986303,-23.81984920038025],[-46.21474788980322,-23.82140429007586],[-46.21264217039982,-23.8228686201906],[-46.21231288992789,-23.82466409956851],[-46.21841766963968,-23.82799053983149],[-46.22285344972687,-23.83310614982889],[-46.22640898958315,-23.83202504961628],[-46.23225878991116,-23.83543229036786],[-46.23543805971866,-23.83585501040034],[-46.23854917980077,-23.83947225993683],[-46.23493239971043,-23.84158422962844],[-46.23569965001877,-23.84872749967434],[-46.23689700019634,-23.85020192018243],[-46.23641354984539,-23.85547620026637],[-46.23384950984695,-23.85827745983687],[-46.23387248033066,-23.86022326988797],[-46.22835945002856,-23.85794442019881],[-46.22580500040038,-23.85926082982337],[-46.21659632036386,-23.85925472972195],[-46.21233891990516,-23.8620427296882],[-46.20635040994341,-23.87139029022967],[-46.20428991025113,-23.86999486976737],[-46.20396242032939,-23.87281152033535],[-46.20195578013511,-23.87214354978494],[-46.20023586988947,-23.87338791022381],[-46.2009091095677,-23.87110230033085],[-46.19906292011763,-23.86769842034579],[-46.19622578029549,-23.87186034967533],[-46.19652374007848,-23.87361278030551],[-46.19480821043055,-23.87191831997444],[-46.19600904997765,-23.87157393988537],[-46.19651158034509,-23.86790882033574],[-46.19385450008508,-23.86494376004646],[-46.19300890983328,-23.86707895023335],[-46.19166216967335,-23.86671549012772],[-46.19207824011863,-23.8643217295641],[-46.19004872027216,-23.86241922007093],[-46.18902807968209,-23.8630258703476],[-46.18963428029775,-23.86166199990134],[-46.18664864981531,-23.86075753013586],[-46.18592431965158,-23.86317082037704],[-46.18324676002993,-23.86212934968967],[-46.18159147956311,-23.86433392976699],[-46.18221980979632,-23.86637104978405],[-46.18101377036919,-23.86690049955837],[-46.18074789030283,-23.87288296967324],[-46.17947501955649,-23.87449845963619],[-46.1810252996778,-23.8779129902922]]]}},{"type":"Feature","id":"uc-protecao-integral-122","properties":{"id":"uc-protecao-integral-122","nome":"Parque Estadual Serra do Mar - Nocleo Caraguatatuba","nome_origem":"Parque Estadual Serra do Mar - Nocleo Caraguatatuba","natureza":"camada fornecida para a demonstração","fonte_arquivo":"assets/layers/Areas_Protegidas_PI_DG_UCs_Protecao_Integral/Areas_Protegidas_PI_DG_UCs_Protecao_Integral.kml","tipo":"Unidade de Conservarao","categoria":"Parque Estadual","orgao_gestor":"Fundae o Para Conserva"},"geometry":{"type":"Polygon","coordinates":[[[-45.53300796974196,-23.75591890972987],[-45.52990831961324,-23.75475305021303],[-45.52532405965758,-23.74612472967249],[-45.51776516972677,-23.74257350026676],[-45.51791998981565,-23.74036229038734],[-45.51508273038365,-23.73553788986169],[-45.51061215013056,-23.73190274021925],[-45.51194977026563,-23.73048385014954],[-45.51667071008518,-23.72943755999535],[-45.51170302957109,-23.72734501026395],[-45.50838397004412,-23.72784642007616],[-45.50476071033847,-23.72655672031635],[-45.50423130013434,-23.72512590973292],[-45.5015358997619,-23.72528280995368],[-45.4996501401418,-23.72319159031957],[-45.49713801980374,-23.72407040962167],[-45.49622669000968,-23.72279615032204],[-45.49836181994198,-23.72107856032727],[-45.50624433001178,-23.72076843991152],[-45.50737978974547,-23.72188202993169],[-45.50941145987093,-23.72135418005132],[-45.51070824988579,-23.72332709027296],[-45.51503907998949,-23.7229324695578],[-45.51510241024801,-23.72132358961193],[-45.51298895037974,-23.72074893001906],[-45.51322267968288,-23.71880529003204],[-45.51136822995983,-23.71696611979053],[-45.504480370073,-23.71259627979441],[-45.51062354993684,-23.70837606989966],[-45.51655670033142,-23.70771688032971],[-45.51644888960453,-23.70375203023195],[-45.51920025029125,-23.706450730217],[-45.53564503019396,-23.71134351968766],[-45.53626703009934,-23.71447649959072],[-45.53849679029457,-23.71590037999852],[-45.54047153962983,-23.71256417040007],[-45.5394583598154,-23.70998265027902],[-45.54170772972788,-23.70951142980857],[-45.54322853996513,-23.70722090961726],[-45.54277267991523,-23.70634004975346],[-45.54046859974602,-23.7068485102505],[-45.53945248004788,-23.7028245198357],[-45.54679684030191,-23.70054156024474],[-45.55229663977804,-23.69446854998353],[-45.54975888966101,-23.69392659963285],[-45.55043614031558,-23.69287012015985],[-45.54875642976538,-23.6915699999555],[-45.53977593021494,-23.68988089958378],[-45.53762871968962,-23.69054772979388],[-45.53406988022073,-23.69502294964934],[-45.53191182027422,-23.69546031963802],[-45.53089307005911,-23.69385154041623],[-45.53594937966011,-23.68978309021742],[-45.53297667963,-23.68716040992496],[-45.5290787103142,-23.6875721096651],[-45.52809612003989,-23.68492896979609],[-45.53296457025868,-23.68369200987831],[-45.52819160016219,-23.68160109961099],[-45.52391013024828,-23.68246198013622],[-45.52362794007735,-23.68129866030489],[-45.52207343044444,-23.68178624034266],[-45.51945894027784,-23.68034894025135],[-45.51875430976355,-23.67849513983879],[-45.50675742021872,-23.67783031961352],[-45.50383846007685,-23.67442196999787],[-45.49876848977397,-23.6765555800759],[-45.49643499997524,-23.67542047017849],[-45.49545757990336,-23.67863281974877],[-45.49367907972572,-23.67851837022658],[-45.49381488005264,-23.67577026958224],[-45.49154944015447,-23.67629413007],[-45.49198730027365,-23.67353693997774],[-45.48998021041831,-23.67206197987645],[-45.50135119969809,-23.66845506984555],[-45.50608685962084,-23.66949196028571],[-45.5126551795928,-23.66743806971112],[-45.51534313987395,-23.66819149024502],[-45.51751758007219,-23.66678059964494],[-45.5298004504304,-23.66519847992589],[-45.52972150973983,-23.65554547993992],[-45.51984586009831,-23.65245368988582],[-45.51804635985161,-23.65015552995368],[-45.51578373033482,-23.65276081016322],[-45.51440986032674,-23.65247633031834],[-45.5168362698779,-23.64862585959571],[-45.5149492700927,-23.64724475004516],[-45.51884009969081,-23.64530876958401],[-45.52237975032517,-23.64533934023831],[-45.52595312014034,-23.64202679989683],[-45.52929017959809,-23.6443638896817],[-45.53142969012805,-23.6439067597891],[-45.52692536011722,-23.63601378970458],[-45.5224081401235,-23.63766888041448],[-45.51891634960981,-23.6348064696428],[-45.51908517034428,-23.63286572996941],[-45.52222349042171,-23.6326420299057],[-45.52283475961644,-23.6298019699849],[-45.52062310007597,-23.62931805018781],[-45.51815570032528,-23.63185358977131],[-45.51549653993334,-23.63225988008935],[-45.51394588029808,-23.63058137013405],[-45.51736962001189,-23.62840761971586],[-45.51760294012354,-23.62566095978542],[-45.51589760968687,-23.62602884995141],[-45.51496981960145,-23.62417303955408],[-45.51320852974982,-23.62476598955874],[-45.50616983017346,-23.62146695973235],[-45.5039060801015,-23.62217796014471],[-45.50190718037203,-23.62087924018476],[-45.49928445961007,-23.6207702801243],[-45.49921538987832,-23.62375573973554],[-45.49721643978683,-23.62191771972692],[-45.49604402960824,-23.61828317982486],[-45.49329594964831,-23.61662091971965],[-45.49265033984125,-23.61724892979424],[-45.49651246038172,-23.62370931043625],[-45.49532333990015,-23.6242324802447],[-45.49559566001165,-23.62600198000735],[-45.49739294972483,-23.62686606032037],[-45.49711969971435,-23.62849458955361],[-45.49507793020229,-23.62910178032286],[-45.49792056038552,-23.63184126995861],[-45.49510472999924,-23.63049360979221],[-45.49298450992717,-23.63110372965338],[-45.48833122970245,-23.62729499017161],[-45.48783390011437,-23.62509894016392],[-45.48905769036008,-23.62360202041685],[-45.48419780978105,-23.62588892983018],[-45.48431011981614,-23.6236412902133],[-45.4860112702039,-23.6231861604129],[-45.48623304032253,-23.62005749995359],[-45.48326232959278,-23.61861073989371],[-45.4783334404359,-23.62049754992194],[-45.47659088975769,-23.61898995971882],[-45.47438225014071,-23.62006436987474],[-45.47618707976989,-23.61846730971854],[-45.47219928976534,-23.61573451013948],[-45.47111854028839,-23.61806456992394],[-45.46522694037094,-23.61553698034731],[-45.4680970700237,-23.61910071032946],[-45.46531190022398,-23.61905488987122],[-45.46553930009856,-23.62126627961504],[-45.46789370003421,-23.62228710006957],[-45.46737554034888,-23.62489455034319],[-45.46937153976472,-23.62490387991011],[-45.47193235029766,-23.62851182955723],[-45.46522412009705,-23.63139450025596],[-45.46825412043125,-23.63487554027392],[-45.46682511029059,-23.63582646002305],[-45.46610462023199,-23.63392185960612],[-45.46289249998887,-23.63327120010575],[-45.46255396009713,-23.63151086983072],[-45.4591362602302,-23.63177031974442],[-45.46168477972878,-23.62687615970697],[-45.45242501999866,-23.62734513007365],[-45.44922928000722,-23.62367184018325],[-45.44944977039057,-23.62623373979523],[-45.44762925028965,-23.62622726017986],[-45.44231934985805,-23.62320845010981],[-45.43864197974352,-23.62315657001966],[-45.43798422998816,-23.62110531985456],[-45.43260459972248,-23.62000488961394],[-45.4335505300329,-23.6179021802414],[-45.43660775014752,-23.61899738991758],[-45.43998517027933,-23.618501000121],[-45.43946784966147,-23.61681879035484],[-45.43678625028519,-23.61606582038127],[-45.43974935994498,-23.61334678042954],[-45.43802993982979,-23.61096795041055],[-45.43892171026869,-23.60765590019957],[-45.43616706975445,-23.60847116980858],[-45.43332902971093,-23.60718113999758],[-45.43151283984565,-23.60842004964553],[-45.43069221027724,-23.60716046997965],[-45.43093846983447,-23.60573263974948],[-45.43376442029171,-23.60425427031828],[-45.43086913030606,-23.60280988986449],[-45.43222358035393,-23.59797821022619],[-45.4343198298962,-23.59801897019929],[-45.4301496304011,-23.59717741970212],[-45.42784978963601,-23.59517659002756],[-45.41793004983191,-23.59337986958525],[-45.42177067028018,-23.59591409975587],[-45.42036954991477,-23.59821217964833],[-45.41715221989898,-23.59835994995166],[-45.41576982971384,-23.59637016035458],[-45.41484346955042,-23.59881957006706],[-45.41045991039653,-23.59744922989802],[-45.41051839960443,-23.60112625017626],[-45.41297978019264,-23.60556738033029],[-45.41210773008765,-23.60661296002002],[-45.40817260977809,-23.60420712965526],[-45.40597285006692,-23.60477292013411],[-45.40271511980689,-23.59881446011917],[-45.39994278962797,-23.59865543030384],[-45.40097960002845,-23.59601703975454],[-45.39943593981673,-23.59246938965055],[-45.40108161012819,-23.59032661008496],[-45.39454558031423,-23.58914162018959],[-45.39347542035432,-23.59722040999389],[-45.39133286022326,-23.59486275990838],[-45.39146053967215,-23.59698252042693],[-45.38889695023403,-23.59879368038401],[-45.39005535976702,-23.60107151024198],[-45.39454728992547,-23.60363807014079],[-45.39422443960615,-23.60613731038853],[-45.38671044023459,-23.6108947096231],[-45.3854488397921,-23.60719447964146],[-45.37683986007147,-23.60417974979555],[-45.37310858998939,-23.59978535021372],[-45.37004451973877,-23.59870334977973],[-45.36996725988109,-23.60225696958344],[-45.36595242006808,-23.59729491972473],[-45.37269219039223,-23.5939494695923],[-45.37517115002851,-23.59472572031569],[-45.37820737996657,-23.5929570002653],[-45.38005191016748,-23.59430558043812],[-45.38072270009252,-23.59172602983239],[-45.37835074988715,-23.58963354035558],[-45.37452197980548,-23.59012064015536],[-45.37411821028712,-23.58805675991152],[-45.37052660042224,-23.58852874030907],[-45.37092844988803,-23.58644213959303],[-45.3689261498219,-23.58712887000132],[-45.36818454008443,-23.58512629024608],[-45.36676152032788,-23.58512874989185],[-45.36722385010057,-23.58257231995657],[-45.36549588013071,-23.58286363015236],[-45.36121183995442,-23.57916393976399],[-45.35802539985229,-23.58225144994441],[-45.35805670974929,-23.57934195966368],[-45.35951048991711,-23.57841906998402],[-45.35521169995997,-23.57385842982262],[-45.35435846007482,-23.57470311985304],[-45.35359645011602,-23.57339059979631],[-45.35081064989151,-23.57679772003871],[-45.34852460023006,-23.57763839009959],[-45.34579839987623,-23.58779538994526],[-45.34333539960897,-23.58813776994208],[-45.34581144993842,-23.58080498036549],[-45.34469247028125,-23.57525055966556],[-45.34753054989494,-23.57155530023687],[-45.34292472959254,-23.56851066973155],[-45.3429926400982,-23.56485137958748],[-45.34031663000843,-23.56450678995634],[-45.33777886010625,-23.56035186005028],[-45.33626376955726,-23.56065323006248],[-45.33681359976777,-23.57376930970582],[-45.33340378965312,-23.56968394955459],[-45.33156746036997,-23.57010158032364],[-45.32858371036991,-23.56859223014726],[-45.32872123020059,-23.56478826966287],[-45.32728168000551,-23.56198754968563],[-45.32800384999763,-23.56040892023543],[-45.32388310961778,-23.55904820011432],[-45.32376683986774,-23.56637938979696],[-45.3208778199554,-23.56668617013059],[-45.32208749983823,-23.56928688987801],[-45.31937266961296,-23.57033034986569],[-45.32017966006322,-23.57498323978467],[-45.31880797001179,-23.57550362978861],[-45.31689233041669,-23.57273812006815],[-45.31546452986413,-23.56453120025463],[-45.30883186969498,-23.56338923032865],[-45.30928488968584,-23.56059089985013],[-45.31282867989961,-23.55877003980544],[-45.3140235299619,-23.55192986017488],[-45.31586656998616,-23.55029843962126],[-45.31123379970006,-23.55099967969142],[-45.30632990000481,-23.54803855033879],[-45.30612920010248,-23.54598671021847],[-45.30315323013741,-23.54622828970378],[-45.30491491029483,-23.54370471020417],[-45.30343812996568,-23.54314396042537],[-45.30735408032649,-23.5414263704306],[-45.30732400969526,-23.53987279968993],[-45.30550035995361,-23.54054753044414],[-45.30191018001074,-23.53819157018478],[-45.29988128968972,-23.53952329976045],[-45.30040259970019,-23.54215625031065],[-45.29706701962721,-23.54103174971544],[-45.2930456399443,-23.53413022013353],[-45.29142005958806,-23.53444039001192],[-45.29127331990776,-23.53720559036566],[-45.29346276979095,-23.5402184199441],[-45.29067517991558,-23.54187213019463],[-45.29174298994701,-23.54315909961269],[-45.29076251038151,-23.54594121981143],[-45.29272677002439,-23.54719759968941],[-45.29179323956629,-23.54817217970231],[-45.29301701002697,-23.54951123965196],[-45.28989820973453,-23.5561525297154],[-45.28842639995833,-23.56373825002015],[-45.29171165037235,-23.56802356003919],[-45.29071560983749,-23.56871552989776],[-45.28803239977537,-23.56594928992774],[-45.28033684976577,-23.56441695038188],[-45.27829325013334,-23.56184719968849],[-45.28084680043946,-23.55815002020722],[-45.27958330962201,-23.55701056028909],[-45.27975564041043,-23.55370968955049],[-45.27743059974233,-23.55327756980398],[-45.27481020013062,-23.5493312996997],[-45.272930719577,-23.55016020033293],[-45.27302308984366,-23.55408748035291],[-45.27072283988713,-23.55474637044858],[-45.27049965963153,-23.54959177034391],[-45.26814977968854,-23.54797085027445],[-45.26594859005536,-23.54815799019906],[-45.26525997017143,-23.54628576987233],[-45.26579327983598,-23.54385286991396],[-45.26872713005298,-23.54465030956408],[-45.2754397201669,-23.541377789953],[-45.27990824007315,-23.54103644957246],[-45.27809909010091,-23.53408017016369],[-45.27890251024263,-23.52111084009317],[-45.27387304000877,-23.51475363956877],[-45.27302156009688,-23.51182488041388],[-45.27546769987441,-23.51065835000281],[-45.28052371000115,-23.50461792038067],[-45.27789111018654,-23.50148216966636],[-45.27049279960301,-23.49755323039722],[-45.27214870959523,-23.48932582043022],[-45.27548807041808,-23.48592471035704],[-45.27338055956511,-23.48301521018374],[-45.27852968999315,-23.4832286399897],[-45.28160904961788,-23.48521142027079],[-45.28908811032801,-23.48502169029871],[-45.29223034965088,-23.48869046019655],[-45.29667136019509,-23.48966990014571],[-45.30111134011622,-23.49259886974198],[-45.2969973500476,-23.4988796503755],[-45.29883701041967,-23.50413255986967],[-45.30285929032397,-23.50415455009238],[-45.30311317972939,-23.50230925996431],[-45.31005108958607,-23.50513412044324],[-45.31714137967089,-23.50587412039431],[-45.316775020151,-23.51322193044768],[-45.31925758966599,-23.51781314036407],[-45.31852091001196,-23.52061474977086],[-45.32225958960834,-23.5219799098449],[-45.32458298991304,-23.5252850100951],[-45.3239193397057,-23.52781159962558],[-45.32796470970356,-23.53106269019094],[-45.33039640996628,-23.52992125985821],[-45.33350750037079,-23.53085380016267],[-45.3368467200001,-23.53483079020873],[-45.34179040030671,-23.53777196990046],[-45.34362446959358,-23.54750781992988],[-45.35031546968315,-23.54755374021289],[-45.35183724039626,-23.54420713984757],[-45.35651978995628,-23.5397978699757],[-45.35421150995319,-23.53487112030592],[-45.35411947963024,-23.52885164039083],[-45.35097658020499,-23.5285149998673],[-45.35039510015372,-23.52711015001336],[-45.35252193024286,-23.52030747031347],[-45.37989491012195,-23.54252258015293],[-45.38830703004538,-23.5532470899812],[-45.39789162040194,-23.55458137992667],[-45.40450054026769,-23.55203247012236],[-45.40823967042439,-23.55305513958297],[-45.40928333995413,-23.55564386956888],[-45.41336170967514,-23.55700153019643],[-45.42886085964091,-23.54133217004357],[-45.4347985003505,-23.54269046019652],[-45.43752347043176,-23.54131618009757],[-45.43847953969896,-23.54364029985993],[-45.44197985038971,-23.54267474004718],[-45.44542528984522,-23.54696083967099],[-45.44848904982973,-23.54784265011818],[-45.44977899960111,-23.55002933998202],[-45.44866920022338,-23.55213625008781],[-45.45276179991708,-23.55356419003527],[-45.45042645032038,-23.55716324988401],[-45.45134129016839,-23.56022535961262],[-45.46033222994839,-23.56438021037837],[-45.46694186027861,-23.56141676976807],[-45.48292559014385,-23.55986311988704],[-45.48456584024132,-23.55611581039631],[-45.48445189973535,-23.54855406961457],[-45.4885019102349,-23.54050419031608],[-45.49330704008781,-23.53910253035747],[-45.49740950984096,-23.54039357999966],[-45.49966764004949,-23.54262542032683],[-45.49826733986578,-23.53872636013335],[-45.49984704040855,-23.53689850965844],[-45.5025521003991,-23.53668422010065],[-45.50274485029456,-23.53492506973612],[-45.50238991036605,-23.52873780960221],[-45.49955750997105,-23.52590862967946],[-45.49912576973844,-23.52360207007945],[-45.50042051019835,-23.52299089981011],[-45.50465866966181,-23.52586334971375],[-45.51060170990093,-23.52349621987463],[-45.51496359989017,-23.52586491003751],[-45.52376332042087,-23.5275573801689],[-45.53020009026193,-23.53117473042943],[-45.52930037970873,-23.53458215014609],[-45.53105666033656,-23.5372488396622],[-45.52856454991399,-23.5411775702886],[-45.52874590000323,-23.53973382025953],[-45.52733165043526,-23.53910425975374],[-45.52494182980155,-23.54173179009001],[-45.52588673038827,-23.54529645986366],[-45.52485855977466,-23.54837474030199],[-45.52406798015312,-23.54372189984576],[-45.52153166985062,-23.5451646102585],[-45.52091063042121,-23.54305505974315],[-45.51892147034954,-23.54297137962544],[-45.51648083981888,-23.54519248024872],[-45.51672762008354,-23.54315932983917],[-45.51535186959308,-23.54209804978512],[-45.51422921980259,-23.54565156976406],[-45.51497134035503,-23.54752789010001],[-45.51270373039279,-23.54892639973349],[-45.51242476968736,-23.54520589993228],[-45.51085160002128,-23.54629497982938],[-45.51244767991648,-23.54100567027541],[-45.50990814014853,-23.54300117956075],[-45.50810186980539,-23.54143199029409],[-45.50706333990115,-23.54206205981615],[-45.50665681036344,-23.5433550403028],[-45.50858569967028,-23.54305067015224],[-45.50946808028766,-23.54575756026316],[-45.50801157967061,-23.54662042019618],[-45.50825226972643,-23.54806485011272],[-45.50581370044188,-23.548334740256],[-45.50516454011142,-23.54511222025269],[-45.50372806020175,-23.54609238955209],[-45.50192914991032,-23.54451751027483],[-45.50007109030855,-23.54542675004444],[-45.50016346956841,-23.54912981019254],[-45.50722743020168,-23.55163605975633],[-45.50538925011375,-23.55263563013017],[-45.50505425984619,-23.55471420979291],[-45.50567951979394,-23.55679870969266],[-45.50768816997305,-23.55680119002284],[-45.50581740025279,-23.55954416003493],[-45.50649902970639,-23.56098715013684],[-45.51378812032544,-23.55819926978046],[-45.51213017966404,-23.56086464988363],[-45.50811923031819,-23.56247972975569],[-45.51710437037036,-23.56553450011705],[-45.52059104014432,-23.57018220994098],[-45.5337978595835,-23.5769514798269],[-45.53837267036238,-23.5755871399345],[-45.54737599020973,-23.57686543988808],[-45.54990779041214,-23.57844861990782],[-45.54927824969144,-23.57439488981225],[-45.54694142970317,-23.57534617018956],[-45.53642160017665,-23.57213119999483],[-45.53536770985187,-23.56993322993458],[-45.53221569040176,-23.56794185033607],[-45.53529255980374,-23.56389522038808],[-45.53450368979338,-23.56174342961555],[-45.53053404001389,-23.56080817965375],[-45.53150051983306,-23.55999219958028],[-45.54249291971246,-23.56102557007398],[-45.54422865982474,-23.56339327997586],[-45.54776590027603,-23.56488270027637],[-45.55482472038449,-23.56576544961575],[-45.55602114965632,-23.57697722022249],[-45.55907849028006,-23.57740548997134],[-45.56041135030353,-23.58101798029548],[-45.55922071986026,-23.58451036975771],[-45.55138805021829,-23.58745193975517],[-45.5575858297222,-23.58883256996711],[-45.55805238001329,-23.59000240988325],[-45.55920281975426,-23.58880869026882],[-45.56137950016375,-23.58926240003967],[-45.55745524006721,-23.59364645022345],[-45.55780520044959,-23.60084679034708],[-45.55932364996642,-23.60389971979617],[-45.5618655396629,-23.60558231986812],[-45.56341154980316,-23.61069089986512],[-45.56886355031253,-23.61501110987479],[-45.56983768965762,-23.61745079971462],[-45.63020571981809,-23.61724502044132],[-45.63606104018481,-23.62077218039178],[-45.63685037964126,-23.6240234400297],[-45.62302339041707,-23.62828514014706],[-45.62153942990074,-23.62981174021957],[-45.6246482603089,-23.6331658697091],[-45.62673393022664,-23.641678100364],[-45.6316854697086,-23.64381711986414],[-45.63326069972146,-23.64643936038811],[-45.63081798006567,-23.6482309600907],[-45.63001722011859,-23.65061431999482],[-45.63186225034252,-23.65205432974346],[-45.63146165003508,-23.65471757035954],[-45.63393045992274,-23.6584036504081],[-45.63785745036103,-23.65700901955057],[-45.64576591036843,-23.65892252955103],[-45.65093305961295,-23.65533984006152],[-45.65687834006332,-23.65574800996262],[-45.66404470020274,-23.66087702975108],[-45.67913949968812,-23.6663994300896],[-45.67925855014192,-23.6725389901822],[-45.67415310967823,-23.67452164995416],[-45.67408041028267,-23.67711115965227],[-45.6685234795749,-23.67962148044694],[-45.6692646297588,-23.68102461979032],[-45.6674966102803,-23.68548971957483],[-45.67126073979125,-23.69010265980984],[-45.66663221970111,-23.69733540970134],[-45.66379505020137,-23.69925248011782],[-45.66394786030548,-23.70212411973228],[-45.66706822002232,-23.70256335041825],[-45.67823461983181,-23.71082335991008],[-45.68122540972485,-23.70979126015851],[-45.69118924958417,-23.71391847026115],[-45.69112635010094,-23.7169082700006],[-45.69507841004054,-23.72051479961829],[-45.69497983984769,-23.72212823013365],[-45.69077444988091,-23.7198768097669],[-45.69046762997709,-23.72303944031785],[-45.6856235702715,-23.72045166001607],[-45.67571917020348,-23.72226539023552],[-45.67170445000033,-23.72560561980345],[-45.66993837035949,-23.72288120010728],[-45.66429250029859,-23.72141971005152],[-45.6601745604076,-23.72442363004643],[-45.65628029989585,-23.72385421979635],[-45.64788967017211,-23.72611819020227],[-45.64488182013986,-23.72571851979382],[-45.63900926966204,-23.72114564975192],[-45.63643784982685,-23.72203532027379],[-45.62654914023062,-23.71882204979772],[-45.62409550010722,-23.71970818958124],[-45.61758938983843,-23.71887391999536],[-45.61537465011997,-23.7194994803167],[-45.61457851988274,-23.72181592976131],[-45.61124493000949,-23.72179918978071],[-45.60929337958578,-23.72451421965548],[-45.60648818997794,-23.7242348704429],[-45.60262216008459,-23.72774590015314],[-45.59396691024466,-23.72370531005197],[-45.59096488961791,-23.72605898963064],[-45.58845831000298,-23.72548567002758],[-45.58842419961707,-23.72844706018361],[-45.5846845298671,-23.72989944010703],[-45.57639504959184,-23.72560883038318],[-45.57295749988867,-23.72563098967839],[-45.57250969956294,-23.72680357972138],[-45.57437839994316,-23.72936742996291],[-45.56869133014072,-23.73107346007208],[-45.56813289971353,-23.735229520426],[-45.56441308969227,-23.73646770971698],[-45.56625032998869,-23.74202919998754],[-45.564599660346,-23.74433811041541],[-45.55601536971352,-23.7434990996037],[-45.55065281037884,-23.74430976018726],[-45.54663310973018,-23.74125312013535],[-45.53714141034777,-23.73767579959843],[-45.53285370993075,-23.73806462957896],[-45.53333364033517,-23.7398836496107],[-45.54014287969011,-23.74275747008113],[-45.54092231041625,-23.7471771603976],[-45.54442242955145,-23.7486554201115],[-45.53931212015817,-23.74981716972655],[-45.53974267958097,-23.75247806041409],[-45.53300796974196,-23.75591890972987]]]}},{"type":"Feature","id":"uc-protecao-integral-123","properties":{"id":"uc-protecao-integral-123","nome":"Parque Estadual Serra do Mar - Nocleo Cunha","nome_origem":"Parque Estadual Serra do Mar - Nocleo Cunha","natureza":"camada fornecida para a demonstração","fonte_arquivo":"assets/layers/Areas_Protegidas_PI_DG_UCs_Protecao_Integral/Areas_Protegidas_PI_DG_UCs_Protecao_Integral.kml","tipo":"Unidade de Conservarao","categoria":"Parque Estadual","orgao_gestor":"Fundae o Para Conserva"},"geometry":{"type":"Polygon","coordinates":[[[-45.06626707996173,-23.32138341960911],[-45.05890215041387,-23.31631436031944],[-45.05796742026018,-23.31299864986778],[-45.05322301982648,-23.31074692013419],[-45.04775519034973,-23.30980918984221],[-45.04612353956963,-23.31164298033923],[-45.04612485977441,-23.31530965032005],[-45.04490478013145,-23.31597847972301],[-45.04185384987522,-23.31255488030342],[-45.03398502029239,-23.31478571968518],[-45.02543787975429,-23.31102459031257],[-45.02059632016397,-23.30732723006759],[-45.01743303040996,-23.30882153998203],[-45.0139395896403,-23.30839222971758],[-45.00972655993274,-23.30550500035542],[-45.00866770984686,-23.30164564972694],[-45.01290734959446,-23.29486258963675],[-45.01364490968479,-23.29086750972778],[-45.00848231011048,-23.28764444023869],[-45.00795409960199,-23.28601837964447],[-45.01134638013127,-23.28725526042189],[-45.0100553403816,-23.28372429993647],[-45.01462445035804,-23.27917286973212],[-45.01751132988392,-23.26909411000514],[-45.0139038703673,-23.26364474990521],[-45.01143879986068,-23.26327903969587],[-45.00827089028934,-23.25929918980574],[-45.00569785976836,-23.25837174955655],[-45.00324423043685,-23.25369063981111],[-45.00001663016332,-23.25409621966475],[-44.9870115295584,-23.24642492976665],[-44.98625316005524,-23.24791295971528],[-44.98263009010651,-23.2474819200545],[-44.9806009102038,-23.2534897096823],[-44.97852129991799,-23.25503134012422],[-44.97685447035747,-23.25883197041907],[-44.9739135002078,-23.25810383972038],[-44.97091200028854,-23.25469519962371],[-44.96535335996953,-23.25504385958641],[-44.96403768958766,-23.25406331976637],[-44.95924868997503,-23.25890892001058],[-44.95578664004137,-23.25938891966285],[-44.95373111989522,-23.25845841002757],[-44.95069508960665,-23.2519997596811],[-44.943357739568,-23.25243442990495],[-44.94197880008153,-23.25459907019086],[-44.93827044022856,-23.24747681010666],[-44.92424837006621,-23.23790852985474],[-44.90943430025271,-23.23523257012698],[-44.90332205976523,-23.22987936014431],[-44.8941043298509,-23.2276678696764],[-44.88862363017637,-23.22371774957446],[-44.8856351803193,-23.21901182033918],[-44.88133198008677,-23.2155145898264],[-44.88330246034025,-23.21298138038634],[-44.88415525955753,-23.20395422041088],[-44.89219906033833,-23.21104538014015],[-44.90188380009727,-23.2021062197262],[-44.90670818983108,-23.20113378999235],[-44.91062633004105,-23.20278024990859],[-44.91255794968959,-23.1995208298224],[-44.91611620010252,-23.19818511984738],[-44.91740943959394,-23.20322983988518],[-44.93163644006961,-23.20928394010173],[-44.93344313039609,-23.21391072989621],[-44.93844672983266,-23.21706180955482],[-44.93886664038308,-23.22193878984325],[-44.94335621971373,-23.2294368397383],[-44.9471855896432,-23.23002340005979],[-44.95671862996079,-23.23450062990008],[-44.95640933961931,-23.24089454974364],[-44.96256025994802,-23.24482545043412],[-44.964490699686,-23.24351613016523],[-44.96654112966934,-23.24465914960001],[-44.96642148026706,-23.24072981013256],[-44.97013124036442,-23.23497839024049],[-44.9664193695582,-23.23259759969943],[-44.98383628961301,-23.22434739011993],[-44.987024840424,-23.22862496956662],[-44.98949958044125,-23.22887726987005],[-44.9935720101401,-23.2334156697973],[-44.99745001000991,-23.22921977037606],[-45.00328295974077,-23.23015620024842],[-45.00648292025051,-23.22810103983107],[-45.00894598976555,-23.23019854033032],[-45.01207584002793,-23.22962696990868],[-45.0150052098225,-23.2324520902917],[-45.01957179000607,-23.22994263014823],[-45.01684125042334,-23.22754638026117],[-45.05709293029446,-23.21253979977189],[-45.05682867979971,-23.21137097968693],[-45.05959572016633,-23.20876396018855],[-45.0660034302141,-23.20871401993605],[-45.06779609021737,-23.20572820958915],[-45.06753717000436,-23.20051632986468],[-45.069125510334,-23.19918895030975],[-45.07194532022032,-23.20032484981192],[-45.0730233195705,-23.20321464044326],[-45.07656201962146,-23.20634014967811],[-45.08481446041895,-23.20543566012759],[-45.08732832004591,-23.20865624029324],[-45.08958435033747,-23.20941308004956],[-45.09471530007102,-23.21613826966535],[-45.09769368021915,-23.2230541704136],[-45.10133325992194,-23.22253066965465],[-45.10420630967343,-23.22522953961152],[-45.11025613990887,-23.22546232012991],[-45.11369372018902,-23.22853967966245],[-45.1230277297459,-23.23180197038459],[-45.12455379022521,-23.23264652012074],[-45.12427748971436,-23.23762388003797],[-45.11947903013311,-23.23904361007448],[-45.11594586001337,-23.23554347025492],[-45.10894361985214,-23.23615962996291],[-45.10645144018179,-23.2351966296207],[-45.10268064039917,-23.23864151959043],[-45.1005187097706,-23.24624129989604],[-45.10605888970593,-23.25358515023447],[-45.10459139038034,-23.25831169013236],[-45.10296450960442,-23.25909169012937],[-45.10536454024128,-23.2607575897909],[-45.10944792997793,-23.26706601018816],[-45.07412322011049,-23.3039923397746],[-45.07363420025808,-23.31209778008844],[-45.06937698955636,-23.32012254042286],[-45.06626707996173,-23.32138341960911]]]}},{"type":"Feature","id":"uc-protecao-integral-124","properties":{"id":"uc-protecao-integral-124","nome":"Parque Estadual Serra do Mar - Nocleo Curucutu","nome_origem":"Parque Estadual Serra do Mar - Nocleo Curucutu","natureza":"camada fornecida para a demonstração","fonte_arquivo":"assets/layers/Areas_Protegidas_PI_DG_UCs_Protecao_Integral/Areas_Protegidas_PI_DG_UCs_Protecao_Integral.kml","tipo":"Unidade de Conservarao","categoria":"Parque Estadual","orgao_gestor":"Fundae o Para Conserva"},"geometry":{"type":"Polygon","coordinates":[[[-46.97564297973969,-24.13498407035854],[-46.97106165966784,-24.13089739000247],[-46.96536578999917,-24.13290925975451],[-46.96683759977537,-24.12956779002144],[-46.97160076006696,-24.13064032958749],[-46.97511386001656,-24.13000083966699],[-46.9723294996067,-24.12921344004815],[-46.97277073038487,-24.12770718983489],[-46.96901764005202,-24.12494143999544],[-46.96896322027635,-24.12344339969309],[-46.96716029990785,-24.12358851969441],[-46.96568473995876,-24.12166006026354],[-46.95956582020642,-24.1187412098389],[-46.96188606029341,-24.11576163988775],[-46.95647872011682,-24.1144183396346],[-46.95294834958662,-24.11711233976263],[-46.94877139978024,-24.11411131018878],[-46.94608943977579,-24.11511970021394],[-46.94486546966567,-24.11243300977554],[-46.94287475016955,-24.1145954296353],[-46.94111614029759,-24.11252222971706],[-46.93800624958868,-24.11196312030171],[-46.93664598002789,-24.11301687033227],[-46.93454926014022,-24.11147606007205],[-46.93270153015146,-24.11210257007752],[-46.92914557031179,-24.10993457981698],[-46.9222432304407,-24.10854358042184],[-46.90962767028071,-24.10347504004102],[-46.90488184981746,-24.09942345033193],[-46.90082165989168,-24.09882303955158],[-46.90014408997774,-24.09736427983762],[-46.90236856036074,-24.09394870956527],[-46.90082810982938,-24.09398403043861],[-46.89915185987041,-24.09637033022653],[-46.89113398024892,-24.09356383030649],[-46.89007162010915,-24.09073919016146],[-46.88599193018337,-24.08959054996387],[-46.88362137032993,-24.09286477019293],[-46.87757357975687,-24.08935109018063],[-46.87310068015222,-24.08861231960282],[-46.87082130975563,-24.08647147987483],[-46.86757759992628,-24.08612019029448],[-46.87051115966227,-24.08841199022112],[-46.87040433998828,-24.08965748020847],[-46.86692999002696,-24.08778400982413],[-46.86398433980537,-24.08805020015654],[-46.86267930030942,-24.0915233000602],[-46.86629385008109,-24.0939062004108],[-46.86467181035573,-24.09572818011139],[-46.87230154977664,-24.09926632977727],[-46.87159912979598,-24.10148973985957],[-46.87010989025919,-24.09965614001879],[-46.86649164966985,-24.10056353977552],[-46.86206988012083,-24.09821578043386],[-46.85691620002257,-24.09748394003174],[-46.85540174979087,-24.09449749026692],[-46.85147621985163,-24.09455411967684],[-46.85151010990359,-24.09095925966204],[-46.85477546011936,-24.08945967972039],[-46.85459695008916,-24.08658066026919],[-46.84765412004157,-24.09025455989996],[-46.84726781985398,-24.08805448003017],[-46.84467040961169,-24.08949890005414],[-46.84433394985189,-24.08729355015714],[-46.84198973024183,-24.08663650996692],[-46.84062796960507,-24.0867323597106],[-46.84047100013652,-24.08965154018637],[-46.83830316995528,-24.08764157969512],[-46.83630697988315,-24.08849262973104],[-46.83591897008438,-24.08604138000561],[-46.83404673986513,-24.08592752043864],[-46.83461599003584,-24.08349637955422],[-46.83150081041401,-24.08484384996365],[-46.8310160398583,-24.08083531979412],[-46.82695535980196,-24.08159990001531],[-46.82790331988224,-24.07937372991364],[-46.82533986983907,-24.07981788978373],[-46.82647679007175,-24.07683733957151],[-46.82372313971109,-24.07877986979508],[-46.82469032010215,-24.07631150956848],[-46.82278276001631,-24.07786108012471],[-46.82296027989298,-24.07518454033425],[-46.83059062995358,-24.07200181982807],[-46.83440157007635,-24.07202388019789],[-46.84204234957474,-24.07559332986824],[-46.84569285963772,-24.07498138977928],[-46.84512944966434,-24.07340720028202],[-46.84312265029001,-24.07377269015745],[-46.841123930425,-24.07146817021982],[-46.83937330023758,-24.07131496980998],[-46.83830616020111,-24.06944071971338],[-46.84078419983092,-24.06806017044045],[-46.83444645973628,-24.06584742991492],[-46.83108906031185,-24.06222635016587],[-46.82840916964744,-24.06254733978784],[-46.82810145042157,-24.06109461002819],[-46.82325419992134,-24.05938725971424],[-46.82385239027553,-24.05586417998785],[-46.82625640041249,-24.0544693998429],[-46.82569822988938,-24.05157317995827],[-46.83376038043718,-24.04919512965148],[-46.8264688904269,-24.04808505957777],[-46.82479421967747,-24.04674523970101],[-46.82571187979937,-24.04134570024382],[-46.82334770962905,-24.03997615957206],[-46.82407221965718,-24.03728381959257],[-46.81820456958519,-24.03967616012665],[-46.81757532024477,-24.04309576026111],[-46.82000043027557,-24.04767183009085],[-46.81800759017813,-24.04935597969467],[-46.82011965969451,-24.05103738996354],[-46.81646427980263,-24.05657506978361],[-46.81640849035949,-24.05142459037251],[-46.81409829030383,-24.0542510399535],[-46.81409665983296,-24.05306746019511],[-46.80906197982648,-24.0532702501219],[-46.7776932500434,-24.04699803013494],[-46.77798000966965,-24.04263731016368],[-46.7756233398452,-24.03932989955518],[-46.77287461956797,-24.0389861301058],[-46.77064998011247,-24.03649449002864],[-46.76346602024057,-24.03720313961315],[-46.7553175797425,-24.03321639012427],[-46.76450782997233,-24.04012928983479],[-46.77240872038607,-24.0440082196036],[-46.77082140978018,-24.04584059007112],[-46.76826898002935,-24.04469085989524],[-46.766277139978,-24.04541904994915],[-46.76328896981005,-24.04151670003563],[-46.76026794021323,-24.04132121979842],[-46.75533937031565,-24.03822022967984],[-46.75279585014835,-24.03951709973433],[-46.74417502006111,-24.03635773012508],[-46.73567879014399,-24.03080814957639],[-46.72857303981391,-24.02957112041082],[-46.72911476983074,-24.02766429956773],[-46.72531010967379,-24.0289131296372],[-46.72625037965128,-24.03127840957092],[-46.72397732968994,-24.02953051961777],[-46.72210652039956,-24.03156736983823],[-46.72152007968788,-24.02935288013128],[-46.71903066992945,-24.03254084008768],[-46.71749367009676,-24.03185810986383],[-46.71868308015996,-24.02927369032852],[-46.71540299005591,-24.03059263963854],[-46.71335539023903,-24.02870406963706],[-46.70998589043643,-24.02831790974369],[-46.6693610000101,-24.05340807032616],[-46.66148263041902,-24.04586190040635],[-46.65483247034217,-24.04168545961625],[-46.65355104974111,-24.03940419974396],[-46.65083227958598,-24.04275673023886],[-46.65309615016713,-24.0458353101514],[-46.65749591960099,-24.04788172016521],[-46.65792647003053,-24.04947982983026],[-46.65752930962987,-24.05124762987418],[-46.6555144199545,-24.05062470996234],[-46.65342731022213,-24.05188433999024],[-46.65649014030771,-24.05463147026609],[-46.65622865972483,-24.05739557974215],[-46.65408353023071,-24.05989021006508],[-46.65075337037172,-24.05646869977062],[-46.6464543798657,-24.05547839960843],[-46.64532353005683,-24.05100279034644],[-46.64348668006619,-24.04953170992042],[-46.63718676995342,-24.05084805029725],[-46.63725014967463,-24.04809329017314],[-46.63520649968018,-24.04495562030559],[-46.63409655011566,-24.04496656955149],[-46.63309729990044,-24.04276946014244],[-46.63029650977609,-24.04210311017033],[-46.63162070033502,-24.03887270041474],[-46.62143712012693,-24.03867316963101],[-46.6227383599873,-24.04350809042597],[-46.61770662975709,-24.04621701030675],[-46.62178985042124,-24.04940375977566],[-46.62089512031349,-24.05066116038421],[-46.62401181978959,-24.05563424042782],[-46.62277476004709,-24.05743075042875],[-46.62692365010633,-24.06056156026773],[-46.62728001995691,-24.06417780975806],[-46.63041256009154,-24.06872254001314],[-46.63035320033987,-24.07398391032916],[-46.62841287975056,-24.07531388982409],[-46.62945680019112,-24.07651547041257],[-46.62785670032639,-24.0801796303856],[-46.63318268962939,-24.08081813015252],[-46.63812090025931,-24.08630684008858],[-46.63627587992789,-24.09104282016995],[-46.63684462018301,-24.09361471035055],[-46.63479000025825,-24.09409270001805],[-46.63339660956586,-24.09614198966102],[-46.63018056018467,-24.09182581041279],[-46.63037169040115,-24.08804120963407],[-46.62870295967383,-24.08535008014206],[-46.62451171964011,-24.08337741993194],[-46.61829093008231,-24.08362398975527],[-46.6142401398705,-24.08067704001331],[-46.62176033017505,-24.08881546026521],[-46.62103691012527,-24.09112210979748],[-46.61850952019813,-24.08982964012574],[-46.61879768996135,-24.08755741034616],[-46.61744214004267,-24.08817042962158],[-46.61341507034916,-24.08642057015317],[-46.61319070029055,-24.08417683988921],[-46.61090806985152,-24.08398895982259],[-46.61235325969511,-24.08167905024794],[-46.60427869040922,-24.06649714962373],[-46.60296536995583,-24.06281636028677],[-46.60385846959264,-24.05995773026501],[-46.60065340003433,-24.05561461002617],[-46.59790984006702,-24.0546759498352],[-46.6001756001238,-24.0469233603248],[-46.59961122967445,-24.04471238966499],[-46.6014411602813,-24.04293841037929],[-46.60599109041647,-24.04172252967095],[-46.60919623012188,-24.03804179968927],[-46.60448613972352,-24.03091600976597],[-46.60483876030048,-24.02416598986849],[-46.58921251994178,-24.00946551971793],[-46.59215189019756,-24.00344926027509],[-46.59217241992121,-23.99878050002002],[-46.59342427980664,-23.99661960001447],[-46.59727880017647,-23.99696357990524],[-46.59948901990231,-23.9952978798932],[-46.6015885699565,-23.99544968995116],[-46.60756056027162,-23.99828624971059],[-46.60970037027585,-24.00137709008061],[-46.61421431044204,-24.00181953044694],[-46.6184791797703,-24.00724853978824],[-46.62670497995083,-24.00909710974378],[-46.63014142978312,-24.01137080991492],[-46.63623955990772,-24.00934641980137],[-46.64328343957902,-24.01080131962516],[-46.6497360896488,-24.00104372039135],[-46.64079770984637,-23.99768237024517],[-46.63842403024478,-23.99434414976264],[-46.63537393006277,-23.99440019011661],[-46.62894724971574,-23.98958164957344],[-46.62384225981242,-23.98855040957369],[-46.61439964003131,-23.98251157984549],[-46.61058266006165,-23.97857313024571],[-46.59643989998136,-23.97011476988069],[-46.59901183962467,-23.96880820963111],[-46.61224889966695,-23.97374227978236],[-46.61681185018671,-23.9737002499665],[-46.62155379007532,-23.9775563198682],[-46.62515702008039,-23.97625005009968],[-46.63110680973142,-23.97682820985398],[-46.6389037403153,-23.97270931038634],[-46.64457156012935,-23.97431274044055],[-46.650753720208,-23.97321882039222],[-46.6521972696882,-23.97227671040184],[-46.65259361979969,-23.9696963800838],[-46.65229877976481,-23.96764680985234],[-46.64923649017186,-23.96507955028096],[-46.65081591012608,-23.96043546022827],[-46.6489383900946,-23.95742143994744],[-46.64346451987166,-23.95649859973054],[-46.64164289989986,-23.95805676960418],[-46.63530262011977,-23.95185321015748],[-46.62954777021338,-23.95356596000101],[-46.62731384975433,-23.95156334966879],[-46.62324569003653,-23.95239292029697],[-46.62078631043983,-23.94688536956409],[-46.62025935988152,-23.93907192023289],[-46.61654692969699,-23.93648964018467],[-46.61637073991767,-23.93093860992889],[-46.61330670024398,-23.93068820000036],[-46.61157400973275,-23.92728769966754],[-46.6095491699582,-23.92692192021042],[-46.6102882301177,-23.92433037984313],[-46.60892374003851,-23.9199560198544],[-46.61040200964499,-23.91933646970227],[-46.60956348986315,-23.91663632001013],[-46.61115929996168,-23.91711830986208],[-46.61601628022709,-23.92513843958727],[-46.6349048796564,-23.91515073981475],[-46.6338989600689,-23.92672016000733],[-46.63148366973553,-23.93039529980319],[-46.63237640964354,-23.93511082030807],[-46.63406717016375,-23.93672876002421],[-46.63872173012368,-23.93739613972002],[-46.63956743009277,-23.94043127967979],[-46.64132451021794,-23.94106546000296],[-46.64007572961117,-23.94176466041068],[-46.63943487991571,-23.94751019963599],[-46.64243953016017,-23.94799605027748],[-46.64490602968948,-23.94517033993918],[-46.64608477019596,-23.94638490044275],[-46.64877693031104,-23.94476277977844],[-46.65161015988093,-23.94548136956951],[-46.65420281990419,-23.94220534979701],[-46.69228269998655,-23.96208727021133],[-46.69230317035499,-23.96044555961481],[-46.6888316397683,-23.95750128985259],[-46.6881083896904,-23.95531096043243],[-46.68784657995565,-23.95280640968804],[-46.6889902298152,-23.95014593988316],[-46.69030398014451,-23.94995283025884],[-46.68982174028105,-23.94865598988196],[-46.69144646987866,-23.94877338018728],[-46.69144663985048,-23.95044417036212],[-46.69254571031621,-23.94967062030287],[-46.6944725500681,-23.95068545037321],[-46.7008714296727,-23.94848942015057],[-46.70082374042323,-23.94955456009484],[-46.70268492966574,-23.94906034036239],[-46.70567685989914,-23.95134210025765],[-46.73236949995243,-23.96084338011786],[-46.73468314980749,-23.96803915977938],[-46.73431574977201,-23.97028183963516],[-46.86546758985736,-23.9689565896748],[-46.8659396799722,-23.97054330043295],[-46.8701444503061,-23.97117109017364],[-46.8700744102058,-23.97244504999901],[-46.87302865974482,-23.97485860014422],[-46.87838976037909,-23.97627199985288],[-46.88223089973621,-23.97559559995693],[-46.88442834009578,-23.97763988037616],[-46.89020200022208,-23.97768080042857],[-46.8930982803613,-23.97912132009282],[-46.89129786010812,-23.98173215001867],[-46.89231758968498,-23.9833926402581],[-46.89143331959201,-23.98643006989175],[-46.89290641000275,-23.98925242036285],[-46.88993612015577,-23.995882930253],[-46.89388802001605,-23.99770406009424],[-46.8975676896971,-24.00284289958012],[-46.89934818007441,-24.0140573600591],[-46.90248599023624,-24.0159497198037],[-46.90241560029966,-24.01764531957582],[-46.9058199803078,-24.01914152975775],[-46.9060448800671,-24.02226827016449],[-46.99506098037989,-24.0496794397543],[-46.99368044999272,-24.05207142955277],[-46.99466161034502,-24.05469750028936],[-46.99265617973884,-24.05687695960398],[-46.9872246603897,-24.05957277006723],[-46.98245883001096,-24.05798157978603],[-46.97982839036786,-24.06303303035003],[-46.97665576025508,-24.0639208896373],[-46.98141091028526,-24.07022957983122],[-46.98324814968231,-24.07637373006355],[-46.98092437975629,-24.08061346963586],[-46.97822253034548,-24.08114272965321],[-46.97869891022646,-24.08635580997259],[-46.96945307020297,-24.09252179034831],[-46.96961277001327,-24.10220631966587],[-46.96833549978345,-24.10744803979514],[-46.97196070022608,-24.11027867032431],[-46.97246781983398,-24.11386474036544],[-46.97542076985263,-24.11523604011114],[-46.97475153035879,-24.11720737022392],[-46.97820606016148,-24.12224677976502],[-46.98327467968267,-24.12325479027629],[-46.98170394987733,-24.13006141979866],[-46.97564297973969,-24.13498407035854]]]}},{"type":"Feature","id":"uc-protecao-integral-125","properties":{"id":"uc-protecao-integral-125","nome":"Parque Estadual Serra do Mar - Nocleo Itariru","nome_origem":"Parque Estadual Serra do Mar - Nocleo Itariru","natureza":"camada fornecida para a demonstração","fonte_arquivo":"assets/layers/Areas_Protegidas_PI_DG_UCs_Protecao_Integral/Areas_Protegidas_PI_DG_UCs_Protecao_Integral.kml","tipo":"Unidade de Conservarao","categoria":"Parque Estadual","orgao_gestor":"Fundae o Para Conserva"},"geometry":{"type":"Polygon","coordinates":[[[-47.21914060025847,-24.26944508012627],[-47.21614271021787,-24.26908620026791],[-47.21483427038521,-24.26728533035367],[-47.21245269023945,-24.26714308008906],[-47.20910865024399,-24.26464415010742],[-47.20754164992718,-24.26644895005893],[-47.20585341020666,-24.26602570032577],[-47.20567659000261,-24.26764780030567],[-47.19816010040824,-24.26639081968057],[-47.19352823034353,-24.2609608498633],[-47.19440987981204,-24.25771263982642],[-47.19284043963455,-24.2536448901995],[-47.19556429995242,-24.25102276029213],[-47.19720410038889,-24.24360651992492],[-47.19542417028919,-24.24269786021802],[-47.19275074035437,-24.24428374989509],[-47.18813889999018,-24.24180166961133],[-47.1870053396247,-24.23608092019828],[-47.18547200003275,-24.23455561964607],[-47.17511856037322,-24.23263091038814],[-47.17404817018684,-24.22941370987479],[-47.17473171969306,-24.22433580035687],[-47.17237903026802,-24.22033763037729],[-47.16711136020109,-24.22259380995632],[-47.15999580995862,-24.22147169975909],[-47.15173209975654,-24.21598790012143],[-47.14601118037166,-24.21453211986142],[-47.14442158998435,-24.21254221964767],[-47.14807484028159,-24.20710562992082],[-47.14015011963227,-24.20005876989626],[-47.13749808996482,-24.20015565026301],[-47.13571181964471,-24.19717282026937],[-47.13341797016312,-24.19613155013087],[-47.12977011040221,-24.19664391998089],[-47.12622456021523,-24.19537627969152],[-47.12442087991963,-24.19640896040517],[-47.12849588977343,-24.20434544958277],[-47.12779144991543,-24.20699497014169],[-47.13215601988435,-24.21504637019376],[-47.12845501019052,-24.21624289029711],[-47.12839216016999,-24.21808816963329],[-47.12513792017882,-24.21928379041458],[-47.12147045969391,-24.22299214037491],[-47.116758049944,-24.22091271984613],[-47.11186965006425,-24.22391018001076],[-47.10530463959742,-24.22518198955714],[-47.10333552001822,-24.22433079023375],[-47.10099234991696,-24.21496142023329],[-47.09666319974684,-24.2161730696314],[-47.09599828958937,-24.21921293013258],[-47.09300100029589,-24.21790358018603],[-47.09069020039237,-24.21908458968204],[-47.08613034983574,-24.2176927296357],[-47.08256734021052,-24.21821007993123],[-47.08225962008538,-24.21187840036782],[-47.07904234043161,-24.20948929019852],[-47.07762410956497,-24.20482939006428],[-47.06716599961118,-24.20118169038267],[-47.05967864984979,-24.2106670603365],[-47.05476826963991,-24.21175130997494],[-47.04844645024343,-24.21619318027103],[-47.04088547028817,-24.21812698976873],[-47.03903514035937,-24.22181630018207],[-47.0354898302914,-24.22223019966395],[-47.03344833956919,-24.21948872972104],[-47.02985480965168,-24.21965884008335],[-47.03038102996049,-24.23044183012632],[-47.03873019014611,-24.23392938033658],[-47.03574518019587,-24.23795856973214],[-47.03343519957474,-24.23842484033406],[-47.03167358956449,-24.23723497971048],[-47.03224487040438,-24.24028612040809],[-47.03027750989912,-24.242077399952],[-47.03043849034401,-24.24378249026967],[-47.02794024024985,-24.24010340964458],[-47.02596835975197,-24.24360193967772],[-47.02723842011693,-24.24626549955309],[-47.02502454015035,-24.24605483965905],[-47.02248269002411,-24.24764332028298],[-47.02027233000399,-24.24659743032709],[-47.02347755964161,-24.24393301969303],[-47.02241174970243,-24.24116558992],[-47.01931827971481,-24.24192533988247],[-47.016368079823,-24.23616109026204],[-47.01205004976993,-24.23962463037236],[-47.01126770973696,-24.23771014011083],[-47.01225127037981,-24.23482794965014],[-47.01014757984689,-24.23553828996006],[-47.01010011992457,-24.23352018970496],[-47.0072679902255,-24.23474119025366],[-47.00851859016075,-24.2321823096658],[-47.01224445981393,-24.23232899988341],[-47.01283215957648,-24.22994588009823],[-47.01137022975223,-24.22813517969473],[-47.00820645976029,-24.22841620974026],[-47.00909542971027,-24.22552804957979],[-47.0156893902531,-24.2247655503898],[-47.00925619971383,-24.2196503001212],[-46.99977652966305,-24.2200685397313],[-46.99681840044877,-24.2220813699592],[-46.99688084037842,-24.22608393042901],[-46.99038296969826,-24.22514462992069],[-46.99241975966413,-24.22342787000014],[-46.99192169982655,-24.22261099959792],[-46.98565632008308,-24.22380876975888],[-46.98607204968528,-24.21938393981691],[-46.99031032965797,-24.2189529999809],[-46.98752215971984,-24.2162132000791],[-46.99326259978909,-24.2150249501413],[-46.98803616004074,-24.21400175008068],[-46.98769495995441,-24.2125047799716],[-46.9890044600877,-24.21112529010003],[-46.99225251004526,-24.21109636970164],[-46.98890328995481,-24.20949156997995],[-46.98572707964098,-24.20983456960965],[-46.98689042015673,-24.20658450966732],[-46.9887372903936,-24.20615413010898],[-46.98704400997303,-24.20398412986367],[-46.98257179025586,-24.20370654961755],[-46.98171475972833,-24.20162762011853],[-46.98456482011034,-24.19873210979898],[-46.98888168014537,-24.20391499987727],[-46.98898571012239,-24.20224609018487],[-46.98500260018983,-24.19630227023356],[-46.97924701014136,-24.19703533011636],[-46.97825742044358,-24.19490663033667],[-46.9752884795796,-24.19507426036876],[-46.97424565990923,-24.19229526981081],[-46.97558077003646,-24.19098418956867],[-46.97543652957216,-24.18781887004479],[-46.97736506004946,-24.18701739963325],[-46.97881989961866,-24.18836813997763],[-46.97831912023116,-24.19176122000425],[-46.98046612031516,-24.19375931034386],[-46.98460217974673,-24.19249929001018],[-46.98555227032097,-24.18876809996777],[-46.98769220982757,-24.18891084036295],[-46.98904101033429,-24.19090387021737],[-46.98676994967337,-24.19436971978672],[-46.99352076996752,-24.1949234503569],[-46.99491596020334,-24.19754689956972],[-46.99814847976847,-24.19521855029581],[-47.00011174026457,-24.19557468002739],[-47.00068041037258,-24.1939827397116],[-46.99951723982872,-24.19267174040846],[-47.00109636030874,-24.19162447988577],[-46.99276806979054,-24.19221755039956],[-46.9962767495723,-24.18904688980206],[-46.99564654964848,-24.18675109958355],[-47.00413026010335,-24.18359448999365],[-47.00289159956765,-24.18236123977937],[-46.99811088001309,-24.18459623043162],[-46.99567688018385,-24.18357722031243],[-46.99364334036784,-24.18514587987841],[-46.99186961019433,-24.18449826997914],[-46.99222282971976,-24.18183026025827],[-46.99034454976112,-24.17970604000169],[-46.99031550975292,-24.1721884298521],[-46.98876223039258,-24.17076685980271],[-46.99358586019923,-24.16662662032223],[-46.99824070974091,-24.17227075019491],[-46.99915045043292,-24.16977240027603],[-46.99762401043967,-24.16704415036719],[-46.99809815010951,-24.16450457012974],[-46.99951307956491,-24.16367617041891],[-46.99770574982045,-24.16306516022894],[-46.99649932008754,-24.15673578023205],[-46.98953406994133,-24.15262674992454],[-46.99131877004515,-24.14969630004418],[-46.99694029995482,-24.14579746018461],[-46.99223051982261,-24.14377346037685],[-46.99432411006956,-24.14287937957965],[-46.99372265967298,-24.14006944964535],[-46.99556265998871,-24.1395759196929],[-46.99324751995704,-24.13759914958104],[-46.9879692801581,-24.13855369000078],[-46.98669778987107,-24.13738390044659],[-46.98291434022457,-24.13747103036371],[-46.98458683011808,-24.13587651978554],[-46.98410470986443,-24.13485354005877],[-46.98127720987532,-24.13478825017756],[-46.9794329197934,-24.1323149904444],[-46.98268018014613,-24.12817601990736],[-46.98327467968267,-24.12325479027629],[-46.97820606016148,-24.12224677976502],[-46.97475153035879,-24.11720737022392],[-46.97542076985263,-24.11523604011114],[-46.97246781983398,-24.11386474036544],[-46.97196070022608,-24.11027867032431],[-46.96833549978345,-24.10744803979514],[-46.96982516020296,-24.09152654031755],[-46.97869891022646,-24.08635580997259],[-46.97822253034548,-24.08114272965321],[-46.98092437975629,-24.08061346963586],[-46.98329145024019,-24.07619353020721],[-46.98141091028526,-24.07022957983122],[-46.97665576025508,-24.0639208896373],[-46.97982839036786,-24.06303303035003],[-46.98245883001096,-24.05798157978603],[-46.9872246603897,-24.05957277006723],[-46.99265617973884,-24.05687695960398],[-46.99466161034502,-24.05469750028936],[-46.99368044999272,-24.05207142955277],[-46.99506098037989,-24.0496794397543],[-47.01723632039983,-24.05650031993378],[-47.01994420965752,-24.05938196990195],[-47.02287969034541,-24.05924722987572],[-47.02628911015427,-24.06341658041083],[-47.02872508039809,-24.06338430014529],[-47.0348160600131,-24.05801004962404],[-47.03465418024621,-24.0547899595889],[-47.04459498037403,-24.05170398994716],[-47.04735840007004,-24.0480882899426],[-47.04673354032059,-24.04661981035593],[-47.04407792955277,-24.04627098042135],[-47.04496308008203,-24.0452674899027],[-47.04349901976389,-24.044297199656],[-47.04482861974498,-24.04246689043458],[-47.04431163997015,-24.04056586032613],[-47.04573465972675,-24.03879055993633],[-47.04277304024356,-24.03613622980311],[-47.04318092955623,-24.0309925303809],[-47.04559320985868,-24.02811527000364],[-47.04409671998758,-24.02515601034156],[-47.0468861300908,-24.0240069600531],[-47.05907925979994,-24.02989719030302],[-47.07035413043872,-24.02861430020977],[-47.0672268900089,-24.0365787897793],[-47.07302307995116,-24.03842766010837],[-47.07718788980924,-24.03546559995743],[-47.07856552977535,-24.0313579600018],[-47.08291554961289,-24.025484770106],[-47.08699479977014,-24.02305366969108],[-47.08862539024949,-24.02340731009923],[-47.09048056032958,-24.02489171038405],[-47.09196571964219,-24.02974121008873],[-47.08859204968331,-24.04273328041648],[-47.08343860970405,-24.04264778007092],[-47.08674087978773,-24.04539611993494],[-47.08696983009355,-24.04757784014515],[-47.08856334961882,-24.04805715990994],[-47.08886321956192,-24.05140071966741],[-47.09021961034671,-24.04846698995959],[-47.09901693958005,-24.04940576976043],[-47.09753955040986,-24.04257825977879],[-47.10004732972044,-24.03700847955764],[-47.10561026969816,-24.03444640008126],[-47.10592123997321,-24.03311248964962],[-47.11183735990619,-24.02956895034674],[-47.11450724021694,-24.02378504964031],[-47.11753706968,-24.02069631008658],[-47.12005958977818,-24.02043577019458],[-47.12194835043596,-24.01690628999324],[-47.12416494005987,-24.01606213955603],[-47.12653032971093,-24.01839824997921],[-47.12536401963376,-24.02200742989891],[-47.12693982970933,-24.02629079018777],[-47.13165414961929,-24.02716035007006],[-47.13703929003117,-24.03223530981165],[-47.13897911959066,-24.03143087973126],[-47.13780874008125,-24.03334943043183],[-47.13988442032968,-24.03546372037437],[-47.14363665001133,-24.03356026029775],[-47.14925348006403,-24.03308863962894],[-47.15590691996834,-24.02908313028217],[-47.15806397986876,-24.03072619975427],[-47.16500309032034,-24.03108463984421],[-47.16817837972837,-24.03558191017697],[-47.17247565972389,-24.03502112982125],[-47.17688798009618,-24.0384791903623],[-47.17548985986912,-24.04117221022926],[-47.17564700020887,-24.04811823017212],[-47.1675079702166,-24.05439905037582],[-47.16861346993562,-24.05650065987749],[-47.17451802998306,-24.05882549010425],[-47.17697177982376,-24.05846468030069],[-47.17874366998433,-24.06063413016091],[-47.18168978965201,-24.05950518961276],[-47.18409667042494,-24.06055779030976],[-47.18744566028897,-24.06457876979437],[-47.18969070985833,-24.06350392976248],[-47.19377826975131,-24.06694271963079],[-47.19527591974787,-24.06643643998967],[-47.19675173960104,-24.06880489992614],[-47.19525629024554,-24.07175136043691],[-47.19932363967416,-24.0730588200085],[-47.20002937005933,-24.0750031695606],[-47.20166118001941,-24.07457704019822],[-47.20507495974158,-24.07641103034473],[-47.20563031988331,-24.0751933096235],[-47.20998829962031,-24.07732501044086],[-47.20883753972066,-24.0785107296864],[-47.21532781023024,-24.07871743975801],[-47.21822354987688,-24.08105784983985],[-47.22026675021033,-24.07928315019717],[-47.22590152983167,-24.08284475957794],[-47.22787430965161,-24.08172277978241],[-47.23097801032685,-24.08526688026228],[-47.23414750989963,-24.0844866500388],[-47.23166273974363,-24.08744337001548],[-47.23658415013836,-24.09286741959568],[-47.23640767977054,-24.0962959598906],[-47.24112849998022,-24.09880867018393],[-47.24291750963533,-24.09785800044631],[-47.24793138022898,-24.10131767976708],[-47.25402106032362,-24.10088039971066],[-47.25537188970088,-24.10327080040707],[-47.25484349033479,-24.10611774014154],[-47.25825602989181,-24.10835307973082],[-47.26004583005096,-24.10688853018149],[-47.26134734960044,-24.10875691040303],[-47.26040075019444,-24.11152880980666],[-47.26248690035015,-24.11276626974751],[-47.26178929983627,-24.11375698989315],[-47.26599343974539,-24.11529521999836],[-47.26564968018857,-24.11677450044277],[-47.26357555037129,-24.11667255959088],[-47.26344377001391,-24.11879776010852],[-47.26051057989929,-24.12052213009218],[-47.26818237971304,-24.12374939042201],[-47.26494972974621,-24.12444555022194],[-47.2640809801531,-24.12622058980833],[-47.26684927957058,-24.12629776962632],[-47.26604330985083,-24.12906671026042],[-47.26826216037034,-24.12960970022743],[-47.26832621008646,-24.1327936096373],[-47.26782145029966,-24.13378960970266],[-47.26457627997132,-24.1333430999041],[-47.26159217024241,-24.13040107035306],[-47.25602372011855,-24.12900207958228],[-47.26162150972488,-24.13665303041296],[-47.25337282989216,-24.13405507967815],[-47.25365023027388,-24.13657958008349],[-47.25672000042766,-24.13756605003312],[-47.25717225959204,-24.13906422973037],[-47.25313008038887,-24.14130589964753],[-47.25237867973226,-24.13783692043751],[-47.25066570955482,-24.13635821016322],[-47.24817915964047,-24.1368796397835],[-47.24789494959219,-24.14059591996568],[-47.24629765021632,-24.13976905989415],[-47.24691614996033,-24.13710948041813],[-47.24301823999974,-24.13821221022528],[-47.24783072990419,-24.13416841044375],[-47.24403802983119,-24.13317883963168],[-47.24279962020626,-24.12934770972896],[-47.24253944004306,-24.13208235022023],[-47.24128542987864,-24.13282658957542],[-47.24250180971069,-24.13539510010372],[-47.23937472036698,-24.13353801986369],[-47.23965334022944,-24.13637397977533],[-47.23605324975762,-24.13593928976638],[-47.23680560009831,-24.12914498005676],[-47.23468663997642,-24.12924914043543],[-47.23548770029709,-24.13074048978172],[-47.23435497000582,-24.13387970018795],[-47.23259545001997,-24.13554033971485],[-47.23106693978741,-24.1350400000959],[-47.23032025967223,-24.13396038016737],[-47.2316416002796,-24.13210396002967],[-47.22867511006825,-24.13223487973585],[-47.22566298016238,-24.12916250964207],[-47.2261992396032,-24.12769493027679],[-47.22839466008543,-24.12695152998907],[-47.22380656002468,-24.12522374977618],[-47.22592199030754,-24.12173625982047],[-47.22517477959235,-24.12016371967985],[-47.22163121960506,-24.12394100986967],[-47.21987772957351,-24.12139545003993],[-47.21733097004818,-24.12189737966031],[-47.21595949043808,-24.11765354997129],[-47.2134927202128,-24.12005726962724],[-47.21332358021903,-24.12223177008008],[-47.21032626034861,-24.12462148009718],[-47.20944686008448,-24.12273027957872],[-47.21160397034691,-24.11930014028923],[-47.21017449975329,-24.11767960962624],[-47.20796544015292,-24.11986105014728],[-47.2079620596013,-24.12522172000632],[-47.20572350043915,-24.1248324898275],[-47.20440883010338,-24.12658027995593],[-47.20256825961746,-24.12358528033639],[-47.20550452001754,-24.12124084039243],[-47.20391698997707,-24.12009378030365],[-47.20419978988838,-24.1181144399294],[-47.20625802958438,-24.11631258975416],[-47.20394344983032,-24.11606976021125],[-47.20461930024049,-24.11211672001059],[-47.20194338008287,-24.11943254027949],[-47.20058484981092,-24.11867483987191],[-47.1995674296931,-24.12072343973489],[-47.2000187904348,-24.12347669978982],[-47.1986411801463,-24.12344598974062],[-47.19624489968231,-24.11934760021154],[-47.2002436901941,-24.11488813018303],[-47.19913904033439,-24.11413397040639],[-47.19990759016309,-24.11237333975777],[-47.19674399014298,-24.11291990992584],[-47.19651869018537,-24.11130267977478],[-47.19853997044322,-24.10963957970279],[-47.19572756017874,-24.1089758800328],[-47.19686116011439,-24.10635960021534],[-47.19347153977969,-24.10800531009693],[-47.19483274013879,-24.10477640041051],[-47.19748945977074,-24.10467952993633],[-47.19456912006882,-24.10096688031723],[-47.19182471024214,-24.10001051966969],[-47.19266655032101,-24.10307056995077],[-47.19180530017439,-24.10591673986562],[-47.18628821033258,-24.10205880027337],[-47.18478574986244,-24.1030607097839],[-47.17712654955056,-24.09934948019429],[-47.16992833992089,-24.09804986001296],[-47.16526889034697,-24.09577774984325],[-47.16285897975808,-24.09645104977608],[-47.15409757034655,-24.09104702989646],[-47.15640072960991,-24.09398563033255],[-47.16069529005557,-24.09574047024648],[-47.16260074033187,-24.0984661103227],[-47.16503575999229,-24.09788003023914],[-47.16871054995187,-24.09902591041737],[-47.17148043037753,-24.10284325011588],[-47.17789588988336,-24.10273747995069],[-47.18375315008774,-24.1075279598474],[-47.18655503019045,-24.10798170019524],[-47.18603125963489,-24.10933975022925],[-47.18817076027233,-24.10901120000682],[-47.19004177011158,-24.11105443991045],[-47.19174932007502,-24.11377528030488],[-47.18914973976865,-24.11412041042854],[-47.19214172036408,-24.11637054026818],[-47.19273547975854,-24.1201021898641],[-47.18911045018706,-24.1177654697006],[-47.18618041039758,-24.11765488006864],[-47.18635790958979,-24.11594518971867],[-47.18315340030915,-24.11501785019357],[-47.1791165100189,-24.11081890027197],[-47.17743505028727,-24.11148204955691],[-47.1746987802245,-24.1097344401922],[-47.17671400984364,-24.11374385979127],[-47.1743723595967,-24.11288436961792],[-47.1706002297168,-24.11444837968895],[-47.16625829028783,-24.11033376009493],[-47.16375454983256,-24.11012187982084],[-47.16923445000981,-24.11511418017523],[-47.17411331977382,-24.1144345202369],[-47.17772438017596,-24.11550160991135],[-47.17749796955559,-24.11705942005614],[-47.17928692974795,-24.11710612994392],[-47.17962083003721,-24.11945490012351],[-47.18140959957333,-24.12001073960391],[-47.17915651995736,-24.12479332974834],[-47.18093044978042,-24.12394736987517],[-47.18168010035629,-24.12522943978678],[-47.18496765033677,-24.12124541974026],[-47.18289642982631,-24.1274048899237],[-47.19080520009987,-24.12527300024874],[-47.19026958996955,-24.12865072974733],[-47.19390029965905,-24.12668832990244],[-47.19375152031637,-24.13093981012412],[-47.19641726014839,-24.12759643023105],[-47.1966229297044,-24.13318613043555],[-47.19834010960835,-24.13132337007744],[-47.20106096978787,-24.13074700986658],[-47.20035961010785,-24.13511477962334],[-47.20499420961505,-24.13215000981506],[-47.2026730297365,-24.1375658198067],[-47.20890452032734,-24.13679325990097],[-47.20866020960096,-24.14003591032895],[-47.21024728998043,-24.14073875029305],[-47.21271869980814,-24.13675155024379],[-47.21495646037232,-24.13616749993014],[-47.21575212026409,-24.1382115303378],[-47.2136202000122,-24.14174338025276],[-47.21622416990948,-24.14082720041495],[-47.2158618897144,-24.14366442027671],[-47.21859718041549,-24.14209178031138],[-47.21716885016224,-24.13593946963078],[-47.2186793298871,-24.13585251957807],[-47.22101214969092,-24.13940615017367],[-47.22448211006127,-24.13822987021229],[-47.22248321033186,-24.1407352600242],[-47.22467710016798,-24.14631031027255],[-47.21935530979965,-24.14657017027707],[-47.22323958963528,-24.1510743402086],[-47.22089894033377,-24.15118156008089],[-47.21812636014334,-24.14878174977787],[-47.2173227097752,-24.15084088969525],[-47.2097585300321,-24.14503847014925],[-47.20870761016801,-24.14554027026719],[-47.21081186997179,-24.15102296014146],[-47.21306449003413,-24.15083050972021],[-47.21312824027603,-24.15224601024511],[-47.21516159033507,-24.15262995960489],[-47.21497256992814,-24.15404914015562],[-47.21658019981635,-24.15410613019372],[-47.21666982984874,-24.15747481970715],[-47.21558726014388,-24.15802768962612],[-47.21245276038655,-24.15438361960832],[-47.20349050987909,-24.14966911983396],[-47.20387641976095,-24.14681623018481],[-47.2019940496856,-24.14828873963359],[-47.2010939299409,-24.14697285970965],[-47.1996814997014,-24.1481984198212],[-47.19622596985261,-24.14696989014828],[-47.19665380972549,-24.1460997798809],[-47.1935178395766,-24.14370380968302],[-47.19291112994466,-24.14014659978568],[-47.19014387014346,-24.14124709028096],[-47.18983856020134,-24.14261285020285],[-47.18665324964769,-24.14216110994721],[-47.18860270015443,-24.13670749965132],[-47.18607161041643,-24.134456150331],[-47.18552489995415,-24.13585876986627],[-47.18380915986478,-24.13550507010285],[-47.18533065988203,-24.13930381991531],[-47.18343723983673,-24.136890730223],[-47.18249735027246,-24.13889389004095],[-47.18206579979676,-24.13767901027808],[-47.18011452006903,-24.14059417977751],[-47.17909076962326,-24.14648440013491],[-47.18157103957179,-24.14494307995915],[-47.18230586032718,-24.1467335995759],[-47.18717852027243,-24.14793583037425],[-47.1873926200733,-24.14982046044582],[-47.18925174986833,-24.14974323026581],[-47.19301289003283,-24.15308091025577],[-47.19577887999128,-24.15183592029143],[-47.1964172403633,-24.154012330005],[-47.19883664959167,-24.1543042697262],[-47.19803507036215,-24.15604461976335],[-47.20001565000223,-24.15610362967874],[-47.20002332031993,-24.15752718003529],[-47.20381856997096,-24.15680434004821],[-47.20233134041899,-24.1587207296779],[-47.20943152034835,-24.16005613028614],[-47.20745374029781,-24.16193724041125],[-47.20539563010419,-24.16195257025487],[-47.20403374985762,-24.16469589999576],[-47.20352973021284,-24.16256093014277],[-47.2008821998536,-24.16469808984493],[-47.19831005966148,-24.16285383033994],[-47.19852238959658,-24.16462290022662],[-47.20241741992794,-24.16694908033577],[-47.20045698959836,-24.16755876042839],[-47.19779881036675,-24.16626733037293],[-47.19655785026453,-24.16826858992346],[-47.19504044036398,-24.16837711021543],[-47.19651832955719,-24.17009907001602],[-47.19286631043184,-24.17508345004114],[-47.18915529038429,-24.17380070024205],[-47.18917407002726,-24.17167170008884],[-47.18748878997565,-24.17307622978416],[-47.18515707993527,-24.17148288023071],[-47.18449341983541,-24.17295938986393],[-47.18193331976687,-24.17228376968018],[-47.18140361998104,-24.17510258041972],[-47.18973084030597,-24.17690788039431],[-47.18482676973957,-24.18409658958592],[-47.18556057965696,-24.18494278957803],[-47.19075925013925,-24.18008167962574],[-47.19214260979356,-24.1813915601723],[-47.1938616297104,-24.18000094029111],[-47.19212435985128,-24.17796311970216],[-47.1952233202,-24.17768559971063],[-47.19470728021679,-24.17530431004582],[-47.19773020018857,-24.17334961019628],[-47.1985460102901,-24.1709410099196],[-47.20219948002193,-24.16950162969641],[-47.20169251959408,-24.17407692970647],[-47.20312610008938,-24.17498605975879],[-47.20280103024334,-24.1767998996956],[-47.20365269991214,-24.17757208008737],[-47.20483803964379,-24.17605815955636],[-47.20642283034931,-24.17751755958767],[-47.20689102010448,-24.17618915030897],[-47.20570944043828,-24.17563119022719],[-47.20588783985187,-24.1740460703698],[-47.20430205989209,-24.17384332001319],[-47.20381983981372,-24.17160601990184],[-47.20614284981264,-24.16678598018876],[-47.20663845000445,-24.16980035030588],[-47.20793587044403,-24.16925887030055],[-47.20897836995579,-24.1705437398017],[-47.20945007965742,-24.16707933993956],[-47.21062654038246,-24.16643034958093],[-47.2115385095945,-24.17116021966837],[-47.21473021972383,-24.17165193029228],[-47.21262579984074,-24.16716418018274],[-47.21315385026992,-24.16566065041866],[-47.215465880446,-24.16889504956686],[-47.21986416959572,-24.17099588025565],[-47.21844530021042,-24.16769710044076],[-47.22169060004114,-24.16674166969227],[-47.22043147003626,-24.16442909992298],[-47.21865956998312,-24.16404052984655],[-47.22245729996439,-24.16163895957027],[-47.22414218971022,-24.15746081996082],[-47.22385939969149,-24.16351429964516],[-47.22599206997802,-24.15718738019342],[-47.22727640977843,-24.15652857013737],[-47.227620059618,-24.16125127982264],[-47.22446934958077,-24.16674539018754],[-47.22934649984103,-24.16542475015206],[-47.22737179996858,-24.16792353983942],[-47.2291104296026,-24.16775187994529],[-47.22966777994407,-24.16930549025614],[-47.22790064989505,-24.17106731970102],[-47.22905861965955,-24.1735492102278],[-47.22587964033312,-24.17368232967573],[-47.22517885981648,-24.17435336961228],[-47.22657919957038,-24.17566267998865],[-47.22432874957207,-24.1764574603435],[-47.22671333974881,-24.17879868970772],[-47.22794678961259,-24.17599116006392],[-47.22915031993125,-24.17599523039553],[-47.22974044966196,-24.17762057962602],[-47.23052282027191,-24.17569981029794],[-47.23161158990291,-24.17595199009224],[-47.23125947024829,-24.17432045982133],[-47.23493593024892,-24.17450130988749],[-47.23573093003836,-24.17246389039616],[-47.23191119994186,-24.16992625988894],[-47.23230537998927,-24.16713189002468],[-47.23736791020087,-24.17007195995296],[-47.23911246996448,-24.16753310007249],[-47.24111889971738,-24.17407651961565],[-47.24269909039066,-24.17164926020513],[-47.24171732029805,-24.16980495033812],[-47.24490453021986,-24.17200588006727],[-47.24363370992774,-24.16792612988695],[-47.24054240011162,-24.1648417601391],[-47.24382837987577,-24.16510307974329],[-47.24691087004055,-24.16031557030726],[-47.24923698000259,-24.16206690016725],[-47.24916400001854,-24.15880004988236],[-47.25211722972631,-24.1568715301969],[-47.25194557972469,-24.16172540959991],[-47.25251772031652,-24.16046395035096],[-47.25386874035007,-24.16142436963889],[-47.25574364964967,-24.15748145040857],[-47.25932886983145,-24.16072428969414],[-47.25850315010024,-24.16266838024148],[-47.25644572968662,-24.16176902042389],[-47.2547427698629,-24.16452319958597],[-47.2571458204232,-24.16498866979123],[-47.25710377981557,-24.16623506989254],[-47.25301679998529,-24.16877355025912],[-47.24961263041854,-24.16766920976619],[-47.25229979030303,-24.1704722697794],[-47.25545761038035,-24.16998324003447],[-47.25483363016787,-24.17378217960385],[-47.25325445033258,-24.17519032996972],[-47.25601779988153,-24.17621288971304],[-47.25456943003513,-24.17840180000303],[-47.2576938097215,-24.17784731040501],[-47.25844465999302,-24.18036475023297],[-47.26042819030869,-24.17978919041877],[-47.25876134006376,-24.17733678956114],[-47.25949730026014,-24.17532089983962],[-47.25695991976443,-24.17450269034686],[-47.25695998001902,-24.17131781956169],[-47.25780612964911,-24.17053074010153],[-47.25879668971544,-24.17247050041323],[-47.26033639021222,-24.17184284017486],[-47.25966837019911,-24.17045168969366],[-47.2617995898791,-24.16732279001468],[-47.25830299968362,-24.16728615972846],[-47.26251831007193,-24.16159869962024],[-47.26383845997691,-24.16258926957909],[-47.26377217994212,-24.16887240014108],[-47.26576878010508,-24.16904857013537],[-47.2667257495936,-24.1618386297489],[-47.26912639986341,-24.16534165009705],[-47.26915258002748,-24.16865881025586],[-47.27173291034552,-24.16823761997011],[-47.26945681977639,-24.17406618011006],[-47.27437249969108,-24.17432512010816],[-47.27228878040285,-24.17240177961838],[-47.2745670095598,-24.16853479014839],[-47.27796082972844,-24.17181609973318],[-47.27812584992802,-24.17340695996319],[-47.28115746004869,-24.17395831992047],[-47.27828039032772,-24.17623561018524],[-47.2795783701456,-24.1774032998224],[-47.281989809582,-24.17561229996761],[-47.28303314006735,-24.17280905019749],[-47.27982174018115,-24.16983477005857],[-47.27838436005015,-24.16990049970826],[-47.27865719996976,-24.16714579983875],[-47.27645781977253,-24.16773924986643],[-47.2767021799616,-24.16476380960211],[-47.27375298011589,-24.16568527025896],[-47.27480225961654,-24.16232227974939],[-47.27167383028302,-24.1639550304003],[-47.27096912962162,-24.16321986970121],[-47.2736744297311,-24.15986199993131],[-47.27323611995092,-24.15688951034258],[-47.27581364978005,-24.15543649010192],[-47.27589480010488,-24.15957069962803],[-47.27904452988111,-24.15776152987064],[-47.27697692014868,-24.16167055005582],[-47.27768171973554,-24.16468327980948],[-47.28497335993256,-24.17263918984668],[-47.28523266955199,-24.17504629005418],[-47.28860746995872,-24.175103379917],[-47.29489293965742,-24.1786277699556],[-47.29630159993883,-24.18334978986087],[-47.30075554992862,-24.18206788002857],[-47.30282052015082,-24.18469752017438],[-47.30529359012706,-24.18546993978583],[-47.30456451963681,-24.19051340976603],[-47.30810052981553,-24.194277589639],[-47.30704556030435,-24.19628776956489],[-47.29932805964222,-24.19848611014584],[-47.30063780978708,-24.19522784029255],[-47.29545398980974,-24.19630197975249],[-47.29540312955072,-24.19444033005715],[-47.29350680019866,-24.19312744037904],[-47.28902993997968,-24.19543623029773],[-47.28539224975248,-24.19514422042937],[-47.28290285977909,-24.19633250993735],[-47.27822916044738,-24.19486181981711],[-47.27994257039325,-24.19672347041177],[-47.27741701957973,-24.19914896984903],[-47.2782408903048,-24.20004118005636],[-47.28086814994515,-24.19746880963783],[-47.28248086010359,-24.19960488026095],[-47.28391316985687,-24.19697272021483],[-47.28830373023294,-24.19748185970002],[-47.28668689038761,-24.19831679028761],[-47.28829631981927,-24.1997676701418],[-47.28730096996372,-24.2016774398619],[-47.28279263976845,-24.20080895017287],[-47.28119294010207,-24.2062592095948],[-47.27961708955701,-24.20608782039653],[-47.27731036987763,-24.20333742018573],[-47.27472559960671,-24.20376784021363],[-47.27869207028277,-24.20753520008935],[-47.27878973036172,-24.21075647992757],[-47.28036669966343,-24.20993665974902],[-47.28107229964689,-24.21075931009403],[-47.28363457967208,-24.20884052017379],[-47.28223698015245,-24.21204629030399],[-47.28433094991334,-24.21317307967382],[-47.28685160032103,-24.21068706035948],[-47.28628895027481,-24.21340819033566],[-47.28749238976195,-24.21504210021271],[-47.2860883798748,-24.21617714985553],[-47.28249491021188,-24.21657681037146],[-47.2817191703034,-24.21369881974471],[-47.28014026026477,-24.21347151969485],[-47.27742702993345,-24.21012058010064],[-47.27362544006195,-24.21198555998558],[-47.27715637986302,-24.21615574958815],[-47.27488407004375,-24.21629263989337],[-47.27544302027911,-24.21877672026937],[-47.27292821006881,-24.21845319995515],[-47.26917795979494,-24.21367954007866],[-47.26923886997781,-24.21167275959016],[-47.27114362957479,-24.21029567990166],[-47.26632441004347,-24.20594320041835],[-47.26648311970018,-24.20768131024425],[-47.2647450899139,-24.20802403018479],[-47.26900605978182,-24.21053246959775],[-47.26332652000286,-24.21372342969249],[-47.26679634997151,-24.21625891981324],[-47.26755960998798,-24.21797863040945],[-47.26566709016402,-24.21880429977858],[-47.27185175035794,-24.22229274031764],[-47.26652987005741,-24.22194887014422],[-47.2667847801934,-24.22370991987685],[-47.26454246006642,-24.22356655984879],[-47.26277976997039,-24.22581606016303],[-47.26630973040972,-24.22424366031663],[-47.26523065996696,-24.2268478298634],[-47.26861966966197,-24.22527803984963],[-47.26997135969043,-24.22667335958783],[-47.26949144007784,-24.23002875981939],[-47.26553127994458,-24.23020515014753],[-47.26730667026658,-24.23239852017554],[-47.2634147003281,-24.23281754039715],[-47.26528737031583,-24.23461139020344],[-47.26282813011409,-24.23739050037125],[-47.26116799960346,-24.23714976984598],[-47.26477052004344,-24.2378886195641],[-47.26314940032455,-24.24124424012956],[-47.26094679965502,-24.24355289964655],[-47.254861240254,-24.23887186004828],[-47.25057678998684,-24.23737993963249],[-47.25070589036449,-24.24471356018262],[-47.25325951981097,-24.2437920203854],[-47.25391428021982,-24.24625220037871],[-47.25756281986821,-24.24568263004932],[-47.25651551977535,-24.24787284975218],[-47.25532835981591,-24.24755103005594],[-47.25595728989697,-24.24943653966454],[-47.25202793963768,-24.24703843987209],[-47.25146267975884,-24.24954739009991],[-47.24906823031455,-24.2471995902888],[-47.24699760965194,-24.24837126032537],[-47.24591746991524,-24.24685437023294],[-47.24421796978345,-24.24751858971109],[-47.24195379972804,-24.24484287010233],[-47.23965694021558,-24.24529738026985],[-47.2389464200412,-24.24728394040147],[-47.237586660396,-24.24654835971899],[-47.23590902997773,-24.24841011013842],[-47.23928743037055,-24.24927127035278],[-47.23915085033144,-24.25069238984184],[-47.23531350971064,-24.25117763973623],[-47.23713876024556,-24.25381118024171],[-47.23429281965787,-24.2528870899672],[-47.23427736031186,-24.25493202958944],[-47.23091353972802,-24.25282566986874],[-47.22822755975403,-24.25328031043796],[-47.2354570496031,-24.25690793994943],[-47.23947819995891,-24.25678827975526],[-47.23948310036474,-24.25920302959611],[-47.23695435965595,-24.25998322024935],[-47.228199570154,-24.2581699801604],[-47.23485578986276,-24.26137631956146],[-47.23359569038877,-24.26201231021992],[-47.23408467966419,-24.26390449010012],[-47.22984749956242,-24.26260536994181],[-47.23219061030835,-24.26584882975965],[-47.22946005004121,-24.2654564996177],[-47.23016074961885,-24.26802716042505],[-47.22815029989636,-24.26567791990004],[-47.22710941017112,-24.26646592026594],[-47.22782999016187,-24.26752511029554],[-47.2257334303535,-24.26910313000542],[-47.21902164962938,-24.26390124984277],[-47.21621062971673,-24.26426001998391],[-47.21908294022546,-24.266125620401],[-47.21764758986433,-24.26711161011269],[-47.21914060025847,-24.26944508012627]],[[-47.26479024037724,-24.21852556030632],[-47.26485831995547,-24.21851989997339],[-47.26482197025769,-24.21848388032674],[-47.26479342037999,-24.21849320000115],[-47.26479024037724,-24.21852556030632]]]}},{"type":"Feature","id":"uc-protecao-integral-126","properties":{"id":"uc-protecao-integral-126","nome":"Parque Estadual Serra do Mar - Nocleo Itutinga Piloes","nome_origem":"Parque Estadual Serra do Mar - Nocleo Itutinga Piloes","natureza":"camada fornecida para a demonstração","fonte_arquivo":"assets/layers/Areas_Protegidas_PI_DG_UCs_Protecao_Integral/Areas_Protegidas_PI_DG_UCs_Protecao_Integral.kml","tipo":"Unidade de Conservarao","categoria":"Parque Estadual","orgao_gestor":"Fundae o Para Conserva"},"geometry":{"type":"Polygon","coordinates":[[[-46.47567317997323,-23.81082023996208],[-46.47067047985871,-23.80627963040058],[-46.47311542983317,-23.80211133027365],[-46.4743720696153,-23.80310077967721],[-46.4732926601281,-23.80390127972026],[-46.47671841971925,-23.80697320015304],[-46.47567317997323,-23.81082023996208]]]}},{"type":"Feature","id":"uc-protecao-integral-127","properties":{"id":"uc-protecao-integral-127","nome":"Parque Estadual Serra do Mar - Nocleo Itutinga Piloes","nome_origem":"Parque Estadual Serra do Mar - Nocleo Itutinga Piloes","natureza":"camada fornecida para a demonstração","fonte_arquivo":"assets/layers/Areas_Protegidas_PI_DG_UCs_Protecao_Integral/Areas_Protegidas_PI_DG_UCs_Protecao_Integral.kml","tipo":"Unidade de Conservarao","categoria":"Parque Estadual","orgao_gestor":"Fundae o Para Conserva"},"geometry":{"type":"Polygon","coordinates":[[[-46.49695890972583,-23.80006516037878],[-46.496698889642,-23.79465454037467],[-46.49545141035424,-23.79610159001635],[-46.49561984977618,-23.79958658974925],[-46.49326417999788,-23.79896462042086],[-46.49341658001111,-23.7967561300913],[-46.49218501962292,-23.79865718987736],[-46.48974552043939,-23.7976549197387],[-46.4916888096908,-23.79585624956621],[-46.49011960963225,-23.7958623595602],[-46.49166867027287,-23.79409459009321],[-46.49146889037695,-23.79215315974051],[-46.49442690987394,-23.78847442985102],[-46.49051808034511,-23.79104529030786],[-46.48848023007849,-23.78884888956458],[-46.48944098031694,-23.79607754034618],[-46.48650823986333,-23.79424373006407],[-46.48579675021978,-23.79070882964874],[-46.4859592801966,-23.79542118993589],[-46.48390133997481,-23.7943022498489],[-46.48324057029606,-23.79591963018675],[-46.48030996033634,-23.7933135900501],[-46.48157567967382,-23.79268373996257],[-46.48018037972071,-23.79148976044405],[-46.47843364989296,-23.79236892958238],[-46.48384139026791,-23.7879010895636],[-46.47907227016907,-23.79035620997109],[-46.48100409036641,-23.78580526000468],[-46.4788513004471,-23.7873881900129],[-46.47697318956102,-23.78367388024532],[-46.47586979965149,-23.7864179600208],[-46.47753498974794,-23.78710101040326],[-46.47784152996257,-23.79060368990832],[-46.47634041038157,-23.79081844981158],[-46.4733728697621,-23.78659044998921],[-46.47213112005511,-23.78157446958608],[-46.4752852601066,-23.77673600006631],[-46.47390483044353,-23.77351700990204],[-46.47857513033796,-23.76626576005674],[-46.48347448036293,-23.76516581994656],[-46.48364926000528,-23.77538398987917],[-46.4848067000691,-23.76920769967558],[-46.48780333015952,-23.76929358043435],[-46.48514407983538,-23.76677165029139],[-46.48740860961959,-23.76374812957249],[-46.49174763974173,-23.76325925990687],[-46.49605683035838,-23.76728130958475],[-46.48746013987352,-23.77712507016582],[-46.50334643988623,-23.79180311032525],[-46.49973893990011,-23.79565358014855],[-46.49725507985801,-23.79574723015048],[-46.49695890972583,-23.80006516037878]]]}},{"type":"Feature","id":"uc-protecao-integral-128","properties":{"id":"uc-protecao-integral-128","nome":"Parque Estadual Serra do Mar - Nocleo Itutinga Piloes","nome_origem":"Parque Estadual Serra do Mar - Nocleo Itutinga Piloes","natureza":"camada fornecida para a demonstração","fonte_arquivo":"assets/layers/Areas_Protegidas_PI_DG_UCs_Protecao_Integral/Areas_Protegidas_PI_DG_UCs_Protecao_Integral.kml","tipo":"Unidade de Conservarao","categoria":"Parque Estadual","orgao_gestor":"Fundae o Para Conserva"},"geometry":{"type":"Polygon","coordinates":[[[-46.61090806985152,-24.08398895982259],[-46.60936855011846,-24.08113653961954],[-46.60684361983715,-24.08104210001284],[-46.60584084967542,-24.07855046982826],[-46.60388504006249,-24.07747658037982],[-46.60369506007891,-24.07477504033579],[-46.59840538000424,-24.07410170982598],[-46.59354873968255,-24.06740165985866],[-46.59317538973238,-24.0627335003507],[-46.58875981021703,-24.05713393008676],[-46.58995791042918,-24.04902257043523],[-46.5864434902748,-24.04613243986017],[-46.58314409982029,-24.04649257966878],[-46.57664407976046,-24.04387235992141],[-46.57481470043803,-24.03754132966856],[-46.57528550002576,-24.03527086975481],[-46.56674325989349,-24.0290104299873],[-46.5630272198303,-24.01936010998105],[-46.5590550303653,-24.01403534015878],[-46.56374584019835,-24.01010508967812],[-46.53701603026553,-23.98392822970402],[-46.53479402042768,-23.9855984802856],[-46.53664390968862,-23.98884524960852],[-46.53482252983582,-23.98941252037145],[-46.53329004010322,-23.99229853025292],[-46.53629214976286,-23.99531253974186],[-46.53913501017252,-24.00512405962763],[-46.54354888007668,-24.01231547038259],[-46.5436174398929,-24.015340760068],[-46.53987098026147,-24.01492515007556],[-46.52785440006045,-24.00001576021913],[-46.52562347973975,-23.99887941015663],[-46.52519158032715,-23.99209124011861],[-46.52324127006852,-23.992986550289],[-46.51781600010827,-23.98471272001598],[-46.51987547007684,-23.98098272966922],[-46.51916679980792,-23.97930109996577],[-46.51738349005598,-23.98084937010231],[-46.516281280057,-23.97963216019599],[-46.51467146031962,-23.98038764017741],[-46.51338986974667,-23.9736574404385],[-46.50857477990212,-23.97655840964285],[-46.50941278976842,-23.97374989973804],[-46.50789386990613,-23.9718432003034],[-46.50824439955937,-23.97375867981918],[-46.50604248956921,-23.97345793033918],[-46.50205047005312,-23.96971971029637],[-46.49953048964034,-23.9690156202746],[-46.49765099020101,-23.96556725982111],[-46.49265157980653,-23.96254114995406],[-46.49321430989244,-23.96054991964303],[-46.49752934969968,-23.95997239031351],[-46.49796452983912,-23.95647433961904],[-46.49123482023072,-23.95974379973654],[-46.48876727029324,-23.95964764961928],[-46.4910584397951,-23.95722425999156],[-46.48854457027568,-23.9537737996211],[-46.48497550011922,-23.95212150040686],[-46.48470307029044,-23.95055467006193],[-46.48854620973975,-23.94937964015821],[-46.48958714982706,-23.94633446016718],[-46.48296761975979,-23.94434865007008],[-46.49062054999837,-23.93904510964404],[-46.49259833004885,-23.93597276023468],[-46.48796472968849,-23.93397685974423],[-46.484598569968,-23.93506958998955],[-46.48333484982339,-23.932724880249],[-46.47947004031005,-23.93713192969477],[-46.47456253972939,-23.93332677041406],[-46.47131872018275,-23.9338680804475],[-46.47052695975134,-23.93509115033629],[-46.4674463797466,-23.93339219969022],[-46.46692635037073,-23.9310167502228],[-46.46275179006301,-23.9291701102124],[-46.46297382008567,-23.92733933963876],[-46.46638775988714,-23.92786757982492],[-46.46620982991965,-23.922463690347],[-46.46308667960653,-23.92035414972418],[-46.46288884044759,-23.91866283971825],[-46.46977575964354,-23.91933130039916],[-46.47146512981186,-23.91826670994067],[-46.47162001015528,-23.91242798026701],[-46.46885688004096,-23.91052280967989],[-46.46883530980165,-23.90887587042505],[-46.46612733960501,-23.90958532040617],[-46.46709557040418,-23.90721011015842],[-46.4663108696509,-23.90495818976859],[-46.46473384998717,-23.90491180993206],[-46.46465434991825,-23.90350358042588],[-46.46249626029413,-23.90210935965916],[-46.46045414993904,-23.90448062997706],[-46.44897432020866,-23.89861253024401],[-46.4404557403401,-23.89861489006506],[-46.4382611796097,-23.89534829968426],[-46.44640564960099,-23.89355611991897],[-46.45103868968374,-23.89401006980881],[-46.45691676020027,-23.89740036013848],[-46.45979334968331,-23.89469570034623],[-46.45379097037693,-23.88842579971083],[-46.45396601981594,-23.88608662979408],[-46.45483594032635,-23.8840094998385],[-46.45634175976437,-23.88358970979721],[-46.46003726021132,-23.88515521004484],[-46.46122669005968,-23.88740231996104],[-46.46230053004541,-23.88667596992002],[-46.46130923972959,-23.88478836039445],[-46.46237771975592,-23.88316080962363],[-46.46099603014261,-23.88154552020956],[-46.46246185043401,-23.88081719975395],[-46.46009695990671,-23.87866608976816],[-46.45736345975581,-23.88048216002363],[-46.45478859012127,-23.8788934698577],[-46.44893785989427,-23.88116934998544],[-46.4450282803308,-23.88056223026268],[-46.43580517966529,-23.867674260059],[-46.42673770038454,-23.875014079636],[-46.43483143961919,-23.86468774014702],[-46.43360552967141,-23.86322438040077],[-46.43772361974919,-23.86256719002375],[-46.43734526956848,-23.86044252010618],[-46.44331013995094,-23.85777206962524],[-46.44643004011419,-23.8584539104196],[-46.44674973021586,-23.85723848027158],[-46.44924911975102,-23.85815190009009],[-46.45087250036556,-23.85741543987064],[-46.45199371034141,-23.86030298039816],[-46.45331020000566,-23.86031148978338],[-46.45220810961655,-23.86232027036414],[-46.45281062031381,-23.86404008977826],[-46.45504794021025,-23.86049537955807],[-46.4544538804422,-23.86416194971417],[-46.45739718972845,-23.86250276978694],[-46.45828586020423,-23.8639242301191],[-46.45720867024392,-23.86438051015239],[-46.45737629038348,-23.86650436978078],[-46.46010517971024,-23.86651576958707],[-46.46391249016926,-23.86284395998075],[-46.46616215955595,-23.85832797025955],[-46.46550539006165,-23.85301413979067],[-46.46719890970189,-23.85091621031484],[-46.46542388000802,-23.85289154960526],[-46.46606988012081,-23.85829639955915],[-46.46382685042875,-23.86279875016214],[-46.46006079007338,-23.86643480991847],[-46.45745617985875,-23.86645068025467],[-46.45729567965185,-23.86443996972878],[-46.45838992975143,-23.86394243959188],[-46.45744088958537,-23.86242121027061],[-46.45453560993042,-23.86411146986842],[-46.4550637098223,-23.86039099974482],[-46.45298444037957,-23.86311468019829],[-46.45340321958287,-23.86028080041854],[-46.4520710898089,-23.86024709023098],[-46.45065727011689,-23.85731248008682],[-46.4467020103894,-23.8571525500501],[-46.44647996957491,-23.85833709028446],[-46.44426007044586,-23.85740971028986],[-46.43931646028636,-23.85918154019589],[-46.43723403961917,-23.86041368964004],[-46.43767720034248,-23.86248726007892],[-46.43352465993507,-23.86317185010074],[-46.43472247955873,-23.86437423018651],[-46.43390101991611,-23.86562425995157],[-46.42791761990219,-23.86495071989975],[-46.42561910024125,-23.86253424965588],[-46.42403584018183,-23.86275567983074],[-46.42454595992808,-23.85962755986395],[-46.42178733991375,-23.85674721031546],[-46.42279662026777,-23.85489867003753],[-46.41855669003917,-23.84911540964839],[-46.41837893993608,-23.84583040025274],[-46.41455252967546,-23.84262993971987],[-46.41544084042238,-23.841526369946],[-46.42028883016536,-23.84098416958369],[-46.41250039008088,-23.83844320978625],[-46.4122734596524,-23.84631366983996],[-46.41464950986693,-23.8474947503824],[-46.41324708008864,-23.84845492955134],[-46.41515858010433,-23.85124680019965],[-46.41118417021323,-23.85016979010368],[-46.41023514983226,-23.85111585980906],[-46.40954663966562,-23.84918780956968],[-46.40762121005076,-23.84991070981135],[-46.40294455015083,-23.84214457021568],[-46.40057736994964,-23.84240994036639],[-46.39773821025017,-23.84013651988442],[-46.39656756993736,-23.83762756965655],[-46.39906733988579,-23.83499503998905],[-46.39572837026805,-23.83535313024271],[-46.39464289035709,-23.83244514003115],[-46.39554641043844,-23.83091800036539],[-46.39320641044742,-23.83168872025817],[-46.38960565987327,-23.82949154969521],[-46.38776520989649,-23.83025135991227],[-46.38814078027275,-23.82799752036925],[-46.3834991597584,-23.82853233010292],[-46.37957914985782,-23.8248070701901],[-46.37745665000438,-23.82442057035297],[-46.37711119972204,-23.82247662999242],[-46.37576837970693,-23.82313432039251],[-46.37338477968382,-23.81957578039788],[-46.3709098301245,-23.82029679026459],[-46.36755938965405,-23.81906585040861],[-46.3670472203529,-23.8141215297847],[-46.36315687998598,-23.81503014002891],[-46.36245957984568,-23.81922658983518],[-46.35766037022984,-23.81525835019266],[-46.35603623958076,-23.81255798016662],[-46.35840356007617,-23.80913886027014],[-46.36272391038011,-23.80768743003085],[-46.36334232019186,-23.80534117975162],[-46.36035950998337,-23.80788801032338],[-46.3570702099222,-23.80815540035138],[-46.35597913982542,-23.81093473984635],[-46.35389261015581,-23.81171889021459],[-46.34965804977912,-23.8068694300801],[-46.34978949019279,-23.80562654003273],[-46.34511469998336,-23.80326517035127],[-46.34253428962575,-23.80412210015476],[-46.34056686976521,-23.80254706979139],[-46.34082699956633,-23.80436632994213],[-46.34738327042157,-23.80671953018214],[-46.34688324016935,-23.80877119043805],[-46.3498602704351,-23.81152394957059],[-46.34900473008418,-23.81374579033593],[-46.35048765997749,-23.81334268002064],[-46.34988893003003,-23.8150547499767],[-46.35174536995282,-23.81555234036819],[-46.35332300025624,-23.81841119971705],[-46.35343417984348,-23.82250568978571],[-46.35479606009005,-23.82272671976227],[-46.35609837014363,-23.82684956995166],[-46.35908823013767,-23.82945479979912],[-46.35882508041311,-23.83133372007507],[-46.36032722971783,-23.83134575030607],[-46.35976201030849,-23.83475986007943],[-46.36477200032749,-23.83890313027518],[-46.36582374037329,-23.84295764997552],[-46.36827662956279,-23.84542294980923],[-46.36896859042804,-23.85007484957458],[-46.36683223022322,-23.85542466011992],[-46.36499482984749,-23.85586721020354],[-46.3624885802837,-23.85263201965194],[-46.35233720030152,-23.85530427956883],[-46.34874830998649,-23.85501425000757],[-46.34520716018227,-23.85278572008485],[-46.34330108038051,-23.85399983992062],[-46.34159245033129,-23.85131633038429],[-46.34230172044801,-23.85011177034187],[-46.33673452038175,-23.84761890988472],[-46.33640991008923,-23.84487907041273],[-46.33475256028237,-23.84458910020675],[-46.3336324303923,-23.84229865016255],[-46.3319102097883,-23.84247700011343],[-46.32911648024134,-23.83876958994455],[-46.32972385986818,-23.83324921038269],[-46.32686995038785,-23.82871322963177],[-46.32806322034128,-23.82365198994734],[-46.32657636041068,-23.82388062998706],[-46.32330456025721,-23.82040658039932],[-46.32164505027879,-23.821419629812],[-46.31829767020128,-23.8191896600747],[-46.31324289034706,-23.81876590042594],[-46.31130237010825,-23.81663396038891],[-46.30512613026667,-23.81644703989895],[-46.30208402955429,-23.81427642991326],[-46.29596850024603,-23.81258135984183],[-46.29770198036204,-23.8163317899801],[-46.30189903001616,-23.81826514981674],[-46.30396817039468,-23.82168934998344],[-46.30977145958514,-23.82508544993351],[-46.31342110000372,-23.82876609987557],[-46.31497497021866,-23.83235166000105],[-46.31754912039554,-23.83371590996126],[-46.31886444004181,-23.84000369001825],[-46.31508599961916,-23.84345778005246],[-46.31707720025253,-23.84375595027683],[-46.3166164397968,-23.84538002966457],[-46.32159424038184,-23.84624319986375],[-46.31789893958432,-23.84986914044845],[-46.31537461005018,-23.85843210006135],[-46.31827167979412,-23.85963371032744],[-46.32121130006141,-23.86492677994687],[-46.33045460039943,-23.87107120986838],[-46.33136572964469,-23.87364613975751],[-46.33343978032156,-23.87163058008713],[-46.34073677957866,-23.87521200962652],[-46.34674074978574,-23.87499432962454],[-46.34612282021192,-23.8766812698247],[-46.34392125016552,-23.87480043039551],[-46.33978090006843,-23.87613244955287],[-46.33881064039872,-23.87871104957526],[-46.34784575038105,-23.88553709006459],[-46.35099920964575,-23.88656331994122],[-46.35530549005625,-23.89095682020104],[-46.35911879989266,-23.89194906020094],[-46.36113136032395,-23.89449057038348],[-46.35782793011487,-23.89417841030536],[-46.35280554024342,-23.89120819959868],[-46.35076223019274,-23.89239925002533],[-46.35167261030267,-23.89777537023713],[-46.35027065986304,-23.90029732016512],[-46.34825218998651,-23.89982647021537],[-46.3475952199434,-23.89775605999415],[-46.34506734977833,-23.90054430007933],[-46.34017089017442,-23.90092751019637],[-46.34149489007706,-23.89816069016365],[-46.34156397959396,-23.89314711994359],[-46.34449585040312,-23.89011156989301],[-46.34336713018888,-23.88809402991552],[-46.3389725399507,-23.88614106036158],[-46.33331001984152,-23.88695332983224],[-46.3297090597253,-23.88527857994245],[-46.33390034022847,-23.88322302022618],[-46.33311261955168,-23.88206668003323],[-46.33414689026671,-23.88121513986675],[-46.33131682990773,-23.87990580970529],[-46.33272392986544,-23.87643032030297],[-46.32622499978385,-23.87636995960588],[-46.32452188977334,-23.87422626003382],[-46.32311719999876,-23.87428802007599],[-46.32005796989932,-23.87911415989055],[-46.3184490602759,-23.87967070983535],[-46.31922482986198,-23.8732684298941],[-46.31571694957751,-23.87287761960641],[-46.31467503012851,-23.87113002013427],[-46.3152130297575,-23.86878191994958],[-46.31236098996766,-23.86924064973613],[-46.31048588011924,-23.86470867996155],[-46.30783012995647,-23.86427069034005],[-46.30789693969194,-23.86006895971468],[-46.30399758002426,-23.85712184000084],[-46.29956055977198,-23.85882464963782],[-46.29994205038525,-23.86162912968052],[-46.29840369977086,-23.86176672955088],[-46.29370660997205,-23.85589644986123],[-46.29409017981789,-23.85042229994912],[-46.28832906973076,-23.8506764996207],[-46.28400629035798,-23.84862914981539],[-46.28420758021559,-23.85012390039765],[-46.29023562977045,-23.85322984038476],[-46.28926817958279,-23.85568169985055],[-46.28366806972559,-23.85436299965266],[-46.28175428003595,-23.85186292033745],[-46.26994826979677,-23.85259468969315],[-46.28401486989031,-23.85976151028541],[-46.28505822016069,-23.86309877029197],[-46.30307319027548,-23.87288042009527],[-46.30721787960141,-23.87586067982647],[-46.30826363016234,-23.87819078008039],[-46.30748816994304,-23.87959714978859],[-46.29955917031941,-23.87796832018176],[-46.29560421995876,-23.87342030020665],[-46.29259070959353,-23.87375809995632],[-46.28746611986548,-23.87025913015469],[-46.28728439026236,-23.87164417963515],[-46.28466998013545,-23.87191979036601],[-46.28477284009443,-23.87458034021051],[-46.28305750020343,-23.8746127104082],[-46.28370665963462,-23.87800021014152],[-46.28205483975898,-23.88239125974877],[-46.27929667030503,-23.88185429973612],[-46.28038106023769,-23.88536010978117],[-46.27527895985605,-23.88557498030104],[-46.28325000008738,-23.8984102403403],[-46.28600321967281,-23.90039660981563],[-46.28686006044342,-23.90638051974514],[-46.28356579972183,-23.90462896955125],[-46.28221857033071,-23.90577178034334],[-46.27916914014367,-23.90423664030868],[-46.28111413001307,-23.90175140969973],[-46.27995755959364,-23.90080827987816],[-46.28085919019941,-23.89990220032627],[-46.27822166030131,-23.89568864991122],[-46.27878767021474,-23.89321671038283],[-46.27481641964204,-23.89069120993133],[-46.2732048201463,-23.88438651992192],[-46.26943520027424,-23.88356424999012],[-46.26608709983975,-23.88063599985145],[-46.2658198402134,-23.88334929043737],[-46.26080862981439,-23.88290636983305],[-46.2610805596201,-23.88927638030066],[-46.25960101027835,-23.89055463978474],[-46.25669947989707,-23.88810028020373],[-46.2570055299812,-23.88562059031796],[-46.25450847958263,-23.88343830983007],[-46.25668510963004,-23.88264749998211],[-46.25079390991095,-23.87544511030353],[-46.24884552959747,-23.8779176802567],[-46.24176799999316,-23.87456663993845],[-46.24066689975757,-23.87619477976523],[-46.23887146984242,-23.87473176985526],[-46.24058494993545,-23.87491303990481],[-46.23994010005555,-23.87247804992199],[-46.23776588019115,-23.87093409023601],[-46.23423580014202,-23.87159551012462],[-46.23238969972482,-23.87462034025646],[-46.23032120955611,-23.87147783023761],[-46.22836012991604,-23.87117379013824],[-46.22886043985739,-23.87402992993725],[-46.22737834003834,-23.87338881044519],[-46.22807657007763,-23.88171257017893],[-46.22391728025826,-23.8832818898473],[-46.22426758957755,-23.88711006997369],[-46.22177174966646,-23.88563165018047],[-46.21818319030194,-23.88733717037405],[-46.22008345958398,-23.89652474961747],[-46.2137610898024,-23.89456174003226],[-46.21302424017648,-23.89327883015386],[-46.21666183957217,-23.89017592987523],[-46.21602929961244,-23.88775880042823],[-46.21350089974669,-23.88594004030057],[-46.21479967006866,-23.88492554028142],[-46.21444757019918,-23.88255856962223],[-46.21572840983822,-23.8821519897225],[-46.20890598012681,-23.87860865996163],[-46.20838399022892,-23.88162281963736],[-46.20608066009436,-23.8810692203682],[-46.20456720001624,-23.88393399006156],[-46.20195410020153,-23.88227734981979],[-46.20342821044352,-23.87982562974895],[-46.20265322956283,-23.87854114965427],[-46.20513874975347,-23.8793670096797],[-46.20937390008538,-23.87654138028046],[-46.20693008955197,-23.87343220003595],[-46.20971395983133,-23.86948904967983],[-46.20826825017957,-23.86748227009065],[-46.21233891990516,-23.8620427296882],[-46.21593887997528,-23.8595778804148],[-46.22615238962106,-23.85921690963261],[-46.22835945002856,-23.85794442019881],[-46.23387248033066,-23.86022326988797],[-46.23384950984695,-23.85827745983687],[-46.23641354984539,-23.85547620026637],[-46.23689700019634,-23.85020192018243],[-46.23569965001877,-23.84872749967434],[-46.23493239971043,-23.84158422962844],[-46.23859973968621,-23.83962198986291],[-46.23543805971866,-23.83585501040034],[-46.23225878991116,-23.83543229036786],[-46.22640898958315,-23.83202504961628],[-46.22285344972687,-23.83310614982889],[-46.21841766963968,-23.82799053983149],[-46.21231288992789,-23.82466409956851],[-46.21264217039982,-23.8228686201906],[-46.21474788980322,-23.82140429007586],[-46.21155247986303,-23.81984920038025],[-46.211347209606,-23.81589562957959],[-46.20957701017085,-23.8134230002712],[-46.2182679397136,-23.80994849023057],[-46.22151019983579,-23.81109496036407],[-46.23402566005615,-23.80288785978684],[-46.23682961039816,-23.79916316015169],[-46.23988375033474,-23.79956420022762],[-46.23882509000583,-23.7955265203326],[-46.23562401973265,-23.79135062992759],[-46.24672536977994,-23.77648072030894],[-46.25050396038944,-23.74059615009219],[-46.28212460017011,-23.77458981027149],[-46.29545243957836,-23.78476305007467],[-46.29679915995325,-23.7879550300006],[-46.3012495998891,-23.78743893965532],[-46.30567112032588,-23.79082149041938],[-46.32057403956026,-23.78556164985019],[-46.32461660007601,-23.78548999007091],[-46.33352582026038,-23.78147581036029],[-46.34072256039781,-23.78286653995883],[-46.34607148960754,-23.78806510971697],[-46.34984362038671,-23.78755714024976],[-46.35371544011542,-23.7887180103279],[-46.3550771000281,-23.79188582007447],[-46.35657550005925,-23.79091809019764],[-46.35868632041729,-23.79231556021489],[-46.36134733970795,-23.79263527010158],[-46.3625531102378,-23.79156170980502],[-46.36812285988202,-23.79280112037537],[-46.37251672976322,-23.79018924004134],[-46.37733293027048,-23.79358524016664],[-46.37740171042054,-23.79526796974096],[-46.37427991988233,-23.795004109552],[-46.37361623010491,-23.79600792022927],[-46.37797913992534,-23.80451120982445],[-46.38265193004247,-23.80783245020734],[-46.38326545024029,-23.80978390979953],[-46.38954305986425,-23.81021152034532],[-46.39449400039774,-23.81471560034464],[-46.39658323972469,-23.81209585004342],[-46.40794599031517,-23.81330017985937],[-46.41342390029274,-23.81938327961461],[-46.41301765044415,-23.82510760023553],[-46.41671698020446,-23.82370679013621],[-46.41897447009569,-23.82421996038283],[-46.41687879971681,-23.82150549977894],[-46.417999290235,-23.81993611985598],[-46.4235697800213,-23.82409216042481],[-46.42864481980257,-23.82566240999216],[-46.43112972036027,-23.82579355003224],[-46.43429434021158,-23.82279939037954],[-46.43942361990412,-23.8267478800106],[-46.44485478042373,-23.82894183010131],[-46.43827361993158,-23.82512922983005],[-46.43919312006642,-23.82317824957653],[-46.43789173001926,-23.82278826036986],[-46.43765583964523,-23.82078420033054],[-46.43952008028742,-23.82180709012505],[-46.44121361971276,-23.82070726962473],[-46.44054892988913,-23.81945901961802],[-46.44238437963537,-23.82045591990476],[-46.44307639985595,-23.81815907028482],[-46.44171252041644,-23.81769977032809],[-46.44467709956842,-23.81812222955722],[-46.44382576984339,-23.81675335977968],[-46.44502046971888,-23.81455082026412],[-46.44107340011726,-23.81528355998825],[-46.4420107104259,-23.81304232983962],[-46.43971208014835,-23.81131078956122],[-46.43890514006011,-23.81301725044568],[-46.43809032011217,-23.81182747975436],[-46.43939700986408,-23.81060808989139],[-46.43723861986638,-23.80995701040769],[-46.4378818095978,-23.808667590337],[-46.43977475030442,-23.81020871985652],[-46.4394671902586,-23.80897488957942],[-46.44124642967893,-23.80941312021929],[-46.44001616971042,-23.80786828009701],[-46.43887386973324,-23.80824036020442],[-46.43950662013435,-23.8072190298343],[-46.43772839964589,-23.8071126903983],[-46.439354390093,-23.80625665991687],[-46.43702879004655,-23.80415174001075],[-46.43996532024329,-23.80678489021045],[-46.44195226978138,-23.80461111011459],[-46.44374106989443,-23.80603392032913],[-46.4475716404188,-23.80561951992485],[-46.45375376992052,-23.80717510964354],[-46.458953909895,-23.81168341016121],[-46.46224974982607,-23.81188412984869],[-46.46601264996377,-23.81437185967354],[-46.46945519000496,-23.8188996799762],[-46.4690026799297,-23.81532919968276],[-46.46748570979764,-23.81425203040681],[-46.47116665022071,-23.8109021897842],[-46.47280255029739,-23.81097975990792],[-46.4743800501991,-23.81357390021526],[-46.47853761961539,-23.81144406998777],[-46.48053944034285,-23.81189079022772],[-46.48192857004744,-23.81444672013998],[-46.48668785965697,-23.81561231975269],[-46.49071597975859,-23.81525075991459],[-46.48948467028129,-23.81378502955545],[-46.491277289815,-23.81207168975664],[-46.49377125014303,-23.81214958993161],[-46.4941310895781,-23.8103129099128],[-46.49687703005088,-23.81054187011119],[-46.49727599988745,-23.81323720033646],[-46.5008454000951,-23.80961017966604],[-46.50107520026023,-23.81226649999894],[-46.50237838985078,-23.8106201902695],[-46.50380557976365,-23.81182270975023],[-46.5042943702889,-23.80943481006841],[-46.50228169024774,-23.80844572039365],[-46.50189896036869,-23.80589112957193],[-46.50375504955588,-23.80666503036679],[-46.50352379968359,-23.80857539004217],[-46.5051632403912,-23.80775119016528],[-46.50619594988314,-23.81014952018415],[-46.50670645993512,-23.80811900029158],[-46.50797164957191,-23.80939890013906],[-46.50828562987789,-23.80760419957409],[-46.50950027042109,-23.80733414035825],[-46.50914529002307,-23.80988772034198],[-46.51024898030613,-23.81128471012124],[-46.51294576023861,-23.81031641996674],[-46.51220083020411,-23.80854024993255],[-46.51425978036451,-23.8080116302325],[-46.51427054974602,-23.81118867961385],[-46.50820680969645,-23.8148423795721],[-46.5152709403016,-23.82421842973667],[-46.5032761102043,-23.83180020021899],[-46.5088486702299,-23.83949191012351],[-46.52061239974239,-23.83293565995268],[-46.51967430972155,-23.82822094973699],[-46.52274926986286,-23.82545251002529],[-46.52446603967593,-23.82542049955634],[-46.52501603985831,-23.82910094984891],[-46.52738697023244,-23.83046156025279],[-46.52668306996765,-23.83738898041707],[-46.52985579990519,-23.84155490003855],[-46.52863113012251,-23.84451575959457],[-46.52635985991958,-23.84610290022863],[-46.52686092978803,-23.84838467990903],[-46.52496804034274,-23.85156275991341],[-46.52475055009779,-23.85534106004184],[-46.52950544022383,-23.86186830977465],[-46.52706505970468,-23.86391319004161],[-46.53704842024837,-23.87637680974194],[-46.53613293019055,-23.87797081040452],[-46.53738024040575,-23.8798935600397],[-46.53584838019856,-23.87922486013912],[-46.53629418043204,-23.88087200983534],[-46.53515952019563,-23.88080825959344],[-46.53502005962798,-23.87898289034808],[-46.53392273024974,-23.88054533020278],[-46.53045526999466,-23.88035463975478],[-46.53084303967449,-23.88170209037912],[-46.53442163994669,-23.88208350994597],[-46.53211340041304,-23.88558488003815],[-46.5344391497469,-23.88356810988034],[-46.53510137003218,-23.88433724966427],[-46.53532491001653,-23.88252494037363],[-46.53821164025493,-23.88269629989429],[-46.53661110961497,-23.88389676982001],[-46.53749763970427,-23.88522253958848],[-46.53480948966615,-23.88650891995064],[-46.53575046021552,-23.88706674963072],[-46.53301649961173,-23.89139817958227],[-46.53715442963318,-23.88765330995227],[-46.53819844989852,-23.89002016999478],[-46.53911134990881,-23.88973577018959],[-46.53971224992034,-23.88761939022265],[-46.53859173961706,-23.88798927958152],[-46.53826538014312,-23.88647441026575],[-46.5394897801292,-23.88415159991638],[-46.54093522987694,-23.88441239971246],[-46.54209509990886,-23.88277420996178],[-46.54046340955864,-23.88133915008166],[-46.5416721199723,-23.88152723969034],[-46.54147283020689,-23.88001944983768],[-46.54338273032869,-23.87890758022058],[-46.54515709992017,-23.88242652036757],[-46.54382920955032,-23.88289862037499],[-46.54370872018126,-23.89109105031167],[-46.54558634993009,-23.88877833035559],[-46.54703236984795,-23.89060723033936],[-46.54613786996669,-23.88709617005219],[-46.54764748004715,-23.88512076960779],[-46.54690429020081,-23.88365182956824],[-46.54943428996046,-23.88562210027965],[-46.55119733978535,-23.88302321964585],[-46.55476690996488,-23.8809983304086],[-46.56557548032413,-23.88189846993839],[-46.56886517968428,-23.87738240017757],[-46.57210974027225,-23.87741048960237],[-46.57237370028599,-23.88823933967376],[-46.57374917018802,-23.88915849986483],[-46.57400671983419,-23.89328227006069],[-46.57815554963884,-23.89238302985291],[-46.58009462017054,-23.89448965037701],[-46.57959522034309,-23.89857954041344],[-46.57791271020335,-23.9003564101202],[-46.58561706997176,-23.89593795996882],[-46.60198529958188,-23.91788030992831],[-46.60853901995978,-23.91471166021489],[-46.61040200964499,-23.91933646970227],[-46.60892374003851,-23.9199560198544],[-46.6102882301177,-23.92433037984313],[-46.6095491699582,-23.92692192021042],[-46.61157400973275,-23.92728769966754],[-46.61330670024398,-23.93068820000036],[-46.61637073991767,-23.93093860992889],[-46.61654692969699,-23.93648964018467],[-46.62025935988152,-23.93907192023289],[-46.62078631043983,-23.94688536956409],[-46.62324569003653,-23.95239292029697],[-46.62731384975433,-23.95156334966879],[-46.62954777021338,-23.95356596000101],[-46.63530262011977,-23.95185321015748],[-46.64164289989986,-23.95805676960418],[-46.64346451987166,-23.95649859973054],[-46.6489383900946,-23.95742143994744],[-46.65079223996986,-23.96019963010878],[-46.64918151011858,-23.96462776955588],[-46.65229877976481,-23.96764680985234],[-46.65190727969718,-23.97262817984659],[-46.64457156012935,-23.97431274044055],[-46.63848966996227,-23.972778360333],[-46.63044093999736,-23.97700978027711],[-46.62515702008039,-23.97625005009968],[-46.62155379007532,-23.9775563198682],[-46.61681185018671,-23.9737002499665],[-46.61224889966695,-23.97374227978236],[-46.59901183962467,-23.96880820963111],[-46.59643989998136,-23.97011476988069],[-46.61058266006165,-23.97857313024571],[-46.61439964003131,-23.98251157984549],[-46.62384225981242,-23.98855040957369],[-46.62894724971574,-23.98958164957344],[-46.63537393006277,-23.99440019011661],[-46.63842403024478,-23.99434414976264],[-46.64079770984637,-23.99768237024517],[-46.6497360896488,-24.00104372039135],[-46.64328343957902,-24.01080131962516],[-46.63623955990772,-24.00934641980137],[-46.63014142978312,-24.01137080991492],[-46.62670497995083,-24.00909710974378],[-46.6184791797703,-24.00724853978824],[-46.61421431044204,-24.00181953044694],[-46.60970037027585,-24.00137709008061],[-46.60756056027162,-23.99828624971059],[-46.6015885699565,-23.99544968995116],[-46.59948901990231,-23.9952978798932],[-46.59727880017647,-23.99696357990524],[-46.59342427980664,-23.99661960001447],[-46.59225677003388,-23.99858190992717],[-46.59215189019756,-24.00344926027509],[-46.58921251994178,-24.00946551971793],[-46.60483876030048,-24.02416598986849],[-46.60448613972352,-24.03091600976597],[-46.60919623012188,-24.03804179968927],[-46.60599109041647,-24.04172252967095],[-46.6014411602813,-24.04293841037929],[-46.59961122967445,-24.04471238966499],[-46.6001756001238,-24.0469233603248],[-46.59788404031616,-24.05447967999316],[-46.60065340003433,-24.05561461002617],[-46.60385846959264,-24.05995773026501],[-46.60296536995583,-24.06281636028677],[-46.60427869040922,-24.06649714962373],[-46.61235325969511,-24.08167905024794],[-46.61090806985152,-24.08398895982259]],[[-46.47369006964095,-23.8949506698375],[-46.47460553002117,-23.89336557965771],[-46.47780208030173,-23.89462526004769],[-46.47886480017036,-23.89188495023024],[-46.47657634032578,-23.89045193001249],[-46.4728824703497,-23.89084571975411],[-46.47170360034085,-23.88841438011951],[-46.46973923008136,-23.8886280401519],[-46.46947119973606,-23.89065869044617],[-46.46881077989354,-23.88901442037917],[-46.46949530966077,-23.89110791979459],[-46.47211254995415,-23.89258669032347],[-46.47118524010671,-23.89397190977576],[-46.47369006964095,-23.8949506698375]]]}},{"type":"Feature","id":"uc-protecao-integral-129","properties":{"id":"uc-protecao-integral-129","nome":"Parque Estadual Serra do Mar - Nocleo Padre Dtria","nome_origem":"Parque Estadual Serra do Mar - Nocleo Padre Dtria","natureza":"camada fornecida para a demonstração","fonte_arquivo":"assets/layers/Areas_Protegidas_PI_DG_UCs_Protecao_Integral/Areas_Protegidas_PI_DG_UCs_Protecao_Integral.kml","tipo":"Unidade de Conservarao","categoria":"Parque Estadual","orgao_gestor":"Fundae o Para Conserva"},"geometry":{"type":"Polygon","coordinates":[[[-46.03725809998127,-23.72094480955525],[-46.02813840965985,-23.7188354496962],[-46.02587460023256,-23.715582619842],[-46.01668114032231,-23.71481917996113],[-46.00876871970058,-23.70875359000615],[-46.00425821044803,-23.70809365040162],[-45.99772924031214,-23.70471072012361],[-45.99225870027874,-23.70555139018444],[-45.98708351019582,-23.69938959975019],[-45.97653835036454,-23.69397808042402],[-45.97131029993034,-23.69471611985301],[-45.96953561018023,-23.6969187502001],[-45.95506291042494,-23.69410574998034],[-45.95412911017024,-23.69553820992041],[-45.95626165005507,-23.69723818039768],[-45.95665198010477,-23.70053862036099],[-45.95188695012263,-23.69955888993076],[-45.95048522990942,-23.70226034993516],[-45.94180976960513,-23.69992181044313],[-45.94014326020323,-23.70144653992583],[-45.93612231039629,-23.70118173005278],[-45.92709838977885,-23.69471964969205],[-45.92358369982782,-23.68936970964432],[-45.91709554002711,-23.69101888011716],[-45.91172838965343,-23.68108179958534],[-45.91337273976006,-23.67791921040322],[-45.90847009012253,-23.67672204009006],[-45.90578777038922,-23.67306582023139],[-45.90094631961693,-23.67084269973077],[-45.89162871009682,-23.67291402995846],[-45.88740482017624,-23.67178619018051],[-45.88181294001515,-23.67240465035428],[-45.88028879958841,-23.67810002989245],[-45.87735473982934,-23.67995336985211],[-45.86540631025298,-23.67587449021551],[-45.86057992042697,-23.67797476961988],[-45.85835352009883,-23.67760643968541],[-45.85744280993771,-23.67876266026849],[-45.8588881499681,-23.68275248004289],[-45.85562906982568,-23.68115957025793],[-45.85143848000183,-23.67656272968617],[-45.84535989034663,-23.67599973969618],[-45.84275311996049,-23.67744260029571],[-45.84102779040018,-23.67600774006513],[-45.83539725018289,-23.6757629796777],[-45.83302720024506,-23.67450122005522],[-45.82572183009836,-23.67444515002359],[-45.8233176895597,-23.67617428011891],[-45.82044224041704,-23.67495446037998],[-45.81413506018481,-23.67689899968906],[-45.80898593964935,-23.6754965402331],[-45.8053918998163,-23.67671182019433],[-45.79820433995826,-23.67537209024971],[-45.79409703994639,-23.68005525044941],[-45.7954155099178,-23.68309248043357],[-45.79141146017071,-23.68310348993407],[-45.7864366498315,-23.67836657995366],[-45.78446956002216,-23.68158116973513],[-45.77804231040426,-23.68306080001588],[-45.77087337010988,-23.67890186992531],[-45.76590600975453,-23.68187136027501],[-45.76627526958799,-23.68520239967097],[-45.76409787961342,-23.68948819982052],[-45.7658337501274,-23.69197389987551],[-45.77029865026248,-23.69448135992678],[-45.77179948026173,-23.69756603004822],[-45.7701672296339,-23.69920236989338],[-45.76501407024313,-23.69633922977158],[-45.76323802971126,-23.69172597027728],[-45.75902434979389,-23.69068638007235],[-45.75396247968467,-23.69248771043942],[-45.74968517003452,-23.68637809956959],[-45.74627635007346,-23.68484767018379],[-45.74360947979363,-23.68651208956123],[-45.74238958990759,-23.69406433979742],[-45.74043240972787,-23.69620344023656],[-45.73589845964614,-23.69578511968746],[-45.73135042977844,-23.69254246026628],[-45.72145772989029,-23.68943729009879],[-45.71572281975227,-23.69141832029919],[-45.71311349978816,-23.69738809018816],[-45.71043622974815,-23.6988109300803],[-45.70636839018903,-23.6986972800554],[-45.70045117038518,-23.69646332991869],[-45.69637377013333,-23.69828251992232],[-45.69214308043877,-23.69638266972436],[-45.68800450020746,-23.69681130010139],[-45.68422302996879,-23.69931316007421],[-45.6750247496924,-23.69644221023975],[-45.67011097004519,-23.69219276968056],[-45.67124811960497,-23.68957037986911],[-45.66745819034315,-23.68530657983473],[-45.66900565019057,-23.67873375965524],[-45.67392357031645,-23.67725025959174],[-45.67391896039169,-23.67470006015958],[-45.67925855014192,-23.6725389901822],[-45.67913949968812,-23.6663994300896],[-45.66404470020274,-23.66087702975108],[-45.65687834006332,-23.65574800996262],[-45.65093305961295,-23.65533984006152],[-45.64576591036843,-23.65892252955103],[-45.63785745036103,-23.65700901955057],[-45.63393045992274,-23.6584036504081],[-45.63146165003508,-23.65471757035954],[-45.63186225034252,-23.65205432974346],[-45.63001722011859,-23.65061431999482],[-45.63081798006567,-23.6482309600907],[-45.63326069972146,-23.64643936038811],[-45.6316854697086,-23.64381711986414],[-45.62673393022664,-23.641678100364],[-45.6246482603089,-23.6331658697091],[-45.62153942990074,-23.62981174021957],[-45.62302339041707,-23.62828514014706],[-45.63685037964126,-23.6240234400297],[-45.63606104018481,-23.62077218039178],[-45.63020571981809,-23.61724502044132],[-45.69985296024589,-23.61687817978412],[-45.70307573026071,-23.61053983984169],[-45.70172436039087,-23.60900945002606],[-45.70457681027153,-23.6054113398614],[-45.70428729961912,-23.60323592030142],[-45.70617933021185,-23.6019469103216],[-45.71249622042421,-23.60528982976177],[-45.71366587957664,-23.60746117988947],[-45.71718819038261,-23.6078717599737],[-45.7214398999314,-23.60614482962012],[-45.72098620005306,-23.59940338026172],[-45.72458968006964,-23.59776473995072],[-45.7329073100243,-23.60271934971814],[-45.73981452961681,-23.60383896969267],[-45.74581918960388,-23.60095065035216],[-45.74719561008931,-23.60115314979799],[-45.74969270005801,-23.60465316011522],[-45.76382866036437,-23.60405745998372],[-45.76903603988131,-23.60821107957764],[-45.77206360035484,-23.60775741027624],[-45.77400918017946,-23.61209309042374],[-45.77337365986648,-23.61637206022237],[-45.77636403966864,-23.61697858009734],[-45.77783713007943,-23.62063494025023],[-45.78389281040484,-23.61983183037461],[-45.78765377969813,-23.61774068988086],[-45.79105347963434,-23.61263097044286],[-45.79593337012886,-23.6128518601252],[-45.80291973006143,-23.61474748980476],[-45.80606325991147,-23.61771640998427],[-45.81894594030285,-23.6176840901486],[-45.82220927963448,-23.62145980022956],[-45.83098077044616,-23.6222208299273],[-45.83289850995823,-23.62410703021521],[-45.83602463972528,-23.62419558016182],[-45.83870322997006,-23.62583175992773],[-45.85264068022315,-23.62375395997725],[-45.8601764198059,-23.62785649987751],[-45.86398735003615,-23.62772996976224],[-45.86846386041879,-23.63026871003291],[-45.8729521797992,-23.63076727978608],[-45.87904760026652,-23.63518087000108],[-45.88581716962665,-23.63702444961859],[-45.89092320993814,-23.63685042990335],[-45.89573023016595,-23.63892197956568],[-45.89953860991886,-23.63708041982545],[-45.90050734973437,-23.63380868981915],[-45.90419268964087,-23.63758014970409],[-45.90605784039695,-23.6371829497333],[-45.91439108977693,-23.64050550042845],[-45.91594568034884,-23.63930226958405],[-45.91739976988345,-23.63462280020201],[-45.91735428037572,-23.62944201993321],[-45.92308991986386,-23.63095967984532],[-45.92369267967337,-23.62954261989597],[-45.92533790032383,-23.62944061968881],[-45.92515052028023,-23.62761463980377],[-45.92860587026468,-23.62911856976615],[-45.93220242010557,-23.62798334025888],[-45.93945890040789,-23.63215750036829],[-45.9363050598306,-23.63544243961684],[-45.93831494028223,-23.63835935020381],[-45.9397059999319,-23.63821008972383],[-45.93957813971934,-23.63609016013277],[-45.94126970962935,-23.63711675963071],[-45.94307659960532,-23.6363073598967],[-45.94358263013424,-23.64043367967054],[-45.94634072044784,-23.64210763006304],[-45.94523904014954,-23.64269419038453],[-45.94564931986019,-23.64569127013596],[-45.94880584041715,-23.64992139955291],[-45.9560290997631,-23.65427765978615],[-45.9768416602144,-23.6553099699791],[-45.98143714011189,-23.65845562043052],[-45.98357294993167,-23.65835899007527],[-45.98658169029272,-23.66039188957399],[-45.9873387099135,-23.6596157602591],[-45.98860039039567,-23.66140954981086],[-45.99791857008591,-23.66647534995741],[-45.99941117038918,-23.66869115986907],[-46.0057567103039,-23.67104634041624],[-46.01156018025807,-23.67643572023223],[-46.01866772023908,-23.67768608994106],[-46.02195269995707,-23.681067590297],[-46.03339366998182,-23.68636551985281],[-46.030683750055,-23.68908495011033],[-46.03154443003137,-23.69128203973429],[-46.03381722998114,-23.69058770016221],[-46.0394865201867,-23.69624058043837],[-46.03322581961584,-23.69694000028073],[-46.04139869019735,-23.70324349958781],[-46.04442120997084,-23.70368554964836],[-46.05651706990682,-23.71146824036697],[-46.04816555979272,-23.70970859987193],[-46.04687652013524,-23.71066057992181],[-46.04126597994099,-23.71027164022399],[-46.03929399961834,-23.70819517037074],[-46.03637775003307,-23.70763643956997],[-46.03349794007784,-23.70989000032318],[-46.0279354803381,-23.70862589976542],[-46.03126736959337,-23.7130328997485],[-46.03448638044205,-23.71395771037999],[-46.03484712999102,-23.71806903036139],[-46.0378462098347,-23.72004666022514],[-46.03725809998127,-23.72094480955525]]]}},{"type":"Feature","id":"uc-protecao-integral-130","properties":{"id":"uc-protecao-integral-130","nome":"Parque Estadual Serra do Mar - Nocleo Picinguaba","nome_origem":"Parque Estadual Serra do Mar - Nocleo Picinguaba","natureza":"camada fornecida para a demonstração","fonte_arquivo":"assets/layers/Areas_Protegidas_PI_DG_UCs_Protecao_Integral/Areas_Protegidas_PI_DG_UCs_Protecao_Integral.kml","tipo":"Unidade de Conservarao","categoria":"Parque Estadual","orgao_gestor":"Fundae o Para Conserva"},"geometry":{"type":"Polygon","coordinates":[[[-45.26150154955684,-23.54577095026912],[-45.26052860001482,-23.54326147034055],[-45.26599276025763,-23.54235255972281],[-45.26490863022906,-23.54012242001363],[-45.26606658020847,-23.53911148041044],[-45.25934840980125,-23.53797114005602],[-45.25712383959348,-23.53562269992761],[-45.25782905017047,-23.53353134989186],[-45.2558575204082,-23.53128002035663],[-45.25862128994055,-23.53136126960686],[-45.26022672997954,-23.52826576984933],[-45.25781419966552,-23.52892556016644],[-45.2575542002661,-23.52721247037914],[-45.25297296023388,-23.52745573969059],[-45.25560637033766,-23.52551661969619],[-45.2512856998751,-23.52263226007068],[-45.24963867968125,-23.51986002971654],[-45.25074990988037,-23.51903445027961],[-45.24822870009439,-23.51809186005124],[-45.24931677005287,-23.51485546980405],[-45.24750879009855,-23.51603351963121],[-45.24632321024791,-23.51532542043174],[-45.24724918010554,-23.51076962042163],[-45.24451169955523,-23.51302039957176],[-45.24191519043364,-23.51044738973519],[-45.24000715010988,-23.51154603032501],[-45.24148706997227,-23.52006980018109],[-45.24312809978193,-23.52127403017232],[-45.2428698396713,-23.52413150996119],[-45.24033031968844,-23.52068220971614],[-45.23715025038371,-23.52157500987875],[-45.23378719961954,-23.51927762965886],[-45.23273801005109,-23.51700836044745],[-45.23143876039046,-23.5179217101188],[-45.22872120971601,-23.51663764011494],[-45.22875660972971,-23.51954976990589],[-45.22736270012848,-23.52127527033741],[-45.22528526979931,-23.52258262019171],[-45.22310022029887,-23.52108813041286],[-45.22099158979,-23.5230909997498],[-45.21949331026804,-23.52103092993343],[-45.21271955006716,-23.51983986961426],[-45.21094000038067,-23.51697437956392],[-45.20827756016121,-23.5169635103577],[-45.20599708989374,-23.51376891969983],[-45.2030483001389,-23.51350181026027],[-45.2053190901039,-23.51050084004169],[-45.20495538987927,-23.50903981043888],[-45.20283836959504,-23.50818355962355],[-45.20526488976282,-23.50649846033565],[-45.20293686964078,-23.50534531003797],[-45.20128778010695,-23.50233952035256],[-45.19930846041706,-23.50242968008564],[-45.19957343036947,-23.49838420037048],[-45.19519143963316,-23.49566363966517],[-45.19489101031184,-23.49316824042194],[-45.19664635024884,-23.49138656024149],[-45.19324520959873,-23.49017319044032],[-45.1908166596611,-23.48626134008873],[-45.1873687596605,-23.48855986964224],[-45.18759522963609,-23.49011505016938],[-45.18564896992399,-23.49201157017779],[-45.18854481029473,-23.49190240956852],[-45.18943296006302,-23.49318128958481],[-45.1868502798165,-23.49800073034936],[-45.18442065968566,-23.4989204598113],[-45.18322700032576,-23.49627343037446],[-45.18036730011079,-23.49638335990409],[-45.17923187005471,-23.49326110981229],[-45.17713917013657,-23.49196638014428],[-45.17724624971459,-23.48928078957675],[-45.18841325027125,-23.48409636975163],[-45.18813517989457,-23.48137329993779],[-45.19061176981728,-23.48134770972899],[-45.19183657989419,-23.48453571015483],[-45.19842596018987,-23.48425647965274],[-45.20784650970859,-23.48023903000717],[-45.20869711008351,-23.47750092982403],[-45.20532986038472,-23.47587948994646],[-45.20586353967059,-23.47460875958654],[-45.19796444969955,-23.47030941025105],[-45.19831485974294,-23.46890073018449],[-45.19531039026225,-23.46670230956391],[-45.19190537982939,-23.46711029960062],[-45.19135219964426,-23.46579128014343],[-45.1862112800265,-23.46491137985623],[-45.18585564042542,-23.4682666101159],[-45.18471254994421,-23.46870335957232],[-45.18238470968657,-23.46635212974695],[-45.18177673021188,-23.46212724967279],[-45.17332529012998,-23.45881365982251],[-45.17181956961741,-23.45971048984717],[-45.17383998023087,-23.46455079038662],[-45.16933175975288,-23.46060295006606],[-45.16615739035126,-23.46372632970633],[-45.16665772007769,-23.46526499958003],[-45.16398644042187,-23.46598503997757],[-45.16428440020485,-23.46226407972347],[-45.16599086018999,-23.4613210398341],[-45.16433638011978,-23.45837717027013],[-45.16525616983631,-23.45711429998494],[-45.16157999042417,-23.45341465006601],[-45.15741810965801,-23.45276312002193],[-45.15898895007996,-23.45717862039697],[-45.1560434203675,-23.45770641002275],[-45.15381617018005,-23.46045642982034],[-45.15277542974223,-23.45967430022876],[-45.153636080041,-23.45712526991525],[-45.14951879035982,-23.45702267975281],[-45.14955729033665,-23.45556022022794],[-45.14467024033928,-23.45163640979246],[-45.14099472013021,-23.4506416301071],[-45.13925151024898,-23.45205775026494],[-45.13799899026117,-23.45649403037515],[-45.1368268597717,-23.45445452985263],[-45.13309313004385,-23.45596535042051],[-45.12986517993409,-23.45513072020651],[-45.12951743008529,-23.45796734022053],[-45.13067981012512,-23.45913161962852],[-45.129250380001,-23.45922223981449],[-45.12821782968905,-23.4617017201582],[-45.13139856988806,-23.46514422962247],[-45.13365888994576,-23.4703904202816],[-45.13692750020391,-23.47229262040804],[-45.13492721012261,-23.47448033010312],[-45.13605969040236,-23.47781518981913],[-45.14106248044908,-23.47847014987747],[-45.14183669960397,-23.48086044984984],[-45.13979871983503,-23.4844998299032],[-45.14278262002188,-23.48716272967619],[-45.14662445005825,-23.4870787698693],[-45.1481465499233,-23.48902391981801],[-45.14628020037088,-23.4892804100628],[-45.14702752979662,-23.49010430956616],[-45.14530699991809,-23.49132004008771],[-45.14293920997653,-23.48979567033388],[-45.13997887022862,-23.49280631006309],[-45.1297063596607,-23.49197875031905],[-45.13018737015096,-23.4961099902838],[-45.12867759999119,-23.4975953402527],[-45.11432677006434,-23.49363748957842],[-45.11175660028681,-23.48750059957297],[-45.11270668996173,-23.4853573199843],[-45.12166696016203,-23.48585370978083],[-45.12385584976761,-23.48490805016633],[-45.12269521980852,-23.48264714015335],[-45.12581586011379,-23.48015879968881],[-45.11987230006656,-23.47983739008345],[-45.1236017301357,-23.47914256038081],[-45.11947216021196,-23.47700769035259],[-45.12202397032991,-23.47365541976177],[-45.11616841973677,-23.47173678002832],[-45.1104127397561,-23.4731338399547],[-45.10355258978018,-23.47859712965379],[-45.10047343969745,-23.4781736901636],[-45.09883944978071,-23.4800400298235],[-45.09669894010398,-23.4789836195983],[-45.09574110996419,-23.4842747799571],[-45.09352742964711,-23.48505294983374],[-45.09296379034663,-23.48708930003113],[-45.08540345970187,-23.48577392013027],[-45.08566020985074,-23.48300701016535],[-45.08143668955154,-23.48017383995068],[-45.08226788975128,-23.47350983031436],[-45.07759787044535,-23.47342822043601],[-45.07602554973931,-23.47060078969463],[-45.07972034961438,-23.47096478040027],[-45.08039968040089,-23.46894467016034],[-45.0833097003823,-23.46868119038459],[-45.08801197027617,-23.47334681020709],[-45.09450132977253,-23.47468621010046],[-45.09718825043734,-23.47185002985498],[-45.10244901011367,-23.47359905025593],[-45.10719982001564,-23.47184347019993],[-45.10599582025088,-23.46994829018138],[-45.103831439869,-23.46953333039886],[-45.10540567972828,-23.46789821992684],[-45.10322980960797,-23.46523858019629],[-45.09973457019424,-23.46449022014752],[-45.09130433972348,-23.45653466983907],[-45.09350736037635,-23.4565731095613],[-45.09334297959481,-23.45533750042529],[-45.09460080018675,-23.45487425963933],[-45.09311195005643,-23.45259614019966],[-45.10185332976732,-23.45534121012872],[-45.10552498019365,-23.45783094993834],[-45.10814620987964,-23.45798760014759],[-45.10814480963523,-23.45627446989084],[-45.11545749037083,-23.458217750149],[-45.11957215043435,-23.45756519038116],[-45.10390371028797,-23.4442537402179],[-45.10822833956615,-23.44583066005686],[-45.11262597041218,-23.43985496993088],[-45.1153039895874,-23.44155302035557],[-45.11930033034594,-23.44707998025683],[-45.12338244034731,-23.44760703963311],[-45.12588195039166,-23.4465915503597],[-45.1316705302707,-23.4490915999973],[-45.13503528974678,-23.44788372955043],[-45.13038841988964,-23.44356723014351],[-45.13220848043699,-23.44167421029653],[-45.12310900957311,-23.43886065969167],[-45.1148603998875,-23.43237135955053],[-45.12505489966384,-23.43331650025624],[-45.12687789020242,-23.42942906020295],[-45.13219088969777,-23.42890525996972],[-45.13887133984042,-23.43116310958982],[-45.12876924000835,-23.4254819195549],[-45.1172556200508,-23.4243456099619],[-45.11713737988612,-23.42123745044796],[-45.12263829002501,-23.4241861098011],[-45.1318531798803,-23.42595538023659],[-45.14002262044755,-23.42658509002985],[-45.14060520036963,-23.42486559976754],[-45.13898514994469,-23.42297916026001],[-45.13640588981991,-23.42301846962664],[-45.13117787985522,-23.42013150016857],[-45.13006399036084,-23.41615611990898],[-45.12867935996445,-23.41757001964066],[-45.12212743013674,-23.41896636010938],[-45.12020120012522,-23.41584153975521],[-45.11918284021584,-23.41540422012861],[-45.11942914024257,-23.41718082003877],[-45.11805758958604,-23.41582150016205],[-45.11849355033706,-23.41297126980822],[-45.12693321019947,-23.41251840989668],[-45.12540285006145,-23.40572595009246],[-45.12620705980794,-23.40334150021005],[-45.12395023991161,-23.40450042955115],[-45.12174566972681,-23.40397102024633],[-45.12504850008816,-23.40047354961456],[-45.12866914006872,-23.39889796976547],[-45.1279143004046,-23.39759965000383],[-45.13153008044878,-23.39220936996639],[-45.13116765006697,-23.39088183033215],[-45.12755229000612,-23.39054608013743],[-45.12746118958216,-23.38841437032687],[-45.12471011038326,-23.38504366992936],[-45.11670758039048,-23.3842901702551],[-45.1181241196324,-23.38821394022114],[-45.1181317000179,-23.39455148965948],[-45.11633772970242,-23.40004217990264],[-45.11360525028203,-23.40351556039474],[-45.11047807010681,-23.39740969969785],[-45.10702452955837,-23.39888538015612],[-45.10563922017383,-23.40322668016711],[-45.10831764044673,-23.40402245966874],[-45.1094848003832,-23.40822920041722],[-45.1080847304259,-23.40887784004025],[-45.10454865999264,-23.40661838962694],[-45.10830727036421,-23.41413127024191],[-45.1070125595819,-23.41565060019502],[-45.10556933026032,-23.41258488958096],[-45.10383055043951,-23.41450916986224],[-45.1012875401878,-23.41439884013431],[-45.10255186018014,-23.41655779040963],[-45.10124197963358,-23.41756039959273],[-45.10077618027645,-23.4215903102446],[-45.10352830988353,-23.42484850995072],[-45.10095815989115,-23.43179382032849],[-45.0991117698922,-23.43291871033017],[-45.0969879300489,-23.43220010974721],[-45.10023428028774,-23.42859119962412],[-45.09787584959076,-23.42293265002172],[-45.09539358044935,-23.42310399964981],[-45.09313863024357,-23.42080738025635],[-45.09035319964039,-23.42423069998677],[-45.08740545040115,-23.42366962015677],[-45.08590138014455,-23.4274037797606],[-45.08238073038638,-23.42810664040906],[-45.07910386974777,-23.42070672003905],[-45.07656222017027,-23.41972519995795],[-45.07409560013178,-23.41631372969482],[-45.07016858990846,-23.41628753963818],[-45.07170248977803,-23.41102333016249],[-45.07003097025301,-23.40773156955623],[-45.07088950984297,-23.40622718993285],[-45.07510827003057,-23.40692708012062],[-45.07500022997658,-23.40452164995412],[-45.07988309003252,-23.40287793027221],[-45.07525840015501,-23.40068068956214],[-45.07990250010027,-23.40096745008771],[-45.08788764979516,-23.39789645955392],[-45.09292822036105,-23.39843462016154],[-45.08718998992606,-23.39512372018351],[-45.0880931295942,-23.39043146963655],[-45.08005380024264,-23.39217103996145],[-45.07943124995217,-23.39358049974021],[-45.0768492999552,-23.39308859036612],[-45.0802443701815,-23.39009967016358],[-45.07881703008184,-23.38758741043063],[-45.08048725997901,-23.38555864961194],[-45.08070465039924,-23.38095260987501],[-45.07709339034767,-23.38364084984528],[-45.07505582966274,-23.38334284959279],[-45.07177650038517,-23.39034948024425],[-45.06898537977139,-23.39207695019104],[-45.06741517966674,-23.38922140034731],[-45.06502711001309,-23.38870390975757],[-45.0595863096604,-23.38275783970249],[-45.05813463030893,-23.38618551035296],[-45.06098217978371,-23.39225371014055],[-45.05986739006795,-23.39417184985092],[-45.0580129403449,-23.39438211044597],[-45.05596882989755,-23.39274698018892],[-45.04608558997796,-23.39291730998582],[-45.04565441002296,-23.39406644031391],[-45.04873797038101,-23.3962767904415],[-45.04661858038315,-23.39744449986375],[-45.03843905032187,-23.39486961044412],[-45.04007794963763,-23.3937057501202],[-45.03930360997356,-23.39294535984044],[-45.03144896989403,-23.39267525026253],[-45.02766390956174,-23.3895225401331],[-45.03149831029873,-23.38614888995926],[-45.03141655023359,-23.38384999977762],[-45.03458231042526,-23.38036258986159],[-45.0339943696444,-23.37716683008512],[-45.0362775603611,-23.37462532979509],[-45.03248764009248,-23.3699777701579],[-45.03084883970217,-23.37481799965093],[-45.02598830981259,-23.37844834961157],[-45.02662755961416,-23.3797598399446],[-45.02362427993654,-23.37905935980154],[-45.02012476964234,-23.38386088966826],[-45.01723128009945,-23.38509875969993],[-45.01124914992829,-23.38462327014776],[-45.00873632991767,-23.3873468795548],[-45.00521817038219,-23.38511858975107],[-45.00594447006119,-23.38943183001487],[-45.0028980696901,-23.39104701960423],[-44.99309165975228,-23.38972384977581],[-44.98910173026059,-23.39097830960128],[-44.99205010003203,-23.39487532023981],[-44.99124650991848,-23.39663941957349],[-44.98885848972748,-23.39734925986039],[-44.98353091042316,-23.39478433043246],[-44.9832273901319,-23.39582128022784],[-44.97958291002323,-23.39542159003429],[-44.97976943031489,-23.39809627991934],[-44.97831003028364,-23.39928572955273],[-44.97542296010147,-23.3936324598701],[-44.97929643008615,-23.3937224496313],[-44.97796865033291,-23.39225530014193],[-44.97947001003291,-23.39140641027757],[-44.97827424985672,-23.39059597992048],[-44.98237483013423,-23.3895649296777],[-44.98140232036076,-23.38785486970642],[-44.98016330998871,-23.38854573969411],[-44.98003728978904,-23.3870453395707],[-44.97888236962564,-23.38812282990466],[-44.97900794016425,-23.38615365007087],[-44.97548983998411,-23.38650181001049],[-44.97280518021483,-23.38355209035666],[-44.96666188973438,-23.38277857986753],[-44.96920296014844,-23.37971148969348],[-44.96884489957239,-23.37517683993917],[-44.96742728024475,-23.37415943960639],[-44.96854869976266,-23.37392210042452],[-44.96883235043259,-23.37025746021357],[-44.96609600033008,-23.3723543599657],[-44.96256989978099,-23.37100401981962],[-44.9619482002492,-23.37228113986265],[-44.95798794029116,-23.37016819980255],[-44.95288480029325,-23.37128142020134],[-44.95013618973331,-23.3687883600947],[-44.95181557023233,-23.36788015994136],[-44.94997123968091,-23.36510554008856],[-44.95383097971592,-23.36566407034053],[-44.95397135039747,-23.36433986988902],[-44.95572566960391,-23.36437289029658],[-44.95555036026087,-23.36193210957913],[-44.95130987964717,-23.35935733976936],[-44.94692424036134,-23.36055460001472],[-44.94504355021962,-23.35863894962779],[-44.94915447000272,-23.35424756996935],[-44.94963298037771,-23.35140501982573],[-44.95477931031689,-23.35057464970026],[-44.95581091004544,-23.34924437972433],[-44.95830541985919,-23.34991622005748],[-44.95876210009078,-23.34737714973562],[-44.96127660003503,-23.34556178005204],[-44.95349083993028,-23.33983635956031],[-44.94777432002883,-23.34022471020216],[-44.94470549955912,-23.33607020027949],[-44.93961668036548,-23.33238740995097],[-44.93881554000512,-23.33055513031496],[-44.94009248018375,-23.32998154990855],[-44.93733799974882,-23.32795523974249],[-44.92878814955344,-23.32644761986171],[-44.92741599005586,-23.32969256985615],[-44.92324784011566,-23.32993627983541],[-44.92441711975425,-23.32756838017656],[-44.9214292103897,-23.3252752195757],[-44.92399853030787,-23.32402811980182],[-44.92392608991707,-23.32240935001147],[-44.92211734014307,-23.32273998036578],[-44.92248606038333,-23.32112413966729],[-44.91428335029633,-23.31844608002251],[-44.91417051955381,-23.31594204998555],[-44.91664295011202,-23.31618275982646],[-44.91608173988033,-23.31429092978254],[-44.90751094987041,-23.31430507971561],[-44.90417291015166,-23.31689646989611],[-44.89988694992275,-23.31558579974484],[-44.89889545995749,-23.31652099035136],[-44.89454427010196,-23.31614867012496],[-44.89164301041654,-23.31408714970217],[-44.88802224003433,-23.30939552958],[-44.89198059972483,-23.30662154015192],[-44.89087421956953,-23.30454135969597],[-44.89685473995422,-23.30314346969533],[-44.89603838036692,-23.30155942992371],[-44.90009248008386,-23.30231362027729],[-44.9023007896497,-23.30093293970339],[-44.89952586043006,-23.3002067398491],[-44.90236428988004,-23.29967919034232],[-44.89638360042278,-23.29524912994333],[-44.88775329957508,-23.2965502798715],[-44.88224303019166,-23.29388328008923],[-44.88105613013624,-23.29686241027196],[-44.87687820996138,-23.29917616984432],[-44.87156769978947,-23.29635177971085],[-44.86970539988425,-23.29667814997657],[-44.86852768010829,-23.29497533044707],[-44.86431603985329,-23.2966401599154],[-44.86062860002983,-23.29630270010949],[-44.86291606972082,-23.30194498007671],[-44.86019267974831,-23.30543386038431],[-44.85987850968542,-23.30752203041732],[-44.86180673978919,-23.31076119956964],[-44.86092812013658,-23.31203769997984],[-44.86395922034171,-23.31286146008824],[-44.86476750041976,-23.31439778003346],[-44.87701128983912,-23.31397880028135],[-44.88488096028806,-23.32398257993208],[-44.8827906102984,-23.32630976008733],[-44.88024470962563,-23.32605129043463],[-44.87909550015718,-23.33132753014138],[-44.87549448967889,-23.33584484995981],[-44.87443083991127,-23.34243090006595],[-44.87060734974932,-23.34588473019608],[-44.8700097898199,-23.34823383042686],[-44.87230091975158,-23.35330118999786],[-44.8820985397158,-23.36039837968144],[-44.88601216982573,-23.36162624025872],[-44.88611568988716,-23.36583631029742],[-44.89063607009854,-23.37307677007681],[-44.88557291036147,-23.37030182017281],[-44.88564397029296,-23.36731374982963],[-44.88360807964909,-23.36475680997876],[-44.87928136034645,-23.36377254966339],[-44.87536266975138,-23.36492117996846],[-44.87105917993716,-23.35919437002411],[-44.86499777992356,-23.35848740037318],[-44.85204980965096,-23.36201211956364],[-44.84557469991245,-23.36452607991458],[-44.83824948982203,-23.37153460993426],[-44.83819675987252,-23.37306474973838],[-44.84084062999102,-23.37553528002911],[-44.83954737970777,-23.37931878003764],[-44.84297240005617,-23.38086598987348],[-44.84495626042303,-23.38394100037681],[-44.84403772975736,-23.38531219040522],[-44.84524469998286,-23.38751743957812],[-44.84132838000068,-23.3891268096545],[-44.83963868967373,-23.38719111967441],[-44.83696509965955,-23.38804197995336],[-44.83331387013897,-23.38574646043077],[-44.83090999040371,-23.38612326018028],[-44.83067736007206,-23.38821775964186],[-44.82812276025714,-23.38855823037801],[-44.82592715001789,-23.3867672700934],[-44.82666487018759,-23.38461461956899],[-44.81950412001908,-23.38209534962067],[-44.80658603961399,-23.3801603997826],[-44.80024213017015,-23.37624747024449],[-44.80058745005073,-23.37238631018005],[-44.79705602011921,-23.37050562003827],[-44.79124422963747,-23.36966242018451],[-44.78880642028003,-23.37241692040453],[-44.78722083996973,-23.37023511026206],[-44.78578590959199,-23.37054388978862],[-44.78324556043424,-23.37489881003199],[-44.78553707977238,-23.37802827988116],[-44.78465512993029,-23.37881473970845],[-44.76946778031379,-23.37289275979299],[-44.76551983027588,-23.37330421042094],[-44.76313234967813,-23.37107488999413],[-44.75957003972553,-23.37090145034159],[-44.75058856980661,-23.366746669723],[-44.74613494986801,-23.36815677971157],[-44.74209974041065,-23.36667509987592],[-44.73705257961279,-23.36834412018493],[-44.73523972982963,-23.37019914997074],[-44.72805851019206,-23.37080106981347],[-44.72568712026435,-23.37059458996833],[-44.72363745020812,-23.36839897972908],[-44.7262926796634,-23.36919415038966],[-44.7355431296117,-23.36581667000326],[-44.74256041992737,-23.35857979042493],[-44.75023677031066,-23.35902457982047],[-44.7509379600188,-23.35326185994683],[-44.75663722013155,-23.35143531978412],[-44.75982134987538,-23.34238464973174],[-44.76499493017184,-23.34209622006443],[-44.7695155100327,-23.3398157803739],[-44.77837297962924,-23.33838961029221],[-44.77624970006354,-23.33284844020329],[-44.77854398032042,-23.33142719031252],[-44.77886847999633,-23.32862741012684],[-44.78165230980619,-23.32625019978684],[-44.77928392001684,-23.32168791026879],[-44.78048952956811,-23.31597981971288],[-44.78300612043608,-23.31235835955061],[-44.78553536026863,-23.31113243971026],[-44.78813736964383,-23.30592390006791],[-44.78678388007199,-23.29913823014516],[-44.79370940986132,-23.29680972978514],[-44.80358398031638,-23.29122911992789],[-44.80724666989784,-23.28682009017496],[-44.80713718013669,-23.28272526016258],[-44.81229797027504,-23.28496810999025],[-44.81706964984443,-23.28942255011054],[-44.82658464976174,-23.29152452024039],[-44.82715181980058,-23.28698600969653],[-44.82400660012445,-23.28060334037184],[-44.82721964037404,-23.27914173969947],[-44.83086536964106,-23.27180089039871],[-44.83079128978613,-23.2692995304489],[-44.83539644998615,-23.26767847008529],[-44.84043112999262,-23.26325200967244],[-44.83682028992439,-23.25781577967444],[-44.83691931967081,-23.25597491960679],[-44.8431473901399,-23.25553502971781],[-44.84676819019978,-23.25157124981331],[-44.85052006015263,-23.25173565037994],[-44.85162217032683,-23.25053799982879],[-44.85000171970358,-23.25009661976316],[-44.85227693972894,-23.24888381023959],[-44.87520608968924,-23.24904822969199],[-44.87845095964406,-23.24229397039039],[-44.87781427021235,-23.23297846978051],[-44.886444869635,-23.23237610027678],[-44.88862363017637,-23.22371774957446],[-44.8941043298509,-23.2276678696764],[-44.90332205976523,-23.22987936014431],[-44.90943430025271,-23.23523257012698],[-44.92424837006621,-23.23790852985474],[-44.93827044022856,-23.24747681010666],[-44.94197880008153,-23.25459907019086],[-44.943357739568,-23.25243442990495],[-44.95069508960665,-23.2519997596811],[-44.95373111989522,-23.25845841002757],[-44.95578664004137,-23.25938891966285],[-44.95924868997503,-23.25890892001058],[-44.96403768958766,-23.25406331976637],[-44.96535335996953,-23.25504385958641],[-44.97091200028854,-23.25469519962371],[-44.9739135002078,-23.25810383972038],[-44.9769404500417,-23.25881577003173],[-44.97852129991799,-23.25503134012422],[-44.9806009102038,-23.2534897096823],[-44.98263009010651,-23.2474819200545],[-44.98625316005524,-23.24791295971528],[-44.9870115295584,-23.24642492976665],[-45.00001663016332,-23.25409621966475],[-45.00324423043685,-23.25369063981111],[-45.00569785976836,-23.25837174955655],[-45.00827089028934,-23.25929918980574],[-45.01143879986068,-23.26327903969587],[-45.0139038703673,-23.26364474990521],[-45.01737364008136,-23.26861949009736],[-45.01462445035804,-23.27917286973212],[-45.0100553403816,-23.28372429993647],[-45.01134638013127,-23.28725526042189],[-45.00795409960199,-23.28601837964447],[-45.00848231011048,-23.28764444023869],[-45.01364490968479,-23.29086750972778],[-45.01290734959446,-23.29486258963675],[-45.00866770984686,-23.30164564972694],[-45.00972655993274,-23.30550500035542],[-45.0139395896403,-23.30839222971758],[-45.01743303040996,-23.30882153998203],[-45.02059632016397,-23.30732723006759],[-45.02543787975429,-23.31102459031257],[-45.03398502029239,-23.31478571968518],[-45.04222976019526,-23.31266319015407],[-45.0447003696263,-23.31597593014504],[-45.04627037997403,-23.31496758958252],[-45.04636225021761,-23.31125141012444],[-45.04898551956603,-23.30966732988333],[-45.05796742026018,-23.31299864986778],[-45.0585156397849,-23.31591272039566],[-45.06492383996323,-23.32096316012172],[-45.06937698955636,-23.32012254042286],[-45.07120366012077,-23.3245380003284],[-45.07699885990939,-23.32583692983042],[-45.07784119011876,-23.32706547029517],[-45.07706378016928,-23.33250016964706],[-45.07359751960979,-23.33362773962841],[-45.07260382990279,-23.33668783037905],[-45.06768404997888,-23.34287060019801],[-45.0675050597107,-23.34720112003561],[-45.07032521044005,-23.34953050982512],[-45.07596693012965,-23.34762675027429],[-45.07818171031761,-23.34417679981942],[-45.07846605976079,-23.34624830991152],[-45.08202392976051,-23.35021131010382],[-45.09312725022238,-23.35210395043691],[-45.0935688002599,-23.35431876030248],[-45.09628324017933,-23.35603647979968],[-45.09848182987253,-23.36002746959201],[-45.10389855987057,-23.35724429988448],[-45.11786996043031,-23.35474537979542],[-45.127522529641,-23.36117903978084],[-45.1309363696177,-23.36104672972277],[-45.13382083985982,-23.36412443999086],[-45.13633609973118,-23.36367970005807],[-45.13618954980785,-23.36085494030323],[-45.14040998003651,-23.3606741100221],[-45.14041574019421,-23.36397933977469],[-45.14471958973724,-23.36617007029247],[-45.14335066959768,-23.37188002963961],[-45.14758927962151,-23.37644920976317],[-45.15054722987071,-23.38245912988486],[-45.15657109038347,-23.38301263022868],[-45.15923548033311,-23.38717855974267],[-45.16384170982701,-23.38852295986663],[-45.16440297042072,-23.39207447975338],[-45.17068871980854,-23.39091885991741],[-45.17497443002588,-23.39525964012023],[-45.16756426997506,-23.39797708017807],[-45.16923428043765,-23.4046359304038],[-45.16590921973466,-23.41045759004572],[-45.17280666999176,-23.41393588982942],[-45.17752251964851,-23.42130668025902],[-45.17743483035309,-23.42340552974139],[-45.17949299990198,-23.42490683008612],[-45.17618688971316,-23.42619617011712],[-45.17709083967048,-23.42936068025114],[-45.17434884991945,-23.43161473023559],[-45.17633016970154,-23.43590631032794],[-45.17618585009689,-23.43995011010946],[-45.18683770999229,-23.44402864980231],[-45.19215679969653,-23.44754878964488],[-45.1976422900596,-23.44866703995189],[-45.20218908965472,-23.45235451035234],[-45.20738129041416,-23.45255935972665],[-45.2134108697158,-23.45469548970505],[-45.21539233968468,-23.45295214042892],[-45.21840376991798,-23.45492576021564],[-45.22174927041243,-23.45528883990801],[-45.23024782957361,-23.46082523010023],[-45.23312048002612,-23.46085689972608],[-45.23454666989284,-23.46283350975864],[-45.24176542003806,-23.46445673029382],[-45.24433445037454,-23.46773191009953],[-45.25041346001314,-23.47077291004172],[-45.25359052018632,-23.47469524019311],[-45.26116499986483,-23.4770131402442],[-45.26806500959248,-23.48254714003843],[-45.27167397007764,-23.48231632004212],[-45.27436123967942,-23.48405472034904],[-45.27548807041808,-23.48592471035704],[-45.27214870959523,-23.48932582043022],[-45.27049279960301,-23.49755323039722],[-45.28040002983744,-23.50399840979873],[-45.27546769987441,-23.51065835000281],[-45.27302156009688,-23.51182488041388],[-45.27387304000877,-23.51475363956877],[-45.27890251024263,-23.52111084009317],[-45.27809909010091,-23.53408017016369],[-45.27990824007315,-23.54103644957246],[-45.27745834023017,-23.54083245005751],[-45.26872713005298,-23.54465030956408],[-45.26590951001583,-23.5438271798804],[-45.26150154955684,-23.54577095026912]]]}},{"type":"Feature","id":"uc-protecao-integral-131","properties":{"id":"uc-protecao-integral-131","nome":"Parque Estadual Serra do Mar - Nocleo Santa Virg nia","nome_origem":"Parque Estadual Serra do Mar - Nocleo Santa Virg nia","natureza":"camada fornecida para a demonstração","fonte_arquivo":"assets/layers/Areas_Protegidas_PI_DG_UCs_Protecao_Integral/Areas_Protegidas_PI_DG_UCs_Protecao_Integral.kml","tipo":"Unidade de Conservarao","categoria":"Parque Estadual","orgao_gestor":"Fundae o Para Conserva"},"geometry":{"type":"Polygon","coordinates":[[[-45.3499950898015,-23.54759359996461],[-45.34315691026313,-23.54729907019589],[-45.34240389982006,-23.53896649980408],[-45.34111703022671,-23.53705238006324],[-45.3368467200001,-23.53483079020873],[-45.33350750037079,-23.53085380016267],[-45.33039640996628,-23.52992125985821],[-45.32842314990842,-23.53132371032092],[-45.3239193397057,-23.52781159962558],[-45.32427114010102,-23.52453085031846],[-45.32225958960834,-23.5219799098449],[-45.31826872032514,-23.52003701989253],[-45.31929571012887,-23.51798734983629],[-45.31683451030437,-23.51357364001143],[-45.31714137967089,-23.50587412039431],[-45.31005108958607,-23.50513412044324],[-45.30311317972939,-23.50230925996431],[-45.30173086958393,-23.50451378967961],[-45.29793493015285,-23.50339427042917],[-45.29848284031078,-23.50070189987275],[-45.2969973500476,-23.4988796503755],[-45.30111134011622,-23.49259886974198],[-45.29693319960745,-23.48982594960785],[-45.29223034965088,-23.48869046019655],[-45.28908811032801,-23.48502169029871],[-45.28160904961788,-23.48521142027079],[-45.27839143002046,-23.48319337037771],[-45.26806500959248,-23.48254714003843],[-45.26116499986483,-23.4770131402442],[-45.25359052018632,-23.47469524019311],[-45.25041346001314,-23.47077291004172],[-45.24433445037454,-23.46773191009953],[-45.24137107001883,-23.46423469037859],[-45.23454666989284,-23.46283350975864],[-45.23277078044714,-23.46065289031861],[-45.23024782957361,-23.46082523010023],[-45.22174927041243,-23.45528883990801],[-45.21840376991798,-23.45492576021564],[-45.21550321979771,-23.4529842003605],[-45.2134108697158,-23.45469548970505],[-45.20738129041416,-23.45255935972665],[-45.20186969003413,-23.45223779004192],[-45.1976422900596,-23.44866703995189],[-45.19215679969653,-23.44754878964488],[-45.18683770999229,-23.44402864980231],[-45.17618585009689,-23.43995011010946],[-45.17633016970154,-23.43590631032794],[-45.17434884991945,-23.43161473023559],[-45.17709083967048,-23.42936068025114],[-45.17618688971316,-23.42619617011712],[-45.17949299990198,-23.42490683008612],[-45.17743483035309,-23.42340552974139],[-45.17752251964851,-23.42130668025902],[-45.17280666999176,-23.41393588982942],[-45.16590921973466,-23.41045759004572],[-45.16923428043765,-23.4046359304038],[-45.16756426997506,-23.39797708017807],[-45.17497443002588,-23.39525964012023],[-45.17068871980854,-23.39091885991741],[-45.16440297042072,-23.39207447975338],[-45.16384170982701,-23.38852295986663],[-45.15923548033311,-23.38717855974267],[-45.15657109038347,-23.38301263022868],[-45.15054722987071,-23.38245912988486],[-45.14758927962151,-23.37644920976317],[-45.14335066959768,-23.37188002963961],[-45.14471958973724,-23.36617007029247],[-45.14041574019421,-23.36397933977469],[-45.14040998003651,-23.3606741100221],[-45.13618954980785,-23.36085494030323],[-45.13633609973118,-23.36367970005807],[-45.13382083985982,-23.36412443999086],[-45.1309363696177,-23.36104672972277],[-45.127522529641,-23.36117903978084],[-45.11786996043031,-23.35474537979542],[-45.10389855987057,-23.35724429988448],[-45.09848182987253,-23.36002746959201],[-45.09628324017933,-23.35603647979968],[-45.0935688002599,-23.35431876030248],[-45.09312725022238,-23.35210395043691],[-45.08202392976051,-23.35021131010382],[-45.07846605976079,-23.34624830991152],[-45.07846542034281,-23.34425869028627],[-45.07613661960926,-23.34749209028769],[-45.07235373024042,-23.34941530037577],[-45.06776154006297,-23.34778843039169],[-45.06768404997888,-23.34287060019801],[-45.06904998976518,-23.34050963970805],[-45.07260382990279,-23.33668783037905],[-45.07359751960979,-23.33362773962841],[-45.07602017988734,-23.33350997970177],[-45.07726612043507,-23.3320734503294],[-45.07764400027037,-23.32625714974762],[-45.07120366012077,-23.3245380003284],[-45.06937698955636,-23.32012254042286],[-45.07430266003968,-23.31046834973449],[-45.07412322011049,-23.3039923397746],[-45.10944792997793,-23.26706601018816],[-45.10536454024128,-23.2607575897909],[-45.10296450960442,-23.25909169012937],[-45.10459139038034,-23.25831169013236],[-45.10605888970593,-23.25358515023447],[-45.10276979019363,-23.25037810036901],[-45.10045391001989,-23.24577460031753],[-45.10139535990788,-23.24069006999071],[-45.10566177966734,-23.23546019033546],[-45.11594586001337,-23.23554347025492],[-45.11881807969058,-23.23880210972953],[-45.12192370041839,-23.23887595036479],[-45.12419625035665,-23.23794746959999],[-45.12443372983273,-23.2326240496601],[-45.13709782010829,-23.23724487964745],[-45.13714726033777,-23.25226996009053],[-45.14116779016132,-23.25762938978448],[-45.14363690042256,-23.25496247993448],[-45.14658995026593,-23.25570990019168],[-45.14733003025663,-23.25755047967084],[-45.14372592970784,-23.261840799813],[-45.14208620031786,-23.26623789016645],[-45.14496921995351,-23.27107806030421],[-45.15011351023026,-23.2757261100719],[-45.15093996021096,-23.27942862972742],[-45.15495363000599,-23.28369777982863],[-45.15423857994648,-23.28759171028918],[-45.15568100977072,-23.29043898007484],[-45.15558395043894,-23.29537682018406],[-45.14510987032423,-23.30602199991534],[-45.13731559004242,-23.30337888972394],[-45.13739526008317,-23.32754554998712],[-45.13935201038692,-23.32909299004939],[-45.14155799970189,-23.32831846962165],[-45.14381720010368,-23.33009459019314],[-45.14792955970137,-23.33805592044433],[-45.15379571959676,-23.336780310363],[-45.15702556997405,-23.34422279024955],[-45.15896453978166,-23.34589920028782],[-45.15803582968977,-23.34986599022324],[-45.15943510014972,-23.3520678102812],[-45.16599162011715,-23.35310429962368],[-45.16786901963951,-23.35603623968069],[-45.17382316021065,-23.35711806025023],[-45.17214910010085,-23.35944988990047],[-45.17255969007761,-23.36205644984523],[-45.17605403016933,-23.36670262992237],[-45.17499267996817,-23.3704980702297],[-45.17870529001709,-23.37383796974649],[-45.17780886019068,-23.37671312031421],[-45.17996020040289,-23.38250345027399],[-45.18341425986017,-23.38231891028943],[-45.1864342399482,-23.37816562973995],[-45.18933605001865,-23.37789424042683],[-45.19128662018136,-23.37310372995313],[-45.19586363969518,-23.36999148032254],[-45.19772037009898,-23.36461389961175],[-45.20367362034125,-23.36139706961904],[-45.20411920024088,-23.35804479992754],[-45.20849156013736,-23.35485834004032],[-45.2103829800904,-23.35628084988127],[-45.20854009025294,-23.3582612703413],[-45.21374435002167,-23.36186815968779],[-45.21285792964972,-23.36740421982881],[-45.21748837968494,-23.37097755007386],[-45.21774383031345,-23.37238513026949],[-45.21547756034107,-23.37226856014587],[-45.2152144304016,-23.37373957042479],[-45.22060776004002,-23.37545350017882],[-45.22337346041684,-23.37141956955742],[-45.22846853979121,-23.37564172018921],[-45.23029619960988,-23.37559913998825],[-45.2307984098187,-23.37322144041707],[-45.23821173008724,-23.37531367988237],[-45.23823477971126,-23.37784450971628],[-45.23525385987767,-23.37871544016537],[-45.23558570971267,-23.38480269029191],[-45.23751936992295,-23.38526718023616],[-45.23848492973565,-23.3830597600998],[-45.24278274033117,-23.38641621973272],[-45.24561289961559,-23.38613666007876],[-45.24676987023327,-23.44111038033975],[-45.25032302958408,-23.4407953900951],[-45.24976524037351,-23.44293456967461],[-45.25125030975397,-23.44837510023063],[-45.25279809965252,-23.44979811998718],[-45.25118768006735,-23.45239259034571],[-45.24708542974872,-23.45406479965072],[-45.24720653965005,-23.45903445957259],[-45.2657161998427,-23.47276263039106],[-45.28165865981924,-23.47485214041393],[-45.282068560016,-23.47689038997947],[-45.30003006993172,-23.48474105955222],[-45.30142814968929,-23.48585618021849],[-45.30062667028454,-23.48763599970158],[-45.31198112013254,-23.49700355037351],[-45.3175372702288,-23.50049424011706],[-45.32273996967382,-23.50061660996852],[-45.32484741037962,-23.50218396012161],[-45.32628229039534,-23.501309300184],[-45.32484792029527,-23.50549897989396],[-45.32552330035998,-23.50818933956634],[-45.33201373004954,-23.50593098003066],[-45.33309377985404,-23.50783004961704],[-45.33709383031595,-23.50691368991482],[-45.33718209967412,-23.51008397999163],[-45.34291789024837,-23.50910010998206],[-45.34443017041599,-23.51518168988304],[-45.34293976985447,-23.51630454022234],[-45.34931817009743,-23.51753757010272],[-45.35252193024286,-23.52030747031347],[-45.35039510015372,-23.52711015001336],[-45.35097658020499,-23.5285149998673],[-45.35411947963024,-23.52885164039083],[-45.35421150995319,-23.53487112030592],[-45.35651978995628,-23.5397978699757],[-45.35464747969741,-23.54077526036991],[-45.3499950898015,-23.54759359996461]]]}},{"type":"Feature","id":"uc-protecao-integral-132","properties":{"id":"uc-protecao-integral-132","nome":"Parque Estadual Serra do Mar - Nocleo SFo Sebastido","nome_origem":"Parque Estadual Serra do Mar - Nocleo SFo Sebastido","natureza":"camada fornecida para a demonstração","fonte_arquivo":"assets/layers/Areas_Protegidas_PI_DG_UCs_Protecao_Integral/Areas_Protegidas_PI_DG_UCs_Protecao_Integral.kml","tipo":"Unidade de Conservarao","categoria":"Parque Estadual","orgao_gestor":"Fundae o Para Conserva"},"geometry":{"type":"Polygon","coordinates":[[[-45.50546023989813,-23.84029650028322],[-45.49341171038208,-23.83612561010875],[-45.4936827804359,-23.83406718964903],[-45.49104943957991,-23.82757598024722],[-45.47970584005242,-23.82776344033044],[-45.47439796039754,-23.82236772029404],[-45.47452793041958,-23.82057983029489],[-45.46951396989374,-23.81814652024565],[-45.47035279994174,-23.81580188964546],[-45.46869607966033,-23.81320652985744],[-45.46579322008103,-23.81242318977831],[-45.46301092991047,-23.81407093032914],[-45.46085721009212,-23.81219504976167],[-45.45948119969756,-23.81341942007015],[-45.45720801034139,-23.81244978003326],[-45.45321164979777,-23.80801044042943],[-45.44649743011229,-23.80360778956776],[-45.44563717011926,-23.80408989003632],[-45.44506132971657,-23.80010644016005],[-45.44291211010574,-23.80150727004445],[-45.43713228962343,-23.80097367979147],[-45.43662813957695,-23.80521127987663],[-45.43235182008038,-23.80637042955163],[-45.4326933996806,-23.80872601029711],[-45.43628960957778,-23.81260249031266],[-45.44416440975965,-23.81758303023264],[-45.44521125029894,-23.82111345022548],[-45.44269940965,-23.82100146034907],[-45.44084090038717,-23.81752572003592],[-45.43592809020913,-23.8148841800608],[-45.43209714017087,-23.81454992993525],[-45.42868513031448,-23.82040427004097],[-45.42295890043289,-23.81665720966242],[-45.42512550034155,-23.81238257009949],[-45.41949888026909,-23.8052732602527],[-45.42818406044597,-23.80443196965962],[-45.42833837961251,-23.80149782986092],[-45.42742126987565,-23.80022410026197],[-45.42264819006186,-23.79922382032299],[-45.41893915032148,-23.79573299028522],[-45.40966806992543,-23.79050192982015],[-45.41046143025079,-23.78870690010331],[-45.41539243011653,-23.79043786031895],[-45.41325713021234,-23.78380208040164],[-45.42050224038604,-23.7854715701568],[-45.42289575993135,-23.78472166956936],[-45.42243160003829,-23.78141347025542],[-45.42025594035931,-23.78030030021864],[-45.41959450967886,-23.77513014993644],[-45.41677976027768,-23.77330870982905],[-45.42098609003597,-23.77295498038796],[-45.41860759006818,-23.77035920960981],[-45.42125289010875,-23.77077472966999],[-45.42533678976099,-23.76418614977098],[-45.42247982978029,-23.760183600093],[-45.42467829986361,-23.75874683959495],[-45.42202600039957,-23.75517545997945],[-45.41811075960385,-23.75277896997346],[-45.41776325976656,-23.74997263013273],[-45.41487730024716,-23.74779366004935],[-45.41481234041714,-23.74494047991919],[-45.409184179806,-23.7415529702933],[-45.40532424012156,-23.7374768596693],[-45.40932433015365,-23.73522085006215],[-45.40784669007263,-23.73080517971522],[-45.41004583015092,-23.72843195966715],[-45.41269661965322,-23.72899846960365],[-45.41451872975551,-23.73246657017603],[-45.42190945995355,-23.73544715995843],[-45.42436994032045,-23.73838951956066],[-45.42678065040667,-23.73716710977425],[-45.42947186983088,-23.73083335007902],[-45.43011056025409,-23.73501178016949],[-45.43419849966097,-23.73721239963248],[-45.43521447996426,-23.73233112957791],[-45.43768739975366,-23.7321705996934],[-45.43862671015449,-23.73022776999557],[-45.44121140038578,-23.73151476009804],[-45.44126594966383,-23.733437609558],[-45.44402470007981,-23.73249756980698],[-45.44607105973159,-23.73529353956513],[-45.44779395033049,-23.73298709957493],[-45.44916244958733,-23.7332188701547],[-45.44814336032778,-23.73589451961635],[-45.45060899021269,-23.73759357997966],[-45.45219138962091,-23.73638854959182],[-45.45169805032469,-23.73843402970664],[-45.45335047994064,-23.73931887986237],[-45.45588566968786,-23.73784999018483],[-45.45753760018005,-23.74280027960918],[-45.46038494011287,-23.73968649033924],[-45.46333722013657,-23.73900459018967],[-45.46386484968303,-23.73542182965366],[-45.46769267997314,-23.73441222014782],[-45.46617151989966,-23.7307225598982],[-45.46921858037314,-23.73173128986707],[-45.4669679001484,-23.72402985019738],[-45.47178724018892,-23.72956653986387],[-45.47199503034631,-23.72678302032011],[-45.47345890000821,-23.72571724005854],[-45.47736422038241,-23.72722719997523],[-45.47536069993629,-23.72124217038981],[-45.47190752990855,-23.71909941960251],[-45.48036122009421,-23.72019793968315],[-45.48017467012488,-23.71694051968916],[-45.47118577000725,-23.71207981982775],[-45.47357816000402,-23.71228658026143],[-45.47481045963497,-23.71016740969816],[-45.47665447992028,-23.71038122980985],[-45.47952088997704,-23.70823891969036],[-45.47683420043796,-23.70396043012971],[-45.47414059960892,-23.70260571028524],[-45.47740674032877,-23.70306175019959],[-45.48359923991296,-23.70119268019801],[-45.48527890010109,-23.7050027200994],[-45.48819939988238,-23.70507392032511],[-45.49234880974973,-23.71006111972486],[-45.48871914956908,-23.71109418984491],[-45.48902608998202,-23.71501328963154],[-45.49141716966659,-23.71694406032009],[-45.48997301044602,-23.72164277969051],[-45.48834375006396,-23.72197268968785],[-45.48951921973617,-23.72438915993172],[-45.48845105986845,-23.72787362007148],[-45.49119313955168,-23.73256087038783],[-45.48866439974222,-23.73641396982879],[-45.49126699997203,-23.74257754002139],[-45.49290240002568,-23.74328680024558],[-45.49271078957122,-23.74477864961494],[-45.49408827035734,-23.74577503998609],[-45.49447699961382,-23.74347957981871],[-45.49258669032344,-23.7399566700642],[-45.49256487007267,-23.73571874982042],[-45.49823524036401,-23.73242995967485],[-45.49720180961577,-23.72924847034056],[-45.49856267992368,-23.72823517001706],[-45.50143645003209,-23.73083261982947],[-45.50600295017597,-23.7319413696984],[-45.50975220040368,-23.73581388010643],[-45.5110565797973,-23.7349171795841],[-45.51578255042432,-23.73762072961296],[-45.51791998981565,-23.74036229038734],[-45.51776516972677,-23.74257350026676],[-45.52532405965758,-23.74612472967249],[-45.52990831961324,-23.75475305021303],[-45.53375931014398,-23.75584681018211],[-45.53985110994074,-23.75236441038919],[-45.53931212015817,-23.74981716972655],[-45.54442242955145,-23.7486554201115],[-45.54092231041625,-23.7471771603976],[-45.54014287969011,-23.74275747008113],[-45.53333364033517,-23.7398836496107],[-45.53285370993075,-23.73806462957896],[-45.53714141034777,-23.73767579959843],[-45.54663310973018,-23.74125312013535],[-45.55065281037884,-23.74430976018726],[-45.55601536971352,-23.7434990996037],[-45.564599660346,-23.74433811041541],[-45.56625032998869,-23.74202919998754],[-45.56441308969227,-23.73646770971698],[-45.56813289971353,-23.735229520426],[-45.56869133014072,-23.73107346007208],[-45.57437839994316,-23.72936742996291],[-45.57250969956294,-23.72680357972138],[-45.57295749988867,-23.72563098967839],[-45.57639504959184,-23.72560883038318],[-45.5846845298671,-23.72989944010703],[-45.58842419961707,-23.72844706018361],[-45.58845831000298,-23.72548567002758],[-45.59096488961791,-23.72605898963064],[-45.59396691024466,-23.72370531005197],[-45.60262216008459,-23.72774590015314],[-45.60648818997794,-23.7242348704429],[-45.60929337958578,-23.72451421965548],[-45.61124493000949,-23.72179918978071],[-45.61457851988274,-23.72181592976131],[-45.61537465011997,-23.7194994803167],[-45.61758938983843,-23.71887391999536],[-45.62409550010722,-23.71970818958124],[-45.62654914023062,-23.71882204979772],[-45.63643784982685,-23.72203532027379],[-45.63900926966204,-23.72114564975192],[-45.64488182013986,-23.72571851979382],[-45.64788967017211,-23.72611819020227],[-45.65628029989585,-23.72385421979635],[-45.6601745604076,-23.72442363004643],[-45.66429250029859,-23.72141971005152],[-45.66993837035949,-23.72288120010728],[-45.67170445000033,-23.72560561980345],[-45.67571917020348,-23.72226539023552],[-45.6856235702715,-23.72045166001607],[-45.69046762997709,-23.72303944031785],[-45.69077444988091,-23.7198768097669],[-45.69497983984769,-23.72212823013365],[-45.69507841004054,-23.72051479961829],[-45.69112635010094,-23.7169082700006],[-45.69118924958417,-23.71391847026115],[-45.68122540972485,-23.70979126015851],[-45.67823461983181,-23.71082335991008],[-45.66706822002232,-23.70256335041825],[-45.66418074964184,-23.70253377981004],[-45.66379505020137,-23.69925248011782],[-45.66663221970111,-23.69733540970134],[-45.67011097004519,-23.69219276968056],[-45.67616902008416,-23.69716662044311],[-45.68446271997851,-23.69934511028856],[-45.68792684015153,-23.69684044982688],[-45.69214308043877,-23.69638266972436],[-45.69637377013333,-23.69828251992232],[-45.70045117038518,-23.69646332991869],[-45.70636839018903,-23.6986972800554],[-45.71043622974815,-23.6988109300803],[-45.71311349978816,-23.69738809018816],[-45.71572281975227,-23.69141832029919],[-45.72145772989029,-23.68943729009879],[-45.73135042977844,-23.69254246026628],[-45.735704250151,-23.69571410022547],[-45.73971491980768,-23.69631105041458],[-45.74224337992803,-23.69446310009192],[-45.74369448011612,-23.68636065991649],[-45.74651665971601,-23.68485402029677],[-45.74979941990728,-23.68649166955487],[-45.75389455029324,-23.69245997984416],[-45.75916635993951,-23.69067473025456],[-45.76323802971126,-23.69172597027728],[-45.76501407024313,-23.69633922977158],[-45.77004869988752,-23.69921308981219],[-45.77179948026173,-23.69756603004822],[-45.77029865026248,-23.69448135992678],[-45.76412057040795,-23.68979692988438],[-45.76627526958799,-23.68520239967097],[-45.76625028012626,-23.6814939202082],[-45.7713734696099,-23.678849679569],[-45.77804231040426,-23.68306080001588],[-45.78446956002216,-23.68158116973513],[-45.7864366498315,-23.67836657995366],[-45.79141146017071,-23.68310348993407],[-45.79611998035278,-23.68298135030903],[-45.79957768026571,-23.69301266000622],[-45.79800877968137,-23.69436652999133],[-45.79661333044078,-23.70038745961352],[-45.79707967029049,-23.70546359027242],[-45.79481744007273,-23.71541757985739],[-45.79927074974529,-23.7203975999692],[-45.80735763974326,-23.72480604965943],[-45.81210355013866,-23.72932170033613],[-45.80754631031391,-23.73316063995151],[-45.80578430999788,-23.73253217032334],[-45.8038246099178,-23.72893859993638],[-45.79854191038083,-23.72867423972434],[-45.7867270499134,-23.72081288980297],[-45.7888678500712,-23.72464139998056],[-45.78769422041188,-23.72818252999974],[-45.78216259033121,-23.72746094007027],[-45.78189120011876,-23.73081049021192],[-45.77886447961203,-23.72832298971417],[-45.78037447010564,-23.72356361017245],[-45.77835761001563,-23.72292707992074],[-45.77761015018825,-23.72558807043305],[-45.77222353039156,-23.72247641975093],[-45.76897504965876,-23.72694089001004],[-45.76668336034874,-23.72342796003227],[-45.76246369004724,-23.72422919032482],[-45.7604506898474,-23.71680207985207],[-45.75670029028612,-23.72341659979622],[-45.75604215022503,-23.71663401005145],[-45.75558407964149,-23.71868562983792],[-45.75359914998074,-23.71827984044222],[-45.75220183015028,-23.72146231993008],[-45.74900415032124,-23.71914494957974],[-45.74616106957768,-23.71963829966774],[-45.7446481796697,-23.71770639043751],[-45.74163716042659,-23.71972598986252],[-45.73780077038919,-23.7173444996489],[-45.73689513959897,-23.71975858039411],[-45.73251394026607,-23.71905410995919],[-45.72970467043416,-23.71770263037206],[-45.7280881300631,-23.71366295038479],[-45.72717860970505,-23.71717170031366],[-45.72197625020374,-23.71464900035102],[-45.71658208959172,-23.71612464033984],[-45.71630595995202,-23.71406117018682],[-45.7134800301792,-23.71374726002796],[-45.71422026035668,-23.71709567972181],[-45.71710369997572,-23.72002140006754],[-45.7195355396334,-23.72036145981349],[-45.71968813030293,-23.72224574994135],[-45.72332844025527,-23.72236967022405],[-45.72590659960986,-23.72751132998383],[-45.72910146006427,-23.72848259959227],[-45.72842864036943,-23.73310750980369],[-45.73096902010417,-23.73685197024218],[-45.7297801199565,-23.7379513797523],[-45.73337614009677,-23.73972542019192],[-45.7304064896677,-23.74189544022232],[-45.73987707027055,-23.74941206021833],[-45.74550785960002,-23.75173785991427],[-45.74612786031247,-23.7534337996301],[-45.74901221993798,-23.75368176969789],[-45.75059623003193,-23.75525822009075],[-45.75167883031372,-23.75444819982454],[-45.7546318199025,-23.75672342974246],[-45.75684685010202,-23.7611825598272],[-45.75440787971985,-23.76128390982456],[-45.75346984995355,-23.76369009991811],[-45.74863884031021,-23.76165798013164],[-45.74576978984391,-23.76412766955627],[-45.74198912000185,-23.76385956007061],[-45.74076698990461,-23.75928617022055],[-45.7382256002312,-23.7605384401968],[-45.73434018994777,-23.75942162970438],[-45.73277900015069,-23.75575298031572],[-45.73154094036204,-23.75861749999757],[-45.72813715030918,-23.75832739039669],[-45.72861075038577,-23.75614571964923],[-45.72729792995545,-23.75369789004554],[-45.72932885004633,-23.74659813009958],[-45.72879959002904,-23.74317745977191],[-45.72694365012933,-23.74768057030201],[-45.72495475985426,-23.74928317028201],[-45.72100383036246,-23.74634363994699],[-45.71969887989934,-23.74760427991356],[-45.72294858011281,-23.75309598998791],[-45.72108695020256,-23.75609249956915],[-45.71612183005834,-23.75684267984576],[-45.71710120975297,-23.75935989034662],[-45.71151914029605,-23.75495635994798],[-45.70778314967259,-23.75527158041905],[-45.70826181023432,-23.75795282006652],[-45.70603095016816,-23.76043331034896],[-45.70244180984162,-23.75925020992918],[-45.70627895980613,-23.76256646986667],[-45.71511292022507,-23.76633465981666],[-45.72003361026287,-23.77063996985868],[-45.7114150797421,-23.76830717973252],[-45.70423001010681,-23.76969131010583],[-45.70368617028049,-23.76783949989294],[-45.70204942034445,-23.76805558989349],[-45.70226170981005,-23.76646858955371],[-45.69749887956959,-23.76531419009774],[-45.69534178009906,-23.76252938002682],[-45.69095344014909,-23.76349562961957],[-45.68810979013466,-23.76802799959245],[-45.69205951993087,-23.75980376962821],[-45.69543969018952,-23.75860809039102],[-45.69032746973687,-23.75570640982289],[-45.69080080990943,-23.75261259989151],[-45.69550504032532,-23.7535480000401],[-45.69748578004464,-23.75088632964037],[-45.69681001956673,-23.7498389504072],[-45.69313935030073,-23.75027331036495],[-45.69345013981206,-23.74407349029929],[-45.69449122019364,-23.74296870014535],[-45.69226344030551,-23.73916531972367],[-45.68873436030242,-23.74068763992261],[-45.68869303015919,-23.74215825989575],[-45.6863923602192,-23.74219740018981],[-45.68900147963456,-23.74427854022241],[-45.68645296013597,-23.74514793013282],[-45.68672628029356,-23.7465629603123],[-45.68478601995884,-23.74817568036332],[-45.68294926979291,-23.74782161997172],[-45.68262662002246,-23.74936030963056],[-45.67651893999704,-23.74984509997137],[-45.67211786025103,-23.74770200024705],[-45.67061962029919,-23.74407937995937],[-45.66973813990319,-23.74612085988974],[-45.66712556978916,-23.74504558998194],[-45.66523931014598,-23.74613036032781],[-45.65978985022139,-23.75143302031756],[-45.65579020985024,-23.75044476971033],[-45.65766949974756,-23.74774971018093],[-45.65675585959519,-23.74577011979517],[-45.65368756972555,-23.7437996602261],[-45.65226242037437,-23.7407536996235],[-45.65047638028068,-23.7406952895559],[-45.64933891955548,-23.74143078030625],[-45.64950817016586,-23.74390488989872],[-45.64660995018903,-23.74256491983516],[-45.64519049984165,-23.74402774988073],[-45.64652262961562,-23.74793132017425],[-45.64402899034559,-23.74726791997847],[-45.64273180013242,-23.74346625006734],[-45.63486756968257,-23.74753524975193],[-45.64028001980705,-23.75515596987208],[-45.63871507983703,-23.75680901012765],[-45.63426169012484,-23.75392350026925],[-45.63458890035741,-23.75138230035282],[-45.63015422014109,-23.74437429014131],[-45.62796395996872,-23.74515003994236],[-45.62772407030957,-23.7415715403942],[-45.62909054968907,-23.73864406007527],[-45.62667146961257,-23.73525685981616],[-45.62287437005608,-23.73833504042972],[-45.62230929993422,-23.74041833973456],[-45.61763058958002,-23.73782768969608],[-45.61897037977917,-23.74042542009704],[-45.6181941704246,-23.74393936001343],[-45.62162643031547,-23.74683306989022],[-45.62163603957151,-23.75026623989498],[-45.62376625021221,-23.75358236043752],[-45.62090576039247,-23.7541899999685],[-45.61600892037535,-23.75101129043867],[-45.61631023013297,-23.75373421006572],[-45.61159875028204,-23.75429034991964],[-45.61184173990432,-23.75631080010328],[-45.61545786978485,-23.76091099964287],[-45.61918661007394,-23.76021867994808],[-45.62208103041519,-23.76300342976441],[-45.62527269018244,-23.76389014961069],[-45.62198234960573,-23.76557168038869],[-45.62163003030162,-23.76763605975628],[-45.62867236044104,-23.7670069102407],[-45.62907402014986,-23.76890203989717],[-45.63235510040749,-23.77159920024286],[-45.63124936956274,-23.77512356959704],[-45.63645047001313,-23.7744112597718],[-45.63892837024804,-23.77617403980003],[-45.63970778028977,-23.77941336003852],[-45.63882720011514,-23.78275025042365],[-45.64202570012594,-23.78475248034266],[-45.63640470980948,-23.78347513007316],[-45.63639901979889,-23.78230729024921],[-45.63146398017852,-23.77996296991506],[-45.63003240966793,-23.78050236978851],[-45.62048541007357,-23.77067095959706],[-45.61433453021436,-23.7724676701468],[-45.61247130041016,-23.77047533996495],[-45.60869098040439,-23.7709102799854],[-45.60899283964778,-23.76407440990607],[-45.60694614005229,-23.7624720203674],[-45.60407369014865,-23.76416327011879],[-45.60474732013267,-23.76849881986459],[-45.60380296993105,-23.76929463983572],[-45.59540376966817,-23.7642502201715],[-45.57902930955493,-23.76038705012223],[-45.58463110024502,-23.76529394995578],[-45.59451009986117,-23.77037572026325],[-45.59820235015832,-23.77513951008029],[-45.60010903970038,-23.77465520986999],[-45.60126619018251,-23.77701083018565],[-45.60251105963766,-23.77624365002441],[-45.60276260001393,-23.77736988990847],[-45.60700459958258,-23.77908926955411],[-45.60727106960411,-23.78046382034898],[-45.60923910999691,-23.78028807033814],[-45.60989039992199,-23.78272509998334],[-45.61187001009284,-23.783130040419],[-45.61073302960557,-23.78451466002349],[-45.61160862034149,-23.78558060036437],[-45.61524901033351,-23.78514974956124],[-45.61535632013801,-23.79019470971804],[-45.61923202044136,-23.79033185003482],[-45.61975285021384,-23.79149582007597],[-45.62321441990952,-23.79223425970326],[-45.62186974998895,-23.79658234959572],[-45.62353198041654,-23.7993340700113],[-45.62162797984735,-23.80105876015364],[-45.62272440990353,-23.80480648962777],[-45.62033368005524,-23.80343753981055],[-45.61763646035433,-23.80393066956469],[-45.61676817031474,-23.80028334040378],[-45.61396595026832,-23.79910589042447],[-45.60938161027303,-23.79843131974957],[-45.60647823987881,-23.80019682022703],[-45.59977414026434,-23.79728754038763],[-45.59660574955564,-23.79842889967392],[-45.59239547986743,-23.795366869985],[-45.58998699020736,-23.79631732028804],[-45.58796530975121,-23.79397233985156],[-45.58987092999939,-23.79181990966106],[-45.5892213703699,-23.78956147008574],[-45.59175751969372,-23.7840999196755],[-45.5873220597652,-23.78278730968657],[-45.58556936023774,-23.78547563958904],[-45.58341663956622,-23.78542146982494],[-45.57861245040419,-23.7839519398301],[-45.57921713026633,-23.78130954999568],[-45.56898769002981,-23.77988075029634],[-45.56924010994305,-23.77834434041893],[-45.56720096015613,-23.77819918984068],[-45.56745557981111,-23.77580652015473],[-45.56254572030872,-23.77360524958254],[-45.5610094902957,-23.77315938010128],[-45.56043638023471,-23.77495774990018],[-45.55711417038259,-23.7726439399658],[-45.55099919955336,-23.77227300019877],[-45.55059191998106,-23.77387764973372],[-45.55562632029842,-23.78093642037948],[-45.55535150007165,-23.78605872043357],[-45.55344151991017,-23.78700491964128],[-45.54951625976753,-23.78575443032264],[-45.5472646604357,-23.78746050989457],[-45.55025344034397,-23.79045308044527],[-45.54954089039973,-23.79350852979479],[-45.55139809024962,-23.79631097017511],[-45.55442155970718,-23.79691810968296],[-45.55654042000435,-23.80107056015817],[-45.54130976982998,-23.79435956993814],[-45.5348456803838,-23.79667628018615],[-45.54323758984287,-23.80023277961902],[-45.54624026967264,-23.80392092001438],[-45.54886825956248,-23.80491416006038],[-45.55010601987686,-23.80357136972287],[-45.55349665015024,-23.80556054957964],[-45.55485985959479,-23.80986045019955],[-45.55341690996238,-23.81058637036466],[-45.54508646017194,-23.80909573957666],[-45.5434734397474,-23.80501451990415],[-45.53909000020332,-23.80614542007504],[-45.53804020988775,-23.81145746988631],[-45.53997161999422,-23.81198127011947],[-45.53729444977898,-23.81469680990983],[-45.53352858997243,-23.81417111030845],[-45.53451516963935,-23.81325397988724],[-45.52936934961576,-23.81251932011048],[-45.52907312012837,-23.81150826989068],[-45.52743131959966,-23.8119077001802],[-45.52416723023345,-23.8151252802075],[-45.5272566901441,-23.8177693301904],[-45.52627659998507,-23.81942711976569],[-45.52916131034613,-23.81908078005392],[-45.53196999022282,-23.82333787024646],[-45.53483190007211,-23.82422920991007],[-45.54006786993619,-23.82894024009994],[-45.53845738020391,-23.82889980028551],[-45.53693715992193,-23.83096723015348],[-45.53384882955982,-23.82920582968524],[-45.52199533961317,-23.82957513988077],[-45.51976289044501,-23.82831830044915],[-45.51954736971533,-23.82604464974077],[-45.51509680027709,-23.8283040902615],[-45.51569588995329,-23.83033253991476],[-45.50753581042926,-23.82862453039769],[-45.50517609010444,-23.83056970013149],[-45.49804773981128,-23.83263509033708],[-45.50348352014828,-23.83900865042881],[-45.50950071038943,-23.83873055037458],[-45.50546023989813,-23.84029650028322]]]}},{"type":"Feature","id":"uc-protecao-integral-133","properties":{"id":"uc-protecao-integral-133","nome":"Parque Estadual Turrstico do Alto Ribeira (PETAR)","nome_origem":"Parque Estadual Turrstico do Alto Ribeira (PETAR)","natureza":"camada fornecida para a demonstração","fonte_arquivo":"assets/layers/Areas_Protegidas_PI_DG_UCs_Protecao_Integral/Areas_Protegidas_PI_DG_UCs_Protecao_Integral.kml","tipo":"Unidade de Conservarso","categoria":"Parque Estadual","orgao_gestor":"Fundae o Para Conserva"},"geometry":{"type":"Polygon","coordinates":[[[-48.68969496964706,-24.64241291012763],[-48.67215181985057,-24.62711617956796],[-48.66074402042017,-24.6199581102785],[-48.65537528004512,-24.61364401965574],[-48.64828651970709,-24.6119895899476],[-48.639510439655,-24.5947150100896],[-48.64286772036894,-24.58986116036419],[-48.65524662033522,-24.58342267012006],[-48.65815608003902,-24.58473344009616],[-48.66374642955407,-24.58476968996916],[-48.67003803982362,-24.59028344962144],[-48.68302870001446,-24.59731762021198],[-48.69514804034975,-24.5960863997675],[-48.69290699006552,-24.59149629961451],[-48.6828319499345,-24.58395105959369],[-48.67166666978096,-24.57144360963485],[-48.67583388982212,-24.56859605026744],[-48.68280039991851,-24.56974649000847],[-48.69205019965693,-24.56374294967736],[-48.69053954996019,-24.55683351955122],[-48.68702865964491,-24.55382989003738],[-48.68268162016062,-24.55337396973289],[-48.68323575002978,-24.55183582955982],[-48.68716377019177,-24.5511622400453],[-48.68783416981103,-24.54919316003628],[-48.68071310042922,-24.54485196974258],[-48.67376812999515,-24.54826499043691],[-48.67124027961518,-24.54646150979079],[-48.67052998966727,-24.54908478003853],[-48.66527642007071,-24.55198551991577],[-48.66754495003937,-24.55428550007571],[-48.67210426010348,-24.55410306990069],[-48.67341869032026,-24.55748224011325],[-48.67006743956063,-24.55729619016699],[-48.66830621985611,-24.56345880977619],[-48.66375986992199,-24.56810318041738],[-48.6616836204027,-24.56018695026751],[-48.65727296017894,-24.55573282041331],[-48.65264135991077,-24.55324706999625],[-48.64803870971866,-24.55385796956961],[-48.64618991043596,-24.55152303006372],[-48.64140317981287,-24.55194190999111],[-48.63621705037656,-24.54882006009763],[-48.6326074495741,-24.54179851958594],[-48.63408028008081,-24.53995460002471],[-48.63216247042163,-24.53880222044609],[-48.63345287974659,-24.53700382996271],[-48.63149343957053,-24.53647548995184],[-48.63070922984701,-24.5339153197362],[-48.62776134031355,-24.53234625997186],[-48.62677273987003,-24.52990724012699],[-48.6241457302412,-24.52935649980259],[-48.62141970975176,-24.51753807981851],[-48.61768800979377,-24.51416171009481],[-48.61145006027203,-24.51477512956853],[-48.59982350974713,-24.5038255599016],[-48.59727462962041,-24.50546047971733],[-48.59644006955352,-24.50842117020079],[-48.59251408006071,-24.51024350963024],[-48.59007983021996,-24.51665522975503],[-48.58744461967342,-24.51799537968299],[-48.58308197964959,-24.51735206044918],[-48.58526932961581,-24.52236939972795],[-48.58520457033461,-24.52682879960935],[-48.58400889019811,-24.52701898014175],[-48.58365782005234,-24.52876588983389],[-48.58033410023847,-24.5304556098385],[-48.55825717033213,-24.53028370982531],[-48.55709331000821,-24.52682958022092],[-48.55389701963173,-24.52421658023093],[-48.55405829955083,-24.52144289027711],[-48.54682741035668,-24.5132504297635],[-48.54604826021898,-24.5087509102263],[-48.54311111038942,-24.50664524028559],[-48.54139804038721,-24.50095684038581],[-48.53674718023814,-24.49829215995516],[-48.53824755967707,-24.49102557037372],[-48.53221701989952,-24.48644016018523],[-48.53169087963033,-24.48437689957422],[-48.53695244959584,-24.47870429986352],[-48.53788655022407,-24.47573056021713],[-48.53546562024212,-24.47337476003707],[-48.53323862995876,-24.46779123008116],[-48.52887440982613,-24.46357338989998],[-48.52804797963051,-24.45896157022025],[-48.52393651036164,-24.45279647028082],[-48.52481118019176,-24.44981057989429],[-48.51902105977405,-24.44214919962582],[-48.5171904996418,-24.4329467698775],[-48.51347415021183,-24.42888908995951],[-48.51246298038222,-24.42395660980964],[-48.50970355007871,-24.42141630022201],[-48.50964010021039,-24.41666240024955],[-48.50715398017201,-24.41459431027914],[-48.51184212981042,-24.41516718022115],[-48.51431568002459,-24.41897671020695],[-48.51613788005909,-24.419143549735],[-48.52037214995471,-24.41746922972112],[-48.52102175994622,-24.41620898006033],[-48.51913574042203,-24.41481059992918],[-48.52092442991847,-24.41417830008845],[-48.52292885957917,-24.41087594007251],[-48.52086853975129,-24.40649516971627],[-48.5178282700586,-24.40712048991861],[-48.51932262044255,-24.40525309985065],[-48.51739768995139,-24.40388746043789],[-48.5175762701287,-24.40201383986675],[-48.51063280965639,-24.40178968024952],[-48.51129160981992,-24.4001108096661],[-48.50742573011331,-24.39625711037729],[-48.50835680991878,-24.39416393022117],[-48.50709346029493,-24.39405466978712],[-48.50591880001258,-24.39615376028775],[-48.50446474015558,-24.39576785040595],[-48.50503402000396,-24.39052130001795],[-48.50291211999831,-24.3885664598742],[-48.50284698030384,-24.38671682961797],[-48.50116726975364,-24.38648512019211],[-48.49741516957437,-24.38929707989627],[-48.49319769991388,-24.38716664982098],[-48.49502467984507,-24.3854268600615],[-48.49307684991663,-24.38415173021815],[-48.49319389038567,-24.38111728003838],[-48.4898661200254,-24.37681808988287],[-48.49203228016557,-24.37705977009227],[-48.49237958035332,-24.37274381027856],[-48.49066252995175,-24.36967268034988],[-48.49306044987981,-24.36904896004143],[-48.49690011974468,-24.36206121964955],[-48.5031749001015,-24.35904168022932],[-48.50548077981409,-24.3550097398076],[-48.50163327955215,-24.34977712981066],[-48.49933368969801,-24.34939886956215],[-48.49685470038406,-24.34699281976276],[-48.49540476032138,-24.34227957004606],[-48.49865694985829,-24.33791445958462],[-48.50104767970663,-24.3383029100512],[-48.50073449979726,-24.33517912032011],[-48.50279815970725,-24.33308453002701],[-48.50278487042539,-24.33089515029093],[-48.49975529996709,-24.3277219401154],[-48.49843474986375,-24.32417903033792],[-48.49955184004534,-24.31923029044549],[-48.50271502008206,-24.31802971979567],[-48.49371381993677,-24.30895579957047],[-48.49606785025105,-24.30553858983399],[-48.49508246038721,-24.30381412002555],[-48.49810688042817,-24.29968609963373],[-48.48674786022553,-24.29190049960835],[-48.48375550011622,-24.2916790298633],[-48.48211582018888,-24.29322275032962],[-48.48375124002769,-24.29643709009957],[-48.48256670968584,-24.29866702026675],[-48.4749448995874,-24.30012413961731],[-48.4680479799303,-24.29859259956879],[-48.46705860966705,-24.29976160041747],[-48.4604913401032,-24.30091129012391],[-48.45494824996172,-24.29988456022426],[-48.45620377008788,-24.2955407897756],[-48.45939022008253,-24.29345575028259],[-48.46546140022338,-24.28522703989591],[-48.47097521023773,-24.28823980022656],[-48.47217480961973,-24.28485059987526],[-48.47629236010431,-24.2890115201655],[-48.48363013012636,-24.2840506502173],[-48.48805624969611,-24.28381070030355],[-48.49442668014711,-24.27953369012766],[-48.49753960966524,-24.27971858984102],[-48.49928330967697,-24.28364844012339],[-48.50376906958684,-24.28861535981099],[-48.50072360990663,-24.29266589011871],[-48.5056041497117,-24.30002401000002],[-48.50305324970765,-24.3025455300521],[-48.50590219043369,-24.30412141027483],[-48.50859433975694,-24.30309059025848],[-48.51091867985315,-24.30566238960756],[-48.51469361022191,-24.30547061008053],[-48.51555993973938,-24.30948252979488],[-48.5190172799235,-24.30785206971717],[-48.52205030018115,-24.30853887027263],[-48.52343621031281,-24.31289232012443],[-48.52319696996415,-24.3194243704383],[-48.53036668997072,-24.31679272030777],[-48.53121790008601,-24.31983399993908],[-48.53364477009001,-24.32050712000756],[-48.53919825999168,-24.31735049962583],[-48.54028398002163,-24.31509255018102],[-48.5393873604383,-24.31311748968034],[-48.54437911040759,-24.31046423963289],[-48.54636119011678,-24.30732440959378],[-48.54898002041159,-24.30610030998128],[-48.54762843020785,-24.30273508015978],[-48.55341108984987,-24.29440128039471],[-48.55220025973415,-24.2893955396724],[-48.5577568298138,-24.28644487033444],[-48.56065384020252,-24.28717653986536],[-48.56215996990665,-24.29272223983946],[-48.56821695964493,-24.29838962977755],[-48.57816675029522,-24.30359721973588],[-48.58085871975408,-24.30732479989956],[-48.59033499036747,-24.31440797005172],[-48.59195445983039,-24.32091750044225],[-48.60052816993903,-24.32945624041309],[-48.60010170962613,-24.33216921983359],[-48.60163979044393,-24.33304476020749],[-48.6057458098212,-24.33158412001109],[-48.60825113038533,-24.33818784988932],[-48.60535279979183,-24.33818091971364],[-48.60208068037906,-24.34013042957559],[-48.5993473304149,-24.33884421019212],[-48.59401208978608,-24.34251291983531],[-48.58825304993826,-24.34138968998218],[-48.5811820197344,-24.33636378016428],[-48.57578192989212,-24.33921636044664],[-48.56882268002261,-24.34079146995032],[-48.57031798009069,-24.34524793984053],[-48.56879766987652,-24.34860846980501],[-48.57076621029233,-24.35009858977804],[-48.56838012993899,-24.35312903977331],[-48.57322284965477,-24.35401480993551],[-48.57254083978791,-24.35873177025496],[-48.57730093968655,-24.3563117297025],[-48.57771615038001,-24.35874487967243],[-48.57994912025566,-24.36108655959703],[-48.57829231993458,-24.36266016993085],[-48.57965337999946,-24.36768818955824],[-48.58684979997827,-24.37216696982978],[-48.58589312007138,-24.37558460044892],[-48.59110968976034,-24.37719739964024],[-48.59370743005383,-24.38156550034751],[-48.59818346019847,-24.38382438958388],[-48.5981752296031,-24.3878057404425],[-48.60184535028264,-24.39126572013686],[-48.60091741001042,-24.39559558976464],[-48.60506983980122,-24.3997232504276],[-48.60201938978298,-24.40227104956926],[-48.60233764007,-24.40394100966984],[-48.60674946041922,-24.40767120955866],[-48.60846508989192,-24.4129874699957],[-48.61465095967401,-24.41355199962504],[-48.61526438993963,-24.4172168601699],[-48.61730060973531,-24.41965743044602],[-48.61486261961414,-24.42531054004934],[-48.61098769992236,-24.42654098977482],[-48.6065204201812,-24.42482433957156],[-48.60413290001327,-24.42668508005238],[-48.60379177996663,-24.42998216014854],[-48.61238229031039,-24.4316405100015],[-48.61325901958804,-24.43329402959574],[-48.61590200027706,-24.43255466996203],[-48.61755793994695,-24.43389067041807],[-48.62127313015077,-24.43303587020921],[-48.62505974990751,-24.42985742957666],[-48.62759609978013,-24.43155924995938],[-48.63214323032577,-24.43153531989907],[-48.63397139016746,-24.43323275968407],[-48.63683171990789,-24.43323723021393],[-48.63228753014533,-24.43844168963221],[-48.63300986021682,-24.44289173026908],[-48.641010659914,-24.44547595015496],[-48.64839972007098,-24.4432260397499],[-48.65392534987495,-24.44449834032611],[-48.65542284968473,-24.4496738595609],[-48.6545133104409,-24.45564591013061],[-48.65609673957283,-24.4596568702683],[-48.66238713036171,-24.46560548000883],[-48.67306775956939,-24.47237078028724],[-48.67557297041623,-24.47654624980953],[-48.68757561022619,-24.48352538009215],[-48.69263416003844,-24.47999426042674],[-48.69509568991413,-24.48010577006517],[-48.71401619998761,-24.49833230029537],[-48.71936907991903,-24.49483745028806],[-48.72079895970421,-24.49869920030778],[-48.72690051984307,-24.5009572801543],[-48.72983093015324,-24.50466337011841],[-48.72979291041446,-24.50956517978915],[-48.72510224986888,-24.51278084965645],[-48.72542381955361,-24.51371472005826],[-48.72764293986972,-24.51711486965547],[-48.732589540275,-24.52076389044117],[-48.73774375007395,-24.52182619032635],[-48.73818084037345,-24.52418975974956],[-48.73241473994824,-24.52386945001507],[-48.72959237958463,-24.52034385038831],[-48.72528528978427,-24.51946518037374],[-48.72684553978979,-24.52322731968502],[-48.72628716961714,-24.52493419965356],[-48.72348446033953,-24.52655841034232],[-48.72492595037227,-24.52840247019782],[-48.72209791978315,-24.53214802960781],[-48.71628146002132,-24.53256873965557],[-48.71143009961935,-24.53467731980243],[-48.71110535982444,-24.54977982018249],[-48.7188019998124,-24.55899680995475],[-48.70597226970443,-24.56905891963339],[-48.703997620194,-24.57166445974696],[-48.70547257040278,-24.57419594968331],[-48.70045093955918,-24.57479488017952],[-48.69860032004868,-24.57747217000463],[-48.71247249031313,-24.59971679019765],[-48.70910055964305,-24.6031361897833],[-48.70706407005076,-24.60345208024927],[-48.71378938017574,-24.60949740038467],[-48.71975774982025,-24.61152010966526],[-48.72884949011183,-24.62202858974757],[-48.73129732960803,-24.62350628019061],[-48.7347291398379,-24.62303144984151],[-48.73849729021771,-24.62614775001862],[-48.73301330981633,-24.62999637982904],[-48.73269755964463,-24.63452221982453],[-48.73051768034662,-24.63805706987785],[-48.72581421975042,-24.63613799037591],[-48.72360012034926,-24.63316900994181],[-48.71897287010182,-24.63236752963775],[-48.71731792957877,-24.6286579098346],[-48.71311834023919,-24.62980739989155],[-48.70996332964393,-24.62660118999287],[-48.70276768038411,-24.62582140043725],[-48.70066310042171,-24.63054152007504],[-48.69484447958899,-24.63689808028215],[-48.69519114035882,-24.64064551028201],[-48.68969496964706,-24.64241291012763]]]}},{"type":"Feature","id":"uc-protecao-integral-134","properties":{"id":"uc-protecao-integral-134","nome":"Parque Estadual Vassununga","nome_origem":"Parque Estadual Vassununga","natureza":"camada fornecida para a demonstração","fonte_arquivo":"assets/layers/Areas_Protegidas_PI_DG_UCs_Protecao_Integral/Areas_Protegidas_PI_DG_UCs_Protecao_Integral.kml","tipo":"Unidade de Conservasuo","categoria":"Parque Estadual","orgao_gestor":"Fundae o Para Conserva"},"geometry":{"type":"Polygon","coordinates":[[[-47.61281333017104,-21.73476832959471],[-47.6106700002203,-21.73247082976496],[-47.61296360958289,-21.72983305974788],[-47.61651166977771,-21.73225916982477],[-47.61281333017104,-21.73476832959471]]]}},{"type":"Feature","id":"uc-protecao-integral-135","properties":{"id":"uc-protecao-integral-135","nome":"Parque Estadual Vassununga","nome_origem":"Parque Estadual Vassununga","natureza":"camada fornecida para a demonstração","fonte_arquivo":"assets/layers/Areas_Protegidas_PI_DG_UCs_Protecao_Integral/Areas_Protegidas_PI_DG_UCs_Protecao_Integral.kml","tipo":"Unidade de Conservasuo","categoria":"Parque Estadual","orgao_gestor":"Fundae o Para Conserva"},"geometry":{"type":"Polygon","coordinates":[[[-47.58452221982452,-21.73075889021055],[-47.58337943960942,-21.73045139041926],[-47.58387277980489,-21.7287036101834],[-47.58204500037641,-21.72802055980094],[-47.58231721976387,-21.72592306020101],[-47.58024638955919,-21.72559443983147],[-47.58054805994499,-21.72302750041877],[-47.57907721963795,-21.72361167034228],[-47.58047917007758,-21.72224000007589],[-47.57876944015749,-21.72192833012826],[-47.58033889022755,-21.71877944031888],[-47.57929083020758,-21.71758000011687],[-47.58003778011943,-21.71024806039964],[-47.58485582963277,-21.70520722003715],[-47.58751917007362,-21.7082461101698],[-47.58924138977829,-21.70813443955268],[-47.58980778010493,-21.71630055982291],[-47.58452221982452,-21.73075889021055]]]}},{"type":"Feature","id":"uc-protecao-integral-136","properties":{"id":"uc-protecao-integral-136","nome":"Parque Estadual Vassununga","nome_origem":"Parque Estadual Vassununga","natureza":"camada fornecida para a demonstração","fonte_arquivo":"assets/layers/Areas_Protegidas_PI_DG_UCs_Protecao_Integral/Areas_Protegidas_PI_DG_UCs_Protecao_Integral.kml","tipo":"Unidade de Conservasuo","categoria":"Parque Estadual","orgao_gestor":"Fundae o Para Conserva"},"geometry":{"type":"Polygon","coordinates":[[[-47.62062221993943,-21.69556333018352],[-47.61688499994273,-21.69408500032245],[-47.6104325000598,-21.69487499988128],[-47.60827027984948,-21.69145638990045],[-47.61561889029952,-21.69089722023051],[-47.61415416987899,-21.68399777977368],[-47.61693083029354,-21.68748610969618],[-47.63116083000824,-21.68550056040249],[-47.63120527989969,-21.6907747199773],[-47.62062221993943,-21.69556333018352]]]}},{"type":"Feature","id":"uc-protecao-integral-137","properties":{"id":"uc-protecao-integral-137","nome":"Parque Estadual Vassununga","nome_origem":"Parque Estadual Vassununga","natureza":"camada fornecida para a demonstração","fonte_arquivo":"assets/layers/Areas_Protegidas_PI_DG_UCs_Protecao_Integral/Areas_Protegidas_PI_DG_UCs_Protecao_Integral.kml","tipo":"Unidade de Conservasuo","categoria":"Parque Estadual","orgao_gestor":"Fundae o Para Conserva"},"geometry":{"type":"Polygon","coordinates":[[[-47.59602083009719,-21.73241472016315],[-47.58704639017873,-21.72652443955121],[-47.59086806011283,-21.7158574998237],[-47.59726306004217,-21.71496943998761],[-47.59783667012618,-21.7215588904304],[-47.60407443978352,-21.72291943968037],[-47.61438806016082,-21.71884249988142],[-47.61437027966463,-21.71662193975067],[-47.61802388969073,-21.71536582966928],[-47.61658194010442,-21.71788221998844],[-47.61933861038852,-21.71858722012405],[-47.61967306016356,-21.72306027980801],[-47.61827694002869,-21.72335610999642],[-47.61853749970578,-21.72469556025186],[-47.6172883296926,-21.72547777977564],[-47.61508167038272,-21.72332055979598],[-47.61197917030245,-21.72668389024926],[-47.60758028040556,-21.72725056026508],[-47.59602083009719,-21.73241472016315]]]}},{"type":"Feature","id":"uc-protecao-integral-138","properties":{"id":"uc-protecao-integral-138","nome":"Parque Estadual Vassununga","nome_origem":"Parque Estadual Vassununga","natureza":"camada fornecida para a demonstração","fonte_arquivo":"assets/layers/Areas_Protegidas_PI_DG_UCs_Protecao_Integral/Areas_Protegidas_PI_DG_UCs_Protecao_Integral.kml","tipo":"Unidade de Conservasuo","categoria":"Parque Estadual","orgao_gestor":"Fundae o Para Conserva"},"geometry":{"type":"Polygon","coordinates":[[[-47.65957583006048,-21.73882083031702],[-47.65402471976495,-21.7385388901576],[-47.64753111007263,-21.73617138979773],[-47.64560749978625,-21.73029082995777],[-47.64564472002775,-21.72548555981069],[-47.64716889013215,-21.7247180603901],[-47.65039306039137,-21.72601722011859],[-47.64957667022713,-21.7297544401153],[-47.66070055998284,-21.73383221988098],[-47.65957583006048,-21.73882083031702]]]}},{"type":"Feature","id":"uc-protecao-integral-139","properties":{"id":"uc-protecao-integral-139","nome":"Parque Estadual Vassununga","nome_origem":"Parque Estadual Vassununga","natureza":"camada fornecida para a demonstração","fonte_arquivo":"assets/layers/Areas_Protegidas_PI_DG_UCs_Protecao_Integral/Areas_Protegidas_PI_DG_UCs_Protecao_Integral.kml","tipo":"Unidade de Conservasuo","categoria":"Parque Estadual","orgao_gestor":"Fundae o Para Conserva"},"geometry":{"type":"Polygon","coordinates":[[[-47.63552832996839,-21.64685499955851],[-47.6119422198575,-21.64281750042727],[-47.61664972020839,-21.61421639017425],[-47.61850360965383,-21.60940306030295],[-47.63339944043179,-21.61036360999259],[-47.65390971985767,-21.63975417031867],[-47.65375361014094,-21.6415308295841],[-47.63552832996839,-21.64685499955851]]]}},{"type":"Feature","id":"uc-protecao-integral-140","properties":{"id":"uc-protecao-integral-140","nome":"Parque Estadual Xixova Japu","nome_origem":"Parque Estadual Xixova Japu","natureza":"camada fornecida para a demonstração","fonte_arquivo":"assets/layers/Areas_Protegidas_PI_DG_UCs_Protecao_Integral/Areas_Protegidas_PI_DG_UCs_Protecao_Integral.kml","tipo":"Unidade de Conservaovo","categoria":"Parque Estadual","orgao_gestor":"Fundae o Para Conserva"},"geometry":{"type":"Polygon","coordinates":[[[-46.39841706979189,-24.03567897040813],[-46.39040865013902,-24.02769046983929],[-46.3875224199237,-24.02807291013664],[-46.38548180963778,-24.02660607001405],[-46.38508650993447,-24.02406554009258],[-46.38805829985063,-24.02305966996772],[-46.38870837029503,-24.01945666029661],[-46.38436344961349,-24.02107662978261],[-46.38114373009904,-24.01830065015486],[-46.38251194966671,-24.0148030500207],[-46.3894032800373,-24.01009474028001],[-46.38634774974884,-24.00525666016671],[-46.38911833973953,-23.99899022012249],[-46.37579151026995,-23.99482814959936],[-46.37260068957011,-23.98856677004034],[-46.37851805956075,-23.97982676988948],[-46.37994494999941,-23.98171757020964],[-46.37899438008651,-23.9847765700826],[-46.37477678991689,-23.98546973963676],[-46.37631675031776,-23.9900580600314],[-46.37902504966627,-23.99341543967074],[-46.3878655202775,-23.99476213036797],[-46.39208676978853,-23.99856376970217],[-46.3918036802956,-24.00173921019638],[-46.38945366995085,-24.00432693024356],[-46.39224872959517,-24.00722695965641],[-46.3912848704004,-24.01327978013768],[-46.38853931034083,-24.01331696980225],[-46.38392053980101,-24.01791607037029],[-46.38480744041101,-24.01856155966817],[-46.39019213026256,-24.01671853043581],[-46.3917500096552,-24.02114135039295],[-46.39055731976447,-24.02339364040415],[-46.39930851017954,-24.03330568021295],[-46.40135092990147,-24.03171630026702],[-46.39909916959095,-24.02781013992598],[-46.39918204031886,-24.01931957034185],[-46.40150284967672,-24.01833300956071],[-46.4019540998018,-24.01916593016352],[-46.40160380037503,-24.02748541991616],[-46.40408452987708,-24.03245328029459],[-46.40169753041664,-24.03527347958737],[-46.39841706979189,-24.03567897040813]]]}},{"type":"Feature","id":"uc-protecao-integral-141","properties":{"id":"uc-protecao-integral-141","nome":"Parque Estadual Xixova Japu","nome_origem":"Parque Estadual Xixova Japu","natureza":"camada fornecida para a demonstração","fonte_arquivo":"assets/layers/Areas_Protegidas_PI_DG_UCs_Protecao_Integral/Areas_Protegidas_PI_DG_UCs_Protecao_Integral.kml","tipo":"Unidade de Conservaovo","categoria":"Parque Estadual","orgao_gestor":"Fundae o Para Conserva"},"geometry":{"type":"Polygon","coordinates":[[[-46.39930852007211,-24.03330567032037],[-46.39055731976447,-24.02339361971974],[-46.39175002044703,-24.02114132970854],[-46.39019214015508,-24.0167185097514],[-46.38480745030353,-24.01856153988314],[-46.38392054969358,-24.01791605957845],[-46.38853932023341,-24.01331695001721],[-46.3912848704004,-24.01327977024516],[-46.392248740387,-24.00722693987132],[-46.38945367984343,-24.00432692035105],[-46.3918036802956,-24.00173919041129],[-46.39209754996193,-23.99866162043736],[-46.38786553017002,-23.99476210968356],[-46.37902504966627,-23.99341542977822],[-46.3753873099763,-23.98856616030002],[-46.37477679980941,-23.98546971985166],[-46.37833259956977,-23.98558740963119],[-46.37991272009589,-23.98261628970994],[-46.37909336037023,-23.98002961017835],[-46.38038611962367,-23.98029886000432],[-46.38189956980926,-23.97847298983658],[-46.3831693999478,-23.97969993040743],[-46.38700754006589,-23.97940813008108],[-46.3885287397095,-23.97714991983287],[-46.38998936012081,-23.98141766968968],[-46.39440992008173,-23.98418899982244],[-46.3914386104035,-23.98605864988673],[-46.39022531974268,-23.98929453021833],[-46.39531255972679,-23.99508104975058],[-46.39682870967715,-23.99497451965829],[-46.39700702995043,-23.99246643997418],[-46.39823616037046,-23.99169366962713],[-46.39985761014054,-23.99411093037509],[-46.39895509010529,-23.99681667025311],[-46.40221837997422,-24.00002543962228],[-46.40499447021858,-24.00057280029444],[-46.41016106997733,-23.99807038993652],[-46.4116409098001,-23.99953023962883],[-46.40738646990962,-24.0015907797906],[-46.40041919988613,-24.00239250021366],[-46.39510942985623,-24.00723461018907],[-46.39201876035747,-24.01376254970188],[-46.39521545992551,-24.01779158980997],[-46.39824338012784,-24.01836819013982],[-46.4002154395908,-24.01717301991891],[-46.40150285956929,-24.01833298977562],[-46.39918205021138,-24.01931954965744],[-46.39909918038285,-24.0278101300334],[-46.40135093979399,-24.03171627958261],[-46.39930852007211,-24.03330567032037]]]}},{"type":"Feature","id":"uc-protecao-integral-142","properties":{"id":"uc-protecao-integral-142","nome":"Parque Estadual Xixova Japu","nome_origem":"Parque Estadual Xixova Japu","natureza":"camada fornecida para a demonstração","fonte_arquivo":"assets/layers/Areas_Protegidas_PI_DG_UCs_Protecao_Integral/Areas_Protegidas_PI_DG_UCs_Protecao_Integral.kml","tipo":"Unidade de Conservaovo","categoria":"Parque Estadual","orgao_gestor":"Fundae o Para Conserva"},"geometry":{"type":"Polygon","coordinates":[[[-46.3965055203135,-24.03416577023404],[-46.39643199983686,-24.03400996988415],[-46.39637215984726,-24.03388114020242],[-46.3965055203135,-24.03416577023404]]]}},{"type":"Feature","id":"uc-protecao-integral-143","properties":{"id":"uc-protecao-integral-143","nome":"Refúgio de Vida Silvestre Aimorrs","nome_origem":"Refdgio de Vida Silvestre Aimorrs","natureza":"camada fornecida para a demonstração","fonte_arquivo":"assets/layers/Areas_Protegidas_PI_DG_UCs_Protecao_Integral/Areas_Protegidas_PI_DG_UCs_Protecao_Integral.kml","tipo":"Unidade de Conservaveo","categoria":"Refdgio de Vida Silvestre","orgao_gestor":"Fundaioo Para Conservatro e a Produibo Florestal do Estado de S"},"geometry":{"type":"Polygon","coordinates":[[[-49.00818930029595,-22.35186273987352],[-49.00765524959007,-22.34977875978188],[-49.00205776035733,-22.34604466043271],[-48.99700460018209,-22.33982752032375],[-48.99964412027987,-22.33483791973418],[-49.01085407965201,-22.32852969988568],[-49.01596296991511,-22.33431438030436],[-49.01568368005775,-22.33792642006819],[-49.0134616099653,-22.33886684023247],[-49.01535495986349,-22.34663129989451],[-49.00818930029595,-22.35186273987352]]]}},{"type":"Feature","id":"uc-protecao-integral-144","properties":{"id":"uc-protecao-integral-144","nome":"Refúgio de Vida Silvestre Aimorrs","nome_origem":"Refdgio de Vida Silvestre Aimorrs","natureza":"camada fornecida para a demonstração","fonte_arquivo":"assets/layers/Areas_Protegidas_PI_DG_UCs_Protecao_Integral/Areas_Protegidas_PI_DG_UCs_Protecao_Integral.kml","tipo":"Unidade de Conservaveo","categoria":"Refdgio de Vida Silvestre","orgao_gestor":"Fundaioo Para Conservatro e a Produibo Florestal do Estado de S"},"geometry":{"type":"Polygon","coordinates":[[[-49.01151628015219,-22.36050744965905],[-49.00836323997152,-22.35788348963132],[-49.00818930029595,-22.35186272998095],[-49.02184886992939,-22.34185379002037],[-49.02988761022499,-22.35007353956217],[-49.01470696955096,-22.36125613975901],[-49.01151628015219,-22.36050744965905]]]}},{"type":"Feature","id":"uc-protecao-integral-145","properties":{"id":"uc-protecao-integral-145","nome":"Refúgio de Vida Silvestre Aimorrs","nome_origem":"Refdgio de Vida Silvestre Aimorrs","natureza":"camada fornecida para a demonstração","fonte_arquivo":"assets/layers/Areas_Protegidas_PI_DG_UCs_Protecao_Integral/Areas_Protegidas_PI_DG_UCs_Protecao_Integral.kml","tipo":"Unidade de Conservaveo","categoria":"Refdgio de Vida Silvestre","orgao_gestor":"Fundaioo Para Conservatro e a Produibo Florestal do Estado de S"},"geometry":{"type":"Polygon","coordinates":[[[-48.94172730027464,-22.31144717025069],[-48.94042954978386,-22.30927942010908],[-48.93910570996053,-22.31039034993466],[-48.93258643001968,-22.30792834971351],[-48.92643516974726,-22.30230688995096],[-48.92694413026737,-22.30122392004785],[-48.92503559981304,-22.30052072035494],[-48.92630077955727,-22.2980278203276],[-48.92577960984107,-22.28608128022688],[-48.92939516955141,-22.28264816957733],[-48.93434502010655,-22.28053230042531],[-48.94171582042873,-22.2876884496622],[-48.94351286013034,-22.29751656024104],[-48.95368494970063,-22.29803086992865],[-48.94747354007177,-22.31162094984694],[-48.94497105956668,-22.31230747970636],[-48.9423027800492,-22.31041178977222],[-48.94172730027464,-22.31144717025069]]]}},{"type":"Feature","id":"uc-protecao-integral-146","properties":{"id":"uc-protecao-integral-146","nome":"Refúgio de Vida Silvestre Aimorrs","nome_origem":"Refdgio de Vida Silvestre Aimorrs","natureza":"camada fornecida para a demonstração","fonte_arquivo":"assets/layers/Areas_Protegidas_PI_DG_UCs_Protecao_Integral/Areas_Protegidas_PI_DG_UCs_Protecao_Integral.kml","tipo":"Unidade de Conservaveo","categoria":"Refdgio de Vida Silvestre","orgao_gestor":"Fundaioo Para Conservatro e a Produibo Florestal do Estado de S"},"geometry":{"type":"Polygon","coordinates":[[[-48.9959914599379,-22.29927946977165],[-48.99944778029078,-22.2938459296459],[-48.99742967014311,-22.29276976041609],[-48.99718654022661,-22.29109427038424],[-48.99242471003231,-22.28798670981877],[-48.98843073988667,-22.28792769001086],[-48.98748334997657,-22.28452320028543],[-48.98136411006561,-22.2815800897493],[-48.98604043991435,-22.2770030198734],[-48.98821690988245,-22.27201256043128],[-48.9895983899537,-22.27306183003935],[-48.98631533028822,-22.28003602034602],[-48.98682349041172,-22.28112227007665],[-48.98936767967461,-22.28129716033561],[-48.99066005042096,-22.28355907039474],[-48.99386103975513,-22.28448748011306],[-49.00249380024866,-22.27679537001029],[-49.004106409683,-22.27387161018663],[-49.01162300000141,-22.27459462014554],[-49.01973586961464,-22.27090176010807],[-49.02078255007456,-22.27273267996918],[-49.01834589005074,-22.27481062021388],[-49.01900217031385,-22.27779090962275],[-49.02359741009235,-22.28181315984938],[-49.01683953012019,-22.28966919028085],[-49.00724211992787,-22.28878047034237],[-49.00587840956092,-22.29532228999165],[-49.00697471011472,-22.29638979964949],[-48.9959914599379,-22.29927946977165]]]}},{"type":"Feature","id":"uc-protecao-integral-147","properties":{"id":"uc-protecao-integral-147","nome":"Refúgio de Vida Silvestre Aimorrs","nome_origem":"Refdgio de Vida Silvestre Aimorrs","natureza":"camada fornecida para a demonstração","fonte_arquivo":"assets/layers/Areas_Protegidas_PI_DG_UCs_Protecao_Integral/Areas_Protegidas_PI_DG_UCs_Protecao_Integral.kml","tipo":"Unidade de Conservaveo","categoria":"Refdgio de Vida Silvestre","orgao_gestor":"Fundaioo Para Conservatro e a Produibo Florestal do Estado de S"},"geometry":{"type":"Polygon","coordinates":[[[-49.02192343991476,-22.29011832969712],[-49.02487270001507,-22.286062520369],[-49.02791444999184,-22.28811608988559],[-49.02615720978736,-22.29050255964535],[-49.02192343991476,-22.29011832969712]]]}},{"type":"Feature","id":"uc-protecao-integral-148","properties":{"id":"uc-protecao-integral-148","nome":"Refúgio de Vida Silvestre Ilhas do Abrigo e Guararitama","nome_origem":"Refdgio de Vida Silvestre Ilhas do Abrigo e Guararitama","natureza":"camada fornecida para a demonstração","fonte_arquivo":"assets/layers/Areas_Protegidas_PI_DG_UCs_Protecao_Integral/Areas_Protegidas_PI_DG_UCs_Protecao_Integral.kml","tipo":"Unidade de Conservaveo","categoria":"Refdgio de Vida Silvestre","orgao_gestor":"Fundaioo Para Conservatro e a ProduAbo Florestal do Estado de S"},"geometry":{"type":"Polygon","coordinates":[[[-46.9782741999943,-24.39131472959104],[-46.97796522981145,-24.37146620010503],[-46.99951882983009,-24.37118333004662],[-46.99983116977262,-24.39103159962855],[-46.9782741999943,-24.39131472959104]]]}},{"type":"Feature","id":"uc-protecao-integral-149","properties":{"id":"uc-protecao-integral-149","nome":"Reserva Biológica Alto da Serra de Paranapiacaba","nome_origem":"Reserva Biolagica Alto da Serra de Paranapiacaba","natureza":"camada fornecida para a demonstração","fonte_arquivo":"assets/layers/Areas_Protegidas_PI_DG_UCs_Protecao_Integral/Areas_Protegidas_PI_DG_UCs_Protecao_Integral.kml","tipo":"Unidade de Conservalto","categoria":"Reserva Biologica","orgao_gestor":"Fundavao Para Conserva"},"geometry":{"type":"Polygon","coordinates":[[[-46.3073078801545,-23.77662201009764],[-46.30755719021209,-23.77453972972472],[-46.31386559981752,-23.77290873994633],[-46.32396824014211,-23.77361116981956],[-46.34248653022917,-23.76895669979183],[-46.32330630044538,-23.77432950959917],[-46.31516719041349,-23.77300312019781],[-46.3073078801545,-23.77662201009764]]]}},{"type":"Feature","id":"uc-protecao-integral-150","properties":{"id":"uc-protecao-integral-150","nome":"Reserva Biológica Alto da Serra de Paranapiacaba","nome_origem":"Reserva Biolagica Alto da Serra de Paranapiacaba","natureza":"camada fornecida para a demonstração","fonte_arquivo":"assets/layers/Areas_Protegidas_PI_DG_UCs_Protecao_Integral/Areas_Protegidas_PI_DG_UCs_Protecao_Integral.kml","tipo":"Unidade de Conservalto","categoria":"Reserva Biologica","orgao_gestor":"Fundavao Para Conserva"},"geometry":{"type":"Polygon","coordinates":[[[-46.32306613019773,-23.78498728973159],[-46.31591729964362,-23.78023347969128],[-46.3139192200959,-23.78165265034949],[-46.31104145969556,-23.78135965032754],[-46.30709834980894,-23.77893224972348],[-46.30740153015643,-23.77679533014032],[-46.3147181697077,-23.77324066982101],[-46.32306422003768,-23.77449858034515],[-46.34129325038316,-23.76928600994137],[-46.34329902003373,-23.76983336971421],[-46.34397385960591,-23.77155535019921],[-46.34259749038182,-23.77260738971921],[-46.34403075971176,-23.77414861007026],[-46.34189073027295,-23.77530598987948],[-46.3435090099328,-23.78399785022054],[-46.33317087043929,-23.78072039962672],[-46.32858947032776,-23.78310974991496],[-46.32685005018965,-23.78217423015656],[-46.32659315974649,-23.7839624097374],[-46.32306613019773,-23.78498728973159]]]}},{"type":"Feature","id":"uc-protecao-integral-151","properties":{"id":"uc-protecao-integral-151","nome":"Reserva Biológica Mogi-Guaeu","nome_origem":"Reserva Biolagica Mogi-Guaeu","natureza":"camada fornecida para a demonstração","fonte_arquivo":"assets/layers/Areas_Protegidas_PI_DG_UCs_Protecao_Integral/Areas_Protegidas_PI_DG_UCs_Protecao_Integral.kml","tipo":"Unidade de Conservaogo","categoria":"Reserva Biologica","orgao_gestor":"Fundavao Para Conserva"},"geometry":{"type":"Polygon","coordinates":[[[-47.19463239996526,-22.26078319009213],[-47.17680690981098,-22.25566062024137],[-47.14686295975775,-22.25698580005457],[-47.14623707028454,-22.25363449983223],[-47.14931965038153,-22.24788053036212],[-47.15852282027191,-22.25059182984904],[-47.15833231958084,-22.25155041002336],[-47.1709632302688,-22.25111354995033],[-47.17635649965268,-22.24847206033729],[-47.18645888007319,-22.25126369985981],[-47.1907144000495,-22.25380524961253],[-47.19463239996526,-22.26078319009213]]]}},{"type":"Feature","id":"uc-protecao-integral-152","properties":{"id":"uc-protecao-integral-152","nome":"Reserva Biológica Mogi-Guaeu","nome_origem":"Reserva Biolagica Mogi-Guaeu","natureza":"camada fornecida para a demonstração","fonte_arquivo":"assets/layers/Areas_Protegidas_PI_DG_UCs_Protecao_Integral/Areas_Protegidas_PI_DG_UCs_Protecao_Integral.kml","tipo":"Unidade de Conservaogo","categoria":"Reserva Biologica","orgao_gestor":"Fundavao Para Conserva"},"geometry":{"type":"Polygon","coordinates":[[[-47.14508305034246,-22.21481476009308],[-47.13773386972224,-22.19817302956164],[-47.14407828008854,-22.19478879976327],[-47.14315532026177,-22.1978404000144],[-47.14815920028684,-22.20894485991732],[-47.14508305034246,-22.21481476009308]]]}}]}
