{"type":"FeatureCollection","name":"UC estadual - Uso Sustentável","features":[{"type":"Feature","id":"uc-uso-sustentavel-001","properties":{"id":"uc-uso-sustentavel-001","nome":"Sem nome","nome_origem":"Sem nome","natureza":"camada fornecida para a demonstração","fonte_arquivo":"assets/layers/Areas_Protegidas_US_DG_UCs_Uso_Sustentavel/Areas_Protegidas_US_DG_UCs_Uso_Sustentavel.kml","tipo":"Unidade de Conservação","categoria":"Área de Proteção Ambiental","orgao_gestor":"Fundação Florestal do Estado de São Paulo"},"geometry":{"type":"Polygon","coordinates":[[[-45.95434011990056,-23.25522551994175],[-45.95086383010164,-23.25011770976442],[-45.94985623957376,-23.25046666020813],[-45.94914983020044,-23.24676941957301],[-45.94752460957301,-23.24722365994393],[-45.94827214044687,-23.24507950981149],[-45.94669384014855,-23.24731120984444],[-45.94240898968309,-23.24573700955528],[-45.94185434989828,-23.24405146959958],[-45.94392624040364,-23.24458505985257],[-45.94511786010111,-23.24305410975933],[-45.94371002989391,-23.24315145957218],[-45.9434670501642,-23.24181961038664],[-45.94043954005269,-23.24217426972672],[-45.94011323993402,-23.23973181986753],[-45.94169642984633,-23.23721444029417],[-45.94093876001574,-23.23596186005176],[-45.93822246029828,-23.23462573998586],[-45.93304853016548,-23.23751365013482],[-45.9303797497256,-23.23509775995359],[-45.92826381042647,-23.23164366002686],[-45.92848853032137,-23.22738206962674],[-45.92280401009697,-23.22294574994635],[-45.92150248964816,-23.21948676040563],[-45.91788382008218,-23.21570479014389],[-45.91680731990186,-23.21026398979126],[-45.91878499023505,-23.20584565025649],[-45.91740125016753,-23.20036171032461],[-45.92346768998186,-23.19256754965267],[-45.92756753011736,-23.19448628021763],[-45.92934220997495,-23.19685673035377],[-45.93026404025323,-23.19706716002139],[-45.93036493969015,-23.19582862988733],[-45.9311821797138,-23.19740895995551],[-45.93298984040877,-23.19769218974272],[-45.93453598994392,-23.20119978044545],[-45.93775782016723,-23.20232487009662],[-45.93828689042761,-23.20490416979158],[-45.94171686963779,-23.20654231997202],[-45.94275391026468,-23.21028380994983],[-45.94905154958929,-23.20982716029516],[-45.94965658018697,-23.21079574992388],[-45.94815442998294,-23.21306150998066],[-45.94936400014842,-23.2154784101005],[-45.95418558040018,-23.21609094014474],[-45.95542577967598,-23.22110125032242],[-45.95832103009144,-23.21936053965715],[-45.96056037975768,-23.22001094015275],[-45.96135765033523,-23.22520036020842],[-45.96503211024367,-23.22484232031678],[-45.96609332015055,-23.22593406040852],[-45.96411588993635,-23.22858734013357],[-45.96454543042722,-23.23086088022541],[-45.97139867001255,-23.23336945004002],[-45.97080590976486,-23.23461603000572],[-45.96585682003615,-23.23542858995739],[-45.96328740029327,-23.23719531980811],[-45.96391566037937,-23.24271768956964],[-45.96277788039481,-23.24597538025955],[-45.95434011990056,-23.25522551994175]]]}},{"type":"Feature","id":"uc-uso-sustentavel-002","properties":{"id":"uc-uso-sustentavel-002","nome":"Área de Proteção Ambiental Banhado","nome_origem":"Frea de Prote Co Ambiental Banhado","natureza":"camada fornecida para a demonstração","fonte_arquivo":"assets/layers/Areas_Protegidas_US_DG_UCs_Uso_Sustentavel/Areas_Protegidas_US_DG_UCs_Uso_Sustentavel.kml","tipo":"Unidade de Conservação","categoria":"Área de Proteção Ambiental","orgao_gestor":"Fundação Florestal do Estado de São Paulo"},"geometry":{"type":"Polygon","coordinates":[[[-45.98043780985699,-23.20038015002388],[-45.9796621499882,-23.19622597015234],[-45.97752401002498,-23.19561679997531],[-45.97550513005768,-23.18851970022394],[-45.97352576000577,-23.18628955961543],[-45.97102974023028,-23.18664997011996],[-45.9701823504351,-23.18276287990295],[-45.96765288037608,-23.18184849960852],[-45.96778249966258,-23.17956780990647],[-45.96461937988045,-23.17964722004314],[-45.96373597043862,-23.17749273040516],[-45.96470424980123,-23.17790678007378],[-45.96507603043443,-23.17658455992944],[-45.96234342960554,-23.17673628005525],[-45.96047472023213,-23.17290786970239],[-45.95852593972029,-23.17376720968895],[-45.95783764988761,-23.17507634020092],[-45.95877302035854,-23.17543062991962],[-45.95702399995758,-23.17586874994282],[-45.95966669016559,-23.17676012018336],[-45.95900698978073,-23.17752910978055],[-45.95045357017608,-23.17473859980652],[-45.94306293980281,-23.16767332976031],[-45.93723710011204,-23.1674006202424],[-45.93534477004505,-23.16939179029885],[-45.93289147975793,-23.16769640996131],[-45.93282950028117,-23.16928671980622],[-45.93082944042629,-23.16626866966334],[-45.92589447994624,-23.16578777968226],[-45.9227098303943,-23.1674188998623],[-45.92643753016785,-23.1692644498944],[-45.92502375004597,-23.17009773022602],[-45.92311770981439,-23.16893896006491],[-45.92287228033143,-23.16981786030595],[-45.92203322994953,-23.16692788981021],[-45.923466349992,-23.16655200017465],[-45.92344005021812,-23.16508221027573],[-45.92797339955268,-23.16378812002569],[-45.92557177981377,-23.16026245025182],[-45.93010862031656,-23.16235218960185],[-45.93672579955597,-23.16035043992082],[-45.94017505033827,-23.16162541957743],[-45.95122370011364,-23.16249546959023],[-45.95419237028165,-23.16150906978771],[-45.96166407993331,-23.1626757899557],[-45.97031069987884,-23.16997260035515],[-45.97893986038622,-23.17950730981443],[-45.98200976004233,-23.18001410027045],[-45.98213545019081,-23.1820271301479],[-45.9854640704105,-23.17996044042195],[-45.9917571699574,-23.18387800956242],[-45.99826934975067,-23.183612380407],[-45.99752875984433,-23.18477789998008],[-45.99856662964618,-23.18627847007531],[-45.99755805975661,-23.18872837981081],[-45.99628245956779,-23.18885189989521],[-45.99535132040705,-23.19239799956796],[-45.99385912030209,-23.19138128991455],[-45.99462443976603,-23.18979875021211],[-45.99277854979022,-23.18973343964649],[-45.99180479985159,-23.19127881036877],[-45.99259617986974,-23.19322349986459],[-45.98949384976129,-23.19212710038533],[-45.98043780985699,-23.20038015002388]]]}},{"type":"Feature","id":"uc-uso-sustentavel-003","properties":{"id":"uc-uso-sustentavel-003","nome":"Área de Proteção Ambiental Banhado","nome_origem":"Frea de Prote Co Ambiental Banhado","natureza":"camada fornecida para a demonstração","fonte_arquivo":"assets/layers/Areas_Protegidas_US_DG_UCs_Uso_Sustentavel/Areas_Protegidas_US_DG_UCs_Uso_Sustentavel.kml","tipo":"Unidade de Conservação","categoria":"Área de Proteção Ambiental","orgao_gestor":"Fundação Florestal do Estado de São Paulo"},"geometry":{"type":"Polygon","coordinates":[[[-45.89418879038033,-23.19141194960173],[-45.88927489022399,-23.18735874021365],[-45.88853542986618,-23.18268701039716],[-45.89146227976033,-23.17679010987564],[-45.89458061959988,-23.17439277001029],[-45.89386957961739,-23.16788367039504],[-45.89541030983787,-23.16551225978293],[-45.89692635996352,-23.16953786987676],[-45.90344337990803,-23.17104419023713],[-45.90613930008857,-23.16987666967253],[-45.90914090972518,-23.17047052979109],[-45.91319555982716,-23.17402237972902],[-45.915876509893,-23.18023379025715],[-45.9094431700662,-23.18441946978265],[-45.91048172964804,-23.19300515976028],[-45.90865189976535,-23.19539038036174],[-45.9039834398838,-23.19203365992541],[-45.89418879038033,-23.19141194960173]]]}},{"type":"Feature","id":"uc-uso-sustentavel-004","properties":{"id":"uc-uso-sustentavel-004","nome":"Área de Proteção Ambiental Barreiro Rico","nome_origem":"Frea de Prote Co Ambiental Barreiro Rico","natureza":"camada fornecida para a demonstração","fonte_arquivo":"assets/layers/Areas_Protegidas_US_DG_UCs_Uso_Sustentavel/Areas_Protegidas_US_DG_UCs_Uso_Sustentavel.kml","tipo":"Unidade de Conservação","categoria":"Área de Proteção Ambiental","orgao_gestor":"Fundação Florestal do Estado de São Paulo"},"geometry":{"type":"Polygon","coordinates":[[[-47.93833432027265,-22.75694631971686],[-47.93070781031713,-22.74831262033109],[-47.92435614961659,-22.74815180985809],[-47.92370817998847,-22.74396753957024],[-47.92509970009104,-22.73557641971593],[-47.91855799015906,-22.71946045983231],[-47.92390786005967,-22.71460744018117],[-47.92474058011362,-22.71120820969105],[-47.91966054999432,-22.70660459002977],[-47.91729691042406,-22.69931410995815],[-47.88791758982489,-22.68278112994517],[-47.8839814703685,-22.68146517987412],[-47.87812918971031,-22.68203078958925],[-47.886735189977,-22.67199302006179],[-47.89473397968936,-22.65779851029299],[-47.89419457981597,-22.65184157013232],[-47.89308844967218,-22.64954702997142],[-47.89162224986688,-22.64962479974469],[-47.89299982957846,-22.6470880496737],[-47.88965058970291,-22.64038485028055],[-47.89113931033086,-22.63370777979014],[-47.89738014038113,-22.63832348004451],[-47.9012066495672,-22.63755176010562],[-47.90822532034224,-22.63988836965251],[-47.91100548001884,-22.63769045984679],[-47.91569273033519,-22.63774919007301],[-47.92094808958262,-22.63976404017825],[-47.92561968989673,-22.63787618963443],[-47.93464232987958,-22.63926173014471],[-47.93766125955943,-22.64189332002064],[-47.94085179967078,-22.64174031026704],[-47.94309063042823,-22.64306916021354],[-47.94190846980001,-22.64547749968682],[-47.9398279898698,-22.64606913038602],[-47.93926247008687,-22.64389663991795],[-47.93773773970486,-22.64318757035005],[-47.92987359019401,-22.65055214016911],[-47.92675796990437,-22.6519246800799],[-47.92368256999458,-22.65010049973824],[-47.92351753000997,-22.65312373986865],[-47.92081364003741,-22.6533221995598],[-47.92407091973712,-22.65595609979414],[-47.92233314985492,-22.65940249972556],[-47.92288291981083,-22.66102793978757],[-47.92460331029451,-22.66091226988533],[-47.92476386985669,-22.6626244396661],[-47.92290971960784,-22.66447152034436],[-47.92431801026794,-22.66563289044547],[-47.923280570342,-22.66643779986453],[-47.92573016981146,-22.66771176958247],[-47.92482003971304,-22.66965713986508],[-47.92234150995267,-22.66983907990959],[-47.92100118016032,-22.66861193968924],[-47.92203202985428,-22.6674201302348],[-47.92198688029026,-22.65765581036732],[-47.91012023955739,-22.65547187962352],[-47.90895879031586,-22.65376259037123],[-47.91065609969922,-22.65258451985966],[-47.90957826042836,-22.6495654103154],[-47.91268466986156,-22.6493420501954],[-47.91003517987963,-22.64830898996786],[-47.91173719001927,-22.6461181704172],[-47.91026573997186,-22.64526837043888],[-47.9073934303625,-22.64554855961831],[-47.90756573956719,-22.64993329958207],[-47.90442497962908,-22.65179077012789],[-47.90714399979572,-22.65430285988901],[-47.90353153015593,-22.65458887038],[-47.90428941042791,-22.65800025970418],[-47.89678858972161,-22.66581839989919],[-47.90549775032088,-22.6653564001777],[-47.91593640973747,-22.66029537992779],[-47.91769083956058,-22.66425856987706],[-47.91113498958805,-22.66520683033093],[-47.91283010012899,-22.66968665021869],[-47.90940933986911,-22.67215570022535],[-47.90592199020762,-22.67278634981017],[-47.90934730013777,-22.67365149042388],[-47.90942588020016,-22.6746010297137],[-47.90441648013643,-22.67841162000019],[-47.90350871975158,-22.68357013035717],[-47.89614918973325,-22.68151386017644],[-47.89636013021578,-22.68467731000982],[-47.89652546967466,-22.68573440012244],[-47.90002213990977,-22.68525442025526],[-47.90078513012963,-22.68678675980107],[-47.90198769997232,-22.6846679201883],[-47.90453183977257,-22.68557233959177],[-47.9034387902679,-22.68874764968422],[-47.90485597971963,-22.68816890986727],[-47.90910422957649,-22.69292549971198],[-47.91592550995426,-22.6937391001793],[-47.91800768960314,-22.69654445975897],[-47.91703769973003,-22.69851550029006],[-47.92149120995134,-22.70779861991036],[-47.92345892029289,-22.7063842696183],[-47.91978464024891,-22.70041000042113],[-47.91936630980729,-22.69564228956],[-47.91706802037282,-22.69224581998856],[-47.92116765006693,-22.68984773998119],[-47.92940135978489,-22.67971002969409],[-47.93272196974306,-22.68218422022557],[-47.93228826988769,-22.69119748027947],[-47.92953364016535,-22.69245064957778],[-47.93086966040647,-22.69884353969758],[-47.92476542028788,-22.71052786986525],[-47.92602222014932,-22.71335562975844],[-47.93511014012086,-22.71141951979496],[-47.93735342971695,-22.71807001981551],[-47.93641437022694,-22.72148066000443],[-47.93109071016812,-22.72496368032955],[-47.9319082100958,-22.7284270603605],[-47.93466839043384,-22.73202222974209],[-47.93653216972382,-22.72605137976734],[-47.94061537959607,-22.72074660996805],[-47.94248499009018,-22.7204553402417],[-47.94759306017153,-22.72402103973917],[-47.95424346036737,-22.72532751994902],[-47.95208989972906,-22.72146879974525],[-47.93965445039254,-22.71762543006952],[-47.93765370975086,-22.71475985008698],[-47.93816169000996,-22.71217751967674],[-47.93975441003795,-22.71095630958598],[-47.93872046038092,-22.70594351997744],[-47.93642855973019,-22.70456340957367],[-47.93608155991603,-22.70269993965047],[-47.93794445966904,-22.69772405012475],[-47.93379511005622,-22.68903166997552],[-47.93729545042464,-22.68276440974967],[-47.93520572996044,-22.6747305096053],[-47.93121994004815,-22.66991221008038],[-47.93307562004378,-22.66475236962611],[-47.93651903962194,-22.66294903017354],[-47.94606806988548,-22.66439695035893],[-47.95484085032496,-22.66904598038764],[-47.95402221994942,-22.67218384990468],[-47.95517045005619,-22.67473561955313],[-47.9527097700398,-22.68343523025163],[-47.94790814034837,-22.68413469955669],[-47.94757533003741,-22.68692999032675],[-47.96609218030983,-22.69518736030841],[-47.96677509039807,-22.69151419992033],[-47.96914341993283,-22.68990612037112],[-47.97091098975034,-22.69187589016013],[-47.9719477497888,-22.69125962972811],[-47.97193475008862,-22.68789246996147],[-47.97000960016288,-22.6839576302404],[-47.97393565980281,-22.67292455042764],[-47.97738623978307,-22.66744502976428],[-47.98146196999386,-22.68157840002311],[-47.98260443994292,-22.6953603799775],[-47.98386933010545,-22.69532757001133],[-47.98368056960254,-22.68201861007077],[-47.98727527043735,-22.6815205799108],[-47.98722908035774,-22.68050647019737],[-47.98506896995696,-22.68014502996914],[-47.98317000019529,-22.68147534041458],[-47.98256210975353,-22.68045173026309],[-47.98171036993756,-22.66662414029179],[-47.98368683967584,-22.66546189964691],[-47.98548217965885,-22.66553704969505],[-47.98696423001519,-22.66884139001809],[-47.99944335043023,-22.6702361099085],[-47.99901157962069,-22.67410310027782],[-48.00109008014306,-22.66996292015261],[-48.00310735032394,-22.67315497022565],[-48.00943310965027,-22.67257161958452],[-48.00733679985336,-22.67543120018968],[-48.00864830997148,-22.67693403028125],[-48.01274266963844,-22.67419612974754],[-48.0156372095895,-22.67585787993715],[-48.01427912987788,-22.67171555043228],[-48.02432569027832,-22.67008093998334],[-48.02633388989705,-22.67161040979255],[-48.0269222101918,-22.67092802041179],[-48.02450166961631,-22.66855164014601],[-48.03127881036875,-22.66520133007725],[-48.04404575970403,-22.66445140970472],[-48.04540475042887,-22.67073366972301],[-48.04382552023151,-22.67221832991197],[-48.04542362000404,-22.67275208024427],[-48.0468702100921,-22.67644478020242],[-48.04645336982713,-22.6799062401808],[-48.05000662990199,-22.68408979011167],[-48.05197110987876,-22.68321355006526],[-48.04813321977224,-22.67497692024864],[-48.04598929986628,-22.66500335961729],[-48.04911538017063,-22.66397544980714],[-48.05073752961329,-22.66135883993849],[-48.05495392997983,-22.66001116987957],[-48.05807092982951,-22.65223839958242],[-48.06314524026061,-22.64693856975913],[-48.07129065004341,-22.65005566044033],[-48.07753634003001,-22.65465552003616],[-48.08045327040207,-22.65860089981163],[-48.08764793040763,-22.66171886013723],[-48.08848427023287,-22.66517281976979],[-48.09050729967208,-22.6671448702395],[-48.09062115024585,-22.66314146980295],[-48.09133304998022,-22.66215356003875],[-48.09323527978427,-22.66259028971007],[-48.09323319965239,-22.66094506995898],[-48.09780278986682,-22.65583976978951],[-48.10594632006655,-22.65720191983269],[-48.10897317007567,-22.65407243019843],[-48.10795526971987,-22.64815024973421],[-48.10313188992473,-22.64075111986824],[-48.09622878023396,-22.63357342017713],[-48.09646280991069,-22.63077573990842],[-48.09901844034869,-22.63093736966385],[-48.10110255983523,-22.63406159017023],[-48.10669304964449,-22.63718180959279],[-48.11436067030866,-22.63810560039309],[-48.11323386025441,-22.63986211034808],[-48.11448353029067,-22.64112232043868],[-48.11661976998636,-22.63865162017606],[-48.11971521038862,-22.64248774041687],[-48.12167573964365,-22.64199181017386],[-48.12108052964271,-22.6412794499866],[-48.12417143026727,-22.64165999001648],[-48.13017182027323,-22.63995285014386],[-48.13945027960665,-22.64537275025219],[-48.14164589973842,-22.64273739041818],[-48.142954610267,-22.6436684702237],[-48.14437986034221,-22.64278922014637],[-48.14746597027829,-22.63938483024566],[-48.15520018034402,-22.64540998038626],[-48.16524289974001,-22.64402751016144],[-48.16559638996137,-22.64166839957693],[-48.16826796999078,-22.63930660001955],[-48.1703420701304,-22.63464148022007],[-48.17645997994407,-22.63161724993608],[-48.18508329036155,-22.63544763969679],[-48.19037265027754,-22.63500277026162],[-48.19726385024643,-22.63230682040341],[-48.19969698043127,-22.62934154967274],[-48.20563701963272,-22.62648189981979],[-48.21003471972648,-22.62587331959799],[-48.2093838102146,-22.62812351958473],[-48.21063222030068,-22.62823180965023],[-48.21205464020943,-22.62515773983779],[-48.21740217007402,-22.6236153602606],[-48.21817080983499,-22.62054196044306],[-48.22654948037416,-22.61872162020654],[-48.22797417017176,-22.61734826011406],[-48.22534032029949,-22.60368812031044],[-48.22670188038745,-22.59968066033417],[-48.23133858970414,-22.59983971982717],[-48.23300637974057,-22.60236213020812],[-48.23336440973969,-22.60334938976246],[-48.23057155972964,-22.60401121974195],[-48.23629609978514,-22.61739352029468],[-48.23612300007636,-22.62128941037793],[-48.23790643033743,-22.62145192956285],[-48.23671886028711,-22.62238610033819],[-48.23975436986825,-22.62534544993252],[-48.24017526967293,-22.62902104028871],[-48.24541087980822,-22.63252645013552],[-48.25093488993321,-22.62939288027718],[-48.25688166955337,-22.63125151004908],[-48.25711698975721,-22.62938578012961],[-48.26620154986159,-22.62158395993174],[-48.27100338010189,-22.61175606968681],[-48.26969256965634,-22.609507709713],[-48.2712290802578,-22.60292059031292],[-48.27027303976894,-22.59929963017373],[-48.2752740095878,-22.60483655006669],[-48.27439021973282,-22.61065464029934],[-48.27272697037336,-22.61153453968723],[-48.27469054023618,-22.61290412982169],[-48.27795797957708,-22.61141868002801],[-48.28223947017534,-22.61245633039528],[-48.28498063974467,-22.61739197975601],[-48.29449166016195,-22.61705166010597],[-48.3019766797799,-22.61303700015736],[-48.30440957973826,-22.60974143002295],[-48.30833387041173,-22.61028566015506],[-48.31024130009587,-22.61407001991546],[-48.31084285031727,-22.61928262988943],[-48.30858941007318,-22.62351061981923],[-48.31043471998629,-22.62526444979449],[-48.30919286955526,-22.63025927004924],[-48.31912979990028,-22.63705194029478],[-48.32519471986041,-22.6378681299102],[-48.33246203969134,-22.64894335015543],[-48.33513838972488,-22.64976330972894],[-48.34375744005376,-22.64871129988654],[-48.34898588978695,-22.64612673016444],[-48.3502311999099,-22.64371093980799],[-48.35149489037684,-22.64707119997587],[-48.34836083038795,-22.65703913984436],[-48.34137925035208,-22.6628433499406],[-48.33591788969881,-22.66507772006071],[-48.32853993976636,-22.66588481033568],[-48.32384317012617,-22.66502329039247],[-48.32251082001829,-22.66269501036641],[-48.32166045976237,-22.6653632997764],[-48.31896543980315,-22.66574885982197],[-48.31633953993776,-22.66279172975447],[-48.31767299980908,-22.6660428796751],[-48.3164791102227,-22.66713018970643],[-48.31373479032828,-22.66699812965993],[-48.30416732036548,-22.67223872024073],[-48.29972770017321,-22.67210845973756],[-48.30027901966099,-22.67409976019576],[-48.29929175021408,-22.67462976035512],[-48.296033330174,-22.67292266994519],[-48.2956593201215,-22.67619503037633],[-48.29301224032258,-22.67573640041451],[-48.2914534598093,-22.67760327966755],[-48.28826884982749,-22.67644764004649],[-48.28671678005531,-22.67384981971338],[-48.28796663984849,-22.66876472011569],[-48.28599276015774,-22.67024105977703],[-48.28455956007559,-22.66524243988664],[-48.28235829040273,-22.66288920996902],[-48.28302099991919,-22.66129597013287],[-48.27764843023084,-22.66101209013578],[-48.28078567022249,-22.65375788961489],[-48.27655996007405,-22.65862029998681],[-48.27508809004325,-22.65682686027134],[-48.27542668029702,-22.65455448030497],[-48.27184055000134,-22.6492996201813],[-48.27051226033251,-22.65012268961038],[-48.27310082034654,-22.65250863956203],[-48.27298491032531,-22.65726531034574],[-48.27468236000288,-22.65904581960882],[-48.27463024968625,-22.66120526990721],[-48.26681248001188,-22.66087052965116],[-48.26076736042529,-22.6638776800109],[-48.25715014955972,-22.6628800602665],[-48.25043919980919,-22.66970114998804],[-48.24946819999741,-22.66853188024203],[-48.25106878999264,-22.66611077039568],[-48.24764825006662,-22.66628884965064],[-48.24511912984394,-22.65767283992955],[-48.24443056032209,-22.6628136399375],[-48.23963536977647,-22.66083828985512],[-48.24239341962056,-22.6623882696029],[-48.24194612021722,-22.6655397197822],[-48.24425205029183,-22.66639243985918],[-48.24588974991201,-22.66923489017802],[-48.24362461038743,-22.6716904395621],[-48.2458087803509,-22.6726839404115],[-48.24313221987603,-22.67783337031375],[-48.24285921987706,-22.68390263040203],[-48.24420088965928,-22.68913037956332],[-48.24344758963451,-22.69137995991719],[-48.24725893984817,-22.6967736303987],[-48.24822764009349,-22.70123347004858],[-48.24609614971752,-22.69831336956634],[-48.24072218967729,-22.69659481010234],[-48.23680334979474,-22.69811767978706],[-48.23637921962523,-22.70037939019664],[-48.2329272996551,-22.69971917000368],[-48.23336344027052,-22.69732245966372],[-48.23699208961318,-22.692857750185],[-48.23886952960504,-22.69236078032571],[-48.23832588043501,-22.69159209020273],[-48.24117405044205,-22.68708860015875],[-48.24128409958149,-22.68233187001977],[-48.23917437010107,-22.67738466976664],[-48.23998409988627,-22.67640068014725],[-48.23701698014946,-22.67331787971631],[-48.23689850975836,-22.67615074955739],[-48.23279894031879,-22.67449541962787],[-48.23223969960242,-22.67583501017754],[-48.2279899703608,-22.67595769029515],[-48.22589749976976,-22.67019033981228],[-48.22646805036021,-22.66809672978019],[-48.22444897973656,-22.66742654959552],[-48.2251374899032,-22.67681873000032],[-48.21254976016326,-22.67936660018842],[-48.21143295956341,-22.67855200956757],[-48.21144132955368,-22.67548034993814],[-48.20830815989365,-22.6859910099771],[-48.20544547033217,-22.68847621000901],[-48.20029548015225,-22.69016919005605],[-48.19706904000412,-22.6943083899202],[-48.19357951038603,-22.6926695202821],[-48.18822617000171,-22.69248386963483],[-48.18427222957968,-22.68994540006014],[-48.1839820102615,-22.68196917973381],[-48.18259135980338,-22.6814980797725],[-48.1832056399283,-22.68522141963274],[-48.1814906103034,-22.6887839499193],[-48.16466257981415,-22.6927565395826],[-48.16037401964525,-22.68960963997284],[-48.16244603965299,-22.69236124977181],[-48.16197155014686,-22.69372920044219],[-48.15549628032903,-22.69628664031615],[-48.15402695987626,-22.69583239005271],[-48.15320131029222,-22.69753803974868],[-48.14599046968436,-22.69978158025566],[-48.142132459945,-22.69579545039966],[-48.14143214977383,-22.69139213044241],[-48.13946740000046,-22.68923503007255],[-48.14126586962414,-22.69502017004476],[-48.14055054976802,-22.69597819983403],[-48.13702302019618,-22.69531423036739],[-48.14170419019615,-22.69780336043669],[-48.14358248993994,-22.70048636994994],[-48.13429702039116,-22.70535291000874],[-48.13659261006086,-22.70995649999242],[-48.13671071982384,-22.71180727958222],[-48.1355901600578,-22.71223253030701],[-48.1375479301928,-22.71322588007024],[-48.13527044027853,-22.71592458005529],[-48.12506148030303,-22.71661141028829],[-48.11074834006382,-22.72084893033383],[-48.09486673001555,-22.73269002042804],[-48.09089994008013,-22.7342109997378],[-48.09010186011272,-22.73681250998931],[-48.0826222598094,-22.74290613001386],[-48.07947367037355,-22.73963684976076],[-48.07438682968842,-22.73913532033873],[-48.07174616025702,-22.73530833001536],[-48.06608532997393,-22.73586545013035],[-48.04974508996389,-22.72918827981522],[-48.04424290998224,-22.72354674988253],[-48.03706547019527,-22.72044953961449],[-48.0331302797386,-22.72032902956101],[-48.02039495955967,-22.72465305989078],[-48.01268957996012,-22.73294688029426],[-48.00796196986897,-22.73460335955735],[-47.99439792982054,-22.74782896043814],[-47.98884470971552,-22.74855151983672],[-47.9833344403321,-22.74722901011069],[-47.9811564199328,-22.74199264994081],[-47.97795490989114,-22.73875505010545],[-47.97752441971613,-22.73471999982809],[-47.97585324013488,-22.73401980027353],[-47.9704034996218,-22.73515290018616],[-47.9596106404187,-22.74135677979149],[-47.95477035966434,-22.74888762976025],[-47.9546979399579,-22.75314817964471],[-47.9493552799222,-22.75791685008249],[-47.94513331994671,-22.75904248022624],[-47.93833432027265,-22.75694631971686]]]}},{"type":"Feature","id":"uc-uso-sustentavel-005","properties":{"id":"uc-uso-sustentavel-005","nome":"Área de Proteção Ambiental Cabreova","nome_origem":"Frea de Prote Co Ambiental Cabreova","natureza":"camada fornecida para a demonstração","fonte_arquivo":"assets/layers/Areas_Protegidas_US_DG_UCs_Uso_Sustentavel/Areas_Protegidas_US_DG_UCs_Uso_Sustentavel.kml","tipo":"Unidade de Conservação","categoria":"Área de Proteção Ambiental","orgao_gestor":"Fundação Florestal do Estado de São Paulo"},"geometry":{"type":"Polygon","coordinates":[[[-47.10079533993297,-23.40405163007864],[-47.09808977991935,-23.40147546991693],[-47.09769024980517,-23.39869969983124],[-47.09576133981392,-23.39781942992272],[-47.09390243035284,-23.39833358043035],[-47.09073875029304,-23.4023150895697],[-47.08534990017773,-23.40259156994495],[-47.0829686500831,-23.4009664698267],[-47.08261831018683,-23.39714594023292],[-47.08054890001171,-23.39432933013444],[-47.08107188006318,-23.39210267979479],[-47.0837317698053,-23.39030120014024],[-47.08072222005438,-23.38698404987394],[-47.08158123988227,-23.38071339021076],[-47.08780317967296,-23.38281284044018],[-47.09062599959015,-23.38583104976311],[-47.09694050030379,-23.38733203984174],[-47.10076774963187,-23.38628742962112],[-47.10306394004874,-23.37405800956947],[-47.10516301975753,-23.37084845958867],[-47.10191578008914,-23.36896504000453],[-47.0941171497866,-23.37059498027406],[-47.09610010003956,-23.36708100978075],[-47.09213438029735,-23.3620764498682],[-47.09183028983597,-23.35533396988677],[-47.08829093957513,-23.35288674013088],[-47.08668697982023,-23.35282759981385],[-47.08178216011856,-23.35713256991215],[-47.07572036979917,-23.35708303975042],[-47.07204248976905,-23.35850326981],[-47.06563280031344,-23.35736990010076],[-47.06589603007768,-23.3539720401775],[-47.0567627995635,-23.35667601018969],[-47.04872982032492,-23.35445434029555],[-47.04519532010789,-23.35069094013471],[-47.0413381404428,-23.35156413957333],[-47.03108321971479,-23.34553202957943],[-47.02502026027673,-23.3452728296773],[-47.02098392037158,-23.34359917965838],[-47.01735479978413,-23.34492286030172],[-47.01521165959036,-23.33987608980965],[-47.00774637019879,-23.33696287993291],[-47.00488757020514,-23.33752913985785],[-47.0036878296296,-23.33638707010715],[-47.00101822001483,-23.33745907997252],[-46.99976804006297,-23.33294609038973],[-46.99562603970992,-23.33079384995614],[-46.99263437027992,-23.33350503972576],[-46.99130287992392,-23.33351162006517],[-46.99122377016084,-23.33242414995453],[-46.98877057969844,-23.33392163987173],[-46.98754483972255,-23.33248833007235],[-46.98350832984551,-23.33340184971553],[-46.97785961972562,-23.32933619011305],[-46.97377689998393,-23.3295642896602],[-46.97011237038953,-23.32594702033867],[-46.96376865969586,-23.32330883033819],[-46.96154119007383,-23.32639706986885],[-46.95872150968989,-23.32757988970013],[-46.96059490992712,-23.32212330984282],[-46.9676417798442,-23.32053060959993],[-46.96971965983437,-23.31732704011074],[-46.96687195028022,-23.30968295020796],[-46.96871116009191,-23.30788095973844],[-46.96731963998934,-23.30573766036468],[-46.97195847979998,-23.30150040022323],[-46.96741452026384,-23.29841314005432],[-46.96547959021086,-23.29501440958728],[-46.96666207009844,-23.29050873958664],[-46.96299385957889,-23.28398775992713],[-46.96743047963287,-23.27703222965363],[-46.96244253019859,-23.27350244997803],[-46.96120489039333,-23.27031171021719],[-46.96586415021034,-23.27040286999642],[-46.97082938996431,-23.26864394985836],[-46.97116853959636,-23.26317265979037],[-46.96976606035537,-23.26082057021313],[-46.9766612398243,-23.25965695000821],[-46.9807001796695,-23.26153505999497],[-46.98971006007116,-23.25939517984364],[-46.99742154966475,-23.26397656017008],[-46.99943396980183,-23.26405122008771],[-47.00363323988205,-23.26768820974303],[-47.01111991964854,-23.26653400993655],[-47.01412907999298,-23.2628460404124],[-47.01735656964991,-23.24962933022937],[-47.0265534901514,-23.24714943979478],[-47.02819922971065,-23.2362731801631],[-47.03172198028511,-23.23483896024976],[-47.0390504099484,-23.23792524015767],[-47.0435378497919,-23.2369637902467],[-47.04524167026682,-23.24096935984801],[-47.04834772986379,-23.24160068032711],[-47.05418527962689,-23.23708627970802],[-47.05953677999838,-23.23790634989808],[-47.0649775102039,-23.23597351976207],[-47.06799035956737,-23.23682406977497],[-47.07806528998111,-23.23358294999309],[-47.08868995977377,-23.23658204962186],[-47.09196621966527,-23.23413890998268],[-47.09472378027817,-23.22481553041234],[-47.09851560980752,-23.22190423968885],[-47.10488906018196,-23.22341733014565],[-47.10736242963236,-23.22250812994622],[-47.10987205974772,-23.22537987028477],[-47.11609975969611,-23.22595354961658],[-47.11720402014936,-23.22187607022443],[-47.12199277964305,-23.2194063700079],[-47.12804315037107,-23.21280338027174],[-47.12715855022685,-23.20945967032748],[-47.12833115016241,-23.20425974978758],[-47.12982178994361,-23.20268690028018],[-47.12599946979964,-23.20283051031976],[-47.12274131955621,-23.19859030040197],[-47.12291088043276,-23.19349389003094],[-47.12176485006773,-23.19223536976648],[-47.12278347977372,-23.18938474011361],[-47.12606046002219,-23.1829723895641],[-47.13714691999434,-23.17975419979643],[-47.14044133989586,-23.17050448009763],[-47.13980077978209,-23.16958682986825],[-47.13712019034449,-23.17020199042946],[-47.13696856015088,-23.16852468016981],[-47.13968493001545,-23.1662305599923],[-47.1450814900187,-23.15736661977365],[-47.14731872987545,-23.15737947018636],[-47.15023048015252,-23.16086370999216],[-47.1564305304446,-23.16461075957886],[-47.16819345956048,-23.16207103994651],[-47.17041462043835,-23.16992435982132],[-47.17297910020528,-23.17253259969965],[-47.19445343038149,-23.16703689034017],[-47.20900637034765,-23.16925574985294],[-47.21488332030896,-23.16767532985256],[-47.22372193022284,-23.16970945962385],[-47.22950460964995,-23.17394419986488],[-47.23716340976353,-23.1765215003669],[-47.24140877009864,-23.17994065983356],[-47.24790006043941,-23.1805729398892],[-47.2448946799455,-23.18363607034831],[-47.24617364000142,-23.20017762989369],[-47.24409028044204,-23.20654984010298],[-47.2457712095736,-23.21308857957422],[-47.24059946029683,-23.21703823023012],[-47.24371272975861,-23.2228371702991],[-47.24322304980387,-23.22871610956076],[-47.23718747022554,-23.2322817200253],[-47.23764761014905,-23.23989515024095],[-47.23267927043196,-23.24181578017408],[-47.22163486995322,-23.2421042197339],[-47.21763385002214,-23.24493521988444],[-47.21085245008044,-23.25538202985678],[-47.20542181026826,-23.25818865028594],[-47.2034255896192,-23.26134416989748],[-47.20080636991798,-23.26138091979357],[-47.19583395986933,-23.25735430965364],[-47.19480372980826,-23.26133226017561],[-47.19098146002631,-23.26185987982956],[-47.19115386006257,-23.26960422975134],[-47.18899691977197,-23.27661047009707],[-47.18573213972644,-23.28183165960337],[-47.18601934991301,-23.28453776010952],[-47.17984574958166,-23.29325560995841],[-47.16812947999148,-23.29358702991743],[-47.16750842977018,-23.30171034965286],[-47.16569789034531,-23.3046720096055],[-47.16272220006942,-23.30542888983138],[-47.16113207998148,-23.30732816985909],[-47.16162895990851,-23.31106403997342],[-47.16642117999339,-23.31202044019113],[-47.16153965992731,-23.31776257008647],[-47.16147075027487,-23.32033384962739],[-47.16427656041486,-23.32322241987873],[-47.17355600990192,-23.32521191989412],[-47.16972356968694,-23.33434950042908],[-47.17087472978488,-23.33722345040189],[-47.16491705038152,-23.34238770023211],[-47.15766464041076,-23.34260693965848],[-47.15613098965343,-23.34408113983267],[-47.14190327961262,-23.34845399975222],[-47.14129483968509,-23.35232604970736],[-47.1384165199064,-23.35390624038064],[-47.13655453026729,-23.35818146000634],[-47.13770355987134,-23.36866712968424],[-47.13150885964609,-23.3744776197463],[-47.13330533996941,-23.37953607962635],[-47.13225920989458,-23.38131857009591],[-47.12887209956767,-23.38124118972905],[-47.12095405998184,-23.37528702037963],[-47.11771076024337,-23.37571739004545],[-47.11690376979311,-23.38135724993708],[-47.12031958018446,-23.38267630986377],[-47.11900804038874,-23.38524326006836],[-47.11923781986945,-23.39064894009647],[-47.12263247011236,-23.39873097015811],[-47.12202636032822,-23.40258663986151],[-47.11292876005422,-23.40270421003123],[-47.10547154027932,-23.40117055028065],[-47.10079533993297,-23.40405163007864]]]}},{"type":"Feature","id":"uc-uso-sustentavel-006","properties":{"id":"uc-uso-sustentavel-006","nome":"Área de Proteção Ambiental Cajamar","nome_origem":"Frea de Prote Co Ambiental Cajamar","natureza":"camada fornecida para a demonstração","fonte_arquivo":"assets/layers/Areas_Protegidas_US_DG_UCs_Uso_Sustentavel/Areas_Protegidas_US_DG_UCs_Uso_Sustentavel.kml","tipo":"Unidade de Conservação","categoria":"Área de Proteção Ambiental","orgao_gestor":"Fundação Florestal do Estado de São Paulo"},"geometry":{"type":"Polygon","coordinates":[[[-46.83076740968818,-23.43016385038135],[-46.82978984032883,-23.42980689956869],[-46.82899539002517,-23.42442750042875],[-46.82323628992282,-23.42202030039653],[-46.81942078034467,-23.41789681978236],[-46.82228893958285,-23.4119265399778],[-46.82584175988927,-23.40880335998702],[-46.82271058042892,-23.40082068972299],[-46.82256143955874,-23.33045430012578],[-46.8237999202301,-23.33047896043564],[-46.82437145018224,-23.32469863993026],[-46.82580233990603,-23.32486886000981],[-46.82443289995831,-23.3211358803166],[-46.82632113001608,-23.32036628007972],[-46.82194335979818,-23.31427402972264],[-46.82257169992397,-23.31277703982846],[-46.82908865961389,-23.3101477297339],[-46.83349144987045,-23.31047554970684],[-46.83754567998909,-23.30449682976484],[-46.84061397975131,-23.30344113989662],[-46.84331675006791,-23.29219011028533],[-46.83852862009968,-23.28796517984915],[-46.84287445988838,-23.28292944044125],[-46.84610009963984,-23.28207165987914],[-46.84690343974194,-23.2844855697532],[-46.84996388032874,-23.28558908017186],[-46.86099242036386,-23.28175864004913],[-46.86256375990956,-23.27846814029238],[-46.86481550043493,-23.27965263016472],[-46.8674890697647,-23.27791167038725],[-46.86966758029456,-23.28215782032709],[-46.87387163027148,-23.28232112012353],[-46.87629752001448,-23.28476198987391],[-46.87585806989398,-23.29087075987763],[-46.87723477006853,-23.29139406008778],[-46.88145567963585,-23.28888874042298],[-46.88525206962726,-23.29023018987129],[-46.88683501042732,-23.29596252974693],[-46.88988174984286,-23.29963523957463],[-46.89512855024236,-23.30151662039566],[-46.8983616004075,-23.30483959017488],[-46.90088162039041,-23.30504785967094],[-46.90180058003273,-23.3074526702045],[-46.90779965972649,-23.30876830011692],[-46.91540226030605,-23.30809392009832],[-46.91802332002015,-23.31050531996448],[-46.92216726021087,-23.30770191011504],[-46.92676301979748,-23.31081804032027],[-46.93086877027747,-23.31153628027505],[-46.93341583017639,-23.31688265001424],[-46.93548374028234,-23.31739134973094],[-46.93691166044471,-23.31974303011668],[-46.93812814010153,-23.34488264981439],[-46.93991911027865,-23.35375729016675],[-46.93452339024225,-23.36073696993515],[-46.93410339965214,-23.36455679985636],[-46.92917248971861,-23.36114230966979],[-46.92903108032004,-23.35671181040169],[-46.92615180995801,-23.35574439978416],[-46.9215757302357,-23.35702964969852],[-46.91674068983093,-23.35648476036334],[-46.91219498021411,-23.35307260032022],[-46.90232499989878,-23.35906785969394],[-46.90308264005176,-23.36149540958542],[-46.90193741997592,-23.36618607013099],[-46.90502218992208,-23.36740977044451],[-46.90569790993055,-23.36931344995571],[-46.91016755039209,-23.36865362996099],[-46.91175620998104,-23.37150210034162],[-46.91683705038952,-23.37523474009112],[-46.92049621013194,-23.37666158016776],[-46.92564857002543,-23.37664574040855],[-46.92690081032407,-23.38475457026715],[-46.92910043963354,-23.38572982027495],[-46.92793829971271,-23.3895586703963],[-46.92314219995251,-23.38884452955136],[-46.91835918982468,-23.38989823011917],[-46.91330506018033,-23.38660133977999],[-46.91316770042897,-23.39191526018107],[-46.90029044025158,-23.39984293959992],[-46.8915066296272,-23.39972896042315],[-46.88877324998543,-23.39761060014905],[-46.88782336985258,-23.39924885015427],[-46.88632505975369,-23.39915445011775],[-46.88721532023078,-23.39834940040447],[-46.88563266991173,-23.3979343803673],[-46.8861315202534,-23.39611639995184],[-46.88445863016159,-23.39488474963144],[-46.8795584095929,-23.3959569096836],[-46.87953049013998,-23.39708580976225],[-46.87817403010735,-23.39658172986287],[-46.87215063004749,-23.40085201041188],[-46.8708842497083,-23.40059268010805],[-46.86994854019292,-23.40308372033741],[-46.86728615033553,-23.40491962963716],[-46.86968197034662,-23.4110755897666],[-46.86782088002957,-23.41176870985805],[-46.86889839014856,-23.41518242033237],[-46.8638383699448,-23.4168658603711],[-46.86329370004415,-23.41896694017208],[-46.85761304960249,-23.41874059969888],[-46.85319925973801,-23.42120802013397],[-46.84260895034276,-23.42077406037453],[-46.83806762042428,-23.42551527001365],[-46.83538544008593,-23.4263215499995],[-46.8337190799715,-23.42926194997898],[-46.83076740968818,-23.43016385038135]]]}},{"type":"Feature","id":"uc-uso-sustentavel-007","properties":{"id":"uc-uso-sustentavel-007","nome":"Área de Proteção Ambiental Cajati","nome_origem":"Frea de Prote Co Ambiental Cajati","natureza":"camada fornecida para a demonstração","fonte_arquivo":"assets/layers/Areas_Protegidas_US_DG_UCs_Uso_Sustentavel/Areas_Protegidas_US_DG_UCs_Uso_Sustentavel.kml","tipo":"Unidade de Conservação","categoria":"Área de Proteção Ambiental","orgao_gestor":"Fundação Florestal do Estado de São Paulo"},"geometry":{"type":"Polygon","coordinates":[[[-48.20850677966411,-24.8896827900287],[-48.20633227021807,-24.88584354014722],[-48.20727274973757,-24.88411252956956],[-48.20469255971381,-24.88493815037532],[-48.20341646040129,-24.8840288899213],[-48.20869498978192,-24.87759385037583],[-48.20736740967817,-24.86780539989923],[-48.20550112038035,-24.86668051979012],[-48.20721913035851,-24.86521262026616],[-48.20564553980978,-24.86343998007101],[-48.20662822001628,-24.86104903978134],[-48.20926148982585,-24.85840639993535],[-48.20640872967908,-24.85717719037501],[-48.20744082043745,-24.85187774995813],[-48.20565169027327,-24.85193104018532],[-48.20452891008108,-24.84946050989458],[-48.21976125997412,-24.80083529011648],[-48.22207749987666,-24.80284318036843],[-48.22178856029376,-24.80058640993485],[-48.22328079007639,-24.80002938964458],[-48.2329166202058,-24.80243249956015],[-48.2353655901498,-24.79698532031625],[-48.24282037995653,-24.79757930004462],[-48.24633839020453,-24.79217872996435],[-48.25174467008043,-24.79035940955907],[-48.25562273020478,-24.78717481036915],[-48.26701720977638,-24.78801270961878],[-48.27139079994544,-24.78679143028023],[-48.27205962035515,-24.79005086025893],[-48.26589323978112,-24.79467444037306],[-48.25340525025206,-24.79653574023217],[-48.24897670970734,-24.79963399011649],[-48.2390484200485,-24.8028259196804],[-48.24014690955221,-24.80423558000797],[-48.24264945031183,-24.80332369982887],[-48.2423678402036,-24.80457302002878],[-48.24490640960306,-24.80624209969312],[-48.24899578972389,-24.80710579959293],[-48.25156547027018,-24.80259719960105],[-48.25389193996102,-24.80437861987735],[-48.25005719028707,-24.80860106009078],[-48.25381010974871,-24.80863831990251],[-48.25420997980666,-24.81136898988694],[-48.26096309966726,-24.81454672994761],[-48.26378596994653,-24.81094532017033],[-48.26660866036133,-24.81183818958073],[-48.26494838955648,-24.81421644043633],[-48.26611251967699,-24.81636791015092],[-48.27143473992129,-24.81823221014832],[-48.27058676017083,-24.8213201699898],[-48.25767820988142,-24.81683426978566],[-48.25101137007863,-24.82181958960234],[-48.24569795959314,-24.81856698008204],[-48.23625146013671,-24.81599348011497],[-48.22470200039697,-24.81661977967906],[-48.22712013978258,-24.82226892956743],[-48.22992845993042,-24.82355512017261],[-48.2294620499336,-24.82519673004504],[-48.23337180036827,-24.82554281974529],[-48.23226254957694,-24.82689037019441],[-48.23285268020697,-24.82821462010861],[-48.23090095981138,-24.82918769015976],[-48.2365873299413,-24.83315488029342],[-48.24176675043515,-24.82878394042649],[-48.2402261299319,-24.82782242036836],[-48.24061928025554,-24.82674115018386],[-48.24483629036246,-24.82803712001703],[-48.23893427989304,-24.83378134982939],[-48.24087001034269,-24.83446034966533],[-48.24469386023344,-24.84001935960572],[-48.23561346039281,-24.8426529603658],[-48.23685156964416,-24.86523244042473],[-48.23348860971151,-24.86559524042798],[-48.22681390983405,-24.86065312044514],[-48.22542261006538,-24.85742286986948],[-48.22279858978305,-24.85697357037395],[-48.21939552008712,-24.85864583004098],[-48.22178666002628,-24.86296283037029],[-48.23019064018587,-24.86672393995781],[-48.22982527981276,-24.87074737009499],[-48.23579691039907,-24.87017744992932],[-48.23782904997063,-24.87208750023791],[-48.23808842973722,-24.87618184011978],[-48.23552732962253,-24.87912934024683],[-48.22937606035686,-24.8799721201172],[-48.22631023013298,-24.88350915012711],[-48.22547358993421,-24.88647640026562],[-48.22423485025809,-24.88488641957258],[-48.22177710023294,-24.8845201301998],[-48.22108622035273,-24.8885765897378],[-48.21789871994991,-24.88795298004595],[-48.21541144967864,-24.88483524994678],[-48.21575068024964,-24.88735879976878],[-48.21053954966044,-24.88782986015985],[-48.20850677966411,-24.8896827900287]]]}},{"type":"Feature","id":"uc-uso-sustentavel-008","properties":{"id":"uc-uso-sustentavel-008","nome":"Área de Proteção Ambiental Campos do Jordoo","nome_origem":"Frea de Prote Co Ambiental Campos do Jordoo","natureza":"camada fornecida para a demonstração","fonte_arquivo":"assets/layers/Areas_Protegidas_US_DG_UCs_Uso_Sustentavel/Areas_Protegidas_US_DG_UCs_Uso_Sustentavel.kml","tipo":"Unidade de Conservação","categoria":"Área de Proteção Ambiental","orgao_gestor":"Fundação Florestal do Estado de São Paulo"},"geometry":{"type":"Polygon","coordinates":[[[-45.58474935030222,-22.79239821980195],[-45.58119127975374,-22.7894269496939],[-45.58071800972834,-22.78616623008742],[-45.58212282990462,-22.78289700019639],[-45.58047581960335,-22.78021415975564],[-45.58154158007983,-22.77772767009583],[-45.56957495991645,-22.77694338033268],[-45.56601580028894,-22.77852875020159],[-45.5604816098384,-22.77310294964138],[-45.55722715041264,-22.77552953995627],[-45.55325259033475,-22.77418470995633],[-45.55051723038582,-22.76950995032388],[-45.54771320000413,-22.77095872036858],[-45.54466815041479,-22.76935415986657],[-45.54201427983509,-22.76997243028336],[-45.5404159597287,-22.76683100035035],[-45.53759630002918,-22.76700066015229],[-45.53669845017328,-22.76469255012103],[-45.53046256999158,-22.76099230035436],[-45.52722353034159,-22.75536171966758],[-45.52000404005435,-22.75389569972674],[-45.50489186027107,-22.74461473038548],[-45.49887969004561,-22.74434578992623],[-45.49486085994067,-22.74254684006456],[-45.49351145958616,-22.7363868401805],[-45.49053576031702,-22.73537620994409],[-45.48170343036895,-22.728085049985],[-45.48180199966254,-22.72507411977477],[-45.47806690026721,-22.72329810981989],[-45.47708157965116,-22.71996504964727],[-45.46490811002121,-22.7141853496741],[-45.45938916038142,-22.71449621023186],[-45.45973042971553,-22.71714945038678],[-45.45632500019855,-22.71915280985422],[-45.45418964003983,-22.71849440988905],[-45.45278672013097,-22.71601990999079],[-45.44861583984908,-22.71575131037463],[-45.4473257299984,-22.714487090207],[-45.4478459203529,-22.70978796973895],[-45.44544282032984,-22.70731705993433],[-45.44545181984557,-22.70504813965988],[-45.43999074967331,-22.70389550017717],[-45.43367426955183,-22.69984733958302],[-45.43363698006254,-22.69840438995061],[-45.43072113966883,-22.69637081955761],[-45.42734727006041,-22.69519056009625],[-45.42520391043206,-22.69152874015919],[-45.42543784028408,-22.68879238016416],[-45.4271630601271,-22.68700978986988],[-45.42442619021648,-22.68420957980823],[-45.42464871036964,-22.67978948030026],[-45.41938159968106,-22.67578330995173],[-45.41269963957666,-22.67498773009964],[-45.40843186993482,-22.67221756998481],[-45.4055654302004,-22.66722041958667],[-45.40193501998516,-22.6648355200432],[-45.39974837958403,-22.65592123038044],[-45.40018902040691,-22.6538892104187],[-45.40456109971495,-22.65421808979295],[-45.41056186024161,-22.65241194985157],[-45.41114604005764,-22.64816412987068],[-45.40821728000344,-22.64476080027066],[-45.40904908005098,-22.6428184795891],[-45.41182795999231,-22.6415324796402],[-45.40900459958254,-22.63418481977357],[-45.40993336992904,-22.63164341031506],[-45.41363459006425,-22.62896713042869],[-45.41265917008457,-22.62279079975553],[-45.41915390033222,-22.62089803981263],[-45.42423012991651,-22.6216916996122],[-45.43541655043339,-22.61996813991766],[-45.43666001964414,-22.61849076963324],[-45.43672786989526,-22.61241033007263],[-45.44552956983375,-22.61007234995895],[-45.44663010979167,-22.60512388975565],[-45.45169604033993,-22.60712199988035],[-45.47251478992558,-22.58903240042491],[-45.47818163037789,-22.58965563959606],[-45.48130634011545,-22.59167877965189],[-45.47849570960926,-22.59087606997463],[-45.47600151995414,-22.59467441958873],[-45.47629143979805,-22.59655768988546],[-45.47468079987897,-22.59736066036612],[-45.47465239029555,-22.59947020008963],[-45.47692242033338,-22.60276149035047],[-45.47755771041994,-22.6090828403008],[-45.48349511011122,-22.61557485999174],[-45.48828026961871,-22.62957989969254],[-45.49614593988315,-22.62470856984459],[-45.49966026021281,-22.62532614958207],[-45.50434083036498,-22.63063727039366],[-45.50739281013006,-22.63180364971862],[-45.50801287019777,-22.63383935959871],[-45.51411978040352,-22.63754100960983],[-45.51612195996046,-22.64113668980633],[-45.52488666988387,-22.64677301985893],[-45.53322070976787,-22.64716875033753],[-45.54033213032352,-22.65267618955448],[-45.54420175031049,-22.65082237025615],[-45.55384156983251,-22.65461971982415],[-45.55878685003307,-22.65336534993094],[-45.56624170009434,-22.65678051011241],[-45.57370980975986,-22.65736440034675],[-45.57747566956647,-22.65385513960297],[-45.57826691018971,-22.65590629983581],[-45.58854883036418,-22.66159910011834],[-45.59073587995687,-22.66433235025772],[-45.59191243960737,-22.66798984985166],[-45.59014808036954,-22.6736609503925],[-45.59574288962261,-22.67554017014271],[-45.60259009026043,-22.68232227964944],[-45.61892893991859,-22.6872822601681],[-45.61731653013373,-22.68956859041805],[-45.61381022995812,-22.68968210014873],[-45.61109885043157,-22.69395026009636],[-45.61770438974577,-22.7043373901584],[-45.62030590988979,-22.71288166995305],[-45.61959351013235,-22.71571811999519],[-45.62552495990894,-22.71729232028429],[-45.62899888988682,-22.72141511021914],[-45.62466810025256,-22.72405161039347],[-45.62445574963311,-22.72597979013517],[-45.61682626022366,-22.72594484967505],[-45.63028043999026,-22.73076341989588],[-45.64282967964596,-22.73041592005865],[-45.65758362978067,-22.7382841596862],[-45.65840168009339,-22.75866902955204],[-45.67610081010429,-22.78715005962749],[-45.67278632992515,-22.79021585028124],[-45.66807419986441,-22.79094019033749],[-45.6627297798554,-22.78926772022908],[-45.65695298019585,-22.79029831991147],[-45.65421041038206,-22.78830991976696],[-45.64479420998475,-22.78684875976239],[-45.64336309992706,-22.7855945103783],[-45.64005169992595,-22.7931118399394],[-45.63619061990113,-22.79262952992883],[-45.63262032037147,-22.79382941979185],[-45.62835616960149,-22.79243252983736],[-45.61616822987986,-22.79495956003564],[-45.61417272958778,-22.79685856037423],[-45.61205956020052,-22.79335628016815],[-45.60334720970593,-22.79212125019552],[-45.59832522003285,-22.78932379026065],[-45.58474935030222,-22.79239821980195]]]}},{"type":"Feature","id":"uc-uso-sustentavel-009","properties":{"id":"uc-uso-sustentavel-009","nome":"Área de Proteção Ambiental Cuesta Corumbatae","nome_origem":"Frea de Prote Co Ambiental Cuesta Corumbatae","natureza":"camada fornecida para a demonstração","fonte_arquivo":"assets/layers/Areas_Protegidas_US_DG_UCs_Uso_Sustentavel/Areas_Protegidas_US_DG_UCs_Uso_Sustentavel.kml","tipo":"Unidade de Conservação","categoria":"Área de Proteção Ambiental","orgao_gestor":"Fundação Florestal do Estado de São Paulo"},"geometry":{"type":"Polygon","coordinates":[[[-47.57189330023556,-22.17565618008859],[-47.56670672023893,-22.17304947984957],[-47.56581543993059,-22.16923117967514],[-47.56704040019429,-22.16516106033464],[-47.56415735987423,-22.16187064961076],[-47.56178588001433,-22.16134646986364],[-47.55902105018129,-22.15681457023618],[-47.55208378963516,-22.15643493042768],[-47.55005182992795,-22.15258383017959],[-47.55946412007302,-22.15366044996972],[-47.56417888964398,-22.15098552985825],[-47.56465896034268,-22.14768449004714],[-47.56823627008777,-22.14743860011129],[-47.56981703003186,-22.1492066897369],[-47.5729886897762,-22.14817977997285],[-47.57559324962875,-22.14560362970371],[-47.57523971983716,-22.14380187035999],[-47.57798360985566,-22.14244762985419],[-47.58258232011792,-22.14422559043862],[-47.58474167958479,-22.14296718978392],[-47.58779399030038,-22.14353811988826],[-47.58833909007689,-22.14165707991026],[-47.58677968003815,-22.13851941993522],[-47.59057999017438,-22.13765833976055],[-47.59248772023204,-22.14103056990484],[-47.59856657968385,-22.14203348036079],[-47.60019961002394,-22.14368289994582],[-47.60120565012062,-22.15033295030537],[-47.59904124006113,-22.15468808998332],[-47.60138314031963,-22.1552916798671],[-47.60267156034422,-22.15731857009587],[-47.6048503100937,-22.15669338029522],[-47.60909928030748,-22.16022374992605],[-47.60979319989622,-22.16222407957758],[-47.61211851036092,-22.15981889042939],[-47.61423958029235,-22.16199938036709],[-47.61295562989835,-22.16657348967476],[-47.60583655970942,-22.1669276103209],[-47.60465505019039,-22.17029127981868],[-47.60157030002927,-22.1709958599709],[-47.59831360039232,-22.17468338972662],[-47.59449053021376,-22.17266075958634],[-47.5891773499547,-22.17208896973011],[-47.58984477012001,-22.16625729973453],[-47.58864602959056,-22.16446988997342],[-47.58281584977163,-22.16725810038099],[-47.57854786968841,-22.16484125961637],[-47.5788616800225,-22.17046058978434],[-47.57683797968895,-22.17058016993883],[-47.57189330023556,-22.17565618008859]]]}},{"type":"Feature","id":"uc-uso-sustentavel-010","properties":{"id":"uc-uso-sustentavel-010","nome":"Área de Proteção Ambiental Cuesta Corumbatae","nome_origem":"Frea de Prote Co Ambiental Cuesta Corumbatae","natureza":"camada fornecida para a demonstração","fonte_arquivo":"assets/layers/Areas_Protegidas_US_DG_UCs_Uso_Sustentavel/Areas_Protegidas_US_DG_UCs_Uso_Sustentavel.kml","tipo":"Unidade de Conservação","categoria":"Área de Proteção Ambiental","orgao_gestor":"Fundação Florestal do Estado de São Paulo"},"geometry":{"type":"Polygon","coordinates":[[[-48.42438997032082,-22.58770088039125],[-48.41908469959918,-22.58620018978689],[-48.41824353041454,-22.5730228995871],[-48.41874807976001,-22.56780322004255],[-48.42066510970699,-22.56643294012804],[-48.42301540963342,-22.5670077903772],[-48.42652965981591,-22.57227024977215],[-48.42508925976148,-22.58078534027118],[-48.42699000028824,-22.58369917967337],[-48.42438997032082,-22.58770088039125]]]}},{"type":"Feature","id":"uc-uso-sustentavel-011","properties":{"id":"uc-uso-sustentavel-011","nome":"Área de Proteção Ambiental Cuesta Corumbatae","nome_origem":"Frea de Prote Co Ambiental Cuesta Corumbatae","natureza":"camada fornecida para a demonstração","fonte_arquivo":"assets/layers/Areas_Protegidas_US_DG_UCs_Uso_Sustentavel/Areas_Protegidas_US_DG_UCs_Uso_Sustentavel.kml","tipo":"Unidade de Conservação","categoria":"Área de Proteção Ambiental","orgao_gestor":"Fundação Florestal do Estado de São Paulo"},"geometry":{"type":"Polygon","coordinates":[[[-47.95430342985935,-22.66500862964449],[-47.94333606980376,-22.66174583979864],[-47.94099663998293,-22.6556506495578],[-47.94568033977583,-22.651205699983],[-47.94404594966079,-22.64565268042679],[-47.94482145034959,-22.6438573899066],[-47.94784476962036,-22.64237703027567],[-47.94823357981579,-22.63668640994979],[-47.94967538011468,-22.63436934986555],[-47.94785904006261,-22.62699968988375],[-47.94833223004832,-22.61888801007353],[-47.94624856022284,-22.61655887029559],[-47.94723361014297,-22.61372528009753],[-47.94510342018663,-22.60996850973891],[-47.94564232992951,-22.60645577041743],[-47.95079088029485,-22.60254318981629],[-47.95093695987276,-22.60005002988493],[-47.95494794968806,-22.59332360010404],[-47.95477618996915,-22.59123593009406],[-47.95882769963856,-22.58680439031031],[-47.9572457498914,-22.58297728037712],[-47.95705334983217,-22.57541441004696],[-47.95558764015743,-22.57471377971711],[-47.95490550978138,-22.5718925498013],[-47.9547013402946,-22.5690729296719],[-47.95635851023701,-22.56790398997708],[-47.95456548960561,-22.56434471973296],[-47.94343496015523,-22.56348681956104],[-47.90674245969672,-22.5663690801689],[-47.87914711974372,-22.55882136971042],[-47.86567237967654,-22.56624779040317],[-47.86168765995751,-22.56671144038063],[-47.85618969959489,-22.56523969985221],[-47.84761525024356,-22.56039057966149],[-47.84657506019084,-22.55746747994021],[-47.8396932698285,-22.5558311697726],[-47.83795331998971,-22.55339364010439],[-47.8386540402517,-22.55102027976204],[-47.83675695007315,-22.54522105011131],[-47.83156627006724,-22.54199215031741],[-47.83013543969872,-22.53753194014689],[-47.8359553600518,-22.52544005971095],[-47.83500299958871,-22.52019576032603],[-47.8327554103339,-22.5190390298273],[-47.83242762993115,-22.51742945020891],[-47.83420267041686,-22.51534062996603],[-47.83483716999933,-22.50195395960748],[-47.74682385963337,-22.46613912012424],[-47.71412669988723,-22.41793099961592],[-47.71295469979952,-22.41948444984746],[-47.71004139009801,-22.41980063978764],[-47.71073338963419,-22.42103740994844],[-47.7073317399678,-22.42741782017623],[-47.70331130996891,-22.42262423042388],[-47.70308586971709,-22.42421945956039],[-47.70060089001902,-22.4242032996425],[-47.70086928009317,-22.42201159965555],[-47.69992650010784,-22.42171587019124],[-47.69678653966702,-22.42769547956271],[-47.69860628994826,-22.43026305029946],[-47.69675571990052,-22.43212730982742],[-47.69508222006834,-22.43190247032271],[-47.69666299979758,-22.43456162981533],[-47.69513506962772,-22.43825391968261],[-47.69371990005328,-22.4368286902918],[-47.69190794959218,-22.43838723967934],[-47.69110402043418,-22.43738235970807],[-47.6896892402662,-22.44050939958908],[-47.68812138019752,-22.43811092028272],[-47.68214839972882,-22.43881602024311],[-47.68170427043572,-22.43712719956056],[-47.68108854959684,-22.43863954987529],[-47.68295766006793,-22.44095367007577],[-47.67690868958431,-22.44089531037025],[-47.67639996019,-22.44373280992119],[-47.6720777896582,-22.4436898097369],[-47.67101672004554,-22.44826868005549],[-47.66705327019224,-22.44850751031328],[-47.66849946997451,-22.45064924037013],[-47.66570693023061,-22.45178864992619],[-47.66102662987504,-22.44887430960165],[-47.66021726971121,-22.45119496967209],[-47.6539858699519,-22.44877185973348],[-47.65696235972507,-22.44697229023893],[-47.65466175993225,-22.44391536959859],[-47.65672371023101,-22.44128338042361],[-47.65233525966448,-22.43938192043925],[-47.65304411969032,-22.43725425038332],[-47.64976077044315,-22.43585274960469],[-47.64930566042784,-22.43334940035447],[-47.6534892499289,-22.42447356030652],[-47.65199671977274,-22.42475845024222],[-47.65127693028609,-22.4232683599468],[-47.65348343041592,-22.42127597040968],[-47.65476965969202,-22.42199107982441],[-47.65608503959288,-22.42094448030349],[-47.65522373998357,-22.41971026961323],[-47.65173054023222,-22.41931964998184],[-47.6541446101856,-22.41322362966673],[-47.65310475018401,-22.41116173962251],[-47.65764568979671,-22.40955742013881],[-47.65791901984687,-22.4059799898846],[-47.66042488989672,-22.40423482038062],[-47.65639943988219,-22.39953803994854],[-47.66099066958367,-22.39726075957634],[-47.66062411041435,-22.39633543992858],[-47.66309015039008,-22.39423042019769],[-47.66339080004536,-22.39044350995999],[-47.66542300976403,-22.38791244000703],[-47.66434762024642,-22.38562093955466],[-47.66551193023133,-22.3844243897737],[-47.66487466973018,-22.38198157029319],[-47.66941160016518,-22.37813507007741],[-47.66590842963029,-22.37473775963986],[-47.66544193959379,-22.36737159981942],[-47.66825393976745,-22.36589535009028],[-47.66851805986056,-22.35817155956977],[-47.67063963970759,-22.35668266986926],[-47.67103960959025,-22.35486860959861],[-47.66965898027769,-22.35325323025234],[-47.67228693959055,-22.34704145010278],[-47.66871237007979,-22.34229758026908],[-47.67160336040672,-22.33470482007135],[-47.66825107003081,-22.32948320968234],[-47.6687114401808,-22.32659427970219],[-47.6713446803127,-22.32410506959326],[-47.67052515960836,-22.32260101012849],[-47.67204923978056,-22.31790146967705],[-47.67084451965883,-22.31004359023945],[-47.67488062034431,-22.30406491976021],[-47.67350493010838,-22.29747306992618],[-47.64977291039145,-22.25194849043044],[-47.64700729994689,-22.19371560998735],[-47.64792028988944,-22.19256393997381],[-47.6468782202536,-22.18775139970728],[-47.64926176991469,-22.18280380015523],[-47.64787538044442,-22.18056474007068],[-47.64890909987503,-22.17650431002585],[-47.6529085100197,-22.173489549603],[-47.65340435033045,-22.17031175018707],[-47.65688640028708,-22.16658037038775],[-47.65690781044708,-22.1600298300126],[-47.66143151994862,-22.15753266000422],[-47.66007692960659,-22.15616126043381],[-47.66127563955905,-22.15370989019925],[-47.65981602998573,-22.15147050995603],[-47.66098418996836,-22.14694086043232],[-47.65942007018003,-22.14438062006951],[-47.66036032037243,-22.14373009007153],[-47.65932199011769,-22.14181817007244],[-47.66049467998545,-22.14044190966638],[-47.65938181032226,-22.1391350103724],[-47.66009732982786,-22.1376749997014],[-47.62311561009727,-22.06886915958398],[-47.86119798989529,-22.04516564028205],[-47.91975213964946,-22.15038764977015],[-47.96161156002546,-22.24292419029911],[-48.04923217962136,-22.29079067005335],[-48.10573844986953,-22.2917814198766],[-48.10908667980641,-22.29403807969356],[-48.10983426014297,-22.30413254967738],[-48.10583005031651,-22.31373061997209],[-48.10599799960795,-22.32986298978511],[-48.09717469975254,-22.33015904030742],[-48.09203448969987,-22.33503470039108],[-48.08847809009177,-22.35266314009181],[-48.07783058021704,-22.35793001965465],[-48.03626858992345,-22.40142086957741],[-48.13144880002204,-22.45700686987112],[-48.17680435014063,-22.43959780989098],[-48.20029423009458,-22.44013090012089],[-48.20360271988955,-22.43755078024429],[-48.2083839898292,-22.42968306042485],[-48.2104651703313,-22.42878573037711],[-48.21575365970358,-22.41920697032538],[-48.22002168025631,-22.41681086972579],[-48.23286250979697,-22.41933954028752],[-48.23638821014777,-22.41848098990573],[-48.25951353012528,-22.40338982997662],[-48.26952155997196,-22.40272881028631],[-48.29487450965087,-22.40543188007717],[-48.30262183003339,-22.40008930997362],[-48.31768578996719,-22.40290192978017],[-48.32743879006807,-22.39770958962583],[-48.33906637031669,-22.39813889989028],[-48.34821841015145,-22.39253911019176],[-48.3567020702443,-22.39025188961295],[-48.43360091035368,-22.40642999984459],[-48.49697411955992,-22.51928872029816],[-48.4943091801245,-22.52017715964814],[-48.49524675033723,-22.52578989958414],[-48.49402590986779,-22.53022160034652],[-48.49222740966718,-22.53198019043339],[-48.49354883031424,-22.53328542957888],[-48.49020635963575,-22.53959432032156],[-48.48627704984591,-22.53858141030378],[-48.48069395965848,-22.53916207017335],[-48.47905624025327,-22.53842144969013],[-48.47509242977179,-22.53039045975186],[-48.47744286009987,-22.52452409031446],[-48.47378983013652,-22.52683387038678],[-48.47275508008283,-22.52229381031106],[-48.47061171955517,-22.52238378028716],[-48.4685223804035,-22.51994056960154],[-48.4643808297115,-22.51861869030029],[-48.45365145005434,-22.52073687970318],[-48.45249772958653,-22.52350635993054],[-48.45084438985668,-22.52374197960864],[-48.45027059001569,-22.52138749963336],[-48.45402289973697,-22.51642842023534],[-48.45239341992033,-22.51600452029231],[-48.45055094017368,-22.51633104973808],[-48.448248469791,-22.52001212955611],[-48.44649959957684,-22.51989773039588],[-48.44683176957045,-22.51715767958319],[-48.44526232039971,-22.51663899019718],[-48.44391128957432,-22.51148442966263],[-48.44443161033053,-22.5091328598935],[-48.4461186503554,-22.50832457981545],[-48.44446897985949,-22.50667976026267],[-48.44652575995582,-22.49943884992297],[-48.44237803002204,-22.50478058005967],[-48.44225365018576,-22.51834883972714],[-48.43266269982371,-22.51800746966893],[-48.43136138981623,-22.51612793965262],[-48.4277915003774,-22.51518442042465],[-48.42387279988975,-22.50989478981268],[-48.42543985956183,-22.51304878956995],[-48.42431322037879,-22.51396785982882],[-48.42481564012962,-22.51721403020326],[-48.42845461998468,-22.51736610016536],[-48.43136276038302,-22.5194166803355],[-48.44183864004117,-22.52220514974783],[-48.44484523012324,-22.52573758961802],[-48.44461208987599,-22.52905966007523],[-48.43956760995718,-22.53069378039362],[-48.43901525984631,-22.53245528967983],[-48.43647271994001,-22.53174042038404],[-48.43472887963406,-22.52840128978767],[-48.43355405027916,-22.52897748002664],[-48.4338000499323,-22.53175558025578],[-48.4316513096602,-22.53129246987152],[-48.42861563010717,-22.53270373009303],[-48.42506227020755,-22.53131803040276],[-48.42404246958426,-22.53443150041335],[-48.41866875955554,-22.5317526799422],[-48.41848191011201,-22.53296929000066],[-48.42010610011641,-22.53305400973471],[-48.42257342971999,-22.53567094965456],[-48.42081823996978,-22.53677574970106],[-48.41896916009864,-22.53618635021985],[-48.41937627959157,-22.53781242969984],[-48.41658511041447,-22.53996036957534],[-48.41120942997117,-22.54155121002026],[-48.40996216022546,-22.54011563033202],[-48.41076463967636,-22.53648330006422],[-48.40868063979963,-22.53422087019698],[-48.40808280018103,-22.53901740972566],[-48.40641694008968,-22.53866373963984],[-48.40507706985085,-22.5363121896558],[-48.4038916896497,-22.53661168997746],[-48.40284443002639,-22.53825764987062],[-48.40481600025817,-22.53858013956176],[-48.40752638963113,-22.54242802023691],[-48.40266051956729,-22.54558846993189],[-48.40019937999733,-22.54509102972719],[-48.4003252697953,-22.54755391038464],[-48.39571968961195,-22.55055136964995],[-48.39277248985849,-22.55016236969755],[-48.39275757999826,-22.55638374021737],[-48.39092122013818,-22.55965791008441],[-48.38878735015606,-22.55963046007764],[-48.38020261975504,-22.55266613983042],[-48.38154658011052,-22.55602000042262],[-48.38808530968925,-22.5637210596791],[-48.37884030963255,-22.57017753996143],[-48.37586042042204,-22.56446611022278],[-48.37603823977292,-22.56908639971755],[-48.37483353044303,-22.57080177018548],[-48.36272685975672,-22.56734374022136],[-48.36043203001412,-22.56183200044643],[-48.36168560041011,-22.55428694029001],[-48.36045240955104,-22.54805151966184],[-48.36008889009014,-22.55601737979822],[-48.3587363897725,-22.55727342962501],[-48.35944550970248,-22.55943445013969],[-48.35825545032873,-22.56200654986236],[-48.35897806008938,-22.56550289993885],[-48.36190811966395,-22.56971163988021],[-48.36090641969548,-22.57137242959391],[-48.367252640397,-22.57147658008006],[-48.37374985996803,-22.57474157956023],[-48.37195810018613,-22.57731839982426],[-48.36863500989773,-22.57857832033318],[-48.36942805995699,-22.58042836967348],[-48.36756969998163,-22.58813688970565],[-48.36394210014777,-22.58934114038129],[-48.36168979035148,-22.59305762021296],[-48.35293642987227,-22.59900496011079],[-48.34966892038432,-22.60341659969629],[-48.3411591700596,-22.60720344967939],[-48.33743737973123,-22.60351828963729],[-48.33604174972692,-22.60536099961041],[-48.33758394044645,-22.60605457026219],[-48.33772825015859,-22.60911351977308],[-48.33487760971389,-22.61340089013891],[-48.32846501005213,-22.61140668037393],[-48.32222576011071,-22.60649582981864],[-48.3194471103958,-22.60624630032646],[-48.31802338017479,-22.60466178031686],[-48.31783667012616,-22.6017547002192],[-48.31591343036047,-22.60297094964955],[-48.31527889030849,-22.60100059979777],[-48.31158346990117,-22.60165729015176],[-48.30552334962283,-22.60048144006635],[-48.30159463968084,-22.59500657968988],[-48.30146920044319,-22.59221605982327],[-48.30540703041009,-22.58798465966424],[-48.30435691004334,-22.58525173957605],[-48.30862029998679,-22.58275968041488],[-48.3078250097164,-22.57861564039945],[-48.30935021044382,-22.57535995969437],[-48.31308656978933,-22.57215478041871],[-48.31434447042091,-22.56858944964335],[-48.31788972023435,-22.56795904017753],[-48.315696620003,-22.56456798992076],[-48.31881108016717,-22.56072849992029],[-48.31956919965882,-22.557510439655],[-48.31690572971559,-22.55377036970674],[-48.31813239959052,-22.55300728955473],[-48.31602420974946,-22.55287008988267],[-48.31495019979184,-22.55061618019249],[-48.3160055704007,-22.54454248015128],[-48.31435597005191,-22.54215529992712],[-48.31225933020386,-22.5442912203635],[-48.31224960043869,-22.55281425007752],[-48.31623550996079,-22.55852175967141],[-48.31301511955206,-22.56376129984409],[-48.31324079003042,-22.56540527043683],[-48.30991051955482,-22.56662775037034],[-48.31064275026267,-22.56996549960809],[-48.30574771968145,-22.57212480961221],[-48.3053129100627,-22.57553869005847],[-48.30124037963975,-22.57872264983035],[-48.30248104026776,-22.58164743038458],[-48.29571517971175,-22.58938241026999],[-48.28870012960726,-22.58791365998735],[-48.2825482200243,-22.58224826024895],[-48.28146795977847,-22.57954364991946],[-48.27976263024112,-22.58159089000753],[-48.2745821296615,-22.57984125986621],[-48.2749294999964,-22.57572284962976],[-48.27136945004003,-22.57787662970264],[-48.26695491014095,-22.57771491990758],[-48.26624671021744,-22.57400013979458],[-48.26325924961463,-22.57565527996718],[-48.26407955992369,-22.57924831975413],[-48.26300769035259,-22.58085664032166],[-48.25834041038161,-22.58162638984595],[-48.25722826017602,-22.58016223959561],[-48.25562939957706,-22.58319574998382],[-48.25034971007102,-22.58143015957415],[-48.24773735039838,-22.57782446992331],[-48.25004354037702,-22.58523133036158],[-48.2466770595986,-22.59399252033847],[-48.24699889997919,-22.60209934021236],[-48.24487749999656,-22.61084206980564],[-48.24267333001012,-22.60733982017649],[-48.243099050181,-22.59690622034577],[-48.24093454029673,-22.59205879987366],[-48.23738977971453,-22.58969968029595],[-48.23702887008625,-22.58781416978803],[-48.2319709201218,-22.58613659962435],[-48.22617652972303,-22.5871107101911],[-48.2227725903827,-22.5849712500231],[-48.21777279957502,-22.59013079999636],[-48.21417031960453,-22.58824860978547],[-48.21309985027784,-22.58256511029157],[-48.21557004961807,-22.56968863971889],[-48.21419648987609,-22.5677665798637],[-48.21192552004669,-22.57798553040783],[-48.20874769005383,-22.5785892300089],[-48.21119639020122,-22.58117991961757],[-48.21115579030743,-22.58498109040494],[-48.20967920962778,-22.5922152702185],[-48.20643629030252,-22.5959282498888],[-48.20587338035216,-22.60396988959866],[-48.20704158979748,-22.60778666991882],[-48.20549974981355,-22.61168083959905],[-48.20175190972282,-22.61461129037872],[-48.19900575970803,-22.61521682999268],[-48.19449855996055,-22.6128688898873],[-48.18978620956585,-22.61660266008465],[-48.18758601997882,-22.61662671964734],[-48.18530059984278,-22.61353358960343],[-48.18086180972472,-22.61118374023738],[-48.17950465001957,-22.60422601022213],[-48.18119052002646,-22.59973266003419],[-48.17450523962509,-22.59735852987222],[-48.1725963602338,-22.59430117036266],[-48.17301771959205,-22.58966194024629],[-48.17191997023042,-22.58891871982303],[-48.17080698005805,-22.59134520042062],[-48.17135747037094,-22.59574967960401],[-48.17329241031644,-22.59753212960408],[-48.17357149962498,-22.60023946038274],[-48.17684277997029,-22.60194612001737],[-48.17750294980124,-22.60461050996702],[-48.17737912035011,-22.60829641015118],[-48.17590401995449,-22.60878858032868],[-48.17715628003828,-22.6109236104362],[-48.17613435971288,-22.61721308031935],[-48.17496924033816,-22.62037335014992],[-48.17198467015635,-22.62316393027112],[-48.16846119023171,-22.62454047036636],[-48.16634697043628,-22.62385416983403],[-48.16617742035163,-22.62562659958786],[-48.16018912982446,-22.63272063984562],[-48.15636839968187,-22.62967342019215],[-48.15082643998818,-22.61868158958367],[-48.14648805018334,-22.61672072038488],[-48.14501896984956,-22.61404184955165],[-48.13799282031238,-22.6140041796491],[-48.13513418039804,-22.61599567975679],[-48.13188301968557,-22.61412876992677],[-48.12718893002506,-22.6159735600317],[-48.11940516011998,-22.61454864000768],[-48.11591097021505,-22.61796078026578],[-48.11330725032929,-22.61559518017339],[-48.11181186032906,-22.61732649022531],[-48.10870041019575,-22.61743918966681],[-48.09542888993127,-22.61588067984945],[-48.08495146973451,-22.62175304956355],[-48.08187839996816,-22.6308634795659],[-48.08279422996969,-22.63615830016539],[-48.08995959995553,-22.64342241031596],[-48.08972339032215,-22.6448947003301],[-48.08296519019132,-22.64357318975084],[-48.07533618012059,-22.63934822963705],[-48.07534996043228,-22.63181130025129],[-48.0798486202176,-22.6239030300008],[-48.08007018978736,-22.62082480981707],[-48.07869813011456,-22.62111570992204],[-48.07624906034584,-22.62819493025177],[-48.0737444601387,-22.6305400500832],[-48.07287482021673,-22.6367544796355],[-48.07072299976659,-22.63840923040163],[-48.06244524035554,-22.6363298800199],[-48.05695607985916,-22.63736180979964],[-48.05097760992874,-22.64090264034451],[-48.04494467975314,-22.63962002004786],[-48.04607873024918,-22.63696671963834],[-48.04440107015324,-22.62549525000571],[-48.04337744021666,-22.62807926034952],[-48.04454832964166,-22.6298824604072],[-48.0436184099616,-22.63094835038601],[-48.04429187986631,-22.64354122964397],[-48.04270191985768,-22.6449126004361],[-48.03698808982847,-22.64515540030146],[-48.0314576801278,-22.6473138100842],[-48.02986439982215,-22.65122560018125],[-48.02075162978383,-22.65247236001136],[-48.01940965962802,-22.65130570999048],[-48.01828957020746,-22.6532812399372],[-48.01432387025039,-22.65428585011188],[-48.01212338028972,-22.65423850979937],[-48.00973588979946,-22.65218946027534],[-48.00331594987114,-22.65310007960494],[-47.99877252992826,-22.64886259013639],[-47.99968750017797,-22.6476089702777],[-47.99819291956754,-22.64603769008727],[-47.99107345997214,-22.64325481985401],[-47.98935846002485,-22.64658009009901],[-47.98321015042808,-22.64481479017036],[-47.97808229975828,-22.64784249993136],[-47.97652376026326,-22.65136605989568],[-47.97387938022916,-22.65265161018363],[-47.97363659025638,-22.6582138603813],[-47.96566630005964,-22.66281204993612],[-47.96250640974296,-22.66134710018849],[-47.95914033006216,-22.66395627985838],[-47.95430342985935,-22.66500862964449]]]}},{"type":"Feature","id":"uc-uso-sustentavel-012","properties":{"id":"uc-uso-sustentavel-012","nome":"Área de Proteção Ambiental Cuesta Guarani","nome_origem":"Frea de Prote Co Ambiental Cuesta Guarani","natureza":"camada fornecida para a demonstração","fonte_arquivo":"assets/layers/Areas_Protegidas_US_DG_UCs_Uso_Sustentavel/Areas_Protegidas_US_DG_UCs_Uso_Sustentavel.kml","tipo":"Unidade de Conservação","categoria":"Área de Proteção Ambiental","orgao_gestor":"Fundação Florestal do Estado de São Paulo"},"geometry":{"type":"Polygon","coordinates":[[[-48.24421447032148,-23.38811754998488],[-48.24070911983,-23.38621503959234],[-48.2394104403395,-23.38309662960575],[-48.23609303016917,-23.38186274986595],[-48.23526751008745,-23.37923283003101],[-48.23343508026471,-23.3802505496231],[-48.22944597005545,-23.37947614970449],[-48.22853402962176,-23.38045017033903],[-48.22755536039153,-23.37926522990637],[-48.22372469004239,-23.3800265401926],[-48.2233042596838,-23.38443390979705],[-48.21976887003729,-23.38338906035682],[-48.21725245993304,-23.38501060995162],[-48.21397662991751,-23.38355959969573],[-48.21310650975755,-23.3784634798057],[-48.21458270013147,-23.37497934971719],[-48.20994648993855,-23.37319159011975],[-48.21127795961013,-23.36933691956312],[-48.20674252025105,-23.36109968989871],[-48.2067987998247,-23.35763109020263],[-48.20862316003075,-23.35575548033108],[-48.2066388796805,-23.35461374962478],[-48.20494982967085,-23.35125036970874],[-48.20149085002265,-23.35320424038332],[-48.19698498037252,-23.35232871979451],[-48.1948389902272,-23.34945215998914],[-48.18907212987483,-23.34683965012971],[-48.18588195039166,-23.34292220959225],[-48.15079020000769,-23.34834253957649],[-48.14225972030982,-23.33684284022485],[-48.13985378022772,-23.33687364020631],[-48.13887183027072,-23.33477578987078],[-48.13732624011385,-23.3347813800566],[-48.1364653901656,-23.33037127021788],[-48.13216304968495,-23.32490554965136],[-48.13271234030225,-23.32339822025159],[-48.1287235295672,-23.32288328013919],[-48.16574368002676,-23.28954553959494],[-48.21399983962084,-23.2556136997124],[-48.21556873031261,-23.25069326957868],[-48.22240991988184,-23.24721822983742],[-48.22465500002818,-23.24062763006106],[-48.22482665992237,-23.2354156298274],[-48.23783451964732,-23.22503969992215],[-48.23315195030222,-23.21775104007838],[-48.23304453977363,-23.21200556020841],[-48.22943961994247,-23.20934370005165],[-48.22788440973767,-23.2028279301648],[-48.22941964959711,-23.20073710982973],[-48.22801307034689,-23.19740363956629],[-48.22549115998902,-23.19622953956156],[-48.22128750031783,-23.19116265033603],[-48.21656436974985,-23.19130530979214],[-48.20576443018427,-23.18893822042247],[-48.20205752003847,-23.18686546027271],[-48.20061747971289,-23.18446076035576],[-48.19536802001807,-23.18364427036676],[-48.19487216981474,-23.17896754031966],[-48.19021787965136,-23.17472101985913],[-48.19100321982268,-23.17264027013232],[-48.18923029004583,-23.17199728994291],[-48.18944039955477,-23.16849715012336],[-48.18649776026336,-23.16537939034652],[-48.1869153298785,-23.16089046032641],[-48.18449937044954,-23.15868697022745],[-48.18412574980346,-23.15501674972319],[-48.18168730012877,-23.15373371034241],[-48.1822887999881,-23.15002835962105],[-48.18548303001779,-23.14972745006173],[-48.18212551997675,-23.14158059956497],[-48.18197295988415,-23.13910414993654],[-48.18478991981891,-23.13492160994429],[-48.18341295974028,-23.13434256975376],[-48.18335393993232,-23.12811548044505],[-48.18674974040817,-23.12570194019236],[-48.19021314022422,-23.12794537008273],[-48.19234585997344,-23.12642181961127],[-48.19223560039262,-23.12373496999282],[-48.18939401971818,-23.12080890970338],[-48.18931632998459,-23.11843558983054],[-48.1960091898722,-23.11417529985016],[-48.19256537009574,-23.11202326985796],[-48.19964413986514,-23.10894500021152],[-48.20404318984129,-23.1095674003152],[-48.20404936998239,-23.10581835962955],[-48.20678478029333,-23.10480251962053],[-48.21819731015768,-23.11152588001528],[-48.21880960997549,-23.11508627980794],[-48.22405329962004,-23.11989224962758],[-48.22582377964369,-23.12472834044053],[-48.23120941018607,-23.13031124986423],[-48.23320152003407,-23.13089270023789],[-48.23445214964693,-23.13453537001129],[-48.23902669962246,-23.13709932997006],[-48.23894032963244,-23.14274527017801],[-48.23649487963496,-23.14902078977758],[-48.28357397955546,-23.11944077017534],[-48.29541952039449,-23.07729519991352],[-48.2442353103113,-23.07444869005496],[-48.24730838997016,-23.00894816962227],[-48.27670427967871,-22.96994022965782],[-48.28275191017246,-22.96430563979339],[-48.28423604965394,-22.96047229036384],[-48.28942320971333,-22.95756070016614],[-48.29722781960817,-22.93872755023619],[-48.30138850967194,-22.93581874973546],[-48.30683068958461,-22.93526769015176],[-48.31257369002373,-22.92639085005766],[-48.31556890997717,-22.92442001007538],[-48.31181540955345,-22.91955918970478],[-48.30803446002227,-22.9181273404044],[-48.30759890036893,-22.91640124012508],[-48.30183937039061,-22.91418428987305],[-48.30256625013232,-22.91121921969119],[-48.30159546975506,-22.90878870023829],[-48.30300037986359,-22.90561936973808],[-48.30029867974025,-22.90252450040532],[-48.29962064038023,-22.89867593984269],[-48.29533273042114,-22.89022072980282],[-48.29612828958886,-22.88764242026144],[-48.29469096971246,-22.8857171804035],[-48.29490873964659,-22.88021462000864],[-48.29345173001326,-22.87651768963963],[-48.29561252030152,-22.82565396016207],[-48.35074856999046,-22.76511952034951],[-48.35033254990719,-22.76405520958019],[-48.35932876960698,-22.7609380901207],[-48.3640406199786,-22.7570700799202],[-48.36547985001505,-22.75331529976125],[-48.36435352019873,-22.75216568020193],[-48.36629921963322,-22.75108198004932],[-48.36730069027459,-22.74733516968229],[-48.36715855961978,-22.7427681299452],[-48.36976752974766,-22.7407988799643],[-48.37265392004235,-22.74085678011625],[-48.37792252000827,-22.73511280031545],[-48.39180288039859,-22.7456848300908],[-48.39751909003394,-22.7608013104321],[-48.40190434980587,-22.76521293023251],[-48.40620510028509,-22.76701158961311],[-48.40074169007687,-22.76648152020596],[-48.39847338044211,-22.76833938015824],[-48.3969006496452,-22.76658139981168],[-48.39769425998207,-22.7637408596529],[-48.39628137018906,-22.76151334956137],[-48.39234847030559,-22.76307137014754],[-48.39016149985332,-22.76188548003086],[-48.394606239886,-22.75807287975954],[-48.39181554015499,-22.75177506956379],[-48.38760938036859,-22.74750949966364],[-48.38436346000566,-22.7484819500819],[-48.38312720965297,-22.74486709993664],[-48.3795962698519,-22.74063414035322],[-48.37717559977409,-22.74115135035447],[-48.37728933973119,-22.74355986969221],[-48.3726880502133,-22.74507389004793],[-48.37427878993418,-22.74775217991913],[-48.37271939968053,-22.74974684024443],[-48.37087500977384,-22.7498427799203],[-48.37021943008261,-22.75262310956879],[-48.37348247983255,-22.75401836995178],[-48.36990273022678,-22.75670902010518],[-48.37198849996923,-22.75899924981547],[-48.36784417037211,-22.75913764018992],[-48.36638705012223,-22.76178195007691],[-48.36786334032087,-22.76225587031212],[-48.36760576999023,-22.76492808975951],[-48.37072153956734,-22.76955073997465],[-48.37431596970617,-22.77028068010924],[-48.38124797011767,-22.76909739982511],[-48.38304702969663,-22.77061544015038],[-48.38376239002224,-22.77230804967672],[-48.37908353038057,-22.77167165971929],[-48.37558663981156,-22.77326519992897],[-48.37503863972142,-22.77494421979986],[-48.37670121998525,-22.77693224043048],[-48.37741703986444,-22.78357891023848],[-48.38034719027058,-22.78460825986326],[-48.37942810022662,-22.78608891986772],[-48.38019546025225,-22.78755495959365],[-48.38762128019789,-22.78589214011015],[-48.38487324970066,-22.78868520955473],[-48.3855396599273,-22.78998697012253],[-48.38203573036463,-22.7923838099648],[-48.38512625956918,-22.79583331975186],[-48.38642550023661,-22.79524986029276],[-48.38856469960115,-22.79646474005568],[-48.39036141015089,-22.79900099010359],[-48.38565537029905,-22.80269810033701],[-48.38725032963896,-22.8043722099095],[-48.41287346983472,-22.78975063008744],[-48.47524442958672,-22.74720776992262],[-48.4895111899894,-22.75562275958265],[-48.49859537957309,-22.75462880007899],[-48.50564884961466,-22.75712608969724],[-48.50940897984049,-22.76062165016896],[-48.51069770023861,-22.76974983998309],[-48.51613084016611,-22.77415697036787],[-48.52599221037218,-22.77310232011592],[-48.53197858983998,-22.76887160973695],[-48.53547367996629,-22.768263919844],[-48.56066222008536,-22.76913311999743],[-48.56195446042994,-22.77042491967427],[-48.55453386014949,-22.78126216042034],[-48.54745858964213,-22.79509072975333],[-48.53326242961737,-22.80946236999233],[-48.52859280961042,-22.82679369976938],[-48.50737547959466,-22.84610636012036],[-48.50950964005779,-22.84099277989282],[-48.50781538027553,-22.83813452039175],[-48.50732730021468,-22.83263614004579],[-48.50193097043791,-22.81966113974977],[-48.49866121983939,-22.81883704959012],[-48.49742334980772,-22.8199605195623],[-48.49182170031116,-22.81965115008046],[-48.48935664958964,-22.82263572026221],[-48.49409267014056,-22.8307096303451],[-48.49033713005446,-22.82902091038665],[-48.48776072977381,-22.83074250955912],[-48.48752291035396,-22.84198967028703],[-48.48429951980694,-22.83730131020724],[-48.48041913043846,-22.84285773999267],[-48.48271732994078,-22.8329332400769],[-48.48095580986268,-22.83095907979765],[-48.47971316982688,-22.82503455030422],[-48.47812360012398,-22.82367417012682],[-48.47235035008856,-22.82663486960348],[-48.47252714960825,-22.82998505016991],[-48.47138115971273,-22.83043899016724],[-48.47160208986452,-22.83355325967517],[-48.469557250067,-22.8374802501134],[-48.46600460962497,-22.83688560039008],[-48.46385496013824,-22.83316462035089],[-48.46250592041184,-22.83295983033184],[-48.46109317001373,-22.83452168023132],[-48.46053300029769,-22.8398208400597],[-48.46173680041295,-22.85167314020322],[-48.45961094968555,-22.8513367901607],[-48.46012764977115,-22.84963434025258],[-48.45764259992603,-22.84257586008783],[-48.45546127002154,-22.83968109980287],[-48.4538493800448,-22.8339789195914],[-48.45083042968054,-22.83124681968496],[-48.45267720998521,-22.8298753598599],[-48.45331314038907,-22.82600739012889],[-48.45200079030417,-22.82472622043866],[-48.44893175039994,-22.82595181022782],[-48.44551013038819,-22.82352355976445],[-48.44629546966013,-22.82063119976999],[-48.44920547974903,-22.81853199955208],[-48.44541995986322,-22.81640771994029],[-48.44581104984002,-22.81376720968893],[-48.43876993018807,-22.8126583698878],[-48.43571446015414,-22.82252572957873],[-48.43644528971828,-22.82635589001228],[-48.4339412902583,-22.83352569995105],[-48.4359216396719,-22.83651495020473],[-48.43274219989257,-22.83680929021654],[-48.42994961967918,-22.84065683994118],[-48.43039139005054,-22.84295694960349],[-48.42618277961157,-22.84684092996491],[-48.42834241966688,-22.84366855975617],[-48.4273108703004,-22.83927278960749],[-48.43072063994555,-22.83772010020243],[-48.43216960963974,-22.83508947979561],[-48.43188231042024,-22.83047028027914],[-48.43025129006492,-22.82926393957911],[-48.432592719978,-22.82188503007006],[-48.43073747975086,-22.81945205996453],[-48.43140955031043,-22.81545205986464],[-48.42942124009812,-22.81077548989691],[-48.42973438043725,-22.80508884007787],[-48.42718460008916,-22.80284323023085],[-48.42541440964726,-22.80310254974285],[-48.42572492036874,-22.80647655964549],[-48.42401196997639,-22.81083520038413],[-48.425999700126,-22.81552722969786],[-48.42548604964145,-22.81829840964383],[-48.42368185043699,-22.81994192967625],[-48.42602599000742,-22.82132949006387],[-48.42674724988564,-22.82020547959917],[-48.42709105980452,-22.82139903014109],[-48.42088970009956,-22.82718891043982],[-48.41980857020928,-22.83555305962597],[-48.41815491032082,-22.83762070982783],[-48.42019412036234,-22.83871528997861],[-48.4214978999081,-22.84172893973874],[-48.42005892977573,-22.84546631981476],[-48.42020664971704,-22.8511594195715],[-48.42346395999374,-22.85765589000727],[-48.42025059958547,-22.86822061009303],[-48.41554463977326,-22.87305409017409],[-48.41482228991669,-22.878424329719],[-48.41577984036729,-22.88249486994226],[-48.41910984014697,-22.8813122803374],[-48.41911603018059,-22.88360980984481],[-48.42260409030649,-22.8872059999569],[-48.42292161034402,-22.88937849042497],[-48.42077677043159,-22.89002161000923],[-48.42163423982828,-22.89347133023767],[-48.41923154000352,-22.89305676975408],[-48.41715098003368,-22.88859878000966],[-48.41347622964423,-22.89403105029271],[-48.41173552977085,-22.89472579006309],[-48.41074009987568,-22.88850161995373],[-48.40758659024891,-22.88777226977436],[-48.39854916990822,-22.88894425996961],[-48.39467689961918,-22.89213145999884],[-48.39232180001102,-22.89881704976699],[-48.39391725038075,-22.90027319964838],[-48.39850374964828,-22.89924252981888],[-48.40102697031836,-22.89670391005734],[-48.40234010011551,-22.8980009401912],[-48.40496825008461,-22.89788144007633],[-48.4039665797938,-22.90156605962591],[-48.40134935029226,-22.90360944971627],[-48.40160117035771,-22.90542709018803],[-48.40686865966086,-22.90712721984528],[-48.40855006992973,-22.90658692964303],[-48.4101416496174,-22.91077161002175],[-48.40258194040416,-22.90908463025141],[-48.40056684028741,-22.9108210196743],[-48.40024103029924,-22.912880079552],[-48.40771919978118,-22.92352252984085],[-48.41102624976156,-22.92573337999147],[-48.4130476999913,-22.92562611964968],[-48.41586390989147,-22.92923224996832],[-48.41902886968654,-22.92962821966654],[-48.43785720014961,-22.95266265955405],[-48.44002010024741,-22.95830332973486],[-48.45017913975545,-22.97011851036092],[-48.45021994019805,-22.9810321700985],[-48.45413383021207,-22.98387368961903],[-48.45477038024882,-22.99142073997513],[-48.4574869596554,-22.99542283999205],[-48.45783845967713,-22.99904207972816],[-48.46166007025602,-23.00377234012137],[-48.46182395011516,-23.00689837006371],[-48.45999822024163,-23.01237659030733],[-48.45303952975047,-23.01848356976092],[-48.45389388029827,-23.02144019980534],[-48.45231133969651,-23.03049966972395],[-48.45499559027422,-23.03293151028095],[-48.45356380032911,-23.03479870969267],[-48.45321877003016,-23.03898722028396],[-48.44288364956071,-23.04419592989819],[-48.39575921031928,-23.0408003299712],[-48.36305689026324,-23.04953699004],[-48.35954456013332,-23.09368289984593],[-48.38724552995723,-23.11200716030214],[-48.38892501028096,-23.11483237961056],[-48.38738749963335,-23.12059938025715],[-48.38832912039254,-23.12393323992706],[-48.38964803013243,-23.11756141013092],[-48.39305661986708,-23.11161947965519],[-48.40116850022605,-23.11261815970028],[-48.40027563980891,-23.10927071037491],[-48.40301894976466,-23.11108877982326],[-48.4057897304117,-23.10909794971059],[-48.40282088037929,-23.10535796969452],[-48.40407035975926,-23.1033565302796],[-48.40183587002934,-23.1026391096072],[-48.40067463032989,-23.10045989041157],[-48.4042936497321,-23.09961132969909],[-48.40564779041313,-23.10120067996735],[-48.41022446009072,-23.1011441099127],[-48.4117800201318,-23.09889936971013],[-48.4094519703321,-23.09604112999409],[-48.41144775031336,-23.09521000983403],[-48.41227084042691,-23.09274021968537],[-48.41370151970932,-23.09405361028587],[-48.41792691959165,-23.09459854998306],[-48.41670234963368,-23.08658782986441],[-48.41169056007124,-23.08666732004076],[-48.4080598800594,-23.08854849042046],[-48.41326629010717,-23.08417283990457],[-48.41347979995277,-23.08209020969537],[-48.41686601995082,-23.08256983972626],[-48.42088872973108,-23.0808338801794],[-48.41965300008582,-23.0842340495617],[-48.42482755974402,-23.08769463989569],[-48.42612661964773,-23.09100437974826],[-48.43141721972887,-23.09418141024383],[-48.4329354201335,-23.09675442997292],[-48.43397312985604,-23.09467704011325],[-48.43299741040215,-23.09102870011435],[-48.43400406023915,-23.09053230042525],[-48.43786536959107,-23.09314342982537],[-48.44046781963414,-23.08824966009371],[-48.4393580400415,-23.08667177977878],[-48.44222242032839,-23.08627860967005],[-48.44420349009897,-23.08368199982436],[-48.4441248102118,-23.09119397032543],[-48.44935159979644,-23.0948821403984],[-48.44949853013304,-23.09800521966508],[-48.44766537995326,-23.09906696017202],[-48.4477439798008,-23.10115524981489],[-48.45632719034751,-23.09816602024557],[-48.46015061036235,-23.09904094997984],[-48.46302235969409,-23.09749023998256],[-48.46561439019189,-23.10222666972498],[-48.4676337198203,-23.09617852032238],[-48.47190075021939,-23.09345290003125],[-48.46929034027693,-23.08990573016524],[-48.47094543008751,-23.0855074401162],[-48.47841529972624,-23.07953630955302],[-48.48108058989726,-23.07475319960042],[-48.48620389989003,-23.07246541964338],[-48.48907172008376,-23.06950071008964],[-48.4903751003306,-23.07014853043029],[-48.49710220999896,-23.06725251019515],[-48.49862528023243,-23.06772951960158],[-48.49855694974337,-23.06614496991438],[-48.50177877996668,-23.06302554998911],[-48.50633899025217,-23.06121503034933],[-48.5149598401245,-23.06333654004925],[-48.51987357030896,-23.05651628040198],[-48.52667276963257,-23.05946217973576],[-48.53571216038785,-23.0559173202281],[-48.54246125038634,-23.05042485022659],[-48.54635102957633,-23.05209144956069],[-48.55447202006764,-23.04658270992405],[-48.55545708977286,-23.04439343990526],[-48.56578687996051,-23.03612435985127],[-48.57070104002094,-23.03693082959404],[-48.57301476002311,-23.03939518963625],[-48.57826207033821,-23.03525787025444],[-48.57968233007546,-23.03701609971318],[-48.58623558010788,-23.03480211002932],[-48.58971044987732,-23.03622669010963],[-48.59274817988455,-23.03487891033342],[-48.59458356038294,-23.03676505036674],[-48.59042406012225,-23.04005286025125],[-48.58899133038557,-23.04299874969252],[-48.58956198979394,-23.05039724014046],[-48.58389584991352,-23.05012927004975],[-48.58081927998575,-23.05279586963366],[-48.57865059994521,-23.05939176012157],[-48.57464014972311,-23.06094748024196],[-48.57417271000253,-23.06367600983992],[-48.56427509981597,-23.06627291016662],[-48.56215963985545,-23.06855031014862],[-48.56264986030277,-23.06977872021173],[-48.55989237972949,-23.06999658007805],[-48.55781144024576,-23.07188540998362],[-48.55535237001584,-23.07680973957775],[-48.55105531035423,-23.07934067013576],[-48.55061621007002,-23.0835415697876],[-48.54593590971444,-23.09335373988313],[-48.54571971988912,-23.1003640901306],[-48.54244222972505,-23.10127902980332],[-48.60433255040681,-23.15374503010901],[-48.60463660039875,-23.15866170017728],[-48.606555359742,-23.16117169002143],[-48.60949679034456,-23.16207039962921],[-48.61109532988553,-23.16062585999538],[-48.61106395973394,-23.15353581992213],[-48.60859320011605,-23.14730613966657],[-48.61223039032024,-23.14776669957348],[-48.61291769989191,-23.14297427983911],[-48.61101346999561,-23.14008720965694],[-48.6124404000044,-23.13767853023995],[-48.61444332959593,-23.13940161958902],[-48.61612488015908,-23.14383987011388],[-48.62043844957475,-23.14762368038851],[-48.62380605990171,-23.14875964014522],[-48.62427061999307,-23.13885583992504],[-48.62758820013528,-23.14409956014651],[-48.63068678996336,-23.14404508011631],[-48.63293572010735,-23.14250892025041],[-48.63586397024596,-23.1364461199924],[-48.6596126696889,-23.10716214012064],[-48.67016609968573,-23.10576244967729],[-48.68393393959957,-23.10584510007129],[-48.69311605006561,-23.10327838998569],[-48.70404100978476,-23.10891071985378],[-48.71343840985469,-23.10815067041705],[-48.71947767035817,-23.11239024001753],[-48.7311143796249,-23.11540024032877],[-48.73764904966384,-23.12426518958677],[-48.76332382983082,-23.13203851026901],[-48.77133043015516,-23.13224044044392],[-48.78058484971098,-23.13699453017341],[-48.78352749979422,-23.13662697995113],[-48.79703834044699,-23.12997360030135],[-48.8303437395719,-23.12108978956212],[-48.83672255979826,-23.12118196017929],[-48.84326168957529,-23.12448877004067],[-48.86697297991907,-23.13146439026934],[-48.87133296964078,-23.1344898103564],[-48.87303333042382,-23.13655460970745],[-48.87663301979796,-23.15118092985597],[-48.88452021983221,-23.15647423959444],[-48.88577742978453,-23.15954267965088],[-48.88496968030648,-23.16614825044138],[-48.88836737025787,-23.1695548796539],[-48.88811472011821,-23.17102796017218],[-48.89154445021614,-23.17693672994608],[-48.89520335005454,-23.17734338988549],[-48.90043254982226,-23.17400619013353],[-48.90893310997501,-23.17303637023224],[-48.91301958978221,-23.17647685981916],[-48.91385307965584,-23.17990752970866],[-48.91683417036063,-23.18323330986931],[-48.91675830984809,-23.1855280200021],[-48.92000653967006,-23.18997319980326],[-48.92799790008297,-23.18719705020368],[-48.92991536979844,-23.1876165497639],[-48.93272325017779,-23.19239687991205],[-48.93272156035169,-23.19713932971626],[-48.93206791959875,-23.1996868401755],[-48.92792215018704,-23.20173249026215],[-48.9315021803813,-23.20217238015118],[-48.93608633961281,-23.20528983955438],[-48.93941872979053,-23.20131286030022],[-48.94311704961211,-23.20334590998573],[-48.94420907029235,-23.22134540007011],[-48.9358964099913,-23.22304860001282],[-48.93480716012232,-23.22507755958168],[-48.93955511018015,-23.22362297991657],[-48.94477128956333,-23.22457075023988],[-48.94904501001918,-23.23278804013592],[-48.94624551042193,-23.23823396032896],[-48.94912220962226,-23.23617681960451],[-48.95602905959339,-23.23604831997392],[-48.95748045026255,-23.23492680962454],[-48.96016979010369,-23.23643622005545],[-48.96096997988064,-23.24434356040695],[-48.95637600005233,-23.24598316029454],[-48.96017264994782,-23.24768303004777],[-48.96089438017145,-23.25214111961691],[-48.96297844030272,-23.25344577959902],[-48.96576688003745,-23.25907823986881],[-48.96249120020866,-23.26338331968441],[-48.96087879042381,-23.26292985992507],[-48.95952418029663,-23.2656968697147],[-48.95711432996234,-23.26632916955549],[-48.95741241025451,-23.26959618981226],[-48.95586476964337,-23.27206900977694],[-48.95365807975651,-23.27148583989953],[-48.95199529984319,-23.27284918963835],[-48.95010104972363,-23.27171206975618],[-48.95249892018899,-23.27494153972026],[-48.950793909911,-23.28097598975006],[-48.94612106043854,-23.2895720003475],[-48.94238401041372,-23.29270483006383],[-48.93789334020545,-23.29246074956387],[-48.9342432204482,-23.29026109957005],[-48.93362105956419,-23.28858432980292],[-48.93392205006251,-23.28384171002688],[-48.9320117902119,-23.28083154963628],[-48.93334199004079,-23.27450073971733],[-48.93038635014989,-23.27090702993542],[-48.9319650704316,-23.26632661997746],[-48.9280429399297,-23.26773759961048],[-48.92612314007084,-23.26562018991979],[-48.92574680976742,-23.2684656799471],[-48.92392837969095,-23.26964432962205],[-48.92016055036908,-23.26500947021083],[-48.91494166042924,-23.26283288962611],[-48.91501844004893,-23.26486903028149],[-48.91295753026577,-23.26655443983549],[-48.90114857025026,-23.26934126978375],[-48.89561720007367,-23.27605512974043],[-48.89269436025648,-23.27547422975186],[-48.89325220972165,-23.27287863973737],[-48.90344204021795,-23.26448457010679],[-48.90680006017459,-23.26009256002357],[-48.9020551597178,-23.25257308018348],[-48.9035923798844,-23.24775225985888],[-48.90022429021877,-23.24831129013387],[-48.89481240037196,-23.24417580986568],[-48.89411391042859,-23.2407444798738],[-48.89645629991827,-23.2360501303092],[-48.89575151022399,-23.23520008031943],[-48.89148012980411,-23.23867042020368],[-48.89146598976356,-23.24596832957468],[-48.88816293007511,-23.24804392978348],[-48.88463429973308,-23.25289009030536],[-48.88079157037464,-23.25484178012402],[-48.87691584039368,-23.26361873971302],[-48.87449219985507,-23.26183795975402],[-48.87300438034782,-23.25281962032915],[-48.87289319986127,-23.26247085044935],[-48.8672430499268,-23.26019296033678],[-48.86705498999572,-23.25905278006172],[-48.86342071989026,-23.25911982002361],[-48.85997705030059,-23.25416665996335],[-48.86008066029422,-23.25036966023157],[-48.85900877003866,-23.25036949025974],[-48.85606617031749,-23.25332961956627],[-48.85930417035115,-23.2556725099783],[-48.86205752033823,-23.26040591979734],[-48.86696965962204,-23.26343148017861],[-48.8675517098435,-23.26910224976899],[-48.85835523000981,-23.26552350020933],[-48.85605048973827,-23.26927237991634],[-48.85625134971997,-23.27278189966489],[-48.85045295014351,-23.2752252002827],[-48.84620086018151,-23.27272735038684],[-48.84678143011888,-23.27533466036624],[-48.84572134976042,-23.27671324012391],[-48.84021683963539,-23.27794401990053],[-48.8327817899476,-23.27296867986064],[-48.82903557043517,-23.27232459980041],[-48.82994809992482,-23.2689018196632],[-48.82742693960154,-23.27148525983682],[-48.8251515496043,-23.27066102038975],[-48.82464809023713,-23.26844656036042],[-48.8212188502697,-23.26526966026654],[-48.8220823496207,-23.26348763024987],[-48.82123800043331,-23.26138668984379],[-48.82283492029529,-23.26053216033091],[-48.81991569035677,-23.2589351199598],[-48.81922320968334,-23.25597221984202],[-48.82091875010019,-23.2537964099763],[-48.81772279966742,-23.25222075998005],[-48.8165655799375,-23.24954030993729],[-48.81788181959024,-23.24503438992514],[-48.82090479981662,-23.24275328023964],[-48.82859732001026,-23.24551878996016],[-48.82405658004711,-23.24065627976347],[-48.82388298031526,-23.23816829003454],[-48.82630924957215,-23.23483150037339],[-48.83201644979926,-23.2362493202499],[-48.83047420961702,-23.23386431008981],[-48.82692601991982,-23.23216030975044],[-48.82690960999048,-23.22834816993208],[-48.83056429020979,-23.21819985034278],[-48.83549671010502,-23.21903799960393],[-48.8328888596331,-23.21531834966208],[-48.83511590027854,-23.21066403971361],[-48.83661502965987,-23.20055440985806],[-48.83362505994853,-23.20989229998963],[-48.82726749969532,-23.21619777960382],[-48.82388242003759,-23.21343873960609],[-48.82484069983838,-23.21036330012618],[-48.82197967042543,-23.21216734015059],[-48.81777649009291,-23.21047663988497],[-48.81585118008786,-23.20404768964909],[-48.81733619011305,-23.19994130964369],[-48.81587948984651,-23.19845936001138],[-48.81394378997391,-23.20205205985462],[-48.81471148005073,-23.20721989977852],[-48.81254166956234,-23.20838239043491],[-48.81439639987389,-23.20887408037447],[-48.81770863984184,-23.21441038962774],[-48.81767072982029,-23.21686389035619],[-48.81982882034373,-23.21498606005861],[-48.82129062965879,-23.21568257958734],[-48.82159314001137,-23.2182292302947],[-48.82543714011189,-23.2208240702746],[-48.82572717956566,-23.22354210028766],[-48.82240626024065,-23.23332201979531],[-48.81835887036556,-23.23324600010278],[-48.82132263023516,-23.23633791965921],[-48.81985703027766,-23.23658480964122],[-48.81944702036367,-23.23818622971066],[-48.81405671964188,-23.23987098006165],[-48.8109235301967,-23.239083379894],[-48.81277707969844,-23.24338786975432],[-48.81142678991438,-23.25200853976224],[-48.80700281972429,-23.25180595038427],[-48.80188302967804,-23.24833058958501],[-48.80110409987429,-23.25120158978149],[-48.79732845004787,-23.25341033012262],[-48.79456257969923,-23.25012031959704],[-48.79163345991623,-23.25004932981267],[-48.78966885043707,-23.24801556966275],[-48.78935702041014,-23.24512023021441],[-48.78714619993713,-23.24374385019848],[-48.78768848033906,-23.24196385984419],[-48.78567750001656,-23.24138929018358],[-48.78321825981482,-23.23814043982941],[-48.78411146017572,-23.23292193030278],[-48.78273406032861,-23.23126111990473],[-48.78220334970479,-23.22684140980317],[-48.78314213040494,-23.21962731994483],[-48.78170290036854,-23.21970545034623],[-48.78092452005052,-23.21780115030282],[-48.78333286042312,-23.21345813978127],[-48.78041842027386,-23.2170410298196],[-48.78169712042575,-23.22100184016273],[-48.78074417989995,-23.22776427969768],[-48.77917472982989,-23.22862239031105],[-48.78053167010046,-23.2316354096464],[-48.78028345991368,-23.23606939019015],[-48.77374380043602,-23.23482212044445],[-48.77090725956236,-23.23261054004433],[-48.77217842969071,-23.23519082989282],[-48.779169619882,-23.23719395014064],[-48.78276312012184,-23.2435113799462],[-48.78300243961087,-23.25089825025401],[-48.77636005956907,-23.25320136005467],[-48.78719721038289,-23.25355765975814],[-48.79156317969694,-23.25757723989767],[-48.79071735022546,-23.26063501039738],[-48.7846210798989,-23.2640467297727],[-48.78041440030427,-23.26445044982836],[-48.77711434974742,-23.26922309976618],[-48.7812869198554,-23.28114822970701],[-48.78297484031657,-23.28090845965767],[-48.78562335003755,-23.28362460019508],[-48.78289027976257,-23.2864263795737],[-48.77929319032842,-23.28727471995234],[-48.77458780967964,-23.28583024956635],[-48.76714090962525,-23.28626972037125],[-48.75943054958014,-23.28435499988331],[-48.75880928981684,-23.28275894966578],[-48.75622656010762,-23.28215500994571],[-48.75641316043897,-23.28029422989476],[-48.75482291984184,-23.28193809976347],[-48.75111305991976,-23.27955112008806],[-48.74921553986525,-23.27999610013984],[-48.74733629043743,-23.27824653025311],[-48.74748797009369,-23.27585348015396],[-48.74416441035919,-23.27613707956255],[-48.74023202039137,-23.27190310014788],[-48.73945157972656,-23.26962578020556],[-48.74183739028331,-23.26832574004084],[-48.7383671601163,-23.26746860968854],[-48.74016965960209,-23.26372801003959],[-48.73791517974172,-23.26361966961201],[-48.73203451018446,-23.25502387035527],[-48.73070117981553,-23.25159464028036],[-48.73174093009982,-23.25060480956427],[-48.72995531988204,-23.25121277015319],[-48.7306478401257,-23.25365051026279],[-48.72874005970596,-23.25638734959648],[-48.73370114998806,-23.25908717013675],[-48.73639388027334,-23.26401758004721],[-48.73690711976769,-23.27175313999538],[-48.73347108002628,-23.27378005000924],[-48.73962711030288,-23.27335245025535],[-48.74023370032495,-23.27493030988586],[-48.73921365958267,-23.27625000023727],[-48.74124833973906,-23.27613213958654],[-48.74370609965672,-23.27979054030112],[-48.75289433000927,-23.28603281016603],[-48.7562231004157,-23.29104789034784],[-48.75621299023726,-23.29316756992739],[-48.7547187495706,-23.29484352041209],[-48.75042963002335,-23.29578957033237],[-48.7472147398683,-23.30009415012489],[-48.7426778202252,-23.29839476960291],[-48.73619354009975,-23.30249846962863],[-48.7360886998336,-23.299454449763],[-48.73360321021994,-23.29846695998219],[-48.7346648598953,-23.30151397998617],[-48.73261724029334,-23.30179404955572],[-48.73475479030128,-23.30283970029188],[-48.73583147034606,-23.3056954695702],[-48.73269021038487,-23.30688693008773],[-48.73657860012224,-23.30706227990026],[-48.73949422018205,-23.30886762034436],[-48.73528090988606,-23.31211380960457],[-48.72777641994577,-23.31459172962457],[-48.72325113033537,-23.31019162024705],[-48.72273821010026,-23.30696110976737],[-48.71822541027444,-23.30849612029965],[-48.71616064959426,-23.30725357019605],[-48.71576882037471,-23.30604531034277],[-48.71847879965685,-23.30149407978791],[-48.71292595007247,-23.30424155000748],[-48.700402670247,-23.29441913033855],[-48.71389426990459,-23.30866141029583],[-48.70407667959506,-23.30659761009161],[-48.69397023963484,-23.30911520010636],[-48.69784166006451,-23.3093662197752],[-48.69542746960201,-23.31241563017716],[-48.6956406601883,-23.31734082042249],[-48.69433049006005,-23.31780996975425],[-48.69712496964161,-23.31913218000608],[-48.69653993996621,-23.3203513702195],[-48.70114823969948,-23.32511817995999],[-48.70219090018986,-23.32923582037677],[-48.70029325962616,-23.32940841016995],[-48.70309223042204,-23.3325334499587],[-48.70268564962299,-23.33451640021167],[-48.69872689962665,-23.33531861975843],[-48.69093331991672,-23.33320236030062],[-48.69144058971142,-23.3348511395684],[-48.6905327699713,-23.33505079985446],[-48.68661015023821,-23.33269523979345],[-48.67668501989772,-23.33471952018965],[-48.67715142000196,-23.33151341011575],[-48.67548954030997,-23.32954412955786],[-48.67284481043959,-23.32894149025753],[-48.67124232017687,-23.32457704979095],[-48.67252685962683,-23.32098858035863],[-48.67023416037813,-23.32268966959253],[-48.66809153010001,-23.32049377966416],[-48.6650524996731,-23.32120954018808],[-48.66584116014138,-23.31892913017515],[-48.66186451993161,-23.31719875002227],[-48.66029880024939,-23.31389012982561],[-48.66102760993618,-23.31173339997639],[-48.66422267993266,-23.31063454984456],[-48.65955246007792,-23.31073729019374],[-48.65805245026036,-23.30736730026064],[-48.65903032988575,-23.30644846022824],[-48.65779085006761,-23.30600744978392],[-48.65720808038856,-23.30010530981218],[-48.65931941965545,-23.2982545401149],[-48.65660437988817,-23.29696450041132],[-48.65523387963981,-23.28995201966995],[-48.66064729024021,-23.2814527698294],[-48.65432640973597,-23.28646902992176],[-48.64869415001499,-23.28113496021018],[-48.64481331997871,-23.28081042006477],[-48.64401247999194,-23.27700851003465],[-48.64237062010801,-23.27745960997299],[-48.64112505008097,-23.27144728956074],[-48.64483519958475,-23.26356846041608],[-48.64037241015853,-23.26763162979586],[-48.63557944993164,-23.26597511006321],[-48.63401668991827,-23.2668787101843],[-48.63302564961401,-23.26224420960256],[-48.63104707006619,-23.26030770034004],[-48.62535081009179,-23.26073707985233],[-48.625662989955,-23.25530618013607],[-48.62722607012699,-23.25399553966236],[-48.62463115999998,-23.25398784955956],[-48.62201816001004,-23.25054122030105],[-48.61721155976562,-23.23760466961977],[-48.6166741204143,-23.24041768962462],[-48.62115018023661,-23.25177300012382],[-48.6184719704051,-23.25453191961236],[-48.62213909004691,-23.25517794040957],[-48.62426314033161,-23.25953618005065],[-48.62049591985078,-23.26462766033819],[-48.62488983020148,-23.26254471986289],[-48.62839964043104,-23.262762970035],[-48.63268326961713,-23.26906768972208],[-48.63607889022853,-23.27117181013091],[-48.63196239015213,-23.2765661200304],[-48.63632084023453,-23.27468006992922],[-48.64041181035674,-23.27654359021449],[-48.64319133960862,-23.28301592014856],[-48.64476826034689,-23.28465018975442],[-48.64702170958418,-23.28426962004687],[-48.64897540039436,-23.28554298991702],[-48.65086863967593,-23.28848014963916],[-48.65157797004724,-23.29305515017501],[-48.64964965990384,-23.29544662016536],[-48.65260034992616,-23.29750588958507],[-48.65098942042539,-23.30102428024628],[-48.65174375017386,-23.30598916027151],[-48.64841991974345,-23.30724203009555],[-48.64993111982528,-23.30784880987466],[-48.64644526034044,-23.30780911020224],[-48.65008476000361,-23.30861756025217],[-48.65287476995462,-23.31121608025785],[-48.65180084003669,-23.3152580202414],[-48.65365290026108,-23.31727909995044],[-48.65020637982053,-23.32082415011439],[-48.64514774996866,-23.32031481008039],[-48.64234654975343,-23.32239690968959],[-48.6380891699792,-23.32052448971336],[-48.63773053023976,-23.31908097980335],[-48.63715132996987,-23.32109986966321],[-48.63366726013589,-23.3204984201659],[-48.63055581989511,-23.32286538003319],[-48.62704453028078,-23.32275173000829],[-48.62665764013792,-23.32026324025628],[-48.62436444985946,-23.32245740978158],[-48.6199108703903,-23.32014820977201],[-48.62020181006545,-23.3156135303401],[-48.6170121395985,-23.31786617018759],[-48.61410787977479,-23.31650393021215],[-48.61446796022813,-23.31478604973637],[-48.61104820001435,-23.31514196992595],[-48.60880545001146,-23.31308918012149],[-48.60871450966687,-23.30932234994646],[-48.60646510018421,-23.31392459994026],[-48.60203409999366,-23.31164507036368],[-48.59073193043417,-23.31272198962807],[-48.59005223991892,-23.30954379001383],[-48.58673186018717,-23.30559455034819],[-48.58992460004021,-23.30274674996252],[-48.58633829977265,-23.30352028023668],[-48.58536512000427,-23.2993896500123],[-48.58392391955323,-23.30174706987134],[-48.58247415036169,-23.29609064986357],[-48.5775512003276,-23.29442401005997],[-48.57635587002733,-23.28962725019738],[-48.5741853499739,-23.29480166956137],[-48.57084808007477,-23.29521760960495],[-48.56678823998527,-23.29387724024241],[-48.56581890032197,-23.28881941978034],[-48.56324409993522,-23.28773042981544],[-48.56276448968941,-23.28557267024252],[-48.55869214003019,-23.28456503025188],[-48.55276041955767,-23.27387255967085],[-48.55137292032396,-23.27824906004605],[-48.54956865996564,-23.27944500008664],[-48.54584144043008,-23.27743138025397],[-48.54369186019113,-23.274490009906],[-48.54141212017316,-23.27513227963095],[-48.53700778038473,-23.27121752986505],[-48.52882820985394,-23.2713317095907],[-48.52583351960118,-23.27010645974525],[-48.52151656963395,-23.27179952972449],[-48.51952701026329,-23.26906530022336],[-48.51208915019407,-23.27155670018152],[-48.5081132402338,-23.26664011015293],[-48.50453089968124,-23.26944238955457],[-48.49720663028171,-23.26408928029599],[-48.49522870993695,-23.26403502959289],[-48.49561102972518,-23.26304408012015],[-48.49153314024221,-23.26052181003348],[-48.4220777701729,-23.2920800098845],[-48.41585367021065,-23.28945722976732],[-48.40600267997968,-23.2878981102096],[-48.40271620019246,-23.28453409986878],[-48.40166701961721,-23.28658759024506],[-48.39301114025187,-23.29036432015721],[-48.390963540435,-23.28896536985587],[-48.3275624801243,-23.30416575964205],[-48.25153896994749,-23.38353117032722],[-48.24810614977895,-23.38378782964458],[-48.24594205987813,-23.38590718007225],[-48.24477243040332,-23.38503817956831],[-48.24421447032148,-23.38811754998488]]]}},{"type":"Feature","id":"uc-uso-sustentavel-013","properties":{"id":"uc-uso-sustentavel-013","nome":"Área de Proteção Ambiental Cuesta Parananapanema","nome_origem":"Frea de Prote Co Ambiental Cuesta Parananapanema","natureza":"camada fornecida para a demonstração","fonte_arquivo":"assets/layers/Areas_Protegidas_US_DG_UCs_Uso_Sustentavel/Areas_Protegidas_US_DG_UCs_Uso_Sustentavel.kml","tipo":"Unidade de Conservação","categoria":"Área de Proteção Ambiental","orgao_gestor":"Fundação Florestal do Estado de São Paulo"},"geometry":{"type":"Polygon","coordinates":[[[-49.36956200028607,-23.68534524978338],[-49.36606348014544,-23.68014131017327],[-49.35933895962523,-23.67686632012453],[-49.35798718955709,-23.67386210964861],[-49.35873115012242,-23.6689323202703],[-49.35656270030836,-23.66617138989767],[-49.35502458981296,-23.66623994971388],[-49.33583281003609,-23.59270770010022],[-49.33300637034768,-23.5893434604323],[-49.32424897011384,-23.58771498965501],[-49.29549889975436,-23.54731013005841],[-49.29109676960019,-23.54563224962857],[-49.28714038032427,-23.53597894027581],[-49.27706024013793,-23.53155940014614],[-49.27271876026253,-23.52788301029267],[-49.31042064000047,-23.47250397008213],[-49.30955639960814,-23.46088898034213],[-49.30543476979875,-23.4532742299217],[-49.31207900963852,-23.44370918992712],[-49.31161986976116,-23.43701824019956],[-49.30936121974446,-23.43408514001715],[-49.3102412297489,-23.4303742099018],[-49.30517527042235,-23.42604709040086],[-49.30523824994526,-23.42356265029605],[-49.30019394989085,-23.42178394956954],[-49.29930656004967,-23.41878709015202],[-49.293632019602,-23.41726319973685],[-49.29619902016861,-23.41532715002791],[-49.29942560960416,-23.41490989967207],[-49.30129296999451,-23.4118924502763],[-49.30165549030858,-23.40786800030793],[-49.30421103980763,-23.40642293007414],[-49.30870865997662,-23.40767812014906],[-49.31372434989879,-23.40427102958432],[-49.31523529007654,-23.40100571983805],[-49.31732378026823,-23.40018751034529],[-49.32476501998963,-23.4019380703856],[-49.32745238042298,-23.39916293971783],[-49.33501216967585,-23.39879757035152],[-49.33887149961998,-23.39632458041501],[-49.34429022971028,-23.38723970015201],[-49.35256936958069,-23.38125781999236],[-49.35239802984518,-23.37668028966357],[-49.35608619002562,-23.37095496000336],[-49.35638617957846,-23.36733147996381],[-49.36367768038059,-23.361781240212],[-49.38262202968286,-23.37516242020951],[-49.38123018042842,-23.36852429036367],[-49.38364258034079,-23.36778345044581],[-49.38437167960927,-23.36500956983571],[-49.38570251975545,-23.36480476992415],[-49.38983750989314,-23.36737323009044],[-49.3909527897394,-23.3706032000776],[-49.3921226296556,-23.36866552979035],[-49.39118679963104,-23.36499220032971],[-49.39341568028937,-23.36307444013329],[-49.38826965971697,-23.36169311024878],[-49.38935418994384,-23.35831059006165],[-49.38406248999189,-23.36049651999838],[-49.38230082961957,-23.35719299985703],[-49.38431797029807,-23.3570901201129],[-49.38540258955783,-23.35427023018696],[-49.38758276023617,-23.35443087968133],[-49.38849935016486,-23.35579760997166],[-49.38994775958139,-23.35370388032976],[-49.39071015984598,-23.35471863036048],[-49.39355876962151,-23.35054325976358],[-49.39085192987261,-23.35074934030979],[-49.38937650032517,-23.34925224969152],[-49.39068872000837,-23.3479816002706],[-49.38933902017959,-23.34652281987218],[-49.39067155015186,-23.34218649041418],[-49.38889764011395,-23.33787600027716],[-49.39119438990912,-23.33734964956665],[-49.39508425993063,-23.33869178969428],[-49.39074210016776,-23.33365509970304],[-49.38884988971063,-23.33324190978624],[-49.38546610957326,-23.33600202986975],[-49.34124388959378,-23.32815926983437],[-49.3325183496421,-23.32196204970876],[-49.32234559007691,-23.31957688036869],[-49.31974037012196,-23.31711437023193],[-49.31485486965647,-23.29193302019269],[-49.3151010302883,-23.27859141036527],[-49.31758602977141,-23.27694474000771],[-49.32098329973945,-23.2707483202787],[-49.32056189001918,-23.26958880997557],[-49.32322002968056,-23.27087968964594],[-49.325285329954,-23.26861793966611],[-49.327154870301,-23.27075643036494],[-49.33046278992578,-23.27128924000635],[-49.33191180998199,-23.26952835035303],[-49.33964189036089,-23.26642163964692],[-49.3436613796689,-23.2686115697681],[-49.35109218995257,-23.26803600995385],[-49.35358918998907,-23.27172501999365],[-49.35832444971356,-23.27097723011502],[-49.36386177969734,-23.2737812595974],[-49.36633303034506,-23.27088469976906],[-49.36858517016941,-23.27104177985422],[-49.36942795993235,-23.27905256022746],[-49.42710589032453,-23.26748506997995],[-49.42631379984192,-23.26967793998489],[-49.42899599996537,-23.27692943984175],[-49.43373995973133,-23.28253079975656],[-49.43914380963906,-23.28498142984904],[-49.48660428955628,-23.29777678966707],[-49.53031660023089,-23.25671948991248],[-49.47440814981621,-23.24932881996904],[-49.47332335968525,-23.24658869990856],[-49.46817995973731,-23.24425379008028],[-49.45491690029468,-23.24510193980262],[-49.45122080989245,-23.24382288981445],[-49.44546975962169,-23.23476681033998],[-49.43928572985249,-23.23032102979164],[-49.43926219009796,-23.22495014003687],[-49.43753550975595,-23.22201420968798],[-49.42868538042592,-23.22027695961395],[-49.42793469023371,-23.21712762014351],[-49.42588617041042,-23.21700508032018],[-49.42436224042501,-23.21397713044018],[-49.46945773988273,-23.18736755986492],[-49.4730137896546,-23.14833226971842],[-49.47840967966295,-23.14978354977097],[-49.48278734016355,-23.14799813020949],[-49.48395180033526,-23.14565761041035],[-49.48361692967751,-23.14046243019698],[-49.48741557966525,-23.14013396001423],[-49.4916978202981,-23.13667850031248],[-49.49833566955544,-23.13643624004038],[-49.50215647973772,-23.13972898000839],[-49.51493313005989,-23.14229541040481],[-49.53254204997558,-23.13635534961963],[-49.54518725988407,-23.13816680005772],[-49.54653702986002,-23.13671354959058],[-49.54575902995521,-23.1332947102826],[-49.54766241988472,-23.12652589005774],[-49.55247893965128,-23.12293524966202],[-49.55403151034591,-23.12364516009603],[-49.55600088982914,-23.13110522982248],[-49.57442845001293,-23.13829694994422],[-49.57836296957532,-23.14516097959546],[-49.58804565977931,-23.14734835024615],[-49.59294090979512,-23.14560343974688],[-49.59550779974512,-23.14061199015117],[-49.6015936496272,-23.13851636024179],[-49.60448765987758,-23.13503482020076],[-49.6097754999393,-23.1373800101793],[-49.62005765034024,-23.1388052098925],[-49.62277029970954,-23.13385566960341],[-49.62563191008456,-23.13379513983381],[-49.62955691032312,-23.13680051043514],[-49.63567381019811,-23.12916461965142],[-49.64927015029718,-23.12802882986654],[-49.65111430008483,-23.12661636005691],[-49.65364821009678,-23.12042083964997],[-49.66414314998633,-23.11262969980078],[-49.66591499967745,-23.11287983004007],[-49.66854387000353,-23.11758298037023],[-49.67121255961189,-23.11935063022736],[-49.67689640984139,-23.11811961033169],[-49.68094544997251,-23.1150907998005],[-49.68528538031603,-23.116172069985],[-49.68616020033295,-23.12252021973234],[-49.68948692028511,-23.12387439998355],[-49.69474998042722,-23.13454549008225],[-49.69743360957341,-23.13547965006575],[-49.69916056960454,-23.13851313976954],[-49.70664660006048,-23.14090300986595],[-49.71194405027768,-23.1471321298439],[-49.71770551020109,-23.1487466296532],[-49.71553066980454,-23.15373348011599],[-49.7112092699918,-23.15694220991503],[-49.70669472008524,-23.15606168999494],[-49.70361332979127,-23.15325609029628],[-49.70117988034718,-23.15293901002724],[-49.70409036977469,-23.15800532008939],[-49.69953899982494,-23.16189388969121],[-49.69770974011237,-23.16558876960596],[-49.68642921003999,-23.1650819099022],[-49.68331273989099,-23.16386255960941],[-49.67818941011313,-23.165845830021],[-49.67839424959487,-23.16798628034252],[-49.68312626996135,-23.17416620020992],[-49.67808707985483,-23.17494553021203],[-49.67067865999212,-23.18512172968406],[-49.66583192030686,-23.1893131801591],[-49.66522413958234,-23.19198886019768],[-49.66283951972804,-23.19359776982117],[-49.66113623974564,-23.20175849955507],[-49.65293405036607,-23.21317799017208],[-49.65211349004551,-23.21874863014511],[-49.65500683030092,-23.22743022022843],[-49.65293820973056,-23.23514077992303],[-49.64433315015469,-23.2401351001547],[-49.64626634001951,-23.2433825898346],[-49.64778684988318,-23.25084627033908],[-49.64089632980176,-23.25546687009995],[-49.63456938966556,-23.26937156974208],[-49.63548717029664,-23.27182769019572],[-49.62870227019357,-23.27770716994991],[-49.62579884044408,-23.28476721043836],[-49.63172895023081,-23.30354629042893],[-49.62856766956224,-23.31261533992597],[-49.62362233000647,-23.3178972201805],[-49.62345660024187,-23.32759392002333],[-49.62162439974622,-23.33229040997441],[-49.62313980955452,-23.33664123020856],[-49.62653839972734,-23.33905574982293],[-49.62682978007024,-23.34131838023899],[-49.6300022096342,-23.34404875974241],[-49.63204947040668,-23.34388632959042],[-49.63515025997646,-23.33954219041971],[-49.63620716033216,-23.3400623304122],[-49.63793501968536,-23.34293907997454],[-49.63759219002753,-23.3508510599284],[-49.63561249981694,-23.35460473032401],[-49.6322320804461,-23.35674397015805],[-49.62784701043114,-23.35592088993707],[-49.62177944016901,-23.35669828999403],[-49.61970391999989,-23.35569188027603],[-49.61853694982034,-23.35185445961559],[-49.61668734024852,-23.35179314024117],[-49.60461358025248,-23.35868151993617],[-49.60237553999912,-23.36194241041386],[-49.59518381987732,-23.36722680966949],[-49.59640111971584,-23.37500521961516],[-49.59086588964902,-23.38235944003611],[-49.59241924005585,-23.38933342979391],[-49.59769564973442,-23.38411276009577],[-49.60121803968076,-23.38343035992312],[-49.61014022988763,-23.38713184985494],[-49.62042424008655,-23.38866631000218],[-49.62130319968287,-23.39628242019751],[-49.61996107034707,-23.39792849970047],[-49.6170197602537,-23.3981294397218],[-49.60867101015896,-23.3934344003772],[-49.59892555986664,-23.39811666035553],[-49.59943642964748,-23.40069938017223],[-49.60422396966044,-23.40212841009799],[-49.60454798999768,-23.40629859970056],[-49.60150401959481,-23.40874738978016],[-49.59365242012302,-23.40665607032133],[-49.59114303012672,-23.41448026025574],[-49.58939465993558,-23.41594181955929],[-49.58006435018956,-23.41466460958401],[-49.57869736988766,-23.42223887972045],[-49.58161507997193,-23.42932843955577],[-49.57991988039811,-23.43199362990208],[-49.57470361018341,-23.43129840000114],[-49.56879496001937,-23.42549940957002],[-49.56631493018983,-23.42695468980702],[-49.56663062010699,-23.42904646971874],[-49.57228467040119,-23.43533228026047],[-49.57184189009109,-23.43743989003883],[-49.56899194032576,-23.43893648962722],[-49.56888166995304,-23.44062727982504],[-49.57345297967123,-23.44395104010835],[-49.57584714043315,-23.44338236010776],[-49.57788662027127,-23.43675940991881],[-49.58222732043447,-23.43712886040856],[-49.58998852994665,-23.435507870192],[-49.59521551018759,-23.43888171012276],[-49.59794207027028,-23.44615921027929],[-49.60335918967485,-23.45254669007767],[-49.59775194999247,-23.45808395980686],[-49.60133909022682,-23.46147679971449],[-49.60243487007313,-23.47105865972929],[-49.59840568967081,-23.4776176303493],[-49.60225986020436,-23.47869710998361],[-49.61526921999848,-23.4721280597621],[-49.61257261003789,-23.48089759005171],[-49.6134416204344,-23.48689664996039],[-49.61603483983595,-23.49016316030156],[-49.62188691005281,-23.4927522599088],[-49.61915189004765,-23.49702376983106],[-49.61865567022295,-23.50262478980216],[-49.6138084997624,-23.50675987976462],[-49.6131046102895,-23.51020347021392],[-49.61577956007858,-23.51019955996168],[-49.62141709971934,-23.50592978033507],[-49.62942218018941,-23.51071310972219],[-49.62894067956864,-23.51615324007992],[-49.6226452202007,-23.52518531035372],[-49.61106933028532,-23.52907854024238],[-49.60099767969911,-23.53569128042818],[-49.60066838034146,-23.5381323201504],[-49.60546707014913,-23.54145712994256],[-49.605806869991,-23.54375993037644],[-49.60472945969678,-23.54795747016107],[-49.59849317032354,-23.55397210003235],[-49.59981456039361,-23.55847579961841],[-49.60801856010841,-23.5648042002536],[-49.60771050993202,-23.56805437980574],[-49.60119501973435,-23.57454426000953],[-49.60200195982253,-23.57877139018746],[-49.60113660966675,-23.58294211039004],[-49.60633706979991,-23.58582243026092],[-49.60854590007318,-23.5898285898175],[-49.61507648988805,-23.59061667022308],[-49.61742285977709,-23.59304922034522],[-49.62108490994058,-23.60480579035487],[-49.62113389960973,-23.61167815042626],[-49.61365378039761,-23.61433269999407],[-49.615689359876,-23.61743939001582],[-49.61365756024816,-23.61977732966],[-49.61352660007248,-23.62359075011301],[-49.60627947991401,-23.62422645029039],[-49.60557312000344,-23.62841269998609],[-49.60294517957635,-23.62888123957748],[-49.60056136011866,-23.62593012957177],[-49.5965678297415,-23.6252257697534],[-49.59099089001751,-23.61678102962077],[-49.5870629498952,-23.61666404041307],[-49.581840319675,-23.61390714979507],[-49.51674082043246,-23.60866422007763],[-49.51519810990482,-23.6105032401324],[-49.52065532018685,-23.61321304044941],[-49.51732512975087,-23.61714670025998],[-49.50438905031439,-23.61905892962585],[-49.50722476021446,-23.62037724041727],[-49.5069681503598,-23.62806070983385],[-49.49797781042759,-23.62171867997307],[-49.49582731018216,-23.62256464973876],[-49.49726164970531,-23.6289623800098],[-49.49290176970089,-23.62727838958597],[-49.49009611964016,-23.62864492022686],[-49.49259172033157,-23.63119031008472],[-49.49618018976389,-23.63179066960367],[-49.49952732972247,-23.63466310961479],[-49.50435097032096,-23.63402189029796],[-49.5051691699212,-23.64109531989305],[-49.49940296967128,-23.64225900035257],[-49.49894521025323,-23.64592704000086],[-49.49687896029576,-23.64464453032076],[-49.49192806023177,-23.64891358959045],[-49.49608617014059,-23.65216409020059],[-49.50225689983603,-23.6515562303357],[-49.50553185031458,-23.65631319969435],[-49.50871028015524,-23.65371139986115],[-49.51309511994378,-23.65373274976656],[-49.51124455978857,-23.66045814982368],[-49.51421191964431,-23.66317414017436],[-49.51850315979294,-23.66370016982694],[-49.51166606034036,-23.66661293993519],[-49.51278963013726,-23.66982055997084],[-49.50541227016009,-23.67209209997037],[-49.50346905015653,-23.67466601002832],[-49.43152689005387,-23.67251567975478],[-49.37745514034242,-23.6844086499392],[-49.37577967009565,-23.68613119969507],[-49.37332426010647,-23.68487552038891],[-49.36956200028607,-23.68534524978338]],[[-49.57555123020506,-23.22058359965337],[-49.61008985975917,-23.2202695995623],[-49.62087332014755,-23.21263008990667],[-49.62202844985302,-23.20823200040644],[-49.62559952999425,-23.20595932995906],[-49.62786485028255,-23.20065147998179],[-49.63697831010091,-23.1967056703304],[-49.59777649968566,-23.18767723961287],[-49.57555123020506,-23.22058359965337]],[[-49.39441386031137,-23.47675910964517],[-49.42917682035392,-23.46794274985797],[-49.43515572016031,-23.47097123033797],[-49.43738986005394,-23.47046083000328],[-49.44197703021575,-23.47806716007136],[-49.44167959024088,-23.4758011203254],[-49.44318707971991,-23.47406423987275],[-49.44092097971941,-23.47362618999665],[-49.44012706990833,-23.47187353003932],[-49.44450337962724,-23.46909248003391],[-49.43426361967028,-23.46858813033788],[-49.43532867957487,-23.46352633037583],[-49.43308058040441,-23.46357058961098],[-49.4316829098384,-23.4619788903135],[-49.43345188979282,-23.45964690957715],[-49.43292393019516,-23.4574372402364],[-49.43425451043726,-23.45458969975482],[-49.43774774975878,-23.45419487039692],[-49.44122175977634,-23.45552099989419],[-49.44359597987051,-23.46006995966087],[-49.44689170019177,-23.45975241983825],[-49.44750285966921,-23.45754689996943],[-49.44421717038608,-23.45709784958603],[-49.44386226013518,-23.44887643000322],[-49.44717975034519,-23.44658860957662],[-49.44915795037906,-23.44926509990438],[-49.45281335994855,-23.44989200021558],[-49.45243434966545,-23.44579374018889],[-49.45773474965893,-23.44231340973602],[-49.4559037704426,-23.43993106966309],[-49.45661459998377,-23.43729571972165],[-49.46002081011227,-23.43617615010919],[-49.46169285034472,-23.44003158958617],[-49.46192274044205,-23.44612867020192],[-49.46452725982516,-23.44528557017287],[-49.46452101043621,-23.44243902973739],[-49.46819550002226,-23.43656272998595],[-49.46588573973509,-23.43316887024713],[-49.46692428043116,-23.43086539981829],[-49.47367732025208,-23.43170550960156],[-49.47522410021202,-23.4361872297568],[-49.47700991007923,-23.43562037987658],[-49.47949729996037,-23.43746160956556],[-49.47990908963271,-23.43945148999421],[-49.47767745974693,-23.44637799015209],[-49.47978150011608,-23.44512788034734],[-49.48196344965345,-23.44031043967499],[-49.48619308983916,-23.4432784002779],[-49.48961480967569,-23.44225313987045],[-49.4914013902619,-23.44024211008525],[-49.49502881023136,-23.43988249008481],[-49.49341145957118,-23.43672868008446],[-49.48990776023493,-23.43662890030345],[-49.48652416985453,-23.43165539038392],[-49.484257430436,-23.43063278027853],[-49.48650083964202,-23.4274287503365],[-49.48490334960985,-23.42599723018799],[-49.4817254800468,-23.42584264032553],[-49.47768648983958,-23.42286109006722],[-49.47774040959217,-23.42157022028937],[-49.48066336991855,-23.42192740042913],[-49.48617007978532,-23.41900252994276],[-49.49071639014926,-23.42325036970874],[-49.49083182982503,-23.42566812958046],[-49.49238619017052,-23.42598929007363],[-49.4920277599731,-23.42765020029645],[-49.49556353003283,-23.4282686101082],[-49.49737430957668,-23.43248989019622],[-49.50026790973618,-23.43261343995823],[-49.49934915963598,-23.42860304999073],[-49.50267708018305,-23.42752241023101],[-49.50193425995809,-23.42569917957343],[-49.49885635004046,-23.42665758977591],[-49.49888063982962,-23.41826367033207],[-49.49727980971539,-23.41643127018693],[-49.49980667983436,-23.41098859025118],[-49.50306342983339,-23.41067365036861],[-49.50046448984426,-23.41567080976],[-49.50326034988518,-23.41691585997893],[-49.57333594999403,-23.39489809017465],[-49.52329822982938,-23.35175240005316],[-49.48118801011856,-23.35995721005713],[-49.47883938023318,-23.38938254986476],[-49.47518043992534,-23.39158744020813],[-49.47590638976806,-23.39304216016751],[-49.47469353977499,-23.39352250965607],[-49.47442354980694,-23.40265450989767],[-49.47023313984749,-23.40432306975384],[-49.47104339034013,-23.40559531007546],[-49.46716101976523,-23.40548501991771],[-49.46716715044357,-23.40435803989158],[-49.46179191966132,-23.4061727800497],[-49.45927393034759,-23.404509789695],[-49.45213459033903,-23.41152111031096],[-49.44959511981887,-23.41170453963275],[-49.44546247960972,-23.41574985027535],[-49.43734935998492,-23.42007134002029],[-49.43414318965642,-23.42400367962608],[-49.42934995963287,-23.42656900025912],[-49.42809031971245,-23.42906321959185],[-49.42398255025444,-23.42958892998507],[-49.42252640037304,-23.42702488998663],[-49.41292130007787,-23.42717226998423],[-49.40921187992427,-23.42426099994515],[-49.40448918013152,-23.42384616966496],[-49.39780126021992,-23.42759219042722],[-49.39482398983523,-23.4266423004018],[-49.38984558040914,-23.42722047004861],[-49.38378801960135,-23.43429195980605],[-49.38072681009419,-23.43581076005847],[-49.37993735012856,-23.4377184496467],[-49.39441386031137,-23.47675910964517]]]}},{"type":"Feature","id":"uc-uso-sustentavel-014","properties":{"id":"uc-uso-sustentavel-014","nome":"Área de Proteção Ambiental Haras Suo Bernardo","nome_origem":"Frea de Prote Co Ambiental Haras Suo Bernardo","natureza":"camada fornecida para a demonstração","fonte_arquivo":"assets/layers/Areas_Protegidas_US_DG_UCs_Uso_Sustentavel/Areas_Protegidas_US_DG_UCs_Uso_Sustentavel.kml","tipo":"Unidade de Conservação","categoria":"Área de Proteção Ambiental","orgao_gestor":"Fundação Florestal do Estado de São Paulo"},"geometry":{"type":"Polygon","coordinates":[[[-46.53503433007023,-23.69714490990964],[-46.53224375984161,-23.69017133024266],[-46.53392348028433,-23.68854935976509],[-46.53916915023603,-23.68856740016537],[-46.5374894001157,-23.69108862973644],[-46.53698552975834,-23.69622379009581],[-46.53503433007023,-23.69714490990964]]]}},{"type":"Feature","id":"uc-uso-sustentavel-015","properties":{"id":"uc-uso-sustentavel-015","nome":"Área de Proteção Ambiental Ibitinga","nome_origem":"Frea de Prote Co Ambiental Ibitinga","natureza":"camada fornecida para a demonstração","fonte_arquivo":"assets/layers/Areas_Protegidas_US_DG_UCs_Uso_Sustentavel/Areas_Protegidas_US_DG_UCs_Uso_Sustentavel.kml","tipo":"Unidade de Conservação","categoria":"Área de Proteção Ambiental","orgao_gestor":"Fundação Florestal do Estado de São Paulo"},"geometry":{"type":"Polygon","coordinates":[[[-48.66785803012397,-21.92463257043676],[-48.66047392972803,-21.92000868005647],[-48.65462273994746,-21.91330127993007],[-48.64431659023842,-21.90774971997354],[-48.64278715999939,-21.90338076041371],[-48.65818582961231,-21.84477772980836],[-48.66153517021189,-21.84294116040616],[-48.66357016962758,-21.83612659976274],[-48.66441108969997,-21.83773940974589],[-48.66716911975902,-21.83608944966835],[-48.66920370998321,-21.83723297991804],[-48.6680516100937,-21.83440890005068],[-48.66527572039814,-21.83319112986669],[-48.6687612300467,-21.83384435962944],[-48.66984920018041,-21.83166484006028],[-48.67065114003805,-21.83380802971675],[-48.67308336010893,-21.83330668015913],[-48.67301183972461,-21.83572997985465],[-48.67487840961087,-21.83558610991099],[-48.67589277023512,-21.83188601033106],[-48.67724466980565,-21.83190077989701],[-48.67664804966773,-21.83072415999192],[-48.67977452027787,-21.83136218042023],[-48.68103685007054,-21.83320574025265],[-48.68246296979021,-21.83149828022141],[-48.68491197031113,-21.83131749040979],[-48.6846517298934,-21.82917194003295],[-48.68728217043576,-21.83009950978453],[-48.68764529959088,-21.8331665199189],[-48.68644055968406,-21.83321310030431],[-48.68784626029662,-21.83436705009922],[-48.6841338301121,-21.83490443009532],[-48.68449974986351,-21.83646257029136],[-48.68633797042094,-21.83537804006443],[-48.68810514004014,-21.83617287977455],[-48.6892494598946,-21.8315111998819],[-48.69358759968793,-21.83356331969139],[-48.69347917022748,-21.83073364963815],[-48.69606032972041,-21.83234148007517],[-48.69599827020397,-21.83017943972931],[-48.69749621967475,-21.83084258991357],[-48.6956829301231,-21.8344191199464],[-48.69708911007433,-21.8351600902659],[-48.69864143975059,-21.83319030968499],[-48.70058901966746,-21.83356826955992],[-48.70077091024928,-21.83219288959015],[-48.70234171020172,-21.83234090001247],[-48.70290700965074,-21.8304509396591],[-48.70465797978193,-21.83139469001287],[-48.70480651001236,-21.82841741962818],[-48.71147771962103,-21.8246022499938],[-48.71372515958842,-21.82496338984851],[-48.71309842025585,-21.82325658002708],[-48.71565802030136,-21.8214903996622],[-48.71343993960147,-21.8187828296638],[-48.71490963956819,-21.81619320035588],[-48.71386831996693,-21.81543926001382],[-48.71901598000341,-21.81302353980448],[-48.7204632796566,-21.81474727037016],[-48.72268439017245,-21.81263539960395],[-48.72123540968636,-21.8116905197017],[-48.72294694004921,-21.81102315979092],[-48.72651293992021,-21.81136510991183],[-48.72655896992046,-21.81468997995859],[-48.73015800998411,-21.81211706994679],[-48.72704556969722,-21.80093150018854],[-48.7227753197252,-21.7968541404062],[-48.71336900017917,-21.79195672032631],[-48.70863699959779,-21.78072237044103],[-48.71708481990845,-21.77758681038296],[-48.72845759973842,-21.77753214958898],[-48.73595318009512,-21.77510258971267],[-48.74077847005032,-21.77586610963323],[-48.75159620989712,-21.76633010964679],[-48.74614047989917,-21.76387561966408],[-48.74585248010783,-21.76180973033473],[-48.74440431980349,-21.76112617992919],[-48.74413394042898,-21.75694515979126],[-48.73938883043013,-21.75349096993227],[-48.74410155044615,-21.73894010020541],[-48.74005889010567,-21.7094395204175],[-48.74158237043002,-21.69975257012499],[-48.73846778975667,-21.69318968025948],[-48.72689400965078,-21.68668049970523],[-48.73127815965933,-21.6826888803875],[-48.73799491992958,-21.68459085028746],[-48.74363352976354,-21.68455527040936],[-48.75197826978126,-21.68795398019199],[-48.7584207602099,-21.69965762959589],[-48.77648187004223,-21.69845923980205],[-48.7846876504147,-21.70403936042811],[-48.78759408030254,-21.70929437973177],[-48.79295961009791,-21.71504992031754],[-48.8014187897453,-21.71630998022135],[-48.80521848024864,-21.71397987007492],[-48.8059147200882,-21.71092559973658],[-48.8246743198639,-21.69695302016572],[-48.82748791993151,-21.68922956958892],[-48.83477270999254,-21.68139198964855],[-48.83806904005411,-21.6729924404487],[-48.8459833699365,-21.66976811011017],[-48.85102225966949,-21.67019173036402],[-48.86207992964501,-21.66231929989573],[-48.86838874034805,-21.66094785985581],[-48.87515609018135,-21.65472781044008],[-48.8774978195687,-21.65076859999084],[-48.88131755955766,-21.65478464039882],[-48.88057819992395,-21.65727191966334],[-48.88456923018578,-21.65564693016165],[-48.88622048978374,-21.65932924025219],[-48.88878064021435,-21.65893363028277],[-48.88870063022983,-21.65692082973248],[-48.88984681977485,-21.65620066972508],[-48.89411866964087,-21.65755990956211],[-48.89681957026693,-21.65671480044762],[-48.89689259971368,-21.6555418695616],[-48.89859442009634,-21.65616466986359],[-48.89726499997971,-21.66041353036007],[-48.89759482993742,-21.661521299968],[-48.90003183979752,-21.66098307011254],[-48.89922166035132,-21.66666360004507],[-48.89811900968454,-21.66740992043145],[-48.89951003965655,-21.67016936962068],[-48.90086330979386,-21.67052195962071],[-48.900228839889,-21.6693715900268],[-48.90147772032049,-21.6690576600829],[-48.90613172000286,-21.67169409011012],[-48.9057928599525,-21.67050323033976],[-48.90839235032666,-21.67028609982361],[-48.90818665019373,-21.66703492022532],[-48.91207126008055,-21.66768544033079],[-48.91113256031934,-21.67355247976309],[-48.91643533991896,-21.67710941986377],[-48.91439525034048,-21.67792514992567],[-48.91481842992658,-21.68078726032377],[-48.91676976990891,-21.68131978038349],[-48.91879291985731,-21.67903315965253],[-48.92082243970378,-21.67920762992816],[-48.92483524974693,-21.68470299035067],[-48.92515981956996,-21.68780566040289],[-48.93101302023467,-21.68522135957807],[-48.93559035990717,-21.68648201033648],[-48.93545225012122,-21.69273644982724],[-48.93899919965332,-21.69519152976522],[-48.94104167962979,-21.69387312004841],[-48.94511612021273,-21.68614772963394],[-48.9495653001984,-21.68688520968465],[-48.94927303042596,-21.69039615036201],[-48.9508013895724,-21.69158537966149],[-48.9563548201188,-21.69025685976624],[-48.95673354981341,-21.69196160024762],[-48.95430437035037,-21.69501151966585],[-48.95541710961186,-21.69590192043722],[-48.95982574995833,-21.69507797956504],[-48.96076294965036,-21.70078092959619],[-48.96766221024279,-21.69880754992846],[-48.97011660040073,-21.70074020020002],[-48.97778562041003,-21.70113130996197],[-48.97682085020205,-21.69747136960797],[-48.978118880382,-21.69652062972324],[-48.98100702975057,-21.69860720975487],[-48.98469847965106,-21.69840273000193],[-48.99190855043923,-21.7010957903384],[-48.99241937975052,-21.69543013968917],[-48.99584907027833,-21.69450340001185],[-49.00007353036909,-21.6911834402635],[-49.00467437022598,-21.6979263303358],[-49.00924407015765,-21.69864822963206],[-49.01670111996066,-21.70368309040225],[-49.0177398504137,-21.70639477030238],[-49.01593818999544,-21.71125604033392],[-49.01742663003489,-21.71267697006607],[-49.02353833992242,-21.71527367973647],[-49.03064183025623,-21.71238166957835],[-49.03428426980315,-21.71293876990825],[-49.03833196994441,-21.71754395978587],[-49.03666760002966,-21.72200114014043],[-49.04332781003035,-21.72545540014653],[-49.04464259008341,-21.72935139005455],[-49.04999240962195,-21.72821907974668],[-49.05355771971296,-21.72993251037701],[-49.05920280016903,-21.72720056965051],[-49.06408116991003,-21.73150043969349],[-49.06393375034224,-21.73355192997752],[-49.0612330997277,-21.73723148004871],[-49.05877077035473,-21.73645222019377],[-49.05726179969224,-21.73829973974114],[-49.05655132987994,-21.73643645957492],[-49.0549174703649,-21.7367926900306],[-49.05234319967889,-21.74120529998459],[-49.05397427039622,-21.74086084974834],[-49.05520286032367,-21.74242418982448],[-49.06425827969582,-21.74160469969706],[-49.0677317896903,-21.74463727029377],[-49.07196560992492,-21.7434160197335],[-49.07395092989145,-21.74526924997588],[-49.07596678993536,-21.7451328201235],[-49.07790800984674,-21.74729607005753],[-49.07608662010142,-21.74957045011615],[-49.07764607960286,-21.75037799005213],[-49.07810000970761,-21.75279867991509],[-49.08351458043347,-21.75567662017983],[-49.07577233042866,-21.75756495995489],[-49.06684532974811,-21.76358166995806],[-49.0518278395831,-21.76843626971805],[-49.04729786990072,-21.77257273024725],[-49.04322838008562,-21.77405026960423],[-49.02031854036829,-21.77089532016282],[-49.01353438040729,-21.76889242024896],[-49.00775719044196,-21.76551723043582],[-48.99978028033564,-21.76443007958449],[-48.98723255963489,-21.75979305010912],[-48.97253042034259,-21.75990754999339],[-48.96561669955099,-21.76219831030375],[-48.9620562197187,-21.76508450004957],[-48.9586977204234,-21.77179730959813],[-48.95919346990269,-21.78196403021576],[-48.9644049404356,-21.79020894998303],[-48.98416743987542,-21.80839156002241],[-48.98699201976586,-21.81237022010953],[-48.98925920974472,-21.82402863990978],[-48.9863876798475,-21.83472870976209],[-48.97977092958467,-21.84166056987937],[-48.97225578987275,-21.84699105039664],[-48.96649255019099,-21.84933449029444],[-48.92020142005947,-21.85931895970219],[-48.90818983019648,-21.86528249998736],[-48.90440582027236,-21.87084692024911],[-48.89425329005724,-21.90672391008036],[-48.87852503959886,-21.92121815039729],[-48.87647663039212,-21.92034654995325],[-48.87129157024975,-21.91389573989642],[-48.86558305971039,-21.91517107028864],[-48.85928433040749,-21.91439471974047],[-48.85569404974058,-21.91176623972012],[-48.8485911898315,-21.90993774982724],[-48.84540590985483,-21.90573151989366],[-48.84087442031819,-21.90285536028659],[-48.83997633034335,-21.89904080039258],[-48.83504596989553,-21.8992580801962],[-48.83250210978451,-21.8974310301179],[-48.83279004032806,-21.89434219973271],[-48.83460404034412,-21.89543619982072],[-48.83562033001419,-21.89411855992358],[-48.83193474009613,-21.8921204102287],[-48.83074950018926,-21.88996976968906],[-48.82800010991707,-21.89245738979668],[-48.8253779800097,-21.88976843036875],[-48.82229402035273,-21.88911056999677],[-48.82095899026513,-21.89205148978436],[-48.819504360238,-21.89013442026726],[-48.81749546993996,-21.8901040699468],[-48.81483272035371,-21.89205188998267],[-48.81130444974053,-21.89141908022634],[-48.81045049039778,-21.89312657982776],[-48.8083322497335,-21.89313699037973],[-48.80917474991475,-21.89017724958035],[-48.80656181017935,-21.89281873020019],[-48.80581610043265,-21.89137451971828],[-48.80370312979557,-21.89290638981799],[-48.80203035032036,-21.89207559970913],[-48.80025746011364,-21.89375857030171],[-48.79929798961047,-21.89192621961928],[-48.79911048995712,-21.89478621031532],[-48.79568250004729,-21.89396132965157],[-48.79486017975347,-21.89148990993135],[-48.79316486956304,-21.89142705991082],[-48.79283501982025,-21.89248206989157],[-48.78898003000432,-21.89251706970697],[-48.78840626973351,-21.89549701017881],[-48.78734930013007,-21.89420416009386],[-48.78578169996541,-21.89600405963961],[-48.78571106001738,-21.89365323001249],[-48.78307420011419,-21.89477375020834],[-48.78066471040802,-21.89343084026103],[-48.77931514008162,-21.89536763011199],[-48.77931647017891,-21.89409818038666],[-48.77429395979834,-21.89369213018762],[-48.77402470007979,-21.89165695990073],[-48.77020706000775,-21.89097314959116],[-48.76787301982398,-21.88899293957246],[-48.74505583006248,-21.89281877966289],[-48.73984166965727,-21.89234870043214],[-48.73307741978704,-21.88945476032887],[-48.72707631032341,-21.89133725990655],[-48.72521194017884,-21.89327342023211],[-48.72654222004735,-21.89511020996815],[-48.72586247017682,-21.89683147009623],[-48.72402234035866,-21.89703734020105],[-48.72437069994783,-21.89813733966645],[-48.72279365959969,-21.89819194020583],[-48.72265903019007,-21.89998200026906],[-48.72065204015951,-21.90123162983582],[-48.72187509026315,-21.90442930966486],[-48.72119747987978,-21.90878973016186],[-48.71977581000556,-21.90737135000774],[-48.71872194036524,-21.90956020993571],[-48.71815444027516,-21.90824817011691],[-48.71608990982145,-21.90996223027264],[-48.71648036038027,-21.90824862967048],[-48.71266107005232,-21.91040953956855],[-48.71098799020353,-21.90851525977138],[-48.70868361955337,-21.91047890967388],[-48.70660419992385,-21.91007591986778],[-48.70744548961761,-21.9119550595783],[-48.7054545300025,-21.91312225998428],[-48.7031360202111,-21.91079503036633],[-48.70138756998034,-21.91228352976105],[-48.70118031042296,-21.91089598016532],[-48.69935660042671,-21.91055402015184],[-48.69900801960438,-21.91190160027861],[-48.69737428959172,-21.91101726003848],[-48.69760396025453,-21.91252586018027],[-48.69447983957292,-21.91355427001349],[-48.69466333004863,-21.91251047997463],[-48.69207610013189,-21.91178264964952],[-48.68781786959897,-21.91405733008168],[-48.68736450966435,-21.91318596975663],[-48.68652003996783,-21.9138022499738],[-48.68726614002031,-21.91491902988929],[-48.6859542099188,-21.91498471007628],[-48.68703668969141,-21.91566922005842],[-48.68403496044505,-21.91783481992098],[-48.68379620033431,-21.91961232005247],[-48.68545856026429,-21.91943964032708],[-48.6862215297997,-21.92085638011781],[-48.6833933202455,-21.92472851011263],[-48.68097005022759,-21.92511434984732],[-48.68041311986957,-21.92726536000833],[-48.66785803012397,-21.92463257043676]]]}},{"type":"Feature","id":"uc-uso-sustentavel-016","properties":{"id":"uc-uso-sustentavel-016","nome":"Área de Proteção Ambiental Ilha Comprida","nome_origem":"Frea de Prote Co Ambiental Ilha Comprida","natureza":"camada fornecida para a demonstração","fonte_arquivo":"assets/layers/Areas_Protegidas_US_DG_UCs_Uso_Sustentavel/Areas_Protegidas_US_DG_UCs_Uso_Sustentavel.kml","tipo":"Unidade de Conservação","categoria":"Área de Proteção Ambiental","orgao_gestor":"Fundação Florestal do Estado de São Paulo"},"geometry":{"type":"Polygon","coordinates":[[[-47.88895633017046,-25.05397199990784],[-47.88637953958403,-25.05075014989944],[-47.88662011003004,-25.04109079980054],[-47.88292876984679,-25.02837126002561],[-47.86757365979651,-25.00369055987142],[-47.83892737030186,-24.97163298987056],[-47.78869819976205,-24.92675782971003],[-47.72335922994449,-24.8741164499142],[-47.69286894984214,-24.85160062027234],[-47.62839270955584,-24.80017915014764],[-47.57245897020528,-24.76226443955221],[-47.49881941978038,-24.72055577972543],[-47.47210056988536,-24.70875415997648],[-47.44070328033206,-24.69745942960895],[-47.4350574003787,-24.69042129031027],[-47.43263569967775,-24.68463241995016],[-47.43362856020985,-24.67879984973325],[-47.435996569586,-24.67472005998275],[-47.43753056028709,-24.67473271973915],[-47.45096825008466,-24.69040299000596],[-47.4692309600407,-24.70170939986889],[-47.47667092002689,-24.70498463003662],[-47.48555286017631,-24.70558954012512],[-47.51186431988242,-24.70054773029347],[-47.54108535980146,-24.70607284028932],[-47.54974422041937,-24.71991755964763],[-47.55310167020588,-24.72266730964856],[-47.56960539976933,-24.73262701982105],[-47.58247939001177,-24.73818633013497],[-47.59022562041599,-24.74648257960735],[-47.60496343041791,-24.75089690996435],[-47.61624199996828,-24.75803144039861],[-47.62801279005816,-24.76303142995647],[-47.63904845991846,-24.77408096016813],[-47.64539704044103,-24.77689129030074],[-47.65211355969296,-24.78321774030644],[-47.65699022971529,-24.78499379972402],[-47.66834297984462,-24.79416552032245],[-47.68546255974928,-24.81346424028243],[-47.69238732961151,-24.81629175016411],[-47.71452934974963,-24.83004963008631],[-47.73424987962818,-24.83530785007719],[-47.73965731962954,-24.8438840899787],[-47.74565198994736,-24.84994847034557],[-47.75126967975189,-24.85360668040391],[-47.76422903993819,-24.85909189017855],[-47.7650606097593,-24.86190501990069],[-47.76175830010544,-24.85888315033708],[-47.77500475986176,-24.87828837970494],[-47.78759865985023,-24.88315272002194],[-47.80137693010118,-24.89107048981123],[-47.80165607966433,-24.9028413401557],[-47.80347131984547,-24.90777183999836],[-47.80559690976952,-24.90968678981346],[-47.8106723497491,-24.91218626028763],[-47.81587532978261,-24.91256990028063],[-47.8219686997956,-24.91080837031001],[-47.83016886030464,-24.90555468020426],[-47.83613158040805,-24.90390216964937],[-47.83881768988442,-24.90457450011303],[-47.83826241967489,-24.90787697973877],[-47.83329529044528,-24.90947043001631],[-47.83098765975268,-24.90868405022871],[-47.82635565029301,-24.91252660961527],[-47.82663088960385,-24.9179116196255],[-47.82839679027961,-24.92143019015111],[-47.83305340968707,-24.92515812015108],[-47.83549042044649,-24.92422949009887],[-47.83623512025457,-24.92595431963611],[-47.84003236999786,-24.92594435964446],[-47.85336656041841,-24.93576605985572],[-47.85431849010621,-24.93810253990023],[-47.85277383974085,-24.93741424017497],[-47.85185612026368,-24.93976228999765],[-47.85351044025458,-24.94738871991348],[-47.85860299972859,-24.95915429033818],[-47.86444000000597,-24.9660071701947],[-47.86758644995467,-24.96760931961438],[-47.87556651038608,-24.96798365971807],[-47.88508373972275,-24.96313946961078],[-47.88997480968965,-24.96490924996186],[-47.89532511036549,-24.96918828990761],[-47.89714682026948,-24.97204922039515],[-47.89422889974389,-24.97194282969781],[-47.89273834000232,-24.97787858992496],[-47.89517647041771,-24.98172898960115],[-47.89439133978846,-24.98664402020535],[-47.89564817022682,-24.99772156969465],[-47.90081533026324,-25.00457675990953],[-47.91313003032661,-25.01018151026847],[-47.91856165039979,-25.01641167975515],[-47.91819815971724,-25.02037166991659],[-47.91471764040676,-25.02535286004638],[-47.9132258000306,-25.03096727991601],[-47.91457440988108,-25.05157034959194],[-47.91193547973853,-25.05321307012701],[-47.90161652997881,-25.05376051983205],[-47.89189465991058,-25.05233887963556],[-47.88895633017046,-25.05397199990784]]]}},{"type":"Feature","id":"uc-uso-sustentavel-017","properties":{"id":"uc-uso-sustentavel-017","nome":"Área de Proteção Ambiental Itupararanga","nome_origem":"Frea de Prote Co Ambiental Itupararanga","natureza":"camada fornecida para a demonstração","fonte_arquivo":"assets/layers/Areas_Protegidas_US_DG_UCs_Uso_Sustentavel/Areas_Protegidas_US_DG_UCs_Uso_Sustentavel.kml","tipo":"Unidade de Conservação","categoria":"Área de Proteção Ambiental","orgao_gestor":"Fundação Florestal do Estado de São Paulo"},"geometry":{"type":"Polygon","coordinates":[[[-47.02480409023656,-23.79122015988241],[-47.02330003976499,-23.78936531985357],[-47.01896926002331,-23.78894870981509],[-47.01634027997989,-23.78538568040477],[-47.01072635024082,-23.78186152958585],[-47.00881971016145,-23.77838361021537],[-47.00887900965853,-23.77554276968306],[-47.01193774962741,-23.77360956003315],[-47.01158237982293,-23.77058479015591],[-47.01341609028032,-23.76933019992873],[-47.01200090002146,-23.76433119962513],[-47.00677211034457,-23.75900309961332],[-47.008573759971,-23.75566627038205],[-47.00907390983303,-23.74235074988718],[-47.00640760972334,-23.73939703004885],[-47.00179101014697,-23.72848522021667],[-47.0020608598208,-23.72592355982437],[-47.00463933034081,-23.72449705969149],[-47.0047751297684,-23.7212549596486],[-47.00320189984774,-23.71939935969266],[-47.00547042981646,-23.71823300015279],[-47.00605171021823,-23.71583784024409],[-46.9985192099935,-23.70863798035845],[-46.99846898015926,-23.70534142996297],[-47.0006775298441,-23.7002533895822],[-46.99877761039835,-23.6963564203125],[-46.99612174961902,-23.69445698020542],[-46.99511525986134,-23.69045748012854],[-46.99863042015772,-23.68668972994703],[-46.9963365598843,-23.68439885991938],[-46.99709032036196,-23.67851270000108],[-46.99444702041365,-23.67395418044106],[-46.99514267029798,-23.67133469004386],[-46.99251747999767,-23.66703920959179],[-46.98810411011652,-23.66512130010784],[-46.98900407967449,-23.65995327042702],[-46.9863640397686,-23.6581963000192],[-46.98685461994472,-23.65548846022421],[-46.98574601037006,-23.65429310024632],[-46.99141378971456,-23.64790393961505],[-46.991345050034,-23.64298428020032],[-46.99479158036712,-23.63593795976897],[-47.00011978020365,-23.63290088986412],[-46.99921275996087,-23.62743746976338],[-46.99651459956908,-23.62433887004278],[-46.99686263989889,-23.61190802973175],[-46.99983630040492,-23.60747495030864],[-47.00707778001549,-23.60382481975955],[-47.00829034042681,-23.59803168031777],[-47.01174572008887,-23.59883241958045],[-47.01849058956901,-23.5945879297891],[-47.0198750895637,-23.59506311986706],[-47.02071888027206,-23.60019545995249],[-47.02582274962015,-23.59871981996366],[-47.02675769021516,-23.59483251031207],[-47.02954687998448,-23.59211874038749],[-47.0230350302424,-23.59156960984956],[-47.02039385988866,-23.58803234961317],[-47.02064762968433,-23.5859769400837],[-47.02227846028268,-23.58203912000931],[-47.02809896969165,-23.5812889802022],[-47.02480024023885,-23.58000532028927],[-47.02473225958607,-23.5761893196813],[-47.02936122034401,-23.57181976027368],[-47.02992357990922,-23.56806094036006],[-47.03276018013815,-23.56637933044169],[-47.03586244999201,-23.56208633031986],[-47.03744823984437,-23.56219062020091],[-47.03922964033558,-23.56616950961512],[-47.04402005997775,-23.5686079700817],[-47.05465856044418,-23.5782409295752],[-47.05942374960631,-23.57731609016537],[-47.06155727964472,-23.58006526999617],[-47.07434360037684,-23.58120929037642],[-47.07663991040351,-23.58394543003755],[-47.08413507977008,-23.58294582009347],[-47.08784923035768,-23.58033664042358],[-47.09240953956856,-23.58373377998993],[-47.09407548959211,-23.5868064198803],[-47.10251914963902,-23.58876743027264],[-47.10895743034109,-23.58743507027225],[-47.10922234003891,-23.58051452002906],[-47.11067990994985,-23.5777279400923],[-47.11588984983666,-23.57945547029368],[-47.11945749007106,-23.5771242503838],[-47.14303240991774,-23.57866226015511],[-47.15799671957291,-23.57520417982897],[-47.16175432989837,-23.57777280007463],[-47.16521100998011,-23.57698318002969],[-47.17402927992731,-23.57133990001631],[-47.17386061027889,-23.56662287044907],[-47.16935441957077,-23.56058836016467],[-47.16914325965365,-23.55484819978454],[-47.1702992895805,-23.55293190997963],[-47.17611214036293,-23.55312698012597],[-47.17785793039911,-23.5598777797357],[-47.18057921955528,-23.5613452295986],[-47.18749874007477,-23.56161900031657],[-47.18820854978469,-23.56499661020536],[-47.18935877009113,-23.56535681026855],[-47.19507241036342,-23.56489979998571],[-47.19631311955476,-23.5657856304025],[-47.19513121972994,-23.56843711957737],[-47.19666093955067,-23.57195365044055],[-47.20528265996677,-23.57431572968716],[-47.20931186015417,-23.57087091975711],[-47.21273759006766,-23.57044576975642],[-47.21411001036864,-23.56455445042752],[-47.21548773037443,-23.56385729957469],[-47.22140759958103,-23.56595588015972],[-47.22590173038049,-23.5658915696402],[-47.22527267979029,-23.56251302985243],[-47.22361315002684,-23.5610312097225],[-47.22397353984695,-23.55816545976813],[-47.23491259014389,-23.55718405030365],[-47.23961262971903,-23.5607469196346],[-47.24172639985341,-23.55878789044874],[-47.24509255957395,-23.55949771005123],[-47.24777047982377,-23.55766307958743],[-47.2505928500799,-23.55772095995428],[-47.25160354956409,-23.55875030957907],[-47.25153267039639,-23.5634439999406],[-47.25442349974469,-23.56581015041809],[-47.25419548023717,-23.56870783979491],[-47.25638722968688,-23.57004701036118],[-47.26099266957601,-23.56965998981661],[-47.2715533004444,-23.55640773033247],[-47.27888534987898,-23.56338689029269],[-47.28217379018821,-23.56435965997031],[-47.28769049961682,-23.56094481994745],[-47.29255583997997,-23.56310956995065],[-47.29428956021496,-23.56155227961398],[-47.30123924039856,-23.56180992998424],[-47.30498371972283,-23.56337622972916],[-47.30802679979695,-23.56215976985743],[-47.30803605022351,-23.56083634012498],[-47.31214272970317,-23.56105069982988],[-47.31459819005437,-23.55945994032396],[-47.31922329002276,-23.56057664019971],[-47.32214429971964,-23.55930530009948],[-47.32784680998225,-23.56013239039743],[-47.32701126965435,-23.56439942978983],[-47.32994373041879,-23.57386802019295],[-47.33845242044282,-23.57374016987291],[-47.33858011967675,-23.58094610018236],[-47.35111205997356,-23.5814776795512],[-47.37083339024872,-23.58983906961731],[-47.37910511970546,-23.58796246959224],[-47.3839274499918,-23.58996265984882],[-47.38521160003529,-23.59480424012355],[-47.39160560981099,-23.60074408956802],[-47.39181691002233,-23.60462984968774],[-47.39840506004543,-23.61410103013839],[-47.40121429030722,-23.61373348980868],[-47.40339657978831,-23.61758869006593],[-47.40589185042853,-23.61930004955758],[-47.40856748999761,-23.61909113974428],[-47.41375044033049,-23.6211689702717],[-47.41281139972625,-23.62424823007171],[-47.40440087969682,-23.62632334015001],[-47.40494176974681,-23.62938992040847],[-47.40356008013356,-23.63083730999381],[-47.40330280028394,-23.63602659964783],[-47.40028785010418,-23.63672147971249],[-47.39597477981221,-23.64346431042952],[-47.38615713014741,-23.64568989956916],[-47.38123728007639,-23.64345396013209],[-47.37718948011036,-23.64546061021895],[-47.37224419001734,-23.64456413003052],[-47.36878622030775,-23.64805234034321],[-47.36749765009642,-23.65079435977185],[-47.36806047011459,-23.65467481029424],[-47.36529683008462,-23.66180940997623],[-47.37406180980463,-23.66569482025972],[-47.37613633982016,-23.67136690016224],[-47.38217057041544,-23.67399649983855],[-47.38256612013032,-23.67638863982381],[-47.37990861988686,-23.67827654972297],[-47.37716830017689,-23.68642075981018],[-47.36829709973131,-23.68826689979755],[-47.36426255037634,-23.69500475996165],[-47.3641330102302,-23.69954395039298],[-47.36049182973409,-23.70076624956272],[-47.35806997974572,-23.70320143020177],[-47.35769961014887,-23.70789226971243],[-47.35357843000048,-23.71378860995634],[-47.34748196002437,-23.71563133971449],[-47.33953858024125,-23.71133620010551],[-47.32614109013917,-23.71157420028908],[-47.32504919986064,-23.71929759960449],[-47.32157947960923,-23.72285451992013],[-47.31933097034795,-23.72343250970249],[-47.32149120035859,-23.72778616999568],[-47.32072637012584,-23.73026347038279],[-47.3185468604492,-23.73170538039892],[-47.31225734020404,-23.73078256985968],[-47.30828800968385,-23.73338720975187],[-47.30623594023643,-23.74161456036364],[-47.29765679012871,-23.74881921003845],[-47.29767313980352,-23.75560395995473],[-47.30420090035125,-23.76209710020095],[-47.3044463496193,-23.76355209984951],[-47.30198000027673,-23.7639313502516],[-47.30150735977679,-23.76535847990988],[-47.30421608990059,-23.77233098039039],[-47.30616546036765,-23.77421122986431],[-47.30527758039597,-23.77667033966441],[-47.3033836603276,-23.7758607402809],[-47.30130010021941,-23.77767519985053],[-47.30309702031121,-23.77948481027573],[-47.30368581994458,-23.78299249990391],[-47.30182171959666,-23.78709627007674],[-47.30508954025004,-23.78827995955243],[-47.30734661015788,-23.78729582963877],[-47.30916605017302,-23.78856634955736],[-47.31395066019479,-23.78789051983159],[-47.31742835023812,-23.79070838988025],[-47.31233168985557,-23.79637557027633],[-47.3111168595554,-23.79963880978318],[-47.30523396957199,-23.80263300990543],[-47.30074968005363,-23.80787168043366],[-47.29828405016872,-23.80717702969611],[-47.2965850095905,-23.80491653966652],[-47.29207937016673,-23.80381292042989],[-47.28779586958365,-23.80335297026335],[-47.28357037976917,-23.80577348026185],[-47.28099776023839,-23.80431551015261],[-47.27823446015219,-23.80997378006583],[-47.27626485044243,-23.80980543956935],[-47.27399326008083,-23.81334672966778],[-47.2743893799659,-23.81759088041474],[-47.27149676995992,-23.81622427962674],[-47.26960898956315,-23.81721703044155],[-47.26634057985382,-23.81671271042319],[-47.26254565036146,-23.81996500967739],[-47.25852773037042,-23.81842163994668],[-47.25096823969244,-23.82299293977229],[-47.24235554037585,-23.82060393032708],[-47.23631115013944,-23.81560551008619],[-47.23456559032968,-23.81584818044911],[-47.23380651036211,-23.81846750986762],[-47.23574458984092,-23.82117816004398],[-47.22805629016563,-23.82350920998203],[-47.22408240008264,-23.83193863016362],[-47.21849394004323,-23.82871528997862],[-47.2183641301005,-23.83220510018521],[-47.21676014966113,-23.83244555012197],[-47.2153497204132,-23.83572626975149],[-47.2122487698648,-23.83694459032057],[-47.21315883970863,-23.84223691979798],[-47.21544049977922,-23.84568190959243],[-47.21427081994233,-23.84643776009449],[-47.19772593020747,-23.84145801967185],[-47.19683191955738,-23.83612361990907],[-47.19347504983364,-23.83338918985919],[-47.18999892011402,-23.83288995011105],[-47.190195189956,-23.83049614997731],[-47.18852345009708,-23.82952002043254],[-47.18201347004555,-23.82769953000928],[-47.17705880002359,-23.82837823037102],[-47.17576566035689,-23.8249450900438],[-47.17632957035335,-23.82189399970827],[-47.18272719990034,-23.81702148005724],[-47.1832509299864,-23.81440566968587],[-47.181240500049,-23.81295603988929],[-47.17485353016622,-23.81278543040327],[-47.17384279021257,-23.80888707977488],[-47.16721672027541,-23.80854561978447],[-47.1595702903366,-23.80176384032893],[-47.15711711965929,-23.80497175983879],[-47.15323542987113,-23.80472168985403],[-47.15114095019464,-23.80101216987572],[-47.14845081984942,-23.79958321998959],[-47.1460560997092,-23.80348573987493],[-47.14129258958133,-23.80424754029173],[-47.13754816961227,-23.80660361026838],[-47.13508901034953,-23.80659419976246],[-47.13206508043908,-23.80385369029551],[-47.1260795202536,-23.80611003984643],[-47.12360571013539,-23.81101325965415],[-47.12203841034432,-23.81060010031433],[-47.12033701983756,-23.80775419030357],[-47.11857085026446,-23.80792127984313],[-47.11553843974713,-23.81631001019878],[-47.11157590000772,-23.81692950998882],[-47.10931006980383,-23.81426510025415],[-47.10621574006433,-23.81300316976041],[-47.10292707042794,-23.81435230031838],[-47.09925352962665,-23.81235905013],[-47.09417506972363,-23.814167110124],[-47.0880030099309,-23.81235323961027],[-47.08774714021831,-23.80923275039106],[-47.08412875034151,-23.80833503993011],[-47.08222732992732,-23.80533143020131],[-47.08373680960602,-23.80313372993766],[-47.08364770028112,-23.797549670281],[-47.07780098013109,-23.79377768968857],[-47.0754686495585,-23.78954911969606],[-47.07320704976547,-23.78976885015226],[-47.07357073020501,-23.78673464998406],[-47.07252938002682,-23.78599130995093],[-47.06726704024169,-23.78743839016954],[-47.05656013014584,-23.79401879972778],[-47.0527468499871,-23.79378559023274],[-47.04608597988403,-23.78923538040846],[-47.04298599970406,-23.78851911986146],[-47.03732589967046,-23.78868863037593],[-47.03181875992777,-23.79207462014756],[-47.02480409023656,-23.79122015988241]]]}},{"type":"Feature","id":"uc-uso-sustentavel-018","properties":{"id":"uc-uso-sustentavel-018","nome":"Área de Proteção Ambiental Jundiad","nome_origem":"Frea de Prote Co Ambiental Jundiad","natureza":"camada fornecida para a demonstração","fonte_arquivo":"assets/layers/Areas_Protegidas_US_DG_UCs_Uso_Sustentavel/Areas_Protegidas_US_DG_UCs_Uso_Sustentavel.kml","tipo":"Unidade de Conservação","categoria":"Área de Proteção Ambiental","orgao_gestor":"Fundação Florestal do Estado de São Paulo"},"geometry":{"type":"Polygon","coordinates":[[[-46.95861661006847,-23.32733679036056],[-46.95827046011362,-23.32609678983493],[-46.95061933031781,-23.3239632696891],[-46.94891116971468,-23.32598943956094],[-46.94672893958887,-23.3244951503309],[-46.94522219025185,-23.32495858986698],[-46.94473084025606,-23.32255002016723],[-46.94124399961083,-23.32112715959067],[-46.94133483023819,-23.32001236987492],[-46.93883696955044,-23.32327026021431],[-46.93572690976902,-23.31759876037444],[-46.93341583017639,-23.31688265001424],[-46.93086877027747,-23.31153628027505],[-46.92676301979748,-23.31081804032027],[-46.92249382023357,-23.30779814027193],[-46.91802332002015,-23.31050531996448],[-46.91540226030605,-23.30809392009832],[-46.90779965972649,-23.30876830011692],[-46.90180058003273,-23.3074526702045],[-46.90088162039041,-23.30504785967094],[-46.8983616004075,-23.30483959017488],[-46.89512855024236,-23.30151662039566],[-46.88988174984286,-23.29963523957463],[-46.88683501042732,-23.29596252974693],[-46.88525206962726,-23.29023018987129],[-46.88145567963585,-23.28888874042298],[-46.87723477006853,-23.29139406008778],[-46.87585806989398,-23.29087075987763],[-46.87629752001448,-23.28476198987391],[-46.87387163027148,-23.28232112012353],[-46.86966758029456,-23.28215782032709],[-46.8674890697647,-23.27791167038725],[-46.86481550043493,-23.27965263016472],[-46.86256375990956,-23.27846814029238],[-46.86099242036386,-23.28175864004913],[-46.84996388032874,-23.28558908017186],[-46.84690343974194,-23.2844855697532],[-46.84635660966978,-23.2822097903495],[-46.84439575036356,-23.28197836960601],[-46.83852862009968,-23.28796517984915],[-46.83500253034248,-23.2863658902736],[-46.83493815956837,-23.28036217997061],[-46.83210602986935,-23.27877126038533],[-46.81595974034968,-23.28259932989511],[-46.81375334004457,-23.28039872032463],[-46.81463233021782,-23.27686981029348],[-46.80951732996078,-23.27479321003858],[-46.80578393028412,-23.27478651998189],[-46.80650878025597,-23.27267148000476],[-46.80319907997352,-23.27040710040734],[-46.80326561001982,-23.25704134018565],[-46.80728211987389,-23.25506323008398],[-46.8106823998728,-23.25564256974877],[-46.81692558974413,-23.26098969042181],[-46.8219955501545,-23.25854891959693],[-46.82753990024617,-23.25041788008105],[-46.83219947032927,-23.24936920042819],[-46.83352614031907,-23.24604570994154],[-46.83809201993074,-23.24667621023889],[-46.84479733992526,-23.23976703012431],[-46.84842795968257,-23.24003083995126],[-46.85049782041801,-23.2291054503562],[-46.8523131001694,-23.22647875998672],[-46.85186113957991,-23.2206002497017],[-46.8548445901057,-23.21754093956264],[-46.85327690000889,-23.21071332975635],[-46.85418609031575,-23.20757421018163],[-46.84957799023204,-23.20755350958677],[-46.84544277976045,-23.20272415019934],[-46.84146954977984,-23.20258775002458],[-46.84321203031089,-23.20153684994563],[-46.8502541796866,-23.20232062979318],[-46.85424964990136,-23.20083361967573],[-46.84626512973193,-23.19197834982094],[-46.8405680999378,-23.19291834010926],[-46.83639851018307,-23.18962959043319],[-46.83257259994548,-23.18419233970468],[-46.82965758962604,-23.18451371963243],[-46.82799200023061,-23.18293000991196],[-46.82692894041821,-23.18356496994738],[-46.82499101022688,-23.18179863040245],[-46.82209992996775,-23.18135854985712],[-46.81797488003662,-23.18395643044488],[-46.81784811969493,-23.18602394035253],[-46.81332102964177,-23.18847478987959],[-46.81017299958421,-23.18682034038636],[-46.80724436993171,-23.19000409960944],[-46.80460572037765,-23.18913090017088],[-46.80218934006592,-23.1858352104266],[-46.7991850396578,-23.18792670974983],[-46.79387312024824,-23.18670631984077],[-46.79014174044892,-23.18184261984101],[-46.78543995978629,-23.17885466011444],[-46.77983480023579,-23.18648907960727],[-46.77643362990807,-23.18598031963597],[-46.77497095994181,-23.18861102997499],[-46.76499904956643,-23.19028724036383],[-46.76192012971018,-23.18829755958467],[-46.75811258992405,-23.18776723027344],[-46.75332629007619,-23.19354675038215],[-46.75027133985043,-23.18849670006261],[-46.74763579025949,-23.19014602971544],[-46.74229514020851,-23.19042921003995],[-46.73951369000474,-23.18783395996923],[-46.73679117956925,-23.18911383013909],[-46.73539732033004,-23.18185345037637],[-46.73690897996539,-23.17841696996715],[-46.74114020026002,-23.17720078978459],[-46.74276680044744,-23.17262337007242],[-46.7428217301387,-23.16932307040332],[-46.74100246998796,-23.16655370978583],[-46.74227174974141,-23.16191973980409],[-46.7409767601693,-23.15950489013852],[-46.74502851985028,-23.15451050965225],[-46.74858671990114,-23.15304426038426],[-46.74611792979857,-23.14603608020087],[-46.75086059004417,-23.1374159902557],[-46.74486746026503,-23.13271927997073],[-46.74484254994366,-23.12437908962323],[-46.74893619015302,-23.12029174017164],[-46.75048300968308,-23.11594993024505],[-46.75534901014868,-23.11182857023226],[-46.76046700964474,-23.11223208973911],[-46.76473079978655,-23.11029258033824],[-46.76446047976731,-23.10696792972612],[-46.76774226959003,-23.10217221037914],[-46.76782567991114,-23.09958186970749],[-46.77451433996475,-23.09673406032857],[-46.779986169626,-23.09917831962372],[-46.78449625979454,-23.09736058022656],[-46.78986501995468,-23.0978076997655],[-46.78964772036596,-23.10129934009245],[-46.79157186035303,-23.10326477964583],[-46.79680793993441,-23.10006667983339],[-46.79986559981751,-23.10214694032896],[-46.80468465027633,-23.10132387000056],[-46.81092392989541,-23.10408046024497],[-46.81212438992861,-23.10663165972329],[-46.81606152022295,-23.10669797033501],[-46.81952183986095,-23.10364146967805],[-46.81966277981337,-23.09918988040863],[-46.82368041022272,-23.0974291796129],[-46.82815662023182,-23.09666510031406],[-46.83056052964469,-23.09856817997746],[-46.83478928040091,-23.09718521962213],[-46.83565789959238,-23.10040045961347],[-46.83845683981127,-23.0984525001827],[-46.8418281904186,-23.09958656956451],[-46.84501062044376,-23.09863711031437],[-46.84831611999289,-23.09514386020095],[-46.85421105999239,-23.08320621979118],[-46.86078314002987,-23.08038282970381],[-46.86606327020371,-23.07631633013449],[-46.87130166014344,-23.08042347006705],[-46.87345030958409,-23.08614132006585],[-46.87835675975663,-23.08983661996399],[-46.8787802999708,-23.09179491979967],[-46.88485982042431,-23.09254920997802],[-46.88784128974368,-23.09463598965914],[-46.88962351041664,-23.09333205003406],[-46.89184353994739,-23.09462648022782],[-46.89255976002488,-23.09862397031992],[-46.89528661958178,-23.09988747013062],[-46.89866545974314,-23.10037524981789],[-46.90023113985518,-23.09548784009172],[-46.90957885957664,-23.09553781002188],[-46.91010233965119,-23.09993267994918],[-46.91714554033439,-23.10207657017753],[-46.9233004698408,-23.09745561968106],[-46.92587381962102,-23.09843246958275],[-46.92902183978606,-23.09727842985563],[-46.93102772994575,-23.09793040956072],[-46.93771269018845,-23.09557564989626],[-46.94095483969403,-23.10016233982009],[-46.94042184029564,-23.10195645042978],[-46.94537587989288,-23.11149332995319],[-46.95103186013222,-23.11195971027234],[-46.95267130983302,-23.10900918032934],[-46.95543381042199,-23.10767899039303],[-46.96338062021943,-23.110198239657],[-46.96832989970505,-23.10923693993277],[-46.97414530006552,-23.11227074979524],[-46.97592275972755,-23.1161659303134],[-46.97562055964107,-23.11914264042048],[-46.98408193003701,-23.12137219017438],[-46.98908355006574,-23.11846210993838],[-46.99364973994352,-23.11903079983148],[-46.99480140006455,-23.11694877036939],[-47.00327491040872,-23.11720526960744],[-47.00531226964546,-23.11839131980349],[-47.00636291971296,-23.12113659028137],[-47.00405687992105,-23.12420228021102],[-47.00359773015106,-23.12764278958304],[-47.00756401017088,-23.12787183971358],[-47.00888374998505,-23.1308580601513],[-47.01366075983617,-23.13164642024606],[-47.01503587000934,-23.1369539698498],[-47.01978817008796,-23.13998420041048],[-47.02125183020775,-23.14581196015382],[-47.02271535003331,-23.14747886975397],[-47.02850760993823,-23.14934644957896],[-47.03633834963506,-23.15940249962563],[-47.03397209033966,-23.16643621965579],[-47.03002576987336,-23.17057743040402],[-47.02975842031481,-23.17272984980269],[-47.03406915956401,-23.17537848992532],[-47.03372479026683,-23.18231562996232],[-47.04299184979396,-23.19301174009968],[-47.04391535011325,-23.19708999021083],[-47.04272324028528,-23.20001741027522],[-47.0502754401594,-23.20376738985311],[-47.04732245956382,-23.20921346023295],[-47.04762847007777,-23.21454844995094],[-47.04859252982135,-23.2187651695769],[-47.05331727017585,-23.21891118979954],[-47.05557644989318,-23.22207075995755],[-47.0534344302547,-23.22657091981205],[-47.05366240029952,-23.23412535000483],[-47.05103184014729,-23.23949272970566],[-47.04834772986379,-23.24160068032711],[-47.04524167026682,-23.24096935984801],[-47.0435378497919,-23.2369637902467],[-47.0390504099484,-23.23792524015767],[-47.03236771959456,-23.23478699022735],[-47.02819922971065,-23.2362731801631],[-47.0265534901514,-23.24714943979478],[-47.01745561018822,-23.24951008012607],[-47.01397170043356,-23.26320594999453],[-47.01111991964854,-23.26653400993655],[-47.00748558029522,-23.26779421013464],[-47.00363323988205,-23.26768820974303],[-46.99943396980183,-23.26405122008771],[-46.99742154966475,-23.26397656017008],[-46.98971006007116,-23.25939517984364],[-46.9807001796695,-23.26153505999497],[-46.97710285011641,-23.25968639021471],[-46.96987343041445,-23.26065988024925],[-46.97116853959636,-23.26317265979037],[-46.9712886296665,-23.26823092002087],[-46.96586415021034,-23.27040286999642],[-46.96115387994757,-23.27050273970963],[-46.96244253019859,-23.27350244997803],[-46.96743047963287,-23.27703222965363],[-46.96299385957889,-23.28398775992713],[-46.96666207009844,-23.29050873958664],[-46.96547959021086,-23.29501440958728],[-46.96741452026384,-23.29841314005432],[-46.97196674007296,-23.30128458001928],[-46.96731963998934,-23.30573766036468],[-46.96871116009191,-23.30788095973844],[-46.96687195028022,-23.30968295020796],[-46.96978939956108,-23.31712443994093],[-46.9676417798442,-23.32053060959993],[-46.96059490992712,-23.32212330984282],[-46.95861661006847,-23.32733679036056]]]}},{"type":"Feature","id":"uc-uso-sustentavel-019","properties":{"id":"uc-uso-sustentavel-019","nome":"Área de Proteção Ambiental Marinha Litoral Centro","nome_origem":"Frea de Prote Co Ambiental Marinha Litoral Centro","natureza":"camada fornecida para a demonstração","fonte_arquivo":"assets/layers/Areas_Protegidas_US_DG_UCs_Uso_Sustentavel/Areas_Protegidas_US_DG_UCs_Uso_Sustentavel.kml","tipo":"Unidade de Conservação","categoria":"Área de Proteção Ambiental","orgao_gestor":"Fundação Florestal do Estado de São Paulo"},"geometry":{"type":"Polygon","coordinates":[[[-46.1727407198083,-24.5052439904178],[-46.1032828100536,-24.43279941955751],[-46.06347236995384,-24.2822516697787],[-46.1760700999551,-24.18074287018726],[-46.34628305961547,-24.32684479984761],[-46.1727407198083,-24.5052439904178]]]}},{"type":"Feature","id":"uc-uso-sustentavel-020","properties":{"id":"uc-uso-sustentavel-020","nome":"Área de Proteção Ambiental Marinha Litoral Centro","nome_origem":"Frea de Prote Co Ambiental Marinha Litoral Centro","natureza":"camada fornecida para a demonstração","fonte_arquivo":"assets/layers/Areas_Protegidas_US_DG_UCs_Uso_Sustentavel/Areas_Protegidas_US_DG_UCs_Uso_Sustentavel.kml","tipo":"Unidade de Conservação","categoria":"Área de Proteção Ambiental","orgao_gestor":"Fundação Florestal do Estado de São Paulo"},"geometry":{"type":"Polygon","coordinates":[[[-47.00782009032486,-24.33311842997153],[-47.00452521986296,-24.32950010034932],[-47.00661748001266,-24.32656553966785],[-47.0097040198246,-24.32624983985818],[-47.0099397896895,-24.3236464500236],[-47.0119030304005,-24.32378954025501],[-47.01218276002629,-24.3275154395858],[-47.01429718037053,-24.32783784024411],[-47.01249310976914,-24.32890732031655],[-47.01552176022102,-24.32934314976649],[-47.00782009032486,-24.33311842997153]]]}},{"type":"Feature","id":"uc-uso-sustentavel-021","properties":{"id":"uc-uso-sustentavel-021","nome":"Área de Proteção Ambiental Marinha Litoral Centro","nome_origem":"Frea de Prote Co Ambiental Marinha Litoral Centro","natureza":"camada fornecida para a demonstração","fonte_arquivo":"assets/layers/Areas_Protegidas_US_DG_UCs_Uso_Sustentavel/Areas_Protegidas_US_DG_UCs_Uso_Sustentavel.kml","tipo":"Unidade de Conservação","categoria":"Área de Proteção Ambiental","orgao_gestor":"Fundação Florestal do Estado de São Paulo"},"geometry":{"type":"Polygon","coordinates":[[[-46.79545127035982,-24.18087678013927],[-46.79628757960808,-24.17855928028649],[-46.78816066977902,-24.17348778023683],[-46.79106554024247,-24.17283484005577],[-46.79040428043317,-24.17185247011537],[-46.79133739990107,-24.17104939980993],[-46.79921839011655,-24.17315964010527],[-46.79988940037549,-24.17103183964764],[-46.79664626970953,-24.16969499023156],[-46.79183787981424,-24.1703249302513],[-46.79155319042735,-24.16858434009515],[-46.7987015101665,-24.1658484396537],[-46.80280992983432,-24.16730495016327],[-46.80152847955566,-24.16319676971511],[-46.80298317972989,-24.16110119016776],[-46.80200372988816,-24.15624409029249],[-46.80008786995921,-24.15515823986084],[-46.80180260010985,-24.15489910021324],[-46.8033314601787,-24.15628188969742],[-46.80601630970489,-24.1546280697296],[-46.81082192968825,-24.1556761900041],[-46.81315990980198,-24.1589929400721],[-46.81128700958777,-24.16128113012002],[-46.8126824201575,-24.16728511021961],[-46.81882987989502,-24.17115047011805],[-46.81907899030313,-24.17315739989402],[-46.81390237029808,-24.17644847971354],[-46.80661065995395,-24.17649082968802],[-46.80434471014024,-24.1783093703811],[-46.80390931955941,-24.18067958039825],[-46.79545127035982,-24.18087678013927]]]}},{"type":"Feature","id":"uc-uso-sustentavel-022","properties":{"id":"uc-uso-sustentavel-022","nome":"Área de Proteção Ambiental Marinha Litoral Centro","nome_origem":"Frea de Prote Co Ambiental Marinha Litoral Centro","natureza":"camada fornecida para a demonstração","fonte_arquivo":"assets/layers/Areas_Protegidas_US_DG_UCs_Uso_Sustentavel/Areas_Protegidas_US_DG_UCs_Uso_Sustentavel.kml","tipo":"Unidade de Conservação","categoria":"Área de Proteção Ambiental","orgao_gestor":"Fundação Florestal do Estado de São Paulo"},"geometry":{"type":"Polygon","coordinates":[[[-46.80453191031938,-24.1893918301688],[-46.79742853959539,-24.18844295008205],[-46.79556813006513,-24.1814905098791],[-46.80350666969701,-24.18130546987152],[-46.80629347986019,-24.18318361043521],[-46.81022426004154,-24.1834475299795],[-46.80844646043573,-24.18664592027295],[-46.80398788972929,-24.18660781959517],[-46.80453191031938,-24.1893918301688]]]}},{"type":"Feature","id":"uc-uso-sustentavel-023","properties":{"id":"uc-uso-sustentavel-023","nome":"Área de Proteção Ambiental Marinha Litoral Centro","nome_origem":"Frea de Prote Co Ambiental Marinha Litoral Centro","natureza":"camada fornecida para a demonstração","fonte_arquivo":"assets/layers/Areas_Protegidas_US_DG_UCs_Uso_Sustentavel/Areas_Protegidas_US_DG_UCs_Uso_Sustentavel.kml","tipo":"Unidade de Conservação","categoria":"Área de Proteção Ambiental","orgao_gestor":"Fundação Florestal do Estado de São Paulo"},"geometry":{"type":"Polygon","coordinates":[[[-45.9684657595871,-23.78027245990603],[-45.9610797301454,-23.77814845998341],[-45.96243455970711,-23.77622903963845],[-45.96745681018359,-23.77834213977786],[-45.96932096988678,-23.77770759972589],[-45.9683198400885,-23.77437063020039],[-45.96410701992301,-23.77458813033792],[-45.9648365400742,-23.77220465981713],[-45.96283223002337,-23.76940935016131],[-45.96382603034698,-23.76762707013313],[-45.96316911965909,-23.76513365029768],[-45.96585643962294,-23.76509885013178],[-45.96778673996602,-23.76797443956866],[-45.97076688008741,-23.76892037977166],[-45.97676142989604,-23.76641902971443],[-45.98134200982582,-23.76232650016783],[-45.98570714996498,-23.76479009039031],[-45.98549137023053,-23.76905920002201],[-45.98339433018413,-23.76937691970903],[-45.98270506998296,-23.76827571964867],[-45.98334100038682,-23.76997014040961],[-45.98021910013131,-23.77136882001497],[-45.97573809044047,-23.77120502019545],[-45.97420804956181,-23.77503174971542],[-45.96928164972832,-23.77575294034585],[-45.96899453037321,-23.77862934996449],[-45.96227033001168,-23.77713639982494],[-45.9684657595871,-23.78027245990603]]]}},{"type":"Feature","id":"uc-uso-sustentavel-024","properties":{"id":"uc-uso-sustentavel-024","nome":"Área de Proteção Ambiental Marinha Litoral Centro","nome_origem":"Frea de Prote Co Ambiental Marinha Litoral Centro","natureza":"camada fornecida para a demonstração","fonte_arquivo":"assets/layers/Areas_Protegidas_US_DG_UCs_Uso_Sustentavel/Areas_Protegidas_US_DG_UCs_Uso_Sustentavel.kml","tipo":"Unidade de Conservação","categoria":"Área de Proteção Ambiental","orgao_gestor":"Fundação Florestal do Estado de São Paulo"},"geometry":{"type":"Polygon","coordinates":[[[-45.97401779978162,-23.78268467995395],[-45.97354367989686,-23.7824966299155],[-45.97389674024231,-23.78210655976989],[-45.97399199013819,-23.78189630996667],[-45.97400441966818,-23.78165251005527],[-45.97412220027928,-23.78140779013734],[-45.97403890956798,-23.78093136978686],[-45.97399186962906,-23.78073250000483],[-45.9739854799459,-23.78063899029712],[-45.97432132996539,-23.78099850957352],[-45.97435572004042,-23.78102764041324],[-45.97457335957284,-23.78119136019308],[-45.97471297032729,-23.78158356982584],[-45.97466305975234,-23.78214600043754],[-45.97438538957402,-23.78233382024956],[-45.97413658043877,-23.78257386009551],[-45.97401779978162,-23.78268467995395]]]}},{"type":"Feature","id":"uc-uso-sustentavel-025","properties":{"id":"uc-uso-sustentavel-025","nome":"Área de Proteção Ambiental Marinha Litoral Centro","nome_origem":"Frea de Prote Co Ambiental Marinha Litoral Centro","natureza":"camada fornecida para a demonstração","fonte_arquivo":"assets/layers/Areas_Protegidas_US_DG_UCs_Uso_Sustentavel/Areas_Protegidas_US_DG_UCs_Uso_Sustentavel.kml","tipo":"Unidade de Conservação","categoria":"Área de Proteção Ambiental","orgao_gestor":"Fundação Florestal do Estado de São Paulo"},"geometry":{"type":"Polygon","coordinates":[[[-46.10641232037227,-23.79657160989183],[-46.10304772996869,-23.79525479017639],[-46.10297129029277,-23.79291490979523],[-46.10708559962069,-23.79348298994796],[-46.10641232037227,-23.79657160989183]]]}},{"type":"Feature","id":"uc-uso-sustentavel-026","properties":{"id":"uc-uso-sustentavel-026","nome":"Área de Proteção Ambiental Marinha Litoral Centro","nome_origem":"Frea de Prote Co Ambiental Marinha Litoral Centro","natureza":"camada fornecida para a demonstração","fonte_arquivo":"assets/layers/Areas_Protegidas_US_DG_UCs_Uso_Sustentavel/Areas_Protegidas_US_DG_UCs_Uso_Sustentavel.kml","tipo":"Unidade de Conservação","categoria":"Área de Proteção Ambiental","orgao_gestor":"Fundação Florestal do Estado de São Paulo"},"geometry":{"type":"Polygon","coordinates":[[[-46.14972647959331,-23.83027100020644],[-46.1524951702159,-23.82707295974927],[-46.15292162962947,-23.82367137033742],[-46.14969489989966,-23.82215231018091],[-46.15288487973339,-23.81863965989237],[-46.14920367041304,-23.82241193006649],[-46.14345671025893,-23.82262331031745],[-46.1429441101825,-23.82062603026702],[-46.14336979977639,-23.82330985996202],[-46.13980027006636,-23.82324256009605],[-46.13756422001268,-23.82002524986535],[-46.1352603296005,-23.81986219018791],[-46.13120754019576,-23.81642641035052],[-46.12596532993598,-23.81625897996793],[-46.12505586983247,-23.81442321995559],[-46.12285126007754,-23.81374098975482],[-46.12030253013762,-23.81515307015803],[-46.11860810038348,-23.81194635034376],[-46.1163636497626,-23.81063462978432],[-46.11431563985485,-23.81018675031822],[-46.11033345982128,-23.8123276098313],[-46.10760341036905,-23.81222865023199],[-46.10755806025622,-23.80662264981538],[-46.09730368002079,-23.80954143998542],[-46.09436842955932,-23.80317081977745],[-46.0945581100687,-23.79981777037375],[-46.10046427001004,-23.7996414600853],[-46.10377337044463,-23.79816822038703],[-46.10590632042033,-23.79850756966857],[-46.10521780036117,-23.80180622987359],[-46.10664666031511,-23.8031557399454],[-46.10839610969265,-23.80191275007331],[-46.1148092597395,-23.80208045025256],[-46.11426594961387,-23.79316875963053],[-46.11634404004536,-23.79924478981513],[-46.11922511984335,-23.80006007021603],[-46.12067572000842,-23.79843981024902],[-46.12362021010455,-23.79862782971054],[-46.12415763956335,-23.80202918979523],[-46.12673347956638,-23.80444660972324],[-46.12997152996212,-23.80473640006477],[-46.13536911968907,-23.80830257980017],[-46.13543218015093,-23.81037960993103],[-46.13667294959691,-23.81103499986529],[-46.13913247038715,-23.80988237027515],[-46.13991084980586,-23.81140271016687],[-46.14224346996014,-23.81048446998227],[-46.14498919009901,-23.81230834995034],[-46.14859946988958,-23.81200924982699],[-46.15005270956487,-23.81358580004456],[-46.15201320014904,-23.81306424002264],[-46.15583981005915,-23.81479941985731],[-46.15874861955308,-23.81854475983278],[-46.15867669986977,-23.82156662040319],[-46.16056850023608,-23.82150829037528],[-46.16166211001831,-23.82806827992715],[-46.15566766992697,-23.82663991010372],[-46.14972647959331,-23.83027100020644]]]}},{"type":"Feature","id":"uc-uso-sustentavel-027","properties":{"id":"uc-uso-sustentavel-027","nome":"Área de Proteção Ambiental Marinha Litoral Centro","nome_origem":"Frea de Prote Co Ambiental Marinha Litoral Centro","natureza":"camada fornecida para a demonstração","fonte_arquivo":"assets/layers/Areas_Protegidas_US_DG_UCs_Uso_Sustentavel/Areas_Protegidas_US_DG_UCs_Uso_Sustentavel.kml","tipo":"Unidade de Conservação","categoria":"Área de Proteção Ambiental","orgao_gestor":"Fundação Florestal do Estado de São Paulo"},"geometry":{"type":"Polygon","coordinates":[[[-46.17624685001209,-23.88715177963087],[-46.17352416960472,-23.88602814957937],[-46.1717115896181,-23.88276270043821],[-46.16004048038383,-23.87153402977162],[-46.15854835042597,-23.86786468970359],[-46.15950642967795,-23.86683808031313],[-46.15856909958421,-23.86767917035741],[-46.15673808979096,-23.86238355026057],[-46.15250562033805,-23.85804301017674],[-46.14517593971777,-23.85589584012087],[-46.14552949019378,-23.85349141989309],[-46.14280034995613,-23.8532790297034],[-46.14447466007744,-23.85176962017181],[-46.14505624984599,-23.84885525016961],[-46.1419856703024,-23.84975778998995],[-46.14119906028839,-23.84779328033557],[-46.14535852997216,-23.84587284015942],[-46.1422515701538,-23.84322744029407],[-46.14229845001341,-23.83756547956318],[-46.14051173992482,-23.83534001992592],[-46.14200583040468,-23.83383317975739],[-46.14466981026351,-23.83512188037042],[-46.14407573970357,-23.83323315028963],[-46.15044792023531,-23.83461974030871],[-46.15050376004046,-23.82964587965358],[-46.15566744959307,-23.82664251993629],[-46.16131877044484,-23.82831531020338],[-46.15784004977843,-23.83279203012802],[-46.16092089957982,-23.8336073995618],[-46.15982453967075,-23.83551255036389],[-46.15206089029783,-23.83454698965181],[-46.15224855003049,-23.83636030978045],[-46.15635178960338,-23.83575517036479],[-46.15914605964292,-23.8394456301117],[-46.16282372023846,-23.83937608014196],[-46.16427451016045,-23.8412082896308],[-46.16248429001791,-23.84581675034269],[-46.16614891044384,-23.84677065044514],[-46.16466647967428,-23.84842750022892],[-46.16713776989212,-23.84983974970464],[-46.16519353994988,-23.85228138028145],[-46.1651287797693,-23.8561582398109],[-46.1619770103307,-23.85678423000815],[-46.16215608963176,-23.86080248005038],[-46.15869573042357,-23.86543807960362],[-46.16066016003833,-23.86730190026242],[-46.16268498992031,-23.8637764301381],[-46.16556219004298,-23.86373846975454],[-46.16622358025398,-23.86679247029622],[-46.1681435599773,-23.86877987039463],[-46.1677598597297,-23.87030913965503],[-46.17180372965834,-23.87683399988913],[-46.17719828956939,-23.88052546957471],[-46.18144809974996,-23.88140117002791],[-46.17842211039203,-23.8821518503276],[-46.17624685001209,-23.88715177963087]],[[-46.16269526017805,-23.85566961026427],[-46.16391950997735,-23.85273763963033],[-46.16001544955333,-23.8485821899161],[-46.16020878041087,-23.84403441995249],[-46.15840755976103,-23.84335715041209],[-46.15728289998583,-23.84464043980444],[-46.15495562000581,-23.84311808992788],[-46.15161071036596,-23.84507944026393],[-46.15296376016937,-23.84634885041908],[-46.15539801990263,-23.8444671800163],[-46.15603300961567,-23.8493224902407],[-46.15797510007076,-23.85064535969553],[-46.1585506796701,-23.85448780037166],[-46.16269526017805,-23.85566961026427]]]}},{"type":"Feature","id":"uc-uso-sustentavel-028","properties":{"id":"uc-uso-sustentavel-028","nome":"Área de Proteção Ambiental Marinha Litoral Centro","nome_origem":"Frea de Prote Co Ambiental Marinha Litoral Centro","natureza":"camada fornecida para a demonstração","fonte_arquivo":"assets/layers/Areas_Protegidas_US_DG_UCs_Uso_Sustentavel/Areas_Protegidas_US_DG_UCs_Uso_Sustentavel.kml","tipo":"Unidade de Conservação","categoria":"Área de Proteção Ambiental","orgao_gestor":"Fundação Florestal do Estado de São Paulo"},"geometry":{"type":"Polygon","coordinates":[[[-46.71838932021092,-24.63555452012497],[-46.69021242016703,-24.61349800033241],[-46.66710476017647,-24.59981338997591],[-46.62603442025227,-24.56674778967869],[-46.57620142985206,-24.52409117966414],[-46.55912309015844,-24.50325388965524],[-46.54476014006838,-24.49499337024781],[-46.52697225956211,-24.4899193601903],[-46.51546589983138,-24.4784231304231],[-46.50505327039207,-24.4706339097271],[-46.48765911037958,-24.46228219996351],[-46.36275108969102,-24.00081715958419],[-46.37241871984799,-23.98828750986064],[-46.37689083974044,-23.99598187995974],[-46.38884248978906,-23.99909512963649],[-46.38640161014615,-24.00536600963358],[-46.38972284962978,-24.01007206027731],[-46.38194036035929,-24.01589028990492],[-46.38133387016194,-24.01882702964366],[-46.38385576972797,-24.02148953011766],[-46.3884975602142,-24.02022236017376],[-46.38812643968339,-24.02271268004608],[-46.38572061021796,-24.0247093503562],[-46.3858852203266,-24.02706686014744],[-46.38800867975675,-24.02828205017641],[-46.39020974978007,-24.02760382016015],[-46.39889813963737,-24.03609436006661],[-46.4018406296413,-24.0354495704413],[-46.40398560984795,-24.03208680026557],[-46.40192994041439,-24.02653166010799],[-46.40225320981773,-24.02035885028067],[-46.40073705986737,-24.01756195961667],[-46.41088625989295,-24.01527655027252],[-46.41999456030067,-24.01553864958896],[-46.43554328989086,-24.01829377034119],[-46.45528581988464,-24.0241700197306],[-46.51668763962283,-24.04768254011708],[-46.5981938999285,-24.0856338998845],[-46.70043631968036,-24.13793220001099],[-46.78951334006854,-24.18752793036964],[-46.79030007958494,-24.19006840992915],[-46.79287201023504,-24.1911386301436],[-46.79382639956862,-24.19364428975211],[-46.80063105957572,-24.19486212019063],[-46.80486873970051,-24.20019650016832],[-46.81508469999886,-24.20108804038074],[-46.82557092995444,-24.20661965966951],[-46.84357552998665,-24.21726696000218],[-46.8938845702167,-24.25084452005854],[-46.91841917010856,-24.26454438021892],[-46.97226822969498,-24.3046141704076],[-46.98318792028624,-24.31400724024189],[-47.00139508001888,-24.33266485959552],[-47.00265638998036,-24.33673128002448],[-46.9997149998473,-24.34134511958155],[-47.00190871971159,-24.34430354017621],[-47.00000687032076,-24.34677839980327],[-47.00134781974606,-24.34804559043158],[-46.99936180999947,-24.35041594973626],[-46.99610454019233,-24.35068592981179],[-46.99838546012086,-24.35129913974345],[-47.00218306959295,-24.36175177012802],[-47.00746671971331,-24.36683920976168],[-47.01163257008699,-24.36817302036854],[-47.01781532012086,-24.37783029033557],[-47.02101266000619,-24.37937466011243],[-47.01914481038466,-24.38026117041665],[-47.01627792998244,-24.38740767982051],[-47.0088458399635,-24.38858324032424],[-47.0127076295534,-24.38975226005869],[-47.01115611016633,-24.39580447979284],[-47.00960591008464,-24.39697312001346],[-47.00217525988029,-24.39675942041089],[-47.00153700023236,-24.39772649018533],[-47.00211091968316,-24.4001947496879],[-47.00658834017969,-24.40151151994064],[-47.00380737021391,-24.40895178030036],[-47.00931467003596,-24.40930764023534],[-47.00989447015365,-24.41040485989635],[-47.00740038032325,-24.41200628985837],[-47.00836860033058,-24.41358449033191],[-47.01333039028526,-24.41263211997631],[-47.01473265009167,-24.41105649965766],[-47.01927430016877,-24.41334844977109],[-47.02244280958797,-24.41669278024756],[-47.02032892973625,-24.41800522026466],[-47.02049682956499,-24.41997473014965],[-47.02595807960165,-24.42464071959347],[-47.03011829032681,-24.42632371986372],[-47.03750751955636,-24.42579252000877],[-47.03904605992767,-24.42730030986138],[-47.04824846989095,-24.42965542026138],[-47.0484649600898,-24.43191216011803],[-47.05487441032574,-24.43199862993276],[-47.0575619803011,-24.43543152024841],[-47.06067233955679,-24.43568529004403],[-47.07720731966202,-24.44543781979951],[-46.97342327036762,-24.57678028018574],[-46.95864959989905,-24.59304965991385],[-46.71838932021092,-24.63555452012497]]]}},{"type":"Feature","id":"uc-uso-sustentavel-029","properties":{"id":"uc-uso-sustentavel-029","nome":"Área de Proteção Ambiental Marinha Litoral Centro","nome_origem":"Frea de Prote Co Ambiental Marinha Litoral Centro","natureza":"camada fornecida para a demonstração","fonte_arquivo":"assets/layers/Areas_Protegidas_US_DG_UCs_Uso_Sustentavel/Areas_Protegidas_US_DG_UCs_Uso_Sustentavel.kml","tipo":"Unidade de Conservação","categoria":"Área de Proteção Ambiental","orgao_gestor":"Fundação Florestal do Estado de São Paulo"},"geometry":{"type":"Polygon","coordinates":[[[-46.18404736979022,-24.12819403962317],[-46.17919456957367,-24.12532384971587],[-46.14939926036755,-24.11973332033642],[-46.1407968403019,-24.11400612008634],[-46.13298656018156,-24.1127500100049],[-46.1235609996404,-24.10871432030962],[-46.06795365034066,-24.10223055009976],[-46.04816439966726,-24.09236637041164],[-45.96207664032465,-24.06639685992712],[-45.92935852997215,-24.0479062698584],[-45.85002191018299,-24.00866647028136],[-45.80211305976985,-23.76909865957543],[-45.80327790035477,-23.76696942020254],[-45.80015165007853,-23.7640681704097],[-45.80117324035274,-23.7611450895742],[-45.80724060017354,-23.75806255983923],[-45.82682697998109,-23.75689793958821],[-45.8681136797025,-23.75998749033039],[-45.87703323039921,-23.76192663010983],[-45.87793327999685,-23.76324790956335],[-45.8801602001331,-23.76336771994426],[-45.88089169969214,-23.76177196020774],[-45.89471983015602,-23.76514096987984],[-45.8941072200721,-23.76235946032079],[-45.89514020026002,-23.76142498017867],[-45.89529945040925,-23.76301523966151],[-45.8984299598747,-23.76498711026687],[-45.95181086028293,-23.77713511019715],[-45.96208324044915,-23.78105034020098],[-45.96579958987911,-23.78168992994625],[-45.97068824966294,-23.78020059957794],[-45.97010902960801,-23.78219414024733],[-45.97130542020892,-23.78337972999049],[-45.98813843024431,-23.79083331020905],[-45.99053092995842,-23.79307247011837],[-45.99248568016998,-23.79624342029757],[-45.99085684966383,-23.79691742979549],[-45.99132767982854,-23.80022988020477],[-45.99371736016798,-23.80207160002425],[-45.99921772981435,-23.80283201998168],[-45.99831033995019,-23.80071513999167],[-46.00274698968178,-23.79843198974447],[-46.0228417796244,-23.80466640043397],[-46.03551799995569,-23.81161104981004],[-46.03926824033698,-23.81636099996012],[-46.03810371001816,-23.81928658001164],[-46.03380674028881,-23.82050953029056],[-46.03678583000203,-23.82168312037965],[-46.03830641990533,-23.82618251041447],[-46.04562971983569,-23.8319687097881],[-46.04976286996043,-23.82875737015644],[-46.04634183990396,-23.82811747014506],[-46.04379774956647,-23.82574725023534],[-46.04361886002232,-23.82190242006061],[-46.04581960988702,-23.81857143012735],[-46.05632053026824,-23.81319468039015],[-46.07014389972113,-23.8148232096234],[-46.08965661965721,-23.82198125013451],[-46.10814609006997,-23.83073601985137],[-46.12799876992727,-23.84239594961332],[-46.13356828035182,-23.85084343987279],[-46.1325446396234,-23.85754534963814],[-46.14149255044083,-23.8600021697643],[-46.14120812995117,-23.86347843977813],[-46.14716525986881,-23.87158416967367],[-46.14703564957551,-23.87320399976471],[-46.15016597018331,-23.87582241996864],[-46.15437909971564,-23.87655084024902],[-46.1616635003702,-23.88763482978351],[-46.15904508016627,-23.8897807596743],[-46.1556779797549,-23.88853373004758],[-46.14615819994094,-23.89358098977084],[-46.15052314043055,-23.89584931019749],[-46.15261130956424,-23.90245437017302],[-46.15109584040067,-23.90593135964451],[-46.14794458987086,-23.90502242024843],[-46.14592223042655,-23.90588164961838],[-46.15611055006178,-23.90989358012456],[-46.15701115004453,-23.90784243967681],[-46.16052992021957,-23.90674930023999],[-46.16460714960022,-23.90849620003956],[-46.16895267012956,-23.91321737008553],[-46.16675356962151,-23.91603373017244],[-46.16970374972823,-23.91614440973666],[-46.17941746024758,-23.92629060962389],[-46.17983749040781,-23.93521867959834],[-46.17803808998582,-23.93945415008892],[-46.17371121959707,-23.94224191982869],[-46.17350118023523,-23.94046645036633],[-46.16806125042632,-23.93779729041256],[-46.16555568974326,-23.94412586012032],[-46.16073558977558,-23.94593981966688],[-46.16673989003385,-23.94673930977126],[-46.17281933044768,-23.95813149966892],[-46.17815193966027,-23.96079884029422],[-46.18248219959378,-23.961339109812],[-46.18502083014715,-23.96500710989017],[-46.18594019988029,-23.96909031976242],[-46.18414653983092,-23.97244234034167],[-46.18621079958871,-23.97238254981477],[-46.18572083994479,-23.97578704043951],[-46.18728418002087,-23.97746409978834],[-46.18473594021145,-23.97917189976334],[-46.18641218027784,-23.98266981016354],[-46.18409850973842,-23.98357561002632],[-46.18629995028243,-23.98626927021058],[-46.18178383015959,-23.98968177019748],[-46.18286938021765,-23.99198339971406],[-46.18451979984883,-23.99250390033467],[-46.18764684962235,-23.99070253039741],[-46.19108040993291,-23.99049849041296],[-46.19576071028848,-23.99437167980915],[-46.20036800008307,-23.99566954990973],[-46.19961256956441,-23.997674469701],[-46.20133014966666,-24.00023859963164],[-46.2058768197594,-24.00020261955518],[-46.20736311041918,-23.99872448035046],[-46.20267729991741,-23.99431823040197],[-46.20376274025824,-23.99112135996273],[-46.20959401994804,-23.98680091972665],[-46.21610823041044,-23.98616839955196],[-46.23703929992371,-23.99009070002575],[-46.24694361005953,-23.99333597017886],[-46.24827022968731,-23.99644187958904],[-46.25363971020442,-23.99635332964243],[-46.26186161002522,-24.00104066989098],[-46.26742691971651,-24.00619320964887],[-46.26760105994094,-24.00912462989771],[-46.26462023003955,-24.01105983963987],[-46.2634897003893,-24.0142246699325],[-46.26605837999023,-24.01469179039378],[-46.26768600990141,-24.01290051984307],[-46.26966974975909,-24.01292904993568],[-46.28035512019261,-24.02185995996911],[-46.28020438032786,-24.02617157965466],[-46.27745491001605,-24.0320149902995],[-46.27793099042282,-24.03609947001451],[-46.2814845301869,-24.0381574399139],[-46.28269321002358,-24.04294630013158],[-46.28780122974291,-24.04556929968339],[-46.28953905987964,-24.04511063015144],[-46.28757850004769,-24.04263893973524],[-46.28967700958628,-24.03960029961411],[-46.28754097043941,-24.03401933992058],[-46.28457302962158,-24.03248884038766],[-46.28479901036599,-24.02595546986902],[-46.28633361980064,-24.02456499028204],[-46.28920093007883,-24.0257852695745],[-46.29209630999668,-24.02258358956095],[-46.29227780038013,-24.01898325986951],[-46.29507940978687,-24.01609361043171],[-46.29870769040753,-24.0160630100998],[-46.30462482027917,-24.01981153997053],[-46.31118002993441,-24.02928591031645],[-46.31311732970096,-24.02109383021605],[-46.31592028988945,-24.02075873023119],[-46.31862366994636,-24.02482329985537],[-46.31973508990245,-24.02472517033033],[-46.320099960145,-24.02258950979797],[-46.32365351969412,-24.02274362032176],[-46.3251569100633,-24.05819602042993],[-46.30278522016175,-24.07791351959321],[-46.24441228020254,-24.11835812023099],[-46.18404736979022,-24.12819403962317]]]}},{"type":"Feature","id":"uc-uso-sustentavel-030","properties":{"id":"uc-uso-sustentavel-030","nome":"Área de Proteção Ambiental Marinha Litoral Centro","nome_origem":"Frea de Prote Co Ambiental Marinha Litoral Centro","natureza":"camada fornecida para a demonstração","fonte_arquivo":"assets/layers/Areas_Protegidas_US_DG_UCs_Uso_Sustentavel/Areas_Protegidas_US_DG_UCs_Uso_Sustentavel.kml","tipo":"Unidade de Conservação","categoria":"Área de Proteção Ambiental","orgao_gestor":"Fundação Florestal do Estado de São Paulo"},"geometry":{"type":"Polygon","coordinates":[[[-45.89575702996291,-23.76294060042829],[-45.89545557991102,-23.75919438990911],[-45.88999945960734,-23.75563450992468],[-45.89042025958724,-23.75226073024845],[-45.88521428031476,-23.75093700014241],[-45.88005997968429,-23.74645354969152],[-45.8803740697075,-23.74428848042896],[-45.87832773973338,-23.743403439617],[-45.87811068026366,-23.7419368396134],[-45.87924749977225,-23.74060536994182],[-45.87685725016195,-23.73809754026922],[-45.87855884031819,-23.7373128404152],[-45.87933689957822,-23.73409114958685],[-45.88278062042923,-23.73584830975165],[-45.88294856972067,-23.73822953016861],[-45.88409864973283,-23.7356033101446],[-45.88573717043403,-23.73619043973696],[-45.89023375008748,-23.74314971029088],[-45.89248036987311,-23.74088985967921],[-45.89498795043352,-23.74191720021855],[-45.89599119993386,-23.74426586967411],[-45.89868041027268,-23.74411634029684],[-45.89831647982163,-23.74026586957416],[-45.89981085988325,-23.7388188496102],[-45.90155091044613,-23.73948616995074],[-45.90191191989913,-23.74298982971681],[-45.90515680963904,-23.74463893004253],[-45.90537811031152,-23.74548956998763],[-45.89754832029871,-23.7491516804057],[-45.89866544015791,-23.75426986965869],[-45.89635080014926,-23.75715123004517],[-45.89813610010088,-23.75998022021093],[-45.89591972991155,-23.76122935964719],[-45.89575702996291,-23.76294060042829]],[[-45.89538393991683,-23.75327341993233],[-45.89559715028821,-23.75294902997371],[-45.89558791964674,-23.75276548014273],[-45.89560231959132,-23.75253771964003],[-45.89556873980547,-23.75229555019945],[-45.89563541014604,-23.75188515987219],[-45.89517916968288,-23.75190355010869],[-45.89518569966026,-23.75187510994834],[-45.89501842036378,-23.75252815984663],[-45.89478601036603,-23.75315313021275],[-45.89486491958036,-23.75321767995194],[-45.89519179976173,-23.75317906036531],[-45.89538393991683,-23.75327341993233]],[[-45.89578034039033,-23.75734212014271],[-45.89460060973033,-23.75409626992689],[-45.89395824018061,-23.75626744019019],[-45.89578034039033,-23.75734212014271]]]}},{"type":"Feature","id":"uc-uso-sustentavel-031","properties":{"id":"uc-uso-sustentavel-031","nome":"Área de Proteção Ambiental Marinha Litoral Norte","nome_origem":"Frea de Prote Co Ambiental Marinha Litoral Norte","natureza":"camada fornecida para a demonstração","fonte_arquivo":"assets/layers/Areas_Protegidas_US_DG_UCs_Uso_Sustentavel/Areas_Protegidas_US_DG_UCs_Uso_Sustentavel.kml","tipo":"Unidade de Conservação","categoria":"Área de Proteção Ambiental","orgao_gestor":"Fundação Florestal do Estado de São Paulo"},"geometry":{"type":"Polygon","coordinates":[[[-45.77836244027435,-24.03401548992287],[-45.58480576027756,-24.01682921989254],[-45.52213833991243,-23.89537748987919],[-45.51753740023082,-23.85885240001818],[-45.47102564032099,-23.83671776960932],[-45.43397006017011,-23.84377625966658],[-45.40732508958115,-23.82807212992481],[-45.40648730994138,-23.82090651981997],[-45.41070214009164,-23.82123752968818],[-45.41216959984712,-23.82477930991718],[-45.41567827962888,-23.82281532996348],[-45.41926970962936,-23.82397386000559],[-45.42196742036015,-23.82553511005722],[-45.42211450987668,-23.82965297980115],[-45.42665208962222,-23.82965945042326],[-45.43212935028924,-23.8330048403011],[-45.43121907989655,-23.82940238011571],[-45.44081830042416,-23.82631297956033],[-45.4417366701112,-23.82971260035617],[-45.44353316032704,-23.82992674961974],[-45.44625169036317,-23.83290703003536],[-45.44725701010287,-23.82704759976684],[-45.46283653967453,-23.81970101998604],[-45.46822602021462,-23.81899908024332],[-45.46902312981354,-23.82243739976616],[-45.47219970974874,-23.82280026991646],[-45.47321693021712,-23.8252927499604],[-45.47497551041141,-23.82371958029432],[-45.47937973958329,-23.82840389972017],[-45.48460860030661,-23.82882030021665],[-45.48577453986309,-23.83002193026783],[-45.49034311024627,-23.82971260035617],[-45.49200873021869,-23.83522105041112],[-45.49148525014414,-23.8374636897974],[-45.49945048974826,-23.83818943009805],[-45.50268655983683,-23.84076519995398],[-45.50280688013339,-23.84216055026911],[-45.50898022955391,-23.83993832998988],[-45.514369710094,-23.84192517970325],[-45.51047928968745,-23.83627395957552],[-45.5124066897169,-23.83139488026944],[-45.51844454008341,-23.832544159885],[-45.51975918973477,-23.83094397008813],[-45.52214460009316,-23.83291297995004],[-45.52273947015038,-23.82892737979472],[-45.52954473000523,-23.82953413978868],[-45.53303063985209,-23.8284812297249],[-45.53699839026348,-23.83049187010369],[-45.53814648007597,-23.82855855972969],[-45.53949682022204,-23.82873107038256],[-45.53301279010816,-23.82314529032283],[-45.53448805957623,-23.81765468011935],[-45.54376794973103,-23.80871981037092],[-45.54808668035599,-23.81007014961767],[-45.55032931974227,-23.80899938980997],[-45.55386876982783,-23.81054009035284],[-45.55183432979044,-23.80376458007129],[-45.55369031015965,-23.80052850998271],[-45.55630770963307,-23.80117691038606],[-45.55464208966066,-23.79927334958535],[-45.55386313017925,-23.79703074976925],[-45.55501090972564,-23.79554354000231],[-45.55391041023722,-23.7944549403432],[-45.5613759604322,-23.7915103504223],[-45.58748459963454,-23.79165311959576],[-45.59022098031397,-23.79606702007686],[-45.59356412008805,-23.79519851959594],[-45.59656819026975,-23.79809551019957],[-45.59746049040928,-23.79697716996037],[-45.6005180999303,-23.79696527013107],[-45.60700213004424,-23.79972543967727],[-45.60952435966141,-23.79790515969535],[-45.61348616015812,-23.79790515969535],[-45.61721001982653,-23.79960052024779],[-45.61754909031822,-23.80348498984034],[-45.62083274983149,-23.80331248008684],[-45.62300400013447,-23.80487698028838],[-45.62422347992964,-23.80147435036093],[-45.62644233044915,-23.79986225983538],[-45.62400337985207,-23.79589451032336],[-45.62531803040275,-23.79447278019461],[-45.62443168017785,-23.79134378968411],[-45.62693012002899,-23.79049312995392],[-45.62458635007994,-23.7894402198902],[-45.62563926014371,-23.78648968994719],[-45.62975572964319,-23.78412213023211],[-45.63542478962228,-23.78292645009554],[-45.64098083000124,-23.78375331016707],[-45.64145077972967,-23.77856013993846],[-45.64402653969302,-23.7771681503898],[-45.64644169962469,-23.77734661005798],[-45.647411329769,-23.77973202041636],[-45.64745892009307,-23.77821512043141],[-45.64929704981893,-23.77754887028408],[-45.65823193035925,-23.77841736986568],[-45.66028421024805,-23.78180809996383],[-45.66297894961878,-23.78217097011412],[-45.6629908503474,-23.78485975957022],[-45.66578671038832,-23.78582938971454],[-45.66641132012626,-23.78477647965076],[-45.66402590976787,-23.77834598977557],[-45.67092040035612,-23.77445557026829],[-45.68487593957292,-23.77486601995082],[-45.68539941964747,-23.77834003986089],[-45.68865928040145,-23.77782844972313],[-45.69075915960747,-23.78189732979791],[-45.69367399995508,-23.78252194043517],[-45.69662486984186,-23.78030284979661],[-45.69350100007108,-23.77631752033727],[-45.69892130037766,-23.77283040000293],[-45.70188134964451,-23.77262100005908],[-45.70350890041539,-23.77410578975037],[-45.705985920214,-23.77134561031164],[-45.70954559964969,-23.77061750029736],[-45.71498504022736,-23.7718928900448],[-45.71730145010179,-23.77436277012572],[-45.72295504983566,-23.77002976995789],[-45.74198597956928,-23.76722437980123],[-45.75387851987773,-23.76754561044152],[-45.75646262015374,-23.77032243992863],[-45.7618235400243,-23.76753133999932],[-45.75991045989974,-23.76631781011878],[-45.76096694027206,-23.76413347018348],[-45.76493587958714,-23.76230603969191],[-45.7759646804256,-23.76252018985485],[-45.779448209767,-23.76576102005498],[-45.77982655005519,-23.7640335303231],[-45.78244633003408,-23.76394786989823],[-45.78506560998989,-23.76634892036634],[-45.78607415020184,-23.76512916987525],[-45.79110625994588,-23.76574696994663],[-45.79119075035283,-23.7676003503758],[-45.79364608030232,-23.76920556018842],[-45.79609085041238,-23.76946956966486],[-45.79761685963035,-23.76746305987228],[-45.80211669033292,-23.7690473199778],[-45.84996863974089,-24.00865533037916],[-45.77836244027435,-24.03401548992287]]]}},{"type":"Feature","id":"uc-uso-sustentavel-032","properties":{"id":"uc-uso-sustentavel-032","nome":"Área de Proteção Ambiental Marinha Litoral Norte","nome_origem":"Frea de Prote Co Ambiental Marinha Litoral Norte","natureza":"camada fornecida para a demonstração","fonte_arquivo":"assets/layers/Areas_Protegidas_US_DG_UCs_Uso_Sustentavel/Areas_Protegidas_US_DG_UCs_Uso_Sustentavel.kml","tipo":"Unidade de Conservação","categoria":"Área de Proteção Ambiental","orgao_gestor":"Fundação Florestal do Estado de São Paulo"},"geometry":{"type":"Polygon","coordinates":[[[-45.33977662039467,-24.01125680016116],[-45.31275363956877,-24.00957841970825],[-45.28642930966487,-24.00531058981181],[-45.25208040019027,-23.99525841044726],[-45.24370736030642,-23.98940210981948],[-45.20572325982056,-23.9868226401527],[-45.18131751029483,-23.98172176015106],[-45.15770045990826,-23.97053377031722],[-45.14833528974179,-23.96851108981491],[-45.13898051034226,-23.96384482967511],[-45.12703197014923,-23.96119231976968],[-45.1036769696164,-23.94785082955212],[-45.08227180000353,-23.92913989029364],[-45.05373613971102,-23.91388967986478],[-45.03922042987887,-23.90399610043966],[-45.02705695981081,-23.89188823995028],[-45.01500725038426,-23.88318021969133],[-44.99975033011361,-23.86857956979128],[-44.97442151014451,-23.83660031994879],[-44.96305485020116,-23.82588825044235],[-44.9484200899152,-23.79984000970865],[-44.93305205031186,-23.7778837103649],[-44.92101713023635,-23.76719958998905],[-44.91332416038165,-23.7564690403139],[-45.00447856973017,-23.71190667964947],[-45.01881792970363,-23.70875469976954],[-45.32928356008819,-23.72181422015012],[-45.32275298016589,-23.72382148986981],[-45.31852943018902,-23.72355975028222],[-45.31698537967151,-23.72677060967584],[-45.31469849993579,-23.72639130981105],[-45.31304574026865,-23.72958296957836],[-45.3085118999042,-23.73182837977583],[-45.30051563009221,-23.73178349011596],[-45.29826940960555,-23.73461504964479],[-45.29343911042656,-23.73321117015934],[-45.293667850291,-23.73573834964509],[-45.29178775999708,-23.73737522998283],[-45.28671474998566,-23.73664711007604],[-45.28328357018057,-23.73446752035971],[-45.27650210009182,-23.73510521973009],[-45.27416071964143,-23.73868868983112],[-45.27180980997468,-23.73893138987171],[-45.2706010402058,-23.74053514997712],[-45.26797887972145,-23.73979275962813],[-45.26763622992803,-23.74337622972917],[-45.2632675401648,-23.74189620014948],[-45.26179227968993,-23.74547015002736],[-45.25617265994026,-23.74967465955785],[-45.26027008989269,-23.75787903968586],[-45.25807622973417,-23.76185274001188],[-45.24852506987605,-23.76370396026948],[-45.24591717983395,-23.76155293032343],[-45.23862175978633,-23.7677300101318],[-45.23795550963899,-23.77014277966549],[-45.23429107986942,-23.7732891198969],[-45.23436246985204,-23.77657752962926],[-45.23020317014016,-23.77639669035494],[-45.23531425025243,-23.78201221998791],[-45.23306803965824,-23.78524352996487],[-45.2375652200588,-23.79526106024969],[-45.23572352002441,-23.79737878020649],[-45.23702745964948,-23.80165705033255],[-45.24137235964662,-23.80532141984759],[-45.24228130983454,-23.80798642043692],[-45.24210522977251,-23.81144139990062],[-45.24104399018796,-23.81226944977521],[-45.23762708981832,-23.81075135009468],[-45.23877398982773,-23.81264063955382],[-45.2372987203596,-23.81438716973207],[-45.24054905999111,-23.82099254986622],[-45.24606465965627,-23.82183488007558],[-45.248634469705,-23.82480920967726],[-45.24827755036858,-23.82598465956437],[-45.24562207989504,-23.82609411964785],[-45.24373277964401,-23.82784540004513],[-45.24452752042868,-23.83189999978509],[-45.23858363033025,-23.83048183996488],[-45.23794593006056,-23.83245203962986],[-45.23931175023705,-23.83391777988157],[-45.24428006027654,-23.83621158979298],[-45.24179589986085,-23.83703012034374],[-45.24117724003753,-23.83879092006487],[-45.23275394963503,-23.83572617981929],[-45.22730497984088,-23.83716813030492],[-45.23326316016664,-23.84179855965579],[-45.2385455602294,-23.84290263035206],[-45.24408493976813,-23.83737752035626],[-45.2467784902351,-23.83809612003984],[-45.25499714979856,-23.83585942966891],[-45.26642807979198,-23.83851966025406],[-45.26913590969446,-23.83723475028347],[-45.27396621966528,-23.83869098020455],[-45.27616960004696,-23.84139404999536],[-45.28091830013938,-23.84358511955759],[-45.28189933998249,-23.8495460796878],[-45.28631562006979,-23.84908447027203],[-45.2891186198284,-23.85818353014577],[-45.28811448989177,-23.86225241022049],[-45.2855637103969,-23.86334695979434],[-45.29102694973392,-23.86616899999933],[-45.2890900699507,-23.87378803029333],[-45.28223245966024,-23.87425440971322],[-45.27644084996518,-23.87274583025584],[-45.27556044965496,-23.87387368981888],[-45.2725052296326,-23.87323600034108],[-45.27028756981548,-23.87473981968691],[-45.26892651964312,-23.87958916021154],[-45.27241957010705,-23.87979855026282],[-45.2754034100393,-23.88335346958689],[-45.27734981004568,-23.88293943970331],[-45.27804640961409,-23.8841460097305],[-45.27759727019782,-23.88533793969412],[-45.27444211031508,-23.88624688988205],[-45.27536719973642,-23.88939341987037],[-45.27285262964512,-23.89243825002518],[-45.26092201024255,-23.89282372013855],[-45.25953716041158,-23.89481295035733],[-45.25383598024627,-23.89727807032665],[-45.25219857020778,-23.90043055022966],[-45.24955295000859,-23.90079016033758],[-45.24978612982596,-23.90230349001399],[-45.24842032044137,-23.90316009965881],[-45.24423246995246,-23.90100906971276],[-45.24556021013552,-23.89650236998835],[-45.24131048988716,-23.89237638026572],[-45.23985425996608,-23.89483198990439],[-45.23596145995339,-23.89721620956038],[-45.23483360039029,-23.90059979994078],[-45.22899440037122,-23.89840117967066],[-45.22622946981414,-23.90255572017031],[-45.22331700997199,-23.90349322023587],[-45.22657686982666,-23.90768107971803],[-45.23460993000424,-23.90566804984059],[-45.23821718987136,-23.90887557005146],[-45.23819816021688,-23.91225440032025],[-45.2371083599628,-23.91301107010474],[-45.23772226956703,-23.91612815988663],[-45.23584249043853,-23.92014944963734],[-45.23798401005399,-23.92285728043908],[-45.23801255993163,-23.92525578042989],[-45.23234943997466,-23.9306952201083],[-45.23699890977184,-23.93490687025582],[-45.23484311971418,-23.93754807028716],[-45.23617562000879,-23.94288281988617],[-45.23556171040457,-23.9442581503933],[-45.2320115601853,-23.9445294102041],[-45.22665777013992,-23.94264011984563],[-45.22947981034491,-23.94589521958869],[-45.23367718015771,-23.94776072018107],[-45.23835043972099,-23.95992452030032],[-45.24291901010417,-23.96394581005103],[-45.25190860989437,-23.96760066024223],[-45.25592989964508,-23.96551150005564],[-45.26872663992248,-23.96514981970836],[-45.26780341029911,-23.96283222003086],[-45.27263848038154,-23.96034807040706],[-45.2730953296857,-23.95735945957136],[-45.27655507016033,-23.95401394019115],[-45.27919627019168,-23.95360467041917],[-45.27920103030328,-23.95072077034723],[-45.28149959043373,-23.94674230990961],[-45.28650122035498,-23.94288281988617],[-45.2870008998716,-23.94113154038826],[-45.28146628044442,-23.93573016001881],[-45.27991486987531,-23.9301336699329],[-45.28351736963089,-23.92166755021725],[-45.28813498004524,-23.9187560904212],[-45.29143828974526,-23.91008181991998],[-45.30289539990275,-23.91551412977321],[-45.30169615035703,-23.91270160979144],[-45.30325232013843,-23.91097412005956],[-45.30231005006874,-23.90978914994929],[-45.30367347984719,-23.9077261600342],[-45.30620761019304,-23.90857562996132],[-45.30967686009899,-23.91222334043476],[-45.31184692959209,-23.91131675996047],[-45.31321749998762,-23.91345827957588],[-45.32065569010797,-23.916135170102],[-45.32293284007847,-23.91287292974187],[-45.32581675004292,-23.91177362005647],[-45.32854360959988,-23.91510725039922],[-45.33283377955524,-23.91593530027382],[-45.33828749956842,-23.9196615296558],[-45.3396223803685,-23.92133905035683],[-45.33974373038882,-23.92505814991364],[-45.34501899972702,-23.92347343025455],[-45.34296313963716,-23.91967580999062],[-45.34683213999125,-23.91579253020109],[-45.35145782002235,-23.91916185013923],[-45.35216451987662,-23.92247406042952],[-45.35763965994232,-23.92797775037286],[-45.36112319018304,-23.92814907032329],[-45.36397854037727,-23.93036910974655],[-45.37259456988346,-23.93109721976083],[-45.38125842983266,-23.92990826025795],[-45.3938241198872,-23.93311739025529],[-45.39826418974053,-23.93252489980426],[-45.40394635014388,-23.93441656976881],[-45.40785104009336,-23.93843547991344],[-45.4230343796329,-23.93811425017248],[-45.42679631030143,-23.93919214969793],[-45.42757440013844,-23.94075546009634],[-45.42816687979763,-23.93904223990739],[-45.43366343991579,-23.93814994966039],[-45.43430589040446,-23.93635820966358],[-45.4382534195596,-23.93669371973931],[-45.44404819037163,-23.93391270031083],[-45.4474262400289,-23.92792778044264],[-45.45046004989132,-23.92662146031211],[-45.45122386029288,-23.92242408959999],[-45.45574958967177,-23.91976861013319],[-45.45576387000654,-23.91752001993291],[-45.45953895955529,-23.91528418032061],[-45.45926882029977,-23.91022458999277],[-45.46033242959788,-23.90878264040646],[-45.45866919013099,-23.90666253994419],[-45.45929022956039,-23.89851051025181],[-45.46068222000838,-23.89684725999302],[-45.47293333980173,-23.90953806013334],[-45.4740341900258,-23.9395921897277],[-45.42377000977808,-23.97688820003037],[-45.39303301955817,-23.98842451977572],[-45.37679810994479,-24.00198478986613],[-45.36668357968341,-24.00704255996612],[-45.33977662039467,-24.01125680016116]]]}},{"type":"Feature","id":"uc-uso-sustentavel-033","properties":{"id":"uc-uso-sustentavel-033","nome":"Área de Proteção Ambiental Marinha Litoral Norte","nome_origem":"Frea de Prote Co Ambiental Marinha Litoral Norte","natureza":"camada fornecida para a demonstração","fonte_arquivo":"assets/layers/Areas_Protegidas_US_DG_UCs_Uso_Sustentavel/Areas_Protegidas_US_DG_UCs_Uso_Sustentavel.kml","tipo":"Unidade de Conservação","categoria":"Área de Proteção Ambiental","orgao_gestor":"Fundação Florestal do Estado de São Paulo"},"geometry":{"type":"Polygon","coordinates":[[[-45.28447357019905,-23.64143478968373],[-44.6776025702024,-23.61923272990651],[-44.65272679990187,-23.60629745985983],[-44.6440620199462,-23.5989657899392],[-44.63205833962064,-23.58163291962347],[-44.60001306964739,-23.5495163495998],[-44.72536640043899,-23.36907942027898],[-44.72838624023274,-23.37003288960614],[-44.73246194975911,-23.36871536032555],[-44.73511259986657,-23.36930684983122],[-44.73601686998251,-23.36779451030839],[-44.7420559398297,-23.36564585996842],[-44.74623903020705,-23.36718775031437],[-44.7504221295776,-23.36576720998869],[-44.76579106040907,-23.37239162966995],[-44.76987421991925,-23.37212036985915],[-44.78484341019521,-23.37798098003816],[-44.78273045034996,-23.374483170362],[-44.78442938031162,-23.37259150039739],[-44.78333721034392,-23.37094967019107],[-44.78734897987147,-23.36950771970544],[-44.78867672005453,-23.37152788030738],[-44.78918908990454,-23.36985308994809],[-44.79136075029834,-23.36877246997346],[-44.79459443988145,-23.37024297033679],[-44.79706431996237,-23.36879388013341],[-44.80239668995523,-23.37302694044092],[-44.7995946200956,-23.37541108005723],[-44.80637276988739,-23.37917308986619],[-44.81919330982333,-23.38099337974063],[-44.82649586958865,-23.38360602989434],[-44.82583854970926,-23.38598150993869],[-44.82710977019968,-23.38727516042024],[-44.83179968970387,-23.38483383021702],[-44.83439091980506,-23.38667553025147],[-44.83864540016503,-23.38623294959092],[-44.83978040034515,-23.38788192041426],[-44.84180769976547,-23.38786050036174],[-44.84404202042288,-23.38697533993997],[-44.84284990969553,-23.3847338903567],[-44.84357088988463,-23.38289933004],[-44.84139367977446,-23.38006539000571],[-44.83809129997348,-23.37857336976515],[-44.83957338989995,-23.37492575012323],[-44.83625403989197,-23.37179200040043],[-44.83640394968251,-23.36980753029326],[-44.84327107030362,-23.36367566030344],[-44.85077350978958,-23.36044196982101],[-44.86467195015035,-23.35675143003442],[-44.87041834013422,-23.35864309999903],[-44.87460857022927,-23.36436094999777],[-44.8763146498012,-23.36272626040852],[-44.88238227042541,-23.36309745018713],[-44.8849663698021,-23.3668593799564],[-44.88467368993878,-23.36961480018283],[-44.88934220018234,-23.37254152956791],[-44.8907698703332,-23.37227741037412],[-44.89197625959667,-23.36973615020315],[-44.88700794955719,-23.36502481963964],[-44.88888415028327,-23.359549679574],[-44.89057833002585,-23.35892150042685],[-44.88731371005963,-23.35384849041543],[-44.88388727957425,-23.35130722035188],[-44.88205985987457,-23.35175456022472],[-44.88243104965318,-23.34592012031726],[-44.8879191399563,-23.33892386964084],[-44.89694576033855,-23.3352601404431],[-44.90787224980443,-23.33346126972179],[-44.908830919911,-23.33540695027051],[-44.91225045979087,-23.33698287006337],[-44.91107976012279,-23.33872463023744],[-44.91397319031046,-23.34391186044394],[-44.9211390504268,-23.35063945035029],[-44.92521159973552,-23.35306459995127],[-44.92679372035388,-23.35233514994718],[-44.94199371983427,-23.35687515966083],[-44.94833260026923,-23.36379462981824],[-44.94776152987066,-23.36722106030362],[-44.95043604978383,-23.3726842996407],[-44.94909403016533,-23.37513038995547],[-44.94946522983645,-23.3786234404194],[-44.95562327009782,-23.37875669026897],[-44.9610294096795,-23.3804984504431],[-44.96079145985794,-23.38332524986032],[-44.96378006979432,-23.3863709595521],[-44.96685433026306,-23.38601880032735],[-44.97219383997367,-23.38957846987046],[-44.97261262007629,-23.3921482898117],[-44.97078520037667,-23.3937092197047],[-44.9747160695909,-23.39580314000284],[-44.97748576025958,-23.40023845963714],[-44.98108350979612,-23.40088567023747],[-44.98071231012494,-23.39947702974109],[-44.98375801981672,-23.39676444961958],[-44.98910704975049,-23.39884884969462],[-44.99362602971746,-23.39630570004795],[-45.00915286980904,-23.40572819030371],[-45.00846901992929,-23.40951378033662],[-45.00943715989695,-23.4126306902541],[-45.01264468010788,-23.41296381982437],[-45.01184518011092,-23.41570495971609],[-45.01391183026669,-23.41809466973319],[-45.02248990028863,-23.41868264019166],[-45.0221078997597,-23.41477653021263],[-45.02345195004739,-23.41365832037513],[-45.02918905003457,-23.41484299011188],[-45.03211552041489,-23.41352478993707],[-45.0390445098962,-23.41937826039833],[-45.0388731800532,-23.42261432958759],[-45.04267080031713,-23.42230023956438],[-45.04373680001328,-23.42523173985285],[-45.04527869035923,-23.42587894955386],[-45.04809598034518,-23.42479392020323],[-45.0449074996813,-23.42117714011289],[-45.04526918002858,-23.41974946006945],[-45.05032314959362,-23.41677038024881],[-45.05368295020793,-23.41624689028174],[-45.0589939100409,-23.41821708994672],[-45.06219190013604,-23.42086305008962],[-45.064856899826,-23.42640242962835],[-45.06416209980102,-23.42802999029175],[-45.06000171011078,-23.42856581985666],[-45.05949834966907,-23.4302952296411],[-45.06429534965065,-23.43227493963673],[-45.06569446992381,-23.431094729638],[-45.06852127024041,-23.43271276018567],[-45.06942546031672,-23.43774770009622],[-45.06734106024169,-23.44668496024269],[-45.06108783033903,-23.45535571979059],[-45.05523199016415,-23.45924346021746],[-45.05019188005116,-23.45649111027649],[-45.04446968003168,-23.44933092038565],[-45.03791188032898,-23.4478556500182],[-45.03563711985714,-23.44926430040709],[-45.03501846003388,-23.45980054975553],[-45.02970750020091,-23.45928658001162],[-45.02826078960373,-23.46134244010148],[-45.0220551500251,-23.45925803013392],[-45.0187715004044,-23.4596958497836],[-45.01832415963224,-23.46108545972612],[-45.0267141400455,-23.46312228026898],[-45.03053555007551,-23.46247029966457],[-45.03215834972804,-23.46533517008197],[-45.03833067032411,-23.46191350960072],[-45.04663736991864,-23.461232980018],[-45.0511821397439,-23.46496398030342],[-45.05264787999562,-23.46783837004472],[-45.05366629026702,-23.46484500988925],[-45.0553699902328,-23.46460706006775],[-45.05798738970623,-23.46506392016374],[-45.05882971991559,-23.467762229843],[-45.06056196975908,-23.46610136008962],[-45.06290336010193,-23.46760994044632],[-45.07092690005635,-23.47822233988904],[-45.07083648041919,-23.48037336983509],[-45.07195007043936,-23.48076836017162],[-45.07481493995749,-23.48861582006401],[-45.07266391001139,-23.49365552008612],[-45.06944212025758,-23.49251338018831],[-45.06701423042233,-23.49317581990812],[-45.0679139103986,-23.49508201032648],[-45.07321535000835,-23.4985940904449],[-45.07367054995586,-23.5005922095628],[-45.07691778962425,-23.50253447988229],[-45.07691303041196,-23.50678895034974],[-45.08135653027961,-23.50884093975753],[-45.08144218980516,-23.51303116985258],[-45.07995027028869,-23.51325960035024],[-45.08195560017077,-23.52049773987875],[-45.08409767017127,-23.5202052497724],[-45.08368364028775,-23.51699298024181],[-45.08585370978085,-23.51378069991932],[-45.08536829980716,-23.50585709982528],[-45.08296979981634,-23.49796919022589],[-45.08351665956616,-23.49550017978942],[-45.08641407015318,-23.49355052963318],[-45.09797824999617,-23.49205147039902],[-45.10445989960465,-23.49794777017343],[-45.10250283004154,-23.49433462963941],[-45.10357474008214,-23.49165884977606],[-45.10283949035016,-23.48968866000359],[-45.10645865004665,-23.4886821495615],[-45.10701091022531,-23.49198070004923],[-45.110142060008,-23.49528515008956],[-45.11691993011067,-23.49839819022424],[-45.11927318970589,-23.50131617999767],[-45.12047221981703,-23.50045125971781],[-45.12324545021733,-23.50183353029314],[-45.12408706006971,-23.50354736022246],[-45.12272517982314,-23.50524588998582],[-45.11668794998889,-23.50518608956634],[-45.11246203029845,-23.50814852023797],[-45.11143409980383,-23.50689216014501],[-45.1075508200143,-23.50784156993245],[-45.10728669992125,-23.50990455984754],[-45.10998500960045,-23.51109666967551],[-45.11063460969945,-23.5127527802166],[-45.10958526005169,-23.51466586034115],[-45.10764362015692,-23.51378069991932],[-45.10694406002034,-23.51455165003858],[-45.10882859026719,-23.51710004992731],[-45.10760078994446,-23.51744268982821],[-45.10582334017499,-23.52360311958824],[-45.11249059006866,-23.52631569970976],[-45.11356133998379,-23.52565896978558],[-45.11277612032166,-23.51976980972887],[-45.11606691955268,-23.51902027966213],[-45.12064261976104,-23.52115464966732],[-45.12168481979853,-23.5160292901196],[-45.12377637038315,-23.51481577013163],[-45.12685420026111,-23.51514888980938],[-45.13325019034397,-23.50872910996043],[-45.13788776031186,-23.51143669974385],[-45.13827323042523,-23.50913099989566],[-45.13436139985868,-23.50738922982907],[-45.13530108977341,-23.50336679973799],[-45.13782351993945,-23.50126449955695],[-45.14266334024092,-23.5001866000315],[-45.14549013965819,-23.50182128962075],[-45.14356278009819,-23.49956556959529],[-45.14634675020233,-23.4964603697502],[-45.15412758022359,-23.49936568987465],[-45.15434887010423,-23.49741691026213],[-45.15749690016179,-23.49723844969463],[-45.15824109005422,-23.49914635961676],[-45.16022375971869,-23.49998673020337],[-45.16423553014556,-23.4974811596278],[-45.16493628997773,-23.49234390025077],[-45.16996885028215,-23.49251046008959],[-45.17462068979296,-23.49662097967445],[-45.17505494003342,-23.50173681989827],[-45.17147980035247,-23.50286111994467],[-45.17349639963908,-23.50430068992483],[-45.1722471801632,-23.50591277955107],[-45.17349044972445,-23.50819111033144],[-45.17313948030272,-23.51158184042953],[-45.16631280039536,-23.51286199028857],[-45.16660785986483,-23.51587915010265],[-45.16288637980256,-23.51729730992287],[-45.16398472001879,-23.51921988958617],[-45.16686484024012,-23.52009556036177],[-45.16750551007118,-23.52500438024788],[-45.16683331000922,-23.52835346993663],[-45.16428133981196,-23.53163713034922],[-45.1619554196069,-23.53202379026567],[-45.15918033030795,-23.53060431024068],[-45.15986149031551,-23.53364777972121],[-45.1581542299337,-23.53536099001764],[-45.1621398201965,-23.54198184028968],[-45.16578634986013,-23.54174984038281],[-45.16582204035484,-23.54052441966621],[-45.16922467028229,-23.53909673962278],[-45.17440594967479,-23.5428324901273],[-45.17732673004451,-23.53989386001359],[-45.17691628036198,-23.53839479988005],[-45.17885553975134,-23.53765716964261],[-45.18454840028841,-23.53888259035921],[-45.18639842984362,-23.54069693031903],[-45.18592849000777,-23.53655072023952],[-45.18975347034632,-23.53353475022851],[-45.18668461030649,-23.52834300002939],[-45.19036023034033,-23.5245760799221],[-45.19064992985034,-23.52082455980553],[-45.19518042024015,-23.51969670024249],[-45.20261386014147,-23.52040577970291],[-45.21122751004151,-23.52374177975929],[-45.21569376005891,-23.52760554965636],[-45.22145443037761,-23.52998262959466],[-45.22798604991624,-23.53712101002657],[-45.23099488020949,-23.54747880959934],[-45.23059512976141,-23.55006766009438],[-45.22853927956407,-23.55160955044033],[-45.2228666402832,-23.55191412024044],[-45.21894529039281,-23.55766289972303],[-45.21467533000242,-23.55617479962723],[-45.21927960976615,-23.55999595964579],[-45.21707859999736,-23.56445744955158],[-45.21517504009597,-23.56567693024607],[-45.21002200031501,-23.56423950964563],[-45.21544271970572,-23.56859176969436],[-45.2102635204451,-23.57068485991829],[-45.21112162026651,-23.57361243016948],[-45.20966539034544,-23.57799540026747],[-45.2078807999589,-23.57835231960382],[-45.20996520992645,-23.57972288010677],[-45.2107076002755,-23.58233553026048],[-45.2160613804283,-23.58032251027561],[-45.22083131980952,-23.58230673037127],[-45.22187202967041,-23.58103634984764],[-45.2237137297048,-23.5827352798093],[-45.22771122968948,-23.58362044023107],[-45.22813518988704,-23.58150173012069],[-45.23502235999388,-23.58247830033326],[-45.24139930963037,-23.5871610801197],[-45.24408333987418,-23.59302406990486],[-45.2499839303141,-23.59221822968749],[-45.25253519004696,-23.59378549980096],[-45.25196411964833,-23.59190096955405],[-45.25299205014295,-23.59066364990747],[-45.25759867983516,-23.58927403996495],[-45.26230050006797,-23.596393389843],[-45.26100606987416,-23.59182482035914],[-45.26349974961369,-23.58849358041437],[-45.26795409980184,-23.58731337041564],[-45.27080944999608,-23.58877910976804],[-45.27248855979917,-23.58603796987637],[-45.2782013502121,-23.58826633971978],[-45.28002400980017,-23.58423076963425],[-45.27742563998123,-23.58292683000917],[-45.27731142967872,-23.57960985960727],[-45.27594562029412,-23.57816314990941],[-45.27719383972391,-23.57510910979755],[-45.27995402006195,-23.57301043028707],[-45.28619771984887,-23.57228706959256],[-45.29320286032367,-23.57472363968418],[-45.29393097033795,-23.57266777959433],[-45.29634849998325,-23.57180165961887],[-45.30658673019337,-23.57577298033874],[-45.31140275982943,-23.5751543196161],[-45.32699299043412,-23.58344912028065],[-45.33733888028507,-23.59270997988165],[-45.34730929958448,-23.60564942997718],[-45.35828753963818,-23.62494686030931],[-45.28447357019905,-23.64143478968373]]]}},{"type":"Feature","id":"uc-uso-sustentavel-034","properties":{"id":"uc-uso-sustentavel-034","nome":"Área de Proteção Ambiental Marinha Litoral Norte","nome_origem":"Frea de Prote Co Ambiental Marinha Litoral Norte","natureza":"camada fornecida para a demonstração","fonte_arquivo":"assets/layers/Areas_Protegidas_US_DG_UCs_Uso_Sustentavel/Areas_Protegidas_US_DG_UCs_Uso_Sustentavel.kml","tipo":"Unidade de Conservação","categoria":"Área de Proteção Ambiental","orgao_gestor":"Fundação Florestal do Estado de São Paulo"},"geometry":{"type":"Polygon","coordinates":[[[-45.41913019959901,-23.72621732966599],[-45.41525532037667,-23.72598544037572],[-45.41364014967314,-23.7239052500272],[-45.41781928033549,-23.72265268956994],[-45.42229942038188,-23.71615928042638],[-45.4240879003363,-23.70574420033455],[-45.42860999015886,-23.69731401033329],[-45.42659295020445,-23.7058421796728],[-45.42820259996995,-23.70921371014458],[-45.4265486397079,-23.71019541009008],[-45.41913019959901,-23.72621732966599]]]}},{"type":"Feature","id":"uc-uso-sustentavel-035","properties":{"id":"uc-uso-sustentavel-035","nome":"Área de Proteção Ambiental Marinha Litoral Norte","nome_origem":"Frea de Prote Co Ambiental Marinha Litoral Norte","natureza":"camada fornecida para a demonstração","fonte_arquivo":"assets/layers/Areas_Protegidas_US_DG_UCs_Uso_Sustentavel/Areas_Protegidas_US_DG_UCs_Uso_Sustentavel.kml","tipo":"Unidade de Conservação","categoria":"Área de Proteção Ambiental","orgao_gestor":"Fundação Florestal do Estado de São Paulo"},"geometry":{"type":"Polygon","coordinates":[[[-45.40732294020148,-23.82807067032513],[-45.39873601005877,-23.82226040959017],[-45.39848964977745,-23.81574477999754],[-45.40620501005316,-23.80949793977805],[-45.40884017023762,-23.81364396999317],[-45.40873273992395,-23.81560755964114],[-45.40479424985472,-23.8197273997996],[-45.40646275035562,-23.82104662969817],[-45.40732294020148,-23.82807067032513]]]}},{"type":"Feature","id":"uc-uso-sustentavel-036","properties":{"id":"uc-uso-sustentavel-036","nome":"Área de Proteção Ambiental Marinha Litoral Sul","nome_origem":"Frea de Prote Co Ambiental Marinha Litoral Sul","natureza":"camada fornecida para a demonstração","fonte_arquivo":"assets/layers/Areas_Protegidas_US_DG_UCs_Uso_Sustentavel/Areas_Protegidas_US_DG_UCs_Uso_Sustentavel.kml","tipo":"Unidade de Conservação","categoria":"Área de Proteção Ambiental","orgao_gestor":"Fundação Florestal do Estado de São Paulo"},"geometry":{"type":"Polygon","coordinates":[[[-47.89846747019755,-25.48731288008531],[-47.89462830035575,-25.48076540010311],[-47.88614617000968,-25.45956680026757],[-47.87278388027181,-25.44182742019922],[-47.86610270977218,-25.42454877990224],[-47.86232921022486,-25.41806219031781],[-47.85457173020114,-25.41092846028016],[-47.84412580965835,-25.40495942963395],[-47.81277042041853,-25.39238128037175],[-47.80137818015885,-25.39060011999948],[-47.76913751988059,-25.40120567020546],[-47.73750490023093,-25.39918514987471],[-47.70337263024265,-25.34921234996995],[-47.6694700902724,-25.31700530005452],[-47.64948206964175,-25.29202815997155],[-47.64140261973506,-25.26693978004676],[-47.62624407000777,-25.19961884023724],[-47.6210798201775,-25.14759295015449],[-47.61344361013448,-25.13354680963749],[-47.59783278955155,-25.11980745035351],[-47.53832228004916,-25.07704391004836],[-47.51551526971389,-25.03549914986581],[-47.49057158980696,-25.01826801985317],[-47.42244003977595,-24.96623751984561],[-47.35096762975229,-24.91821971027139],[-47.32042412956986,-24.88544950039409],[-47.24510940027858,-24.8292045497501],[-47.23392421003422,-24.81475714972265],[-47.18260667006172,-24.77338876997572],[-47.15077615999172,-24.73636076034074],[-47.1035107304358,-24.70629940019711],[-47.06476125023147,-24.66615897006039],[-47.04469777018591,-24.64823561028516],[-47.02733574025217,-24.63709488971733],[-47.02248654991433,-24.62192518030281],[-46.96487630969392,-24.59687165000662],[-46.95864959989905,-24.59304965991385],[-46.97342327036762,-24.57678028018574],[-47.07720731966202,-24.44543781979951],[-47.12158190997712,-24.47492047969632],[-47.16285634024786,-24.50538959965024],[-47.18665943968136,-24.52489500000422],[-47.18857009973027,-24.5284980798225],[-47.18660864956951,-24.53158860992636],[-47.18768948987804,-24.53405273974209],[-47.19050075980221,-24.53591759012465],[-47.19398044993778,-24.53524320021347],[-47.20246043989732,-24.53943639986989],[-47.22733371997515,-24.55806775991914],[-47.22818070957203,-24.55956246013938],[-47.22465902019758,-24.56607365967159],[-47.22782630024352,-24.57080761987572],[-47.23677064974567,-24.5711038196855],[-47.24165346033891,-24.57430172974097],[-47.24493928991626,-24.57334555974973],[-47.252330600177,-24.57665010961483],[-47.39361149007817,-24.65969762984167],[-47.40326156996542,-24.66647552962195],[-47.41215271017938,-24.67597355033905],[-47.43511409004316,-24.69312113962883],[-47.45063983026392,-24.69877449025046],[-47.47596527957393,-24.71061405959114],[-47.52607587989792,-24.73625639042001],[-47.56809610984754,-24.76083939002581],[-47.58000635960576,-24.76831234973508],[-47.58003420981089,-24.7696900103856],[-47.58853401003648,-24.77387368981891],[-47.61271083983337,-24.79008844022928],[-47.70136917005112,-24.85638852990667],[-47.78999861044747,-24.92701236033213],[-47.82480151028142,-24.95735953041793],[-47.86156778032876,-24.99616072973384],[-47.86387031995923,-25.00089267995315],[-47.87408385028942,-25.0137212697208],[-47.87501987996347,-25.01708933960128],[-47.87724314975151,-25.01834886980447],[-47.88281747964294,-25.0284009898138],[-47.88383035998311,-25.0350335402656],[-47.88469080973306,-25.03510387984016],[-47.88496852038088,-25.04289629043143],[-47.88604319044083,-25.04400434962099],[-47.88495429040813,-25.04637024019439],[-47.88736537011567,-25.05343338963917],[-47.88865999995897,-25.05347397964039],[-47.90180887967603,-25.06590286032872],[-47.90119561038904,-25.08604082042746],[-47.90330445043998,-25.0908852398619],[-47.90401845998389,-25.098076829582],[-47.9017995501091,-25.10391789029836],[-47.896292389682,-25.10493707038944],[-47.89499950991939,-25.1077776204408],[-47.89884130038564,-25.10919343033248],[-47.90735179984563,-25.11631487023504],[-47.91583698968526,-25.13759885979948],[-47.91624688988202,-25.14338841993958],[-47.92081540001067,-25.14478859961412],[-47.92153270017394,-25.14825303994581],[-47.91986326977405,-25.15433178968033],[-47.91854611011485,-25.15618031017311],[-47.91311240990973,-25.1565353903959],[-47.9128899203335,-25.15861036017992],[-47.91583435017509,-25.16037421040147],[-47.92500198965007,-25.16060792981204],[-47.93116155965822,-25.16413273983403],[-47.9318784803076,-25.16645027026374],[-47.93622391989794,-25.16644697964438],[-47.94285999029626,-25.17072288005681],[-47.97251956032943,-25.19620982961987],[-47.97366068039605,-25.20033190998959],[-47.97720820999086,-25.2022461502396],[-47.97965644968536,-25.20176523957412],[-48.04705539039389,-25.25867819044606],[-48.06497628962404,-25.27540936035365],[-48.08727280969237,-25.29877368955408],[-48.09329417998237,-25.30104459013569],[-48.09492333964039,-25.30688841986466],[-47.89846747019755,-25.48731288008531]]]}},{"type":"Feature","id":"uc-uso-sustentavel-037","properties":{"id":"uc-uso-sustentavel-037","nome":"Área de Proteção Ambiental Mata do Iguatemi","nome_origem":"Frea de Prote Co Ambiental Mata do Iguatemi","natureza":"camada fornecida para a demonstração","fonte_arquivo":"assets/layers/Areas_Protegidas_US_DG_UCs_Uso_Sustentavel/Areas_Protegidas_US_DG_UCs_Uso_Sustentavel.kml","tipo":"Unidade de Conservação","categoria":"Área de Proteção Ambiental","orgao_gestor":"Fundação Florestal do Estado de São Paulo"},"geometry":{"type":"Polygon","coordinates":[[[-46.41752346973232,-23.57653927017111],[-46.41589106981695,-23.57295133043948],[-46.41703150999615,-23.57043537988881],[-46.42335543020891,-23.57225089975918],[-46.42109860042001,-23.57511776037632],[-46.41752346973232,-23.57653927017111]]]}},{"type":"Feature","id":"uc-uso-sustentavel-038","properties":{"id":"uc-uso-sustentavel-038","nome":"Área de Proteção Ambiental Parque e Fazenda do Carmo","nome_origem":"Frea de Prote Co Ambiental Parque e Fazenda do Carmo","natureza":"camada fornecida para a demonstração","fonte_arquivo":"assets/layers/Areas_Protegidas_US_DG_UCs_Uso_Sustentavel/Areas_Protegidas_US_DG_UCs_Uso_Sustentavel.kml","tipo":"Unidade de Conservação","categoria":"Área de Proteção Ambiental","orgao_gestor":"Fundação Florestal do Estado de São Paulo"},"geometry":{"type":"Polygon","coordinates":[[[-46.45955279002919,-23.59788301968558],[-46.45621218994057,-23.59414212955556],[-46.44447866955494,-23.59247557968422],[-46.44192290961456,-23.58360785961497],[-46.44540070038198,-23.57460662979207],[-46.44970077996697,-23.58317228017654],[-46.45174288042955,-23.58357374023586],[-46.45920890996319,-23.57881688958776],[-46.45810408023908,-23.57689663017527],[-46.45934869968272,-23.57035711009252],[-46.46791539957599,-23.5658751597108],[-46.46945577996024,-23.57059399961332],[-46.4795191603809,-23.57629875008718],[-46.48150367995083,-23.57931077027581],[-46.49105304026557,-23.58227278995724],[-46.48757847986292,-23.58634892036633],[-46.48208606022348,-23.58737150978732],[-46.47467685974925,-23.59226618963288],[-46.46755245028532,-23.5929788196168],[-46.46449422023204,-23.59458213995373],[-46.46200951033057,-23.59403210020122],[-46.46114732039246,-23.59717988024721],[-46.45955279002919,-23.59788301968558]]]}},{"type":"Feature","id":"uc-uso-sustentavel-039","properties":{"id":"uc-uso-sustentavel-039","nome":"Área de Proteção Ambiental Piracicaba/Juqueri-Mirim - trea I","nome_origem":"Frea de Prote Co Ambiental Piracicaba/Juqueri-Mirim - trea I","natureza":"camada fornecida para a demonstração","fonte_arquivo":"assets/layers/Areas_Protegidas_US_DG_UCs_Uso_Sustentavel/Areas_Protegidas_US_DG_UCs_Uso_Sustentavel.kml","tipo":"Unidade de Conservação","categoria":"Área de Proteção Ambiental","orgao_gestor":"Fundação Florestal do Estado de São Paulo"},"geometry":{"type":"Polygon","coordinates":[[[-47.66085135020961,-22.52324716992092],[-47.65413589035899,-22.52063078038617],[-47.65145678030615,-22.51393985044371],[-47.64828920977919,-22.51342861014223],[-47.64652732997229,-22.50984001030821],[-47.64146865965085,-22.5086519600199],[-47.64155108971096,-22.50481829043173],[-47.64033970021694,-22.50333340001634],[-47.63715450027991,-22.50265727980957],[-47.63593158957116,-22.5010283899482],[-47.62844075044023,-22.50046620035482],[-47.6276372601514,-22.49836629956502],[-47.62770570035775,-22.49427078966517],[-47.63092273989247,-22.49062418985443],[-47.63051657997613,-22.48875359010606],[-47.62822102987661,-22.48838710018447],[-47.63005430955872,-22.48445994966687],[-47.63009184006631,-22.48103455969715],[-47.62819348004501,-22.47808548036056],[-47.63039255986871,-22.46751778981411],[-47.63335729999937,-22.46509609990505],[-47.63537579955346,-22.45867306001367],[-47.64273252998225,-22.45636938004282],[-47.644545920258,-22.45210808012376],[-47.64487986011738,-22.44635279044888],[-47.64439130971112,-22.4405680695607],[-47.64105086970181,-22.43887086989469],[-47.63962926008224,-22.43618703030717],[-47.63388155978612,-22.4313714701172],[-47.63319103963471,-22.42045652974502],[-47.63927043957909,-22.41880489962637],[-47.63859716033062,-22.41591365029467],[-47.63276642023408,-22.40460208012183],[-47.62994272977312,-22.40435947990602],[-47.62881201036595,-22.40543303031006],[-47.62562551000923,-22.40408437999008],[-47.62292086010956,-22.4005389799899],[-47.62369469975056,-22.39974182002891],[-47.62209436965941,-22.39577563983386],[-47.62168331023656,-22.38670827027039],[-47.61880109999072,-22.38311231038477],[-47.61968504992507,-22.38075761007559],[-47.61846114996206,-22.37823122019461],[-47.61956437979228,-22.3758955198623],[-47.62287307013605,-22.37238482020325],[-47.62375521962764,-22.36909681966245],[-47.62722122028305,-22.36709257975872],[-47.62961422002019,-22.36371989006085],[-47.62727323976816,-22.36222403960772],[-47.62409860956313,-22.36321348001803],[-47.6220729298218,-22.36549792978559],[-47.61923202993421,-22.36429339042758],[-47.61442919964782,-22.36684743985739],[-47.60792188968344,-22.36661577989429],[-47.60342469039711,-22.36024003984591],[-47.60206494963768,-22.35594202960095],[-47.59760895998545,-22.35546046962492],[-47.59626990992837,-22.35371999997795],[-47.58866359964537,-22.35551828973723],[-47.5858834597538,-22.35388778019683],[-47.57922115972872,-22.34485277993178],[-47.57771792044565,-22.33962322043521],[-47.57849169983206,-22.33663451966731],[-47.57553033036044,-22.33302408968996],[-47.57595041987594,-22.33106303972744],[-47.57426582960431,-22.3281851399322],[-47.56606309973222,-22.33209258000852],[-47.56524334970078,-22.33414870000246],[-47.5589970202962,-22.33607068971054],[-47.55364425997459,-22.3358486695804],[-47.54867208015236,-22.34243158015323],[-47.54710701967321,-22.35285460035948],[-47.55061512029152,-22.35372294975429],[-47.55364905965632,-22.35862746008917],[-47.55599265963349,-22.35946627035207],[-47.55662801986716,-22.36144673038228],[-47.55533233961575,-22.36549595037775],[-47.55684247040364,-22.3694371402118],[-47.56274629030901,-22.37231549956061],[-47.55961200998621,-22.37693528993162],[-47.5601925403534,-22.38058858969163],[-47.55770813981877,-22.38424261970107],[-47.55436352965313,-22.3846615104203],[-47.55045589981989,-22.39018307978523],[-47.54724634983916,-22.39235953986082],[-47.54722131990792,-22.39521430009984],[-47.54353531989904,-22.40069966006121],[-47.54462353015174,-22.40502863036693],[-47.53793270992657,-22.41251127037879],[-47.53845317007767,-22.4206482103466],[-47.5343163399271,-22.42576846983894],[-47.5301599702064,-22.42866600992835],[-47.52103019039095,-22.43364429974457],[-47.51789158972502,-22.43327553004161],[-47.51153351955622,-22.42983845967711],[-47.5064610599299,-22.42524170993693],[-47.50408004006175,-22.42456110031446],[-47.50062171961662,-22.42571425960534],[-47.49834674960277,-22.42434573966409],[-47.49061584994149,-22.4180341896261],[-47.49003447960752,-22.41337918000511],[-47.48434352023725,-22.41488570001502],[-47.47433201990674,-22.41492071961545],[-47.47077026033918,-22.41218829955034],[-47.4671174399179,-22.41297176013859],[-47.46265232034824,-22.40917262002034],[-47.46146991960109,-22.40575868021887],[-47.46213015957915,-22.40283188967993],[-47.46612078964267,-22.39722223981448],[-47.47179703970158,-22.39487417020672],[-47.47634606961537,-22.38987682015909],[-47.48661232000251,-22.38289513040587],[-47.48382975014283,-22.37624566010908],[-47.47963687963824,-22.3734416800894],[-47.47487209966761,-22.36296926012324],[-47.47394345972282,-22.35004640971397],[-47.47105335972475,-22.34339872007484],[-47.47166124027399,-22.34052394002777],[-47.46824494964466,-22.33755925025912],[-47.46874397985073,-22.32643630029497],[-47.46367808977197,-22.31891072035341],[-47.46219506005394,-22.31423800038334],[-47.46209128008849,-22.30822790039724],[-47.46409956963936,-22.30650333975728],[-47.46792078991245,-22.30633905969978],[-47.46616837007417,-22.30119932988509],[-47.46221897032916,-22.29773593006905],[-47.46317551983435,-22.29027976969559],[-47.467917029847,-22.2828642002226],[-47.46809686008197,-22.27981952025459],[-47.47992507997844,-22.2762686496784],[-47.48009728036516,-22.27439087963535],[-47.48412461985527,-22.27136729956118],[-47.48815615018611,-22.27294181011638],[-47.49110612974403,-22.26416588025114],[-47.49372319017306,-22.26340909985004],[-47.49556904957194,-22.25751649988649],[-47.49999608015492,-22.2539250896711],[-47.50045327030216,-22.25149353959512],[-47.50387196032267,-22.25037790991257],[-47.50421286992798,-22.24718376981508],[-47.49704047983425,-22.23642630972637],[-47.50243668010864,-22.23110012976713],[-47.5057436500494,-22.23238685996557],[-47.51137762028088,-22.23035314028516],[-47.51330025030626,-22.22738534965413],[-47.51622898967611,-22.22616960024681],[-47.51639649020581,-22.22333643003219],[-47.51342434955404,-22.21923803960379],[-47.51107585007037,-22.21269350040467],[-47.51452943018899,-22.21143385958493],[-47.51458688967318,-22.20890097030349],[-47.51753369012766,-22.2084677300017],[-47.51851003011376,-22.20566927991331],[-47.52122808980448,-22.20486265998375],[-47.52360371014305,-22.20212612012432],[-47.52786517014147,-22.20584672964281],[-47.53682472987737,-22.20970903994021],[-47.54059853969079,-22.20982932965978],[-47.54534555984969,-22.20842916977034],[-47.5477936898269,-22.20618093030566],[-47.55109158021219,-22.20623677011082],[-47.55259326007086,-22.20131558004994],[-47.54867751025887,-22.19829501989921],[-47.54824642023607,-22.19431198011375],[-47.5463392900262,-22.19098513965241],[-47.54818228958095,-22.18578389980706],[-47.5533066796595,-22.18544082013767],[-47.55523990999382,-22.18099066978351],[-47.55700253983531,-22.17987596999996],[-47.56328813004313,-22.18204677963513],[-47.56806271981861,-22.18187599028465],[-47.56969054038609,-22.16771297027731],[-47.57099089981011,-22.16658152961384],[-47.56886663009084,-22.1615211397887],[-47.56934598043262,-22.15756044995476],[-47.5677863401674,-22.15525658022693],[-47.57453628991783,-22.15613678988092],[-47.58253292035795,-22.14976571011937],[-47.58585850986231,-22.14965996963184],[-47.58978074018898,-22.15161310016441],[-47.59381995972331,-22.14908747021053],[-47.5917436400569,-22.14701854027339],[-47.59025332043433,-22.14194257958633],[-47.59135883993849,-22.13510557995852],[-47.59067926003979,-22.13130767011285],[-47.5987279000725,-22.12266486958799],[-47.59907271003749,-22.12023274034863],[-47.59695578957798,-22.11759343968544],[-47.60027145956019,-22.11178415021834],[-47.60732296008649,-22.10493588028658],[-47.61178344005367,-22.10374196012333],[-47.61464427970969,-22.10111651981151],[-47.61655882033324,-22.09461284041021],[-47.61262627028611,-22.0910923597246],[-47.6156265597179,-22.08457121998578],[-47.62428846004434,-22.08609239984435],[-47.62723767967515,-22.08428939044296],[-47.6278558601598,-22.08099513961395],[-47.62902562003632,-22.0832693703851],[-47.63392863030202,-22.08542374041326],[-47.63402286036666,-22.08773914034902],[-47.63757671039684,-22.08451693960501],[-47.64073216975379,-22.08537363018883],[-47.64100525968496,-22.08214463956341],[-47.64280427969373,-22.07983447008468],[-47.65358589017666,-22.08370836994527],[-47.65875212031403,-22.08194046018406],[-47.66094209000539,-22.08324239971694],[-47.66137172042852,-22.08906941032501],[-47.66334646976372,-22.09118691984042],[-47.6703549997834,-22.0907858797645],[-47.67702053017331,-22.09513136971691],[-47.68191852042332,-22.0930685497737],[-47.68734945970976,-22.09580966988034],[-47.69051174042443,-22.09565013014935],[-47.69219095005224,-22.089089910371],[-47.69541288010032,-22.08685129994751],[-47.69812046988375,-22.08941006991876],[-47.70100347962682,-22.08939825012908],[-47.70283441027976,-22.09167286041412],[-47.70989687983712,-22.08739989988544],[-47.71180002964763,-22.0884192499484],[-47.71235849964501,-22.09149111012658],[-47.71808655964696,-22.09767755007886],[-47.7148803101781,-22.10273473022357],[-47.71539159004982,-22.10601035969029],[-47.72844997998254,-22.10547020978231],[-47.73007174001873,-22.10982589984536],[-47.73384472965051,-22.11241391037362],[-47.73709046025647,-22.11805591964492],[-47.74043570984009,-22.1195522602286],[-47.74278767980752,-22.12270129033226],[-47.7415573496919,-22.12601799003818],[-47.74726828030686,-22.12853723030889],[-47.7463142201251,-22.13089393970353],[-47.74824792979808,-22.13740562037304],[-47.74283248043457,-22.14138992010868],[-47.74270698993558,-22.14417454042268],[-47.74460203955243,-22.14538461960444],[-47.74538083985385,-22.14951540990819],[-47.74182304000124,-22.15924837041592],[-47.737029280277,-22.1639386199713],[-47.73944720022808,-22.16896141993351],[-47.74486837017912,-22.169837470223],[-47.75178307033241,-22.17613364994793],[-47.75652502011354,-22.17524500015656],[-47.76134439972424,-22.18299364973711],[-47.76584179955938,-22.18347850033246],[-47.76467948966666,-22.18632842042024],[-47.76748226999075,-22.18671069973897],[-47.7679189897695,-22.19370179999805],[-47.77090933000153,-22.19791407967102],[-47.77459759000675,-22.20027537021213],[-47.7713066297971,-22.20557378989844],[-47.77114859013528,-22.2112367695612],[-47.77558797020862,-22.21460032034844],[-47.77696537994831,-22.21746663957373],[-47.77620890981331,-22.2213844200549],[-47.77750184983046,-22.22451488995017],[-47.77363101036281,-22.23246235984999],[-47.76409221978008,-22.23790303969349],[-47.76812488955198,-22.24484406030507],[-47.76845699029781,-22.2506419796436],[-47.77169886011427,-22.25452738003452],[-47.77147351968716,-22.25676427005499],[-47.77845647028983,-22.26281857981354],[-47.79415214010913,-22.26988115009493],[-47.79616218963332,-22.26708810043544],[-47.80209091986001,-22.26684256033587],[-47.80420781963511,-22.26813148038349],[-47.8075498298607,-22.26475406025162],[-47.8132446895907,-22.26436887972],[-47.81506027960819,-22.25989530022787],[-47.81860403025178,-22.25812623034119],[-47.82440238036554,-22.25141011038824],[-47.826120709603,-22.25138021962141],[-47.82705976009981,-22.2531072695848],[-47.8310176602368,-22.25344433009172],[-47.83871548013525,-22.26302998974217],[-47.83599653011572,-22.2659314301913],[-47.83691002008135,-22.27051277994082],[-47.83833496978298,-22.26864894039625],[-47.84243454012187,-22.2689951398138],[-47.84546279037545,-22.27219002994588],[-47.84593968017208,-22.27419969995617],[-47.84363599030866,-22.27955383983777],[-47.84412452992308,-22.28087071980781],[-47.8469981300596,-22.28179948026178],[-47.84756487022253,-22.28380756027065],[-47.84911950036462,-22.28391161992528],[-47.84964248041609,-22.28565774990517],[-47.84817037026636,-22.29025699976069],[-47.84912465977521,-22.29365534981451],[-47.84573016961161,-22.29869435016411],[-47.84608157970109,-22.3033690396494],[-47.85151755968758,-22.30849170033167],[-47.850375079846,-22.31415985019686],[-47.85658265026905,-22.32456181997196],[-47.86051374970975,-22.31970392959261],[-47.86477186962605,-22.3183032004323],[-47.86693785979435,-22.31941125962192],[-47.86692108024363,-22.32267156014433],[-47.86819142029776,-22.32077428020881],[-47.87694697961939,-22.32120414985161],[-47.87986058969443,-22.31933731016869],[-47.88251600980595,-22.3198990896712],[-47.88547909968065,-22.32449745998974],[-47.88813634002003,-22.32495549010372],[-47.88802208025476,-22.32875481997894],[-47.88545055969553,-22.33180984035181],[-47.88654476033236,-22.33321134023112],[-47.88459595014297,-22.33331772013662],[-47.88365807955671,-22.33577043036104],[-47.88886356959802,-22.33907111044334],[-47.89011010010097,-22.34100720961499],[-47.88991400023087,-22.34425273967213],[-47.89342605966488,-22.34493631975533],[-47.89800956958595,-22.34994121961154],[-47.90313199014918,-22.3484164901289],[-47.90525633990814,-22.35057552044384],[-47.90739399963331,-22.34904451009601],[-47.91252857003741,-22.34934623983708],[-47.91365530005203,-22.35105739967923],[-47.91552854020995,-22.35101172041453],[-47.91613491979069,-22.35300686997101],[-47.90976626999731,-22.35880541973427],[-47.9086551504148,-22.36031802995308],[-47.90935150986422,-22.36185783027463],[-47.90682503994361,-22.36383768955767],[-47.90487257041275,-22.36888798988878],[-47.9004268096495,-22.37258592030395],[-47.90020464023189,-22.37611251008423],[-47.90178901005476,-22.38007237973648],[-47.89837244962882,-22.38496978992384],[-47.90056702025174,-22.3927279102648],[-47.89756376035922,-22.39543269955936],[-47.89725826965338,-22.39742039013885],[-47.89464450973628,-22.39677465982265],[-47.89263998025086,-22.40138361965825],[-47.89055445962055,-22.40128960003494],[-47.88766574008179,-22.40396233029725],[-47.88780508014031,-22.40976917990366],[-47.8852323401004,-22.41748732987634],[-47.88681693025711,-22.42362060011055],[-47.88588734962144,-22.42713775959987],[-47.88104520996842,-22.42477507960621],[-47.88002736986721,-22.42589239012165],[-47.87799126968133,-22.4218785800324],[-47.87492287998685,-22.42201687957527],[-47.87314797979536,-22.42443794985144],[-47.86856911037609,-22.42424160986235],[-47.86678951032758,-22.42206295993759],[-47.86363952964052,-22.42198445991482],[-47.86141770955959,-22.41954177982922],[-47.85542187012317,-22.42356670014306],[-47.85460867974672,-22.42715934962422],[-47.85132683956198,-22.42880936006389],[-47.84210951973853,-22.42929452002602],[-47.8414386695589,-22.430429399697],[-47.83987297955434,-22.42927415038167],[-47.84034718037805,-22.43236620033986],[-47.83122398989519,-22.44003558997048],[-47.82853733992624,-22.44001103038471],[-47.82596805957826,-22.43816833030417],[-47.82290192988012,-22.43176243958487],[-47.81978828000507,-22.43222310021588],[-47.81911864031298,-22.43533523023666],[-47.81701231026989,-22.43731352020274],[-47.81875110987579,-22.44194873034957],[-47.81682600041955,-22.44335932956938],[-47.81777319967341,-22.44634464978571],[-47.81641896995944,-22.44675062983765],[-47.81645704995287,-22.44927093040906],[-47.81504186958659,-22.44920602993432],[-47.81434047033639,-22.45202599000737],[-47.812144979707,-22.45405956040037],[-47.80920264978243,-22.45284438026391],[-47.80410544980663,-22.44418730030361],[-47.79771161989532,-22.44581569014196],[-47.7949458898409,-22.44253560003784],[-47.78820192957534,-22.44529280002268],[-47.78517052000348,-22.44153079021373],[-47.78264656998317,-22.44322315962108],[-47.77892710979825,-22.44362182009087],[-47.77792252030804,-22.44158406964902],[-47.77856129976414,-22.43945528982971],[-47.77452995019701,-22.43644803964526],[-47.76930339983198,-22.44184799998516],[-47.76004907020837,-22.44314166035929],[-47.75554365021924,-22.44149814032687],[-47.75198830011993,-22.4430523495862],[-47.75093030978593,-22.4448028799489],[-47.74868704986744,-22.44315642992524],[-47.74527907976568,-22.44371628038198],[-47.74237730027215,-22.44191366038706],[-47.73829170989444,-22.44658314009979],[-47.7360695498698,-22.4446971700383],[-47.73537575978344,-22.44012675964223],[-47.73310881981615,-22.43660458013721],[-47.73452341022715,-22.43336651984896],[-47.72344458010326,-22.43525197010229],[-47.71724973958379,-22.43460364973862],[-47.7125774297046,-22.43227462957043],[-47.70756556010247,-22.43429445022866],[-47.70555390978507,-22.43925397029443],[-47.70111483997783,-22.44142193987057],[-47.69516610972812,-22.44686841044876],[-47.69361344010815,-22.45033255040681],[-47.68720933004653,-22.45419723041778],[-47.68799009986316,-22.45535518039719],[-47.68690176010813,-22.45699234042411],[-47.68537089005451,-22.45526736969333],[-47.67904274033015,-22.45742480011438],[-47.67859100007456,-22.45962487009166],[-47.66934148991777,-22.46636244966726],[-47.66938133977698,-22.46844099965239],[-47.66824297972971,-22.46841503982216],[-47.66457673962481,-22.47670891958091],[-47.65969903987872,-22.47798413036327],[-47.65689685040928,-22.48054558031424],[-47.65752364010388,-22.48239626997184],[-47.65573606037083,-22.48726053024922],[-47.6584623002949,-22.4913140004407],[-47.65850447040492,-22.49688292990322],[-47.66142198983295,-22.49882121982341],[-47.66196365959519,-22.50545128994503],[-47.66441050983713,-22.50814856000801],[-47.66290591977236,-22.51720819000593],[-47.6646550903601,-22.52207297998399],[-47.66085135020961,-22.52324716992092]]]}},{"type":"Feature","id":"uc-uso-sustentavel-040","properties":{"id":"uc-uso-sustentavel-040","nome":"Área de Proteção Ambiental Piracicaba/Juqueri-Mirim - trea II","nome_origem":"Frea de Prote Co Ambiental Piracicaba/Juqueri-Mirim - trea II","natureza":"camada fornecida para a demonstração","fonte_arquivo":"assets/layers/Areas_Protegidas_US_DG_UCs_Uso_Sustentavel/Areas_Protegidas_US_DG_UCs_Uso_Sustentavel.kml","tipo":"Unidade de Conservação","categoria":"Área de Proteção Ambiental","orgao_gestor":"Fundação Florestal do Estado de São Paulo"},"geometry":{"type":"Polygon","coordinates":[[[-46.41847607031434,-23.31629096985233],[-46.41323261988947,-23.30789232986706],[-46.41052411009957,-23.30576243039178],[-46.41201534972856,-23.30164222960519],[-46.40832532975014,-23.30026663020078],[-46.40510312990546,-23.30094051019637],[-46.40276127011646,-23.29909346009504],[-46.40346350034025,-23.29612761020098],[-46.40066434967997,-23.29529004010323],[-46.39999687015938,-23.28875152006657],[-46.39627470031712,-23.28579062004104],[-46.39035750029836,-23.28748890968541],[-46.38744524010571,-23.28690169016085],[-46.381508540087,-23.27805288013627],[-46.37631700032927,-23.27835712977765],[-46.37172937960713,-23.2756381698656],[-46.35690157984402,-23.27253911958468],[-46.35931187983937,-23.27109750004956],[-46.35979668007269,-23.26776302973997],[-46.35794105043908,-23.265595579972],[-46.3538355904401,-23.26493685984815],[-46.35396934031274,-23.26268187007219],[-46.35022721001769,-23.25840781956515],[-46.34809186964401,-23.25261738978065],[-46.33719210982798,-23.25061116956977],[-46.33296499044189,-23.24683072006161],[-46.32968214031848,-23.24631518010142],[-46.32669060039086,-23.24076411027545],[-46.31762212016469,-23.23368209035613],[-46.31442617962443,-23.22880286985651],[-46.31152641011568,-23.22739952007174],[-46.30556720006621,-23.21297759963647],[-46.31002410972485,-23.20472348969724],[-46.30769710044081,-23.20310735042386],[-46.30903753005794,-23.19993270043375],[-46.3077611897271,-23.19801365960268],[-46.30383611034819,-23.19727564985129],[-46.3016665903408,-23.19824723961835],[-46.29861983024091,-23.19636371031692],[-46.29695824013061,-23.19698347001111],[-46.28604493022931,-23.19094860989037],[-46.28244043038154,-23.1834593103988],[-46.27583527957444,-23.18491001038865],[-46.27087978037753,-23.1876868596608],[-46.26876257033632,-23.19043943982825],[-46.26312104040363,-23.18799182965915],[-46.26222390011287,-23.18635952956856],[-46.26355218978171,-23.18356722005115],[-46.25964640985387,-23.17998610977111],[-46.26178883958323,-23.17803173997277],[-46.26060474990925,-23.17608105020025],[-46.26152704963357,-23.17397790015991],[-46.25695027023875,-23.17238588969701],[-46.25549384966138,-23.16958032956853],[-46.25751394011621,-23.16727015019723],[-46.25649695976682,-23.1636394800779],[-46.25713088018591,-23.15967390962317],[-46.25360583993751,-23.15616385028142],[-46.24747621015894,-23.15487253983582],[-46.24681027027771,-23.15118613962858],[-46.24297939038649,-23.14884518006096],[-46.24026441986706,-23.14261128018637],[-46.23693054041206,-23.14060687031076],[-46.23509219035225,-23.13503651991942],[-46.22581766015685,-23.13656074038579],[-46.22707632970878,-23.13195621960381],[-46.22575748022348,-23.12619065967118],[-46.22151189955446,-23.12293532970165],[-46.21835389961274,-23.12352147003975],[-46.21822505014592,-23.11723321963734],[-46.21428466970173,-23.1143921695629],[-46.21566795021567,-23.11106699014942],[-46.21508690004038,-23.10839622040919],[-46.21261476985569,-23.10680096968895],[-46.20889100011954,-23.10665432983342],[-46.21050865025398,-23.10457479958728],[-46.20868956996765,-23.10194611002493],[-46.20911356973539,-23.09875104992096],[-46.2052440297881,-23.09303402999643],[-46.20489789961835,-23.08439625038659],[-46.19630729034913,-23.0803313003492],[-46.19483307038985,-23.07790429005092],[-46.18762368038847,-23.07724484957009],[-46.1803560799691,-23.07936521982901],[-46.17503365018274,-23.0758365499168],[-46.1735509999786,-23.07079719973092],[-46.17041579964939,-23.07159505037123],[-46.16395248991546,-23.06667353025915],[-46.16146550023262,-23.06609458989334],[-46.16231719957904,-23.06312985965525],[-46.15888526973936,-23.06150089964677],[-46.16029308016147,-23.05729196005586],[-46.15856580986417,-23.05273226957854],[-46.1589661799452,-23.04989743022219],[-46.15488791004896,-23.04932968012059],[-46.15104516000611,-23.04448984003403],[-46.14666845998141,-23.04414431960464],[-46.14385379961311,-23.04225113967829],[-46.14428661003899,-23.03930476999909],[-46.14049734987276,-23.03881314031412],[-46.1398744200684,-23.03589563977192],[-46.14201174974244,-23.02847554041381],[-46.1386447698402,-23.02882757013623],[-46.13396757034707,-23.02621672042528],[-46.13011173966504,-23.02090900984291],[-46.12519279970792,-23.00896369012213],[-46.12148933036826,-23.00892822985389],[-46.11762624035867,-23.00534672027487],[-46.09442594030486,-22.99721391988646],[-46.08972061001811,-22.99329842008598],[-46.08916491982512,-22.98922516031286],[-46.0865853899038,-22.98497803011196],[-46.08147982983024,-22.98507701039568],[-46.07772290029158,-22.97724857026526],[-46.07333350004097,-22.97987617974184],[-46.0672420302954,-22.980168630278],[-46.06366100005505,-22.9745435003822],[-46.05704533977058,-22.97303142975665],[-46.05579989025267,-22.96989629957454],[-46.05199114987164,-22.96825566996313],[-46.05065496955115,-22.9652944102088],[-46.05158277042847,-22.95894934963275],[-46.04912167042869,-22.95488767042963],[-46.05325686021587,-22.94995102012342],[-46.05046908957678,-22.94378909029422],[-46.0512726104426,-22.94066144966615],[-46.04865917967737,-22.93276549023517],[-46.04258203972933,-22.92636371031693],[-46.04102519995297,-22.91541790970871],[-46.04391035997509,-22.91134611043458],[-46.04432553019899,-22.90530674021386],[-46.04934314017373,-22.90395079009681],[-46.05070169023077,-22.90229709963143],[-46.05070061014499,-22.89694713979861],[-46.05932442957874,-22.89547474006713],[-46.06401604970091,-22.89155003030959],[-46.07282620956187,-22.89444751014446],[-46.07475953972096,-22.89152462985771],[-46.08509866037485,-22.89231832023427],[-46.08999019978785,-22.89575258021733],[-46.09462103023634,-22.89517012979763],[-46.10159666035753,-22.90178481971361],[-46.10607132982796,-22.9023472296409],[-46.10754685020692,-22.90551885970757],[-46.11100572013783,-22.90674104016682],[-46.11551299003241,-22.90610014010934],[-46.11974627966703,-22.90897440034826],[-46.12343867025839,-22.90955732021411],[-46.13773456959467,-22.9220199002981],[-46.14025429010337,-22.92223833033461],[-46.14640061039978,-22.91740367034305],[-46.15044336966571,-22.91643969963241],[-46.15409360993209,-22.91267256009053],[-46.15328630022253,-22.91058088000358],[-46.14936071992122,-22.91028167016293],[-46.1458641099407,-22.9035598997695],[-46.1431794195945,-22.90325512042745],[-46.13639221992497,-22.89107374036081],[-46.13744816969722,-22.88496040989497],[-46.14301763965233,-22.8813859995642],[-46.14162381998324,-22.87641691970504],[-46.1424170903764,-22.87191254023151],[-46.14069383015607,-22.86826143032073],[-46.14363666010377,-22.85872580984818],[-46.14522978033006,-22.85752021018948],[-46.15544206959578,-22.86418701042214],[-46.18018339035115,-22.86650674958679],[-46.185389769822,-22.86944660008049],[-46.19135404035666,-22.86459225033207],[-46.19642223989439,-22.86993228974336],[-46.19956733996071,-22.87148693967049],[-46.20241199991381,-22.87058051028225],[-46.20879811004471,-22.87326892022446],[-46.2131872602838,-22.87667965034552],[-46.22161725962877,-22.87808993030598],[-46.22791112989466,-22.88139248007883],[-46.23294719036051,-22.88136384026899],[-46.23461404959869,-22.8831925001337],[-46.23778024955885,-22.89443805017584],[-46.24107517038277,-22.89062875041645],[-46.24475952013569,-22.89050584007242],[-46.24710806998138,-22.88898813969087],[-46.25785236039809,-22.8909970902435],[-46.26029605042237,-22.88738341011623],[-46.26015213011669,-22.88349438995408],[-46.26273159978348,-22.87779898973156],[-46.26678014978404,-22.87574524035051],[-46.27104679976998,-22.87789044988432],[-46.27889370028402,-22.87878911992192],[-46.28029137984328,-22.88029103989953],[-46.28021612007785,-22.88407944031388],[-46.28793815961831,-22.88806333985121],[-46.29091774036141,-22.89452643015056],[-46.29612234007391,-22.89803364044013],[-46.30272985969521,-22.89518716025918],[-46.30467113986117,-22.89151539022305],[-46.31167380989837,-22.89054060966134],[-46.31466622036976,-22.88673206982912],[-46.33750819005087,-22.89675329003228],[-46.344355020168,-22.90461331974888],[-46.34929680020713,-22.89939354037955],[-46.35620768993289,-22.90051088956585],[-46.35995493017583,-22.89549901007121],[-46.36389312976411,-22.89415246956077],[-46.36476381020162,-22.89017400012995],[-46.36788175973538,-22.88609508991641],[-46.37213816014793,-22.88381650013133],[-46.37323703995736,-22.88172483982947],[-46.37247436000365,-22.87938097994822],[-46.37803396979183,-22.87915503967332],[-46.37611921962622,-22.87703098039538],[-46.37715506955078,-22.87344311980411],[-46.37553767032716,-22.87069048028138],[-46.37996277006573,-22.87187983998257],[-46.38426854955389,-22.87015723986468],[-46.3806499897052,-22.86397934976713],[-46.37686311993701,-22.86410579984272],[-46.37341477027536,-22.86224704956163],[-46.37214376022632,-22.85809122033351],[-46.37480691001082,-22.85073717977696],[-46.37384418036459,-22.84688989984897],[-46.37463374015493,-22.84422312040061],[-46.37100284970171,-22.83822187963597],[-46.37094709982875,-22.83575629022056],[-46.3730027099071,-22.83329233037671],[-46.37345307959589,-22.83036536986589],[-46.37788950989295,-22.82817934010444],[-46.3749420097659,-22.82390658012451],[-46.37447282985715,-22.81890202021202],[-46.37109974985356,-22.81386459997128],[-46.36648468991649,-22.79935509995784],[-46.36200473962697,-22.79283727961672],[-46.36216628034953,-22.78905625993838],[-46.35932001960316,-22.78803366961813],[-46.35720787993966,-22.78547661015739],[-46.35336442033167,-22.78574359998709],[-46.35135199030208,-22.78449702991395],[-46.34826281997312,-22.77809850014563],[-46.34424004993832,-22.77800235992095],[-46.34064098019701,-22.77415933018887],[-46.34170758963353,-22.76935493957876],[-46.33584491011447,-22.76873611967613],[-46.33306540964088,-22.76690887984091],[-46.33413601026859,-22.76098779025426],[-46.33532354974199,-22.7601200497005],[-46.34562832978355,-22.76069072979328],[-46.3542725800155,-22.75763349978615],[-46.35981694989226,-22.76187430955167],[-46.36314656026548,-22.75823463002411],[-46.36373023016597,-22.75525339992441],[-46.3676805499174,-22.75387079030469],[-46.36752744033907,-22.75172463018748],[-46.36976002980151,-22.75123638015475],[-46.36963705020963,-22.7496643796074],[-46.37200943029092,-22.74704464999058],[-46.37959453006346,-22.74575842970773],[-46.38627599014478,-22.73983021029591],[-46.39372967018807,-22.74396113010204],[-46.3950990498812,-22.74230923018678],[-46.40461029962557,-22.73909888970195],[-46.4066901599229,-22.74077125998559],[-46.41308766986003,-22.73828170004037],[-46.41430093983644,-22.73448709969983],[-46.41849342003525,-22.73416083015815],[-46.41999694979933,-22.73276074041581],[-46.42224216034737,-22.73302278037698],[-46.42512852995765,-22.7358780999943],[-46.43365057041746,-22.73341141970121],[-46.43717886980897,-22.73143079959169],[-46.43963648043916,-22.7266354102959],[-46.44279712978368,-22.72815215020154],[-46.44456265004624,-22.72811410977829],[-46.44495466002951,-22.72617555995407],[-46.45249723985569,-22.72757979017513],[-46.45566257017146,-22.72369579002861],[-46.45590136985231,-22.71978011036373],[-46.45463653994432,-22.71935837958551],[-46.45660619012352,-22.71497127980069],[-46.4556958396912,-22.71204126968883],[-46.45703687005545,-22.7072124903641],[-46.46288561997534,-22.70677683987924],[-46.46273740001095,-22.7051964603483],[-46.4652658898089,-22.70444408033001],[-46.46783093974602,-22.70125794959466],[-46.47164889997669,-22.70595930038138],[-46.47923915016662,-22.69840776960285],[-46.46990093987642,-22.69435643979779],[-46.47848524040148,-22.68570696990071],[-46.48053396976684,-22.67793943995315],[-46.46923533004639,-22.67281264958405],[-46.46533391003186,-22.66337185003079],[-46.47190599006933,-22.66365459958007],[-46.47777600985495,-22.65408701000746],[-46.48212097999919,-22.65763280031342],[-46.49839267997817,-22.66150475044384],[-46.50023260025426,-22.66466131956417],[-46.50622665003982,-22.6699116399102],[-46.50820283019641,-22.67379037992202],[-46.51117086993963,-22.67419409997768],[-46.51384008025548,-22.67807897966117],[-46.52715542987914,-22.68711834973203],[-46.52943074972927,-22.68996569955732],[-46.53978759961797,-22.69429935982754],[-46.544742320002,-22.69136741977059],[-46.54672649962822,-22.69261774990918],[-46.54904671993012,-22.68950728003688],[-46.55180826993569,-22.69283121029207],[-46.56303163010563,-22.694731699908],[-46.57081999015037,-22.68663229044779],[-46.5754476603812,-22.68621086993568],[-46.58172507035567,-22.68166337966119],[-46.57955975018228,-22.67651182016431],[-46.5803460903997,-22.67327097017909],[-46.57457402027478,-22.66703799031097],[-46.57792419004932,-22.66185824965845],[-46.56855236040309,-22.65551669014309],[-46.56753572988998,-22.65244047994418],[-46.56864154976768,-22.64943169012037],[-46.56667875961705,-22.64389580984368],[-46.56808951981543,-22.64264755983697],[-46.57363559031018,-22.64306348009546],[-46.57924347030985,-22.63780596966973],[-46.58813088013596,-22.63968742963112],[-46.59276218003055,-22.63906384961695],[-46.59930480996894,-22.63480943041083],[-46.60584540024496,-22.63751223040504],[-46.61209786032794,-22.63225368036302],[-46.61564521995092,-22.63221926960358],[-46.61673791961925,-22.63310848956507],[-46.61754375983662,-22.64080352965914],[-46.61961763964229,-22.6440019001675],[-46.61969117990401,-22.64885392966505],[-46.6229755300966,-22.6487909996049],[-46.63121246028675,-22.65512747974935],[-46.63465872981646,-22.65229679975744],[-46.64078270016142,-22.65355206987209],[-46.64281681014762,-22.65133198997933],[-46.64557107024865,-22.65306145012579],[-46.649234460402,-22.658093839559],[-46.64959893044625,-22.66128211967401],[-46.65207764007101,-22.6648650996446],[-46.65461738038778,-22.66576881038225],[-46.65673817962323,-22.66493559030522],[-46.66034521016326,-22.65339872017478],[-46.66388668012615,-22.64655583988008],[-46.66891439038676,-22.64213502001513],[-46.66676977980143,-22.63597938993684],[-46.66381865001063,-22.63280642977287],[-46.66476887008724,-22.63021015987096],[-46.66929019009018,-22.62707710982073],[-46.67164276979793,-22.62002816966424],[-46.67676539990322,-22.61811191043626],[-46.68295358993618,-22.62855080007932],[-46.68699553981224,-22.62768538966895],[-46.68903408975137,-22.62869260967614],[-46.69230153988411,-22.63438934988852],[-46.69411662987852,-22.64298163999064],[-46.69568733000625,-22.6419657496196],[-46.70316525037595,-22.64497247010337],[-46.71100225025361,-22.64115641014018],[-46.70829857971563,-22.63759961033372],[-46.71009399973826,-22.63173175971292],[-46.70814883989698,-22.62804929044233],[-46.7086904098345,-22.62063709972233],[-46.71160076975968,-22.61534517044322],[-46.71421860990091,-22.61380621998103],[-46.7222341998484,-22.61625923957223],[-46.72714005017315,-22.61493707968242],[-46.72798569978016,-22.61695904972032],[-46.73081886010226,-22.61827409956999],[-46.73250044034302,-22.61498083979387],[-46.73670258015989,-22.61266541018051],[-46.74400434042792,-22.61211425976524],[-46.75380118967314,-22.62215157963163],[-46.75501295958037,-22.62545156004143],[-46.7584837302399,-22.6227734599272],[-46.76233909956977,-22.6222315203683],[-46.77213126964233,-22.6328803099783],[-46.77454310028384,-22.63085513025999],[-46.77928758975042,-22.63050865025394],[-46.78386748979278,-22.62722489990915],[-46.78521891002464,-22.62400638998287],[-46.79106037003999,-22.62038511957758],[-46.79991615970295,-22.6197569800006],[-46.8004392197941,-22.61616557967773],[-46.80412944032139,-22.61158910964963],[-46.80614006001571,-22.6126962497321],[-46.80997692039853,-22.61929109970447],[-46.82108835004726,-22.62169282016748],[-46.82851164020002,-22.61808165994063],[-46.8297491801805,-22.61349502037882],[-46.82771666019568,-22.61062585030271],[-46.82652358989174,-22.60322442986353],[-46.8236942597822,-22.59844566993166],[-46.82500096032601,-22.59672623992401],[-46.83504192964131,-22.59490720010717],[-46.8379465797708,-22.59245667973192],[-46.83806105986997,-22.58872339966513],[-46.83305919972224,-22.58469319043832],[-46.83314334029291,-22.58278816014541],[-46.83509259025078,-22.57962422018159],[-46.83994273027275,-22.57814879962734],[-46.84728368029755,-22.57962112021846],[-46.85516453021887,-22.57914153965027],[-46.86131409976588,-22.5821560500616],[-46.86220863022407,-22.58460290030354],[-46.86493873993084,-22.58610249013776],[-46.87236678030263,-22.58077627960159],[-46.87934291044689,-22.58245126961037],[-46.88510431011576,-22.58498159042801],[-46.89169496025414,-22.5901940304301],[-46.89770275977452,-22.5990278496555],[-46.90802716032516,-22.60689659020545],[-46.90990298963123,-22.604132510407],[-46.91286636009443,-22.60686436030193],[-46.92032077038721,-22.6100755902163],[-46.92649479969521,-22.60771678989789],[-46.92778219988855,-22.60892586004036],[-46.92961234003741,-22.61950942991621],[-46.93297881991657,-22.6229107900009],[-46.93103743992589,-22.62756517009649],[-46.93519218007503,-22.64081071973885],[-46.94224130998845,-22.64677933040173],[-46.94905298021081,-22.6493415195954],[-46.9550554701338,-22.65369650998588],[-46.96578189012212,-22.65160875004375],[-46.96891426028486,-22.65260077960227],[-46.97303381985483,-22.6511978003382],[-46.97870905008256,-22.65466676965565],[-46.97976454030123,-22.65037503038332],[-46.98366057967195,-22.6467804302726],[-46.98681849957404,-22.63389776966631],[-46.99237585026526,-22.63357485999177],[-46.99645187995026,-22.63072252972091],[-47.00131342967097,-22.63073615984587],[-47.00436067000885,-22.63364851986324],[-47.006703769963,-22.63063256963733],[-47.01002092022924,-22.63113249017226],[-47.01941309973472,-22.63676725990109],[-47.03286458962907,-22.63889643002619],[-47.03782400987012,-22.64459321970128],[-47.03914221993745,-22.64810284017386],[-47.03660075022441,-22.6539536999033],[-47.04038736998109,-22.6573731201733],[-47.04053759003773,-22.66324849991827],[-47.04441911974652,-22.66663721013907],[-47.04602530982015,-22.67031937993539],[-47.04216538002822,-22.67695121003027],[-47.04479048039633,-22.68100240044038],[-47.04545223033614,-22.68504925971553],[-47.03919441029376,-22.6880383795675],[-47.03826754021475,-22.68960766955826],[-47.04328251967252,-22.70103376029977],[-47.05177229965187,-22.70858018023108],[-47.05128401004896,-22.70982066009532],[-47.04147679971447,-22.71595568041027],[-47.02457086005711,-22.72087250965853],[-47.02144375992157,-22.719325219783],[-47.01876569038427,-22.71383439014494],[-47.01371455997889,-22.7106655596678],[-47.01131457970405,-22.71116594964883],[-46.99985766020279,-22.72053712009199],[-47.00146854024092,-22.72674694961199],[-46.99476720963895,-22.73212037005896],[-46.98865890998064,-22.73472378957121],[-46.98542750017896,-22.73911324018383],[-46.98577821958912,-22.74145984029934],[-46.97525728029922,-22.74129641999372],[-46.96405637979802,-22.73909651998838],[-46.9593560398493,-22.75042599026722],[-46.95481448959697,-22.7563591001923],[-46.95413862030102,-22.76230360003109],[-46.95063364033018,-22.76540275013679],[-46.95069710998359,-22.7698688301823],[-46.94804486987482,-22.77501461962896],[-46.94772472021964,-22.77925029966156],[-46.94135486983134,-22.78150261035717],[-46.93486929018553,-22.78904580981623],[-46.93088478000857,-22.78968184993738],[-46.92578236036758,-22.78745131992241],[-46.91739591968593,-22.79060868044621],[-46.9169192996859,-22.79278910023675],[-46.91906678000782,-22.79675997039629],[-46.91403268995663,-22.80005357011612],[-46.91031026021028,-22.79615983031186],[-46.90430125020248,-22.79711335000104],[-46.90656417020023,-22.80484464986068],[-46.90553974975961,-22.80867729961761],[-46.90659484967256,-22.81160344983931],[-46.9038023297137,-22.82051191009651],[-46.90666447968192,-22.82570868031132],[-46.90214279995024,-22.83340352974903],[-46.90111270029087,-22.84140927032155],[-46.89355803987161,-22.84537849022507],[-46.89276957005956,-22.84797399030737],[-46.87664559002189,-22.85604088028236],[-46.8758995097545,-22.86175091966913],[-46.86969062991858,-22.86223545010591],[-46.86483905008203,-22.86458466005399],[-46.85686902968195,-22.861503990117],[-46.85020349029878,-22.86097560963663],[-46.84860551013617,-22.8662221501321],[-46.85038119003985,-22.86890651042705],[-46.84980641983037,-22.87312808998934],[-46.85119441998643,-22.87603525012662],[-46.84684167969971,-22.87850247990548],[-46.8399697297192,-22.88051547021274],[-46.83480165956888,-22.88012347012199],[-46.8310734795574,-22.87343707995723],[-46.82695767016031,-22.87296985967123],[-46.82441969970932,-22.8746638100867],[-46.81538918975923,-22.88764707964896],[-46.81690665991437,-22.8977576196184],[-46.80617781985046,-22.90590598007685],[-46.80663065997692,-22.90895724038427],[-46.80415014990945,-22.91089569038377],[-46.8035256498888,-22.91404735010508],[-46.80133049020992,-22.91598252027705],[-46.80253617980082,-22.92078856024381],[-46.80040330986481,-22.92504470974552],[-46.79253374013996,-22.92495742964161],[-46.78739154978018,-22.92292588991785],[-46.76616268955644,-22.92064318033846],[-46.76404852012308,-22.92395978021966],[-46.76121192978667,-22.92506225012272],[-46.76340567033537,-22.92980656961743],[-46.75863272991649,-22.93564505017889],[-46.7499190897941,-22.93786746021505],[-46.747193810346,-22.9366923098022],[-46.74592525994274,-22.93379641996876],[-46.74398245992256,-22.93307873039902],[-46.73932479010693,-22.93422156007688],[-46.73576743991538,-22.93221586956668],[-46.73319781962363,-22.93223929960396],[-46.73131311041169,-22.92988044982286],[-46.72788000965465,-22.93122157011931],[-46.71710284991656,-22.92867987017979],[-46.71261556025985,-22.9312034496794],[-46.70087306014358,-22.92602623971914],[-46.69809735031242,-22.9260034499992],[-46.69493134010924,-22.92823950005283],[-46.68295735000169,-22.93007762977874],[-46.67261673017794,-22.9262368402579],[-46.66723567988265,-22.92729270999052],[-46.66408825956546,-22.92938303030257],[-46.6611580003414,-22.92847324014787],[-46.65341751030979,-22.9181499601525],[-46.64960582015243,-22.91624193961377],[-46.64846253991425,-22.91688851978932],[-46.64794666001029,-22.92226268037837],[-46.64484658989818,-22.92829041966706],[-46.64080831015536,-22.93021318998666],[-46.63496708036644,-22.92997955960897],[-46.63188251996229,-22.93206862986335],[-46.63134805017233,-22.93513071980681],[-46.620657380034,-22.9327126703534],[-46.61819520984102,-22.93379584979857],[-46.6143989898215,-22.94012407956257],[-46.61389825989676,-22.9460660397159],[-46.60734479042969,-22.95007089975218],[-46.60239625018676,-22.95564638976902],[-46.60172673010447,-22.9634710302638],[-46.60522488961692,-22.96943130960722],[-46.60118573033714,-22.97681977980892],[-46.58597198022267,-22.97873620001559],[-46.57442028027168,-22.98443563010022],[-46.57090547970409,-22.98793861987139],[-46.56668226967099,-22.99609228992722],[-46.55417253993073,-23.00150590017711],[-46.55147291993927,-23.0069696800067],[-46.55252106989144,-23.00978093014578],[-46.5508734498498,-23.01285373011552],[-46.54867316043794,-23.01202294000666],[-46.54285741024125,-23.00596640982189],[-46.53355141996201,-23.00285319971533],[-46.53262770020814,-22.99977608030184],[-46.52817684028889,-22.99640972992506],[-46.52116264993629,-22.99941637036915],[-46.51490633985566,-22.99924121031358],[-46.51123803041071,-22.99768912974952],[-46.50837948042863,-22.99471847028116],[-46.49856969983176,-22.99472342014968],[-46.49564377983654,-22.99137105962666],[-46.49217700036826,-22.99078652997434],[-46.48955086038387,-22.98869506032872],[-46.48423482028068,-22.99027331026502],[-46.47733834039207,-22.99833229969585],[-46.47252380992586,-22.99643728964918],[-46.47015283008898,-22.99737044958653],[-46.46805389966767,-22.99997638989845],[-46.46920165043576,-23.00628494969061],[-46.46438687985057,-23.01026803983814],[-46.46257218016194,-23.00981455040113],[-46.45949543036977,-23.00419974022577],[-46.45587032975186,-23.00367466025733],[-46.4523957801411,-22.99941537032305],[-46.44691225030004,-23.00025915023957],[-46.44433880968825,-22.99710830980064],[-46.43667268999263,-22.99271046041935],[-46.43299346008007,-22.9930377102221],[-46.42992646973073,-22.99723909011186],[-46.43231842985159,-23.00127357021904],[-46.43382898961613,-23.00901937974055],[-46.43271524041597,-23.01179230976726],[-46.42890769973053,-23.01505983993962],[-46.42967233031374,-23.01831543970576],[-46.43447307956893,-23.02488517970721],[-46.43255602983686,-23.029781599741],[-46.43504114982915,-23.03355062965778],[-46.43315322014496,-23.03680687963373],[-46.42741011988107,-23.04170244980816],[-46.42113817958329,-23.03720318028252],[-46.42229396039789,-23.03234311983908],[-46.41906258027382,-23.02702279986227],[-46.41273995958142,-23.02975404990946],[-46.4115586596044,-23.02914736995513],[-46.41139492003947,-23.02562178022094],[-46.4088956402216,-23.02346902987176],[-46.40502619020646,-23.02391492993002],[-46.40073220982356,-23.02630437015051],[-46.39344670030493,-23.02190107987087],[-46.38749061989614,-23.02324666979791],[-46.38213410040839,-23.02111852040338],[-46.3800050004304,-23.01784515003362],[-46.37029570018638,-23.01228614998581],[-46.35873118039962,-23.01479603011268],[-46.35501046026451,-23.01741447010164],[-46.34534849044041,-23.01652693996624],[-46.33748640037703,-23.01782806021674],[-46.33375997044624,-23.019917009962],[-46.33096927970843,-23.01705999961922],[-46.32363491002303,-23.01388829041224],[-46.3135055697262,-23.01388448987728],[-46.31335889030049,-23.01841222024774],[-46.31821766021682,-23.0315104501471],[-46.31809060040086,-23.03803671961884],[-46.32078020014609,-23.04027752978413],[-46.32276874957807,-23.04552222037415],[-46.32202759040092,-23.05093669037592],[-46.31948942030044,-23.05122243017098],[-46.31875210032911,-23.05378575970502],[-46.32353448992473,-23.06212271968769],[-46.3227425802059,-23.06559769018122],[-46.32727477031438,-23.07102672020693],[-46.32677313027568,-23.07494015966057],[-46.32907437038585,-23.07959424028189],[-46.32714463032039,-23.0933661999901],[-46.33024649997594,-23.09539756974203],[-46.33136560014231,-23.09946808028764],[-46.32802498026859,-23.10559855003299],[-46.32646891031192,-23.10635645009006],[-46.32709781970857,-23.11123725969173],[-46.33174439998402,-23.11519547998739],[-46.33296637000194,-23.12309172989939],[-46.33737303993382,-23.12522945977173],[-46.33757826972135,-23.12669734040986],[-46.34146324023629,-23.12748732018366],[-46.34633909007692,-23.12288676990846],[-46.35147267032744,-23.12102372986118],[-46.3539296999956,-23.1220313896369],[-46.35439433023413,-23.1239966799028],[-46.35710947971864,-23.12538417014332],[-46.35677207027476,-23.13291146958858],[-46.36300030981641,-23.13911828008452],[-46.36657740012686,-23.14711134021616],[-46.37027330976537,-23.14799039963719],[-46.37616827044928,-23.15566910984148],[-46.3786212100008,-23.16240780997242],[-46.38050479955683,-23.16319959018887],[-46.38165154038626,-23.16962634967626],[-46.3919588502207,-23.17035853991462],[-46.39335929969189,-23.17666538020308],[-46.39041971989411,-23.17830791008191],[-46.39273008002914,-23.18037430033365],[-46.39076838974933,-23.18435952996828],[-46.39361973975912,-23.18339376960671],[-46.39300433997829,-23.18536847037853],[-46.40041508009182,-23.18565539997667],[-46.40056534961116,-23.18787312994095],[-46.39325526971487,-23.19731396007114],[-46.39242426017142,-23.19996655990877],[-46.39399546032217,-23.20430260967765],[-46.39867598011233,-23.20490766995295],[-46.39925198958758,-23.20831196992145],[-46.40300630030049,-23.20851365008485],[-46.40571400969372,-23.21201645009904],[-46.40938290999327,-23.21315926988433],[-46.41328118957517,-23.21191922978858],[-46.42103762009003,-23.22069612012979],[-46.42619919983315,-23.22161929039788],[-46.43635039005841,-23.21926375012191],[-46.43751964001933,-23.22154557027181],[-46.44698516013699,-23.22345732029908],[-46.45090584992499,-23.22724201011061],[-46.45224046002915,-23.22714150997268],[-46.45380431991339,-23.2247169898971],[-46.46455141981215,-23.22227764989356],[-46.46895652042701,-23.2267100701136],[-46.47222755975406,-23.23330000978757],[-46.47488924993888,-23.23398828972773],[-46.48070225990131,-23.23283400988163],[-46.48408355970849,-23.23720625016824],[-46.49339191970131,-23.23602903041535],[-46.49602414000202,-23.23680422983131],[-46.4989303603478,-23.23344148033999],[-46.5086938402485,-23.23233494999789],[-46.51383339019878,-23.23516614979792],[-46.51540548967159,-23.2374746897051],[-46.51534908958877,-23.24413130961221],[-46.51349951958713,-23.24745490981621],[-46.51422070032504,-23.25013516020942],[-46.50309418994487,-23.24791419988037],[-46.49992098966192,-23.2527553197022],[-46.49185311043266,-23.25522484005427],[-46.4828899300262,-23.2652941002425],[-46.48316346961838,-23.26692004032753],[-46.47848110981533,-23.26936414044269],[-46.47613077031878,-23.27501547028766],[-46.47276684991016,-23.2766158201639],[-46.47238150030597,-23.28088866018345],[-46.47084305975937,-23.28263195010436],[-46.4628289204183,-23.28003706965501],[-46.46066094005027,-23.27804307033136],[-46.46029086003512,-23.27561907006401],[-46.46186560980999,-23.27241097968295],[-46.45940988955471,-23.27031035044229],[-46.45404059969388,-23.27307846010279],[-46.44791692972251,-23.26999624962718],[-46.44695145984196,-23.27146742987793],[-46.43976942002269,-23.27341165982023],[-46.43432798025202,-23.2796003498762],[-46.43743472962905,-23.28452469026217],[-46.42993891994513,-23.2890166303132],[-46.42727849960301,-23.29197202019253],[-46.42766086975331,-23.29491027978554],[-46.42545919988214,-23.29733035990813],[-46.42594049995409,-23.30182285034425],[-46.42167508024073,-23.30761415966572],[-46.41847607031434,-23.31629096985233]]]}},{"type":"Feature","id":"uc-uso-sustentavel-041","properties":{"id":"uc-uso-sustentavel-041","nome":"Área de Proteção Ambiental Planalto do Turvo","nome_origem":"Frea de Prote Co Ambiental Planalto do Turvo","natureza":"camada fornecida para a demonstração","fonte_arquivo":"assets/layers/Areas_Protegidas_US_DG_UCs_Uso_Sustentavel/Areas_Protegidas_US_DG_UCs_Uso_Sustentavel.kml","tipo":"Unidade de Conservação","categoria":"Área de Proteção Ambiental","orgao_gestor":"Fundação Florestal do Estado de São Paulo"},"geometry":{"type":"Polygon","coordinates":[[[-48.26222126020298,-24.917698129565],[-48.25828314964758,-24.91649902031349],[-48.25338239038496,-24.91141019032796],[-48.25511421035247,-24.90614714007842],[-48.25439860001535,-24.90482400982017],[-48.2590322696235,-24.89533845010936],[-48.26297731035453,-24.89458404032115],[-48.2672078003996,-24.89560725027434],[-48.26952363021132,-24.89920595039428],[-48.27766149018561,-24.9001816401705],[-48.28025734999665,-24.89664587011077],[-48.29160087038383,-24.89382041967656],[-48.30164782019068,-24.89501321029138],[-48.30488769980747,-24.89117993010962],[-48.30864966015366,-24.89280428019333],[-48.30653624974809,-24.89430486018108],[-48.30446404987595,-24.89984173960454],[-48.29795864017905,-24.90166823030455],[-48.29581628959005,-24.90039556010697],[-48.28611569028686,-24.90051952985237],[-48.28297082044696,-24.90656126978672],[-48.28414628022659,-24.91117488001663],[-48.28083792982653,-24.9148717699162],[-48.26222126020298,-24.917698129565]]]}},{"type":"Feature","id":"uc-uso-sustentavel-042","properties":{"id":"uc-uso-sustentavel-042","nome":"Área de Proteção Ambiental Planalto do Turvo","nome_origem":"Frea de Prote Co Ambiental Planalto do Turvo","natureza":"camada fornecida para a demonstração","fonte_arquivo":"assets/layers/Areas_Protegidas_US_DG_UCs_Uso_Sustentavel/Areas_Protegidas_US_DG_UCs_Uso_Sustentavel.kml","tipo":"Unidade de Conservação","categoria":"Área de Proteção Ambiental","orgao_gestor":"Fundação Florestal do Estado de São Paulo"},"geometry":{"type":"Polygon","coordinates":[[[-48.29279274009286,-24.94105347993411],[-48.29091413008297,-24.94035960980813],[-48.29199624023425,-24.93855558956875],[-48.28971861002577,-24.93762172006626],[-48.29088956959794,-24.93467473974738],[-48.29388129028928,-24.93505896969566],[-48.29465263970752,-24.93676076040072],[-48.2968724102335,-24.937421969848],[-48.29352803029434,-24.93856402970619],[-48.29279274009286,-24.94105347993411]]]}},{"type":"Feature","id":"uc-uso-sustentavel-043","properties":{"id":"uc-uso-sustentavel-043","nome":"Área de Proteção Ambiental Planalto do Turvo","nome_origem":"Frea de Prote Co Ambiental Planalto do Turvo","natureza":"camada fornecida para a demonstração","fonte_arquivo":"assets/layers/Areas_Protegidas_US_DG_UCs_Uso_Sustentavel/Areas_Protegidas_US_DG_UCs_Uso_Sustentavel.kml","tipo":"Unidade de Conservação","categoria":"Área de Proteção Ambiental","orgao_gestor":"Fundação Florestal do Estado de São Paulo"},"geometry":{"type":"Polygon","coordinates":[[[-48.31315782037706,-24.9471703501315],[-48.30813587027416,-24.94173212993383],[-48.30317178974627,-24.94640373024788],[-48.29569398988571,-24.9436166700732],[-48.29950641029257,-24.9416812202121],[-48.3008467499775,-24.93922832023077],[-48.30435724009453,-24.94031239000475],[-48.30641593035085,-24.93888304981283],[-48.30239765962426,-24.93741636976961],[-48.30440033021102,-24.92843588011175],[-48.29853941965843,-24.9258562503656],[-48.29545839988521,-24.92635542985914],[-48.29533370978282,-24.92343051980259],[-48.30192672963483,-24.92079933012496],[-48.29955051034773,-24.91737518032028],[-48.29733072992923,-24.91830914964748],[-48.29520408959701,-24.91678746976589],[-48.2923229999065,-24.9174159501859],[-48.29277623033875,-24.9096958999458],[-48.29667670966239,-24.91003950032263],[-48.29867317043045,-24.90750143004692],[-48.30130380972298,-24.9067509997588],[-48.30500512968297,-24.91026158970055],[-48.30627561003132,-24.90901106980499],[-48.30884843011091,-24.9105085804066],[-48.31000540972184,-24.90851615039998],[-48.30907928967741,-24.90628658985418],[-48.31222068993287,-24.9063251303005],[-48.31231367983241,-24.90837943995916],[-48.32152878012909,-24.90648224995584],[-48.32399734989775,-24.91093706959003],[-48.32739346963285,-24.90975399974724],[-48.32879560982951,-24.91137080002238],[-48.33494345987276,-24.91299693975691],[-48.33526507991945,-24.91143156991097],[-48.34246634994207,-24.91172818970415],[-48.34798090999095,-24.90867338966518],[-48.35152041043852,-24.90904210990539],[-48.35396053015432,-24.91155753974863],[-48.35607164998663,-24.91122100984171],[-48.35740849040945,-24.91618999976862],[-48.35315641034003,-24.92315088010901],[-48.35462664000738,-24.92787628955909],[-48.36137135030754,-24.92988709001713],[-48.35780339980704,-24.93516804037273],[-48.35613551983835,-24.93247742978951],[-48.35407997990711,-24.93173113008754],[-48.35003594989911,-24.93403314001733],[-48.34266522961661,-24.93358406984891],[-48.34033565007013,-24.93241189978932],[-48.34343122986735,-24.92448400992907],[-48.33835704983795,-24.92601319015654],[-48.33656037975766,-24.92385916007214],[-48.33337937965462,-24.92465909983753],[-48.33061466043819,-24.9271604696799],[-48.33651712956186,-24.93988746033796],[-48.33363587979198,-24.9416341002335],[-48.33050732005671,-24.93989329963603],[-48.3280345099846,-24.94509756030413],[-48.32256789998854,-24.94417576959603],[-48.32341938979295,-24.94258646968979],[-48.31988083992877,-24.94176348030032],[-48.31541948042462,-24.9448447204075],[-48.31652281997214,-24.94685829977067],[-48.31315782037706,-24.9471703501315]]]}},{"type":"Feature","id":"uc-uso-sustentavel-044","properties":{"id":"uc-uso-sustentavel-044","nome":"Área de Proteção Ambiental Planalto do Turvo","nome_origem":"Frea de Prote Co Ambiental Planalto do Turvo","natureza":"camada fornecida para a demonstração","fonte_arquivo":"assets/layers/Areas_Protegidas_US_DG_UCs_Uso_Sustentavel/Areas_Protegidas_US_DG_UCs_Uso_Sustentavel.kml","tipo":"Unidade de Conservação","categoria":"Área de Proteção Ambiental","orgao_gestor":"Fundação Florestal do Estado de São Paulo"},"geometry":{"type":"Polygon","coordinates":[[[-48.411769749874,-24.96498088995605],[-48.41061276037055,-24.9640496401787],[-48.41207075026489,-24.96205565974088],[-48.41345888981584,-24.9625171099766],[-48.41400917957992,-24.96365013974213],[-48.411769749874,-24.96498088995605]]]}},{"type":"Feature","id":"uc-uso-sustentavel-045","properties":{"id":"uc-uso-sustentavel-045","nome":"Área de Proteção Ambiental Planalto do Turvo","nome_origem":"Frea de Prote Co Ambiental Planalto do Turvo","natureza":"camada fornecida para a demonstração","fonte_arquivo":"assets/layers/Areas_Protegidas_US_DG_UCs_Uso_Sustentavel/Areas_Protegidas_US_DG_UCs_Uso_Sustentavel.kml","tipo":"Unidade de Conservação","categoria":"Área de Proteção Ambiental","orgao_gestor":"Fundação Florestal do Estado de São Paulo"},"geometry":{"type":"Polygon","coordinates":[[[-48.34331940996276,-24.96784387989112],[-48.34094316999125,-24.96414395028302],[-48.33707950981147,-24.96411393001381],[-48.33902320016051,-24.96169007993319],[-48.33184624960467,-24.95694538002522],[-48.33189402968566,-24.95582646961583],[-48.32949705044848,-24.95522098036389],[-48.32915501039537,-24.95307586975554],[-48.33077298968169,-24.9523691699012],[-48.33305479993902,-24.95415372971081],[-48.33440530016441,-24.95362719014264],[-48.33521566037439,-24.95522071956049],[-48.33918753957323,-24.95477795993486],[-48.33941706994176,-24.96082419018421],[-48.34093047965786,-24.95936380989184],[-48.34266176003217,-24.96047538992724],[-48.34594355974747,-24.96642520026273],[-48.34331940996276,-24.96784387989112]]]}},{"type":"Feature","id":"uc-uso-sustentavel-046","properties":{"id":"uc-uso-sustentavel-046","nome":"Área de Proteção Ambiental Quilombos do Modio Ribeira","nome_origem":"Frea de Prote Co Ambiental Quilombos do Modio Ribeira","natureza":"camada fornecida para a demonstração","fonte_arquivo":"assets/layers/Areas_Protegidas_US_DG_UCs_Uso_Sustentavel/Areas_Protegidas_US_DG_UCs_Uso_Sustentavel.kml","tipo":"Unidade de Conservação","categoria":"Área de Proteção Ambiental","orgao_gestor":"Fundação Florestal do Estado de São Paulo"},"geometry":{"type":"Polygon","coordinates":[[[-48.48346912000386,-24.67938111034994],[-48.48085192017993,-24.67724464042777],[-48.48273672022344,-24.67364134027559],[-48.48126093004782,-24.66961395042341],[-48.47258598955176,-24.66462382013316],[-48.46750722028196,-24.66257903969091],[-48.46605979022712,-24.66319923016027],[-48.46439067998585,-24.66102321974574],[-48.46100250036505,-24.66195184979796],[-48.45968551967093,-24.65994860994033],[-48.45138053958021,-24.66001656990875],[-48.45055244024286,-24.65875642996525],[-48.45165150980927,-24.65543459962703],[-48.44960526976735,-24.6543911504312],[-48.44912235990893,-24.65204927985036],[-48.44655738011897,-24.65323066975958],[-48.44318321013702,-24.65179017977295],[-48.43404229041931,-24.65484139961086],[-48.43023410042338,-24.65357895020833],[-48.4282470303761,-24.65438092963615],[-48.42726939986289,-24.65688769990737],[-48.41997702042312,-24.65978991017619],[-48.41695581006252,-24.65466403981355],[-48.40987768960366,-24.65712367032108],[-48.40677973020036,-24.65637653964552],[-48.40339076007547,-24.6627290196285],[-48.39513599992642,-24.65895477004653],[-48.3945517598558,-24.65707289010174],[-48.39187270016492,-24.65753244006999],[-48.38430034018853,-24.6551296197361],[-48.3808140499284,-24.64572289009925],[-48.38506396982632,-24.64388472979641],[-48.38917013039713,-24.64000664988691],[-48.38956779981407,-24.63715343018663],[-48.39723397976434,-24.63652636979606],[-48.39716442979454,-24.64015994022901],[-48.40055108956108,-24.64285392956515],[-48.40409042003682,-24.64247652007532],[-48.40655830002549,-24.63983119035709],[-48.40560985970723,-24.635445759714],[-48.40047403025227,-24.63399270979568],[-48.39840618040085,-24.63082047988121],[-48.39882701995094,-24.62797412020944],[-48.3953578599772,-24.62694958015896],[-48.39736109983482,-24.62271591011114],[-48.38987869004944,-24.62311059018157],[-48.38789764995653,-24.62803581010451],[-48.3830196804139,-24.62878519987703],[-48.37964608959533,-24.630750009905],[-48.3691637204293,-24.63018157002341],[-48.35942002021773,-24.63655248970559],[-48.34899314012125,-24.6256519402848],[-48.34648903993718,-24.62497013995994],[-48.33828098967587,-24.6263796896709],[-48.33329559971213,-24.6229206200905],[-48.33343251969501,-24.6218450201315],[-48.33003118029467,-24.62198328010425],[-48.32981573960467,-24.61944687986954],[-48.32579751024684,-24.61374617004964],[-48.32613032955101,-24.61069468041512],[-48.32868434031002,-24.60477226972444],[-48.33287226004671,-24.60565125989768],[-48.33548802005606,-24.5984645202214],[-48.33804040034414,-24.59860199958257],[-48.33804066024823,-24.59765874025862],[-48.33547796023964,-24.59633520980202],[-48.33238420966353,-24.58896015029063],[-48.32764445962408,-24.58934516984368],[-48.32451513006913,-24.58518621007551],[-48.32404429990447,-24.57738648979461],[-48.32778202981677,-24.57102384027797],[-48.32519831984655,-24.56652090961222],[-48.32565960011044,-24.56539107963459],[-48.31476123963944,-24.55811152992311],[-48.31093253970488,-24.55261991967353],[-48.30199718971846,-24.54970769995037],[-48.30299402975061,-24.54727549966452],[-48.30021932985812,-24.54626859981596],[-48.2965294402814,-24.54169154972521],[-48.28532213031201,-24.53626841025886],[-48.2774396400273,-24.52827733043443],[-48.27979763994909,-24.52514491980219],[-48.28229475959546,-24.52500465973719],[-48.28101992023306,-24.52282558982904],[-48.27599507970911,-24.52080045957348],[-48.26722911972803,-24.52053713987704],[-48.26830825042538,-24.51742065983552],[-48.26675554033585,-24.5119016796188],[-48.27267721987778,-24.5065752001853],[-48.27111243009455,-24.50250842992006],[-48.27429948982956,-24.49630063016991],[-48.27192037022888,-24.49487523980042],[-48.27170255982526,-24.49299135976338],[-48.2746585999144,-24.49061323031628],[-48.27365128997502,-24.48885120032259],[-48.27823599959169,-24.48250971005501],[-48.27770235987595,-24.48042876967196],[-48.27998583028182,-24.4795468396149],[-48.28186939016018,-24.47578741985348],[-48.28578649974713,-24.4744732504401],[-48.28586293042986,-24.46919731020768],[-48.28312438957886,-24.46778594026887],[-48.28129446976391,-24.46496560967512],[-48.27643425014048,-24.46437147975996],[-48.27488590985683,-24.46286549035005],[-48.27212979985035,-24.44803233962074],[-48.27543825007513,-24.4452326898367],[-48.28429671971782,-24.44337281989965],[-48.28594148980784,-24.43903770992233],[-48.28414545015238,-24.4360594197064],[-48.28042451957589,-24.43402251013072],[-48.2855652800136,-24.43194572011885],[-48.28631322997154,-24.42976398012354],[-48.28138005014915,-24.42802080981249],[-48.28091786966394,-24.42632757975394],[-48.28596732013568,-24.42318094004833],[-48.29449100005957,-24.42246118023922],[-48.29477471008477,-24.41556189986176],[-48.29662820023123,-24.41332054021069],[-48.29985643003016,-24.41283046005765],[-48.30461033989525,-24.41966717010376],[-48.30876667993829,-24.41918961031223],[-48.31388832978257,-24.41629047032887],[-48.3185666597235,-24.41697802001954],[-48.32224225997226,-24.41159786994569],[-48.33266286010286,-24.4063510902306],[-48.33930676989149,-24.40998650966964],[-48.3392476403663,-24.41225554955395],[-48.34594702033866,-24.42011467005591],[-48.35260844982008,-24.42276548024267],[-48.36116384973184,-24.42297498001125],[-48.35763053032468,-24.42747996023195],[-48.35762441043818,-24.43435184995786],[-48.34995621960383,-24.43494823986936],[-48.34726786991621,-24.44077496988888],[-48.34824267026301,-24.44473528020899],[-48.35203409959399,-24.44701403996595],[-48.35014902975388,-24.45255388985009],[-48.35244496026667,-24.46083594981917],[-48.35968290014569,-24.46479813972235],[-48.36331735011555,-24.46933642993224],[-48.3717232701128,-24.47295321002258],[-48.37693555003557,-24.47361461012611],[-48.38548690030018,-24.48109159969755],[-48.39284383037841,-24.4818124296998],[-48.39418441018233,-24.48455244993556],[-48.39031868965577,-24.48716753994995],[-48.39219113031635,-24.48926684988515],[-48.4015906303033,-24.4895659203309],[-48.40634756009177,-24.49373023016597],[-48.41320309025036,-24.49209986002046],[-48.42067161000676,-24.49348405964162],[-48.42798829002754,-24.49289616022958],[-48.43000789035182,-24.4900377901119],[-48.43368071978932,-24.49576843026881],[-48.43824955996917,-24.49818603006122],[-48.44045447999019,-24.50925608999648],[-48.44920058024252,-24.51196505034676],[-48.45550047956345,-24.51763589997677],[-48.45938752031776,-24.51801604970086],[-48.46599339957567,-24.51618957968532],[-48.46480634034032,-24.51380616042593],[-48.46545206975719,-24.50974408012513],[-48.46190279997421,-24.50954019032747],[-48.4576759602773,-24.50404612043206],[-48.44927116982859,-24.50064967963897],[-48.44949122044341,-24.49435309971574],[-48.44678249031961,-24.49191036027486],[-48.43640683021101,-24.48906740004043],[-48.43538160038054,-24.48783664994141],[-48.43297252975839,-24.48416736023546],[-48.43396260958673,-24.47965110971091],[-48.4331901504051,-24.46147603958752],[-48.42717607001958,-24.46199513996368],[-48.42736767957473,-24.45831761966235],[-48.42512254996569,-24.45526563989733],[-48.4146977500011,-24.45154879044429],[-48.41352097001669,-24.44383450036185],[-48.41016620020991,-24.4401925698312],[-48.40421925961112,-24.43709967990628],[-48.40573292023805,-24.43381515974181],[-48.40370762990318,-24.42677121981592],[-48.39716812960546,-24.42402510037806],[-48.39298120002235,-24.41715482043855],[-48.39354897980155,-24.41557945013147],[-48.40062218006949,-24.41166952972497],[-48.40744525999071,-24.40575442962319],[-48.41546556958031,-24.40560235966115],[-48.41921112988967,-24.4043125303989],[-48.42537203988769,-24.40843331034893],[-48.4349509896964,-24.41219240005915],[-48.43713886037006,-24.41639162966993],[-48.4395063598306,-24.41653386014946],[-48.44325813985125,-24.41994235005939],[-48.45135826966839,-24.41584026971265],[-48.45682226983183,-24.41593222988843],[-48.45841891989721,-24.41729043010923],[-48.46451512007667,-24.41197785959048],[-48.46793094036059,-24.41195636039765],[-48.47117475990723,-24.41561135987632],[-48.47590028986644,-24.41828945009797],[-48.49021846001386,-24.41594963986392],[-48.49594644986871,-24.41329898975653],[-48.52107554030391,-24.40826486013515],[-48.52280230967881,-24.41069333992567],[-48.52092442991847,-24.41417830008845],[-48.51906397002614,-24.41500258000502],[-48.52104534017025,-24.41661645028893],[-48.51613788005909,-24.419143549735],[-48.51431568002459,-24.41897671020695],[-48.51184212981042,-24.41516718022115],[-48.50715398017201,-24.41459431027914],[-48.50964010021039,-24.41666240024955],[-48.50970355007871,-24.42141630022201],[-48.51246298038222,-24.42395660980964],[-48.51347415021183,-24.42888908995951],[-48.5171904996418,-24.4329467698775],[-48.51902105977405,-24.44214919962582],[-48.52481118019176,-24.44981057989429],[-48.52393651036164,-24.45279647028082],[-48.52804797963051,-24.45896157022025],[-48.52887440982613,-24.46357338989998],[-48.53323862995876,-24.46779123008116],[-48.53546562024212,-24.47337476003707],[-48.53788655022407,-24.47573056021713],[-48.53695244959584,-24.47870429986352],[-48.53169087963033,-24.48437689957422],[-48.53221701989952,-24.48644016018523],[-48.53824755967707,-24.49102557037372],[-48.53674718023814,-24.49829215995516],[-48.54139804038721,-24.50095684038581],[-48.54311111038942,-24.50664524028559],[-48.54604826021898,-24.5087509102263],[-48.54682741035668,-24.5132504297635],[-48.55405829955083,-24.52144289027711],[-48.55389701963173,-24.52421658023093],[-48.55709331000821,-24.52682958022092],[-48.55758257987213,-24.5298899002986],[-48.56050697012051,-24.53436488003513],[-48.57949304976438,-24.53244674032476],[-48.56108902034197,-24.54717691957916],[-48.55985503987813,-24.55808390994446],[-48.55863001036664,-24.5583889401974],[-48.55756703958718,-24.56236094979795],[-48.5556519602697,-24.56251794984348],[-48.55085297998102,-24.56866103977512],[-48.55241198982145,-24.57010105042309],[-48.55557905043281,-24.56960497988587],[-48.55701603036545,-24.5716079904164],[-48.55571505040922,-24.57402002970059],[-48.54708237984789,-24.57763300026272],[-48.54411167991003,-24.57400519988005],[-48.53419486020459,-24.5695083099605],[-48.53206551021509,-24.56998877995818],[-48.52739038995452,-24.56607932000458],[-48.53050048031287,-24.55994970011852],[-48.52702374984614,-24.557134449795],[-48.52398885989794,-24.56346153022537],[-48.51886141032577,-24.56145184043004],[-48.51971520958921,-24.5590159097564],[-48.51720231043822,-24.55742600010979],[-48.51531514967439,-24.55969279978285],[-48.5111062604455,-24.5567041799539],[-48.51061367028461,-24.55471372036186],[-48.50274964038357,-24.55491814975278],[-48.50079919972325,-24.551451860415],[-48.49845232981113,-24.55223234964319],[-48.49757239984632,-24.5562136303547],[-48.49268590023405,-24.5552421799826],[-48.49191830008942,-24.5573844298475],[-48.48821707995421,-24.55893899973501],[-48.48343316960506,-24.55250265976991],[-48.47591090996048,-24.54675870964667],[-48.47231010992357,-24.54739522011329],[-48.47055803992157,-24.55008976972704],[-48.47192197961562,-24.55117866975974],[-48.46643781035664,-24.55262193955082],[-48.46980113001808,-24.55880945958887],[-48.46381377028922,-24.55669396995069],[-48.45564316959656,-24.55722304021111],[-48.45166429996743,-24.56096085016304],[-48.45169149996269,-24.56364480036717],[-48.45344638034612,-24.56553806033315],[-48.45330189976283,-24.56891438958735],[-48.45495636994048,-24.57015824011063],[-48.4527365796294,-24.57361194973163],[-48.45102613025165,-24.57235498979088],[-48.45056384994166,-24.56865299983605],[-48.44894838965644,-24.56843448975985],[-48.44911892000209,-24.56993736032086],[-48.44720415005145,-24.57191745972295],[-48.44624745035952,-24.5708576896306],[-48.44665832991797,-24.56411863966343],[-48.44421004975396,-24.56503287966365],[-48.44254021016252,-24.56878211999879],[-48.44120419981391,-24.56770311970314],[-48.43742215041186,-24.56794964995635],[-48.43725463998959,-24.57073527031645],[-48.44562623016634,-24.57523654982685],[-48.44853048009753,-24.57833266022402],[-48.45098087996359,-24.57706938974047],[-48.46999978036553,-24.57574344010766],[-48.47431681037244,-24.57354412016497],[-48.4760442497423,-24.57020912015474],[-48.4780210504311,-24.56947323999799],[-48.48707828013846,-24.57263497032756],[-48.49110433989335,-24.57882280962491],[-48.49940395013215,-24.58532188000072],[-48.50022379009579,-24.58886618013008],[-48.50204049976918,-24.59021144989845],[-48.5056939802929,-24.59155414041123],[-48.51416763003203,-24.59184779963618],[-48.51757593018499,-24.5897107397588],[-48.52133316998976,-24.59290469999189],[-48.52603576993477,-24.5942186598632],[-48.52442899979849,-24.59761309966478],[-48.52528043024762,-24.59949550031706],[-48.52430879011854,-24.60610870005644],[-48.52814610016236,-24.6087143301022],[-48.53110691025569,-24.60890375970069],[-48.52677231019391,-24.61019192971372],[-48.5218701201099,-24.61632350022933],[-48.52079366039908,-24.61983595986163],[-48.5152219196558,-24.62016441025929],[-48.51240043972848,-24.62529831966168],[-48.50896054009678,-24.6274683603765],[-48.50824626974952,-24.62938324004443],[-48.51196720032601,-24.6334239803324],[-48.50577570978112,-24.64563279961396],[-48.50509184011628,-24.65030665992435],[-48.50628453000701,-24.65431695995971],[-48.50436427958778,-24.65659495978952],[-48.50380069964251,-24.66120669043636],[-48.50427281044182,-24.66398685011302],[-48.50712233033124,-24.66363814968082],[-48.50533112992764,-24.66798862007869],[-48.50208975024174,-24.6680701202398],[-48.50012474955753,-24.66952668021207],[-48.49399965955661,-24.66859418037706],[-48.49176125957445,-24.67531713967423],[-48.48692850974288,-24.67715505985808],[-48.48605749026092,-24.67925691037806],[-48.48346912000386,-24.67938111034994]]]}},{"type":"Feature","id":"uc-uso-sustentavel-047","properties":{"id":"uc-uso-sustentavel-047","nome":"Área de Proteção Ambiental Quilombos do Modio Ribeira","nome_origem":"Frea de Prote Co Ambiental Quilombos do Modio Ribeira","natureza":"camada fornecida para a demonstração","fonte_arquivo":"assets/layers/Areas_Protegidas_US_DG_UCs_Uso_Sustentavel/Areas_Protegidas_US_DG_UCs_Uso_Sustentavel.kml","tipo":"Unidade de Conservação","categoria":"Área de Proteção Ambiental","orgao_gestor":"Fundação Florestal do Estado de São Paulo"},"geometry":{"type":"Polygon","coordinates":[[[-48.66295738957183,-24.70753023033581],[-48.66019442043608,-24.70629327041803],[-48.66235638973558,-24.70281924960864],[-48.66160839031494,-24.69930618023596],[-48.6592393296313,-24.69641516023142],[-48.65919429967715,-24.69304913990584],[-48.65769109007169,-24.69150522968255],[-48.64250916966239,-24.69004125030341],[-48.64180717955765,-24.68690822993085],[-48.64578239973793,-24.68215886973599],[-48.64142777986808,-24.68055281006411],[-48.63855912960008,-24.67792022014203],[-48.63228303983038,-24.67749918004307],[-48.63122306019602,-24.68056119983947],[-48.6282780197148,-24.68049718969348],[-48.6189929000023,-24.67268019973136],[-48.61664791956582,-24.66842924021722],[-48.61307187966349,-24.67141027966062],[-48.60669182017131,-24.66898128006198],[-48.60219080955818,-24.66935527032939],[-48.59146571966721,-24.67656731962603],[-48.59033569004004,-24.68076937041008],[-48.58723669012113,-24.67867437991868],[-48.58565862004923,-24.67238235955818],[-48.58195264969498,-24.67115432001583],[-48.57951563983488,-24.6860894097984],[-48.56057043977393,-24.68805503011549],[-48.55533443033966,-24.68693633014749],[-48.55321866011303,-24.68813430985045],[-48.55189125987368,-24.68508397044883],[-48.54909011002053,-24.68476513020653],[-48.55015903970786,-24.68242638027317],[-48.55147363989653,-24.68278249021972],[-48.55146805960322,-24.68025070980235],[-48.5536586300417,-24.6772353396392],[-48.55026752042966,-24.67534264984334],[-48.54862599959017,-24.67267932019445],[-48.54711365017477,-24.66596137012107],[-48.54939033969237,-24.6626867200161],[-48.55230946980612,-24.66144923039764],[-48.55561867006554,-24.65787831033572],[-48.55856959031428,-24.65191276006578],[-48.55435324030975,-24.64579623970468],[-48.54775457001733,-24.64485460005972],[-48.5473005104102,-24.64029618032441],[-48.5407954604421,-24.64043887035751],[-48.53959057034848,-24.63390621030334],[-48.54468158029067,-24.63153645983971],[-48.54852750044375,-24.6312648897628],[-48.55056291984283,-24.63427643960597],[-48.5531604595875,-24.63452833971104],[-48.5605354903206,-24.63216540970586],[-48.56326384994668,-24.6336601099261],[-48.56178259009442,-24.63576191997657],[-48.56243739007346,-24.63769779971364],[-48.57021399957637,-24.64274793996543],[-48.57426476011057,-24.64212978016519],[-48.57741255994165,-24.63777818021879],[-48.583659519771,-24.6386868399257],[-48.59502548993436,-24.64270182003293],[-48.60506699974218,-24.64997344042189],[-48.60836493959027,-24.65455129990255],[-48.6142627304406,-24.65129728024522],[-48.61565779027478,-24.65499049011896],[-48.62218462002414,-24.65688487963342],[-48.62331394008623,-24.65942170974404],[-48.62950740014634,-24.65332998998701],[-48.63593561024015,-24.65133633960033],[-48.63532895996349,-24.64879043982688],[-48.63633711976223,-24.64678536984889],[-48.63318163972087,-24.64179859043259],[-48.62958792004645,-24.63991950018476],[-48.62790982018203,-24.63741603042541],[-48.63181242010705,-24.63484946962728],[-48.63248918962438,-24.63265102022837],[-48.63063991999627,-24.6308382199079],[-48.62442492027378,-24.63451676993293],[-48.62074831997893,-24.63525516009753],[-48.61586496979248,-24.63235178970331],[-48.62899184040106,-24.62947597003995],[-48.6225537899254,-24.62392403956272],[-48.62043171005536,-24.61544702995644],[-48.62256774020898,-24.61123499040247],[-48.62621075981866,-24.61234597958327],[-48.63194480031223,-24.60888794961915],[-48.6368907801853,-24.6036328502758],[-48.64161181982956,-24.60574888040645],[-48.64421029037254,-24.60463370038491],[-48.64828651970709,-24.6119895899476],[-48.65537528004512,-24.61364401965574],[-48.66074402042017,-24.6199581102785],[-48.67215181985057,-24.62711617956796],[-48.68969496964706,-24.64241291012763],[-48.69519114035882,-24.64064551028201],[-48.69484447958899,-24.63689808028215],[-48.70066310042171,-24.63054152007504],[-48.70276768038411,-24.62582140043725],[-48.70996332964393,-24.62660118999287],[-48.71311834023919,-24.62980739989155],[-48.71759626975199,-24.62884948971214],[-48.71802360960186,-24.63295970982273],[-48.71135258975016,-24.63915178043027],[-48.70362247969365,-24.6430708199623],[-48.70347551967944,-24.6459038498827],[-48.69680148979688,-24.65525286013133],[-48.68736348983316,-24.66493296028784],[-48.68789751985463,-24.66995395980734],[-48.68494144019525,-24.67131999042516],[-48.67807241031346,-24.67173302026265],[-48.67632137003517,-24.67406104038469],[-48.67795145959212,-24.67522402027225],[-48.67707642014062,-24.67637604012214],[-48.67206140021341,-24.67963807004088],[-48.67579146970053,-24.68398807009333],[-48.67301241978731,-24.68832915966294],[-48.67757750979422,-24.69249416017732],[-48.67200746966893,-24.69874513008364],[-48.67432748042881,-24.69936520004393],[-48.67699046024148,-24.69823712014693],[-48.67751554020998,-24.69923517965975],[-48.67498850011913,-24.70275116013789],[-48.67219743976,-24.70396918033339],[-48.66988243013003,-24.70310719004476],[-48.66295738957183,-24.70753023033581]]]}},{"type":"Feature","id":"uc-uso-sustentavel-048","properties":{"id":"uc-uso-sustentavel-048","nome":"Área de Proteção Ambiental Quilombos do Modio Ribeira","nome_origem":"Frea de Prote Co Ambiental Quilombos do Modio Ribeira","natureza":"camada fornecida para a demonstração","fonte_arquivo":"assets/layers/Areas_Protegidas_US_DG_UCs_Uso_Sustentavel/Areas_Protegidas_US_DG_UCs_Uso_Sustentavel.kml","tipo":"Unidade de Conservação","categoria":"Área de Proteção Ambiental","orgao_gestor":"Fundação Florestal do Estado de São Paulo"},"geometry":{"type":"Polygon","coordinates":[[[-48.51189426980466,-24.74110282973174],[-48.50661929004815,-24.73605788036684],[-48.5035572297823,-24.73612780985047],[-48.50312220972216,-24.73784982990566],[-48.50071620039228,-24.738490849573],[-48.49829814014703,-24.73606887997477],[-48.49873518008445,-24.7347818700872],[-48.49344316986634,-24.73699391004089],[-48.49235810004626,-24.73399289035956],[-48.48669451963633,-24.73169164035687],[-48.48813503030738,-24.72613650019929],[-48.48717023042178,-24.72383488956848],[-48.4876852703589,-24.71718300998788],[-48.49696532958626,-24.7221385298692],[-48.5035519102924,-24.72258979977937],[-48.50318957973525,-24.71774301962461],[-48.50782553002415,-24.71538264998924],[-48.51008608030833,-24.71696768980701],[-48.51124690991691,-24.72047555030633],[-48.51341425986016,-24.71990866984919],[-48.51245484961157,-24.71651508979949],[-48.50927784969298,-24.7127651102216],[-48.51234310974667,-24.71248348032833],[-48.51819235968958,-24.71466754956771],[-48.51690631027793,-24.70920659990463],[-48.51776299006991,-24.70770899037757],[-48.51444479029482,-24.70770852992467],[-48.51444548996733,-24.70376336958378],[-48.50881256025139,-24.70376242979228],[-48.50881343978836,-24.69981725955881],[-48.50318068993687,-24.69981611022524],[-48.50318211985888,-24.69447162006918],[-48.50594895967669,-24.6944722100244],[-48.50595032035096,-24.6889291099904],[-48.50871703965959,-24.6889296495836],[-48.50871827982473,-24.68335946017089],[-48.51140583990752,-24.68335994040888],[-48.51140691999331,-24.67797932988213],[-48.52919144962567,-24.67798125982722],[-48.5291911996141,-24.6822694998375],[-48.53218503011499,-24.68226962034663],[-48.53218489971329,-24.68579950973952],[-48.53465512963049,-24.68579956999412],[-48.53465508016779,-24.68932946028633],[-48.53712537033954,-24.68932947017885],[-48.53712541980224,-24.7017618600218],[-48.53941709022649,-24.70394246956926],[-48.54404245009897,-24.70372466995752],[-48.5474292195828,-24.70570487997617],[-48.54884842981113,-24.70876419011523],[-48.55251887964255,-24.71104273043761],[-48.55300355037349,-24.71653565010013],[-48.55146157998786,-24.71826461022351],[-48.54698553995064,-24.71852263021515],[-48.54689851975087,-24.72202467030223],[-48.54363252022461,-24.72649464980822],[-48.53617048008357,-24.7275147202281],[-48.53144442042361,-24.7305347596714],[-48.53058346975126,-24.73218174029506],[-48.53334748030193,-24.73613976004185],[-48.53006844959924,-24.73985981018205],[-48.52826843044369,-24.73979981011308],[-48.52398341989885,-24.73638282970376],[-48.51876332037091,-24.73948683974584],[-48.51591132015125,-24.73911084039293],[-48.51189426980466,-24.74110282973174]]]}},{"type":"Feature","id":"uc-uso-sustentavel-049","properties":{"id":"uc-uso-sustentavel-049","nome":"Área de Proteção Ambiental Represa Bairro da Usina","nome_origem":"Frea de Prote Co Ambiental Represa Bairro da Usina","natureza":"camada fornecida para a demonstração","fonte_arquivo":"assets/layers/Areas_Protegidas_US_DG_UCs_Uso_Sustentavel/Areas_Protegidas_US_DG_UCs_Uso_Sustentavel.kml","tipo":"Unidade de Conservação","categoria":"Área de Proteção Ambiental","orgao_gestor":"Fundação Florestal do Estado de São Paulo"},"geometry":{"type":"Polygon","coordinates":[[[-46.64239898962165,-23.11220140037426],[-46.64132396972536,-23.10591342966103],[-46.63618096997573,-23.10637845020528],[-46.6288718703405,-23.10276645990416],[-46.62375781976755,-23.09839540042736],[-46.62298982032388,-23.0912904199169],[-46.61990173008076,-23.0886764396659],[-46.61895777018492,-23.08497238037103],[-46.61544469002041,-23.08015533989698],[-46.61927867976721,-23.07915834967804],[-46.62257272015489,-23.07550035006108],[-46.63336484011523,-23.07231728961119],[-46.63744881980716,-23.07714229987721],[-46.6429068799485,-23.07741029964558],[-46.64406790021337,-23.08001127030383],[-46.65096999996547,-23.08594525976588],[-46.65088504011248,-23.08812731991981],[-46.65511507959718,-23.09223829006498],[-46.65189509028613,-23.0993883499923],[-46.65245708023002,-23.10330234972361],[-46.64874507002889,-23.10216243025189],[-46.64704800975778,-23.11034944986716],[-46.64239898962165,-23.11220140037426]]]}},{"type":"Feature","id":"uc-uso-sustentavel-050","properties":{"id":"uc-uso-sustentavel-050","nome":"Área de Proteção Ambiental Rio Batalha","nome_origem":"Frea de Prote Co Ambiental Rio Batalha","natureza":"camada fornecida para a demonstração","fonte_arquivo":"assets/layers/Areas_Protegidas_US_DG_UCs_Uso_Sustentavel/Areas_Protegidas_US_DG_UCs_Uso_Sustentavel.kml","tipo":"Unidade de Conservação","categoria":"Área de Proteção Ambiental","orgao_gestor":"Fundação Florestal do Estado de São Paulo"},"geometry":{"type":"Polygon","coordinates":[[[-49.06588905993215,-22.50211678995782],[-49.06306890020954,-22.49983868041073],[-49.05766876000524,-22.49904270036029],[-49.05009363011692,-22.49346321015895],[-49.04461455012137,-22.49339382026852],[-49.03011982956644,-22.48463319956244],[-49.02949709041837,-22.47775008000212],[-49.03088438011002,-22.47424078958073],[-49.02793833958265,-22.46999058010113],[-49.02799243020644,-22.46567186026812],[-49.02436989985097,-22.46251911956165],[-49.02395022042629,-22.45861884978007],[-49.01858115989256,-22.45354980038292],[-49.01738696993266,-22.45058193960477],[-49.01760623004344,-22.44389375978915],[-49.02037180991107,-22.43814283002752],[-49.02927459994277,-22.43000254008513],[-49.04052523025513,-22.41523834037707],[-49.05477151039685,-22.40803315020969],[-49.05757751029381,-22.40331460978138],[-49.06507928967744,-22.40041872984045],[-49.07830244979817,-22.39782733965995],[-49.0807912597088,-22.39608701030721],[-49.08123089958633,-22.38928295014796],[-49.08723814962087,-22.38353339005386],[-49.09736276038302,-22.36850006012963],[-49.10655661959225,-22.36114258955882],[-49.10761853007108,-22.35543036032283],[-49.11608831002746,-22.34411510023165],[-49.11861444989688,-22.33284117028376],[-49.12598503977773,-22.32806287979804],[-49.13035184995789,-22.32090189040986],[-49.13884093026468,-22.3161906497786],[-49.13368599021624,-22.31470579983272],[-49.1261880896086,-22.30972299991646],[-49.1226037804401,-22.30574356011715],[-49.12045843960527,-22.3056088299835],[-49.10367011958033,-22.2941825395925],[-49.09961458994132,-22.29114245965673],[-49.09555093043105,-22.28441634014195],[-49.08965382036746,-22.28254099017454],[-49.08262031977188,-22.28336906972675],[-49.07293755042758,-22.28022395976791],[-49.06847336975017,-22.27803506026976],[-49.06058916985427,-22.2709527102993],[-49.05601857959374,-22.25640746043592],[-49.04996158985546,-22.25069597044262],[-49.04445255973781,-22.24948122018213],[-49.04672373011601,-22.24411703037663],[-49.05190002006981,-22.23919194984859],[-49.05384356023205,-22.235584219636],[-49.05396382027402,-22.22801576001928],[-49.04550291033098,-22.2202131304316],[-49.04610702002293,-22.21271631980227],[-49.04406164962541,-22.20885181965571],[-49.0334358098147,-22.20733243034732],[-49.03361866986569,-22.20092371036088],[-49.03640104996845,-22.19547974979059],[-49.04256973010894,-22.19081925970102],[-49.04822111031592,-22.18289291037945],[-49.05702577981583,-22.17630719032451],[-49.06200036982119,-22.16985447010768],[-49.06922272984508,-22.16354576012867],[-49.07078246993501,-22.15916073957641],[-49.0704352497869,-22.15422837993572],[-49.06506672974575,-22.13690295960384],[-49.06792876999668,-22.12877093982695],[-49.07385336963728,-22.12218944029041],[-49.08310080955465,-22.1153362195908],[-49.09058196028917,-22.11199060038587],[-49.10311783961657,-22.10910265965998],[-49.1081848295662,-22.10621974974163],[-49.10949879033689,-22.09464546961271],[-49.113425180028,-22.08589457957112],[-49.12189813009456,-22.07745082959207],[-49.1225858398646,-22.07314486034699],[-49.1287668901798,-22.05824490977471],[-49.1395599202541,-22.04568231968324],[-49.13922350006442,-22.04330984966975],[-49.13571562967252,-22.03980071033448],[-49.13803913969451,-22.03559828992911],[-49.13772342999226,-22.03144963009629],[-49.13592364016381,-22.02973689014533],[-49.13093604955901,-22.0283252000479],[-49.1311574203786,-22.02494418982246],[-49.12444371960191,-22.01556065999642],[-49.12603743967605,-22.01151897991696],[-49.12533948033268,-22.00897314039804],[-49.11922973006796,-22.00247261042261],[-49.11724848043298,-21.99613645043678],[-49.12585942966888,-21.9867123701797],[-49.12573903023201,-21.97664929013257],[-49.12898240011765,-21.97005481967415],[-49.13306126986168,-21.96712853995012],[-49.13863071013913,-21.9660482302416],[-49.1399111603717,-21.96469081962556],[-49.13829870022477,-21.9527813297945],[-49.14060951991337,-21.94983468042614],[-49.14089475968535,-21.94732250972601],[-49.13956856004097,-21.94250531007197],[-49.13561590025353,-21.93582879985917],[-49.1355038896927,-21.93030074008703],[-49.13372677986695,-21.92963351957121],[-49.13438162031548,-21.92505205021189],[-49.14291675040766,-21.92042152013698],[-49.14979303961707,-21.90422256002307],[-49.15611669992575,-21.89370568027289],[-49.16383748041534,-21.88625442030519],[-49.16372861028708,-21.88320312042759],[-49.16028560979299,-21.87579569971172],[-49.16070371990071,-21.87185943996116],[-49.16667832004839,-21.8683976598241],[-49.16915836966297,-21.86451905021397],[-49.17778981984429,-21.85769417974257],[-49.17972632011356,-21.85305531025432],[-49.17820573021027,-21.84505307973581],[-49.17057758978387,-21.84537793014732],[-49.16477692031856,-21.83804673956536],[-49.1648033397023,-21.83009631988921],[-49.16911727963873,-21.82675254969035],[-49.16951254966438,-21.82459796022766],[-49.16772621998899,-21.82022531974269],[-49.16464971031581,-21.81888808002083],[-49.16313920001403,-21.8101662102024],[-49.15620551966896,-21.80813382961253],[-49.15382113004108,-21.80159516028834],[-49.14905843020233,-21.79681134976391],[-49.14928678965356,-21.79331839013156],[-49.15268218003854,-21.78684589022561],[-49.14782272034222,-21.77520692006328],[-49.15550022005908,-21.76775511960307],[-49.15842080977251,-21.75798700999246],[-49.15596937029017,-21.72173496959311],[-49.16097654003528,-21.70979706028606],[-49.1605276704156,-21.7045142303474],[-49.16158566974281,-21.70229861019266],[-49.17711811980536,-21.69596252035399],[-49.17802362019387,-21.69415631026544],[-49.1766607803707,-21.68834918996311],[-49.17811752020737,-21.68658345026597],[-49.18329000962621,-21.68482511019062],[-49.18271166011499,-21.68101452979664],[-49.18500797014167,-21.67977214966493],[-49.18870887011821,-21.68097880962432],[-49.19420283029632,-21.67997760967887],[-49.2038672696587,-21.67185974972762],[-49.21206050988457,-21.66968831956024],[-49.21423588987437,-21.67175594008449],[-49.21393139022143,-21.6729244696885],[-49.20568727984403,-21.68238940974339],[-49.20440383037243,-21.69238177969532],[-49.1964560699916,-21.70121834994683],[-49.19589568983417,-21.70743243955542],[-49.20555593026194,-21.70898210004384],[-49.2293867800758,-21.72339801030989],[-49.23194145003782,-21.72829405982299],[-49.23743490030034,-21.73033721968687],[-49.2398028701063,-21.73469028013227],[-49.24955257958783,-21.74516340966358],[-49.27045204962235,-21.75048899966754],[-49.28124755013431,-21.75471181040166],[-49.28469445008875,-21.75808780960466],[-49.28845276008678,-21.75966231026734],[-49.2950403102621,-21.76785455044711],[-49.30212502994613,-21.77072778006294],[-49.30791437964484,-21.77683552034296],[-49.30938513001968,-21.78804088957537],[-49.31431408033052,-21.79323689986302],[-49.32029179033384,-21.7956464399312],[-49.32765395986229,-21.79554369958203],[-49.33087298959674,-21.7978336199256],[-49.33880678980148,-21.79859367026165],[-49.34488207984407,-21.80100333983222],[-49.35500918982223,-21.81111023035282],[-49.36790424038833,-21.8208340798289],[-49.38033806015329,-21.81825875963398],[-49.38209296032181,-21.82237421020159],[-49.38496894995706,-21.8246382903248],[-49.38752009008005,-21.82913426023788],[-49.3921063096584,-21.83057719008519],[-49.39367084043687,-21.8338524796082],[-49.39359338003044,-21.84987058965595],[-49.39225552966894,-21.85320997026389],[-49.38619320964887,-21.85845784984986],[-49.38952162032649,-21.8651035897588],[-49.38918515966736,-21.86835988020425],[-49.3780592698194,-21.87886510024413],[-49.37843971991708,-21.88063841043424],[-49.38290129975513,-21.8844087200863],[-49.3812354900258,-21.89016613036256],[-49.38297022019947,-21.89614405980046],[-49.38257825967889,-21.90433571002495],[-49.3838086095796,-21.91068107996784],[-49.38287963958368,-21.92212690992892],[-49.38532381973846,-21.92736697980223],[-49.38488377966269,-21.93090151958944],[-49.38863790961182,-21.93540959977315],[-49.38712167962177,-21.93669825002416],[-49.37589255030093,-21.93807503023839],[-49.3718617897897,-21.94036240010462],[-49.36756111035692,-21.94879354968253],[-49.36187509995585,-21.95572040956921],[-49.3579749102139,-21.96406223038758],[-49.34916232038472,-21.97281910002141],[-49.33946564032698,-21.97998296993808],[-49.33893052032721,-21.9829575603431],[-49.34068479996353,-21.98716659975872],[-49.33477077994752,-21.99623195034417],[-49.3337153104132,-22.00087736959489],[-49.33480974037718,-22.00314020955301],[-49.34689111043633,-22.01135222042859],[-49.34705387963282,-22.01539388971617],[-49.34884449008109,-22.01788952008525],[-49.3572542402909,-22.02299827994659],[-49.3681299702219,-22.0328247798397],[-49.38516247956471,-22.04310753998095],[-49.37941052007938,-22.05021356010769],[-49.38820459016966,-22.06483844044163],[-49.39224870021729,-22.06631511015416],[-49.39821127013397,-22.06533585996192],[-49.40126725997601,-22.06751863957351],[-49.40552755984896,-22.06847596969021],[-49.4088423296098,-22.06636059966189],[-49.41613864987875,-22.06506912014373],[-49.43754328979094,-22.08588354039301],[-49.43692442042561,-22.09747578987577],[-49.44240675956428,-22.10202881997401],[-49.44744156997245,-22.10273251968999],[-49.45070710994514,-22.10511202959646],[-49.45609078985802,-22.11233511986984],[-49.45777014967263,-22.1188685902132],[-49.46420505971571,-22.11971641977692],[-49.47028968022454,-22.1270115097733],[-49.47655311023783,-22.13078949963568],[-49.47790953969348,-22.13490841978768],[-49.47784105002438,-22.1412284702177],[-49.4759235704164,-22.14361994020805],[-49.4756624999244,-22.1483089298132],[-49.47251991975844,-22.15381571971966],[-49.47677987968768,-22.15509715021329],[-49.47842021971735,-22.15889317957652],[-49.48970223007382,-22.16526286988551],[-49.48663128000953,-22.17064028961761],[-49.48681333966385,-22.17324866979021],[-49.48864098958995,-22.18571300984746],[-49.49174719038047,-22.1901102099182],[-49.49034627955712,-22.19654703012128],[-49.49363838010709,-22.20974287963014],[-49.49816866005557,-22.2121343496205],[-49.49864243999656,-22.2137029498312],[-49.49625190979776,-22.220911880279],[-49.49692762980624,-22.22326445998681],[-49.49936745994029,-22.22452711983067],[-49.49982873031161,-22.22726855020341],[-49.50239429016432,-22.22983025016589],[-49.5049673503629,-22.23839079959566],[-49.50907099013403,-22.24146791001601],[-49.51766968970435,-22.24378471019617],[-49.51699561995184,-22.24788436956794],[-49.51803332967438,-22.24983572034216],[-49.52435863034646,-22.25258602972144],[-49.5265609801051,-22.25874700986657],[-49.51994230978971,-22.26008022961884],[-49.51879302028163,-22.26480001021224],[-49.51128666964405,-22.26789830955931],[-49.49338829033729,-22.28328059981976],[-49.49214500009163,-22.28645220020883],[-49.49690130035469,-22.29595412038628],[-49.49682541016449,-22.30163359991064],[-49.4921118303966,-22.31879008979075],[-49.47991848035355,-22.32044088983514],[-49.47454393035804,-22.32706493000245],[-49.45887475006964,-22.33103556993558],[-49.42220076035676,-22.32514701961924],[-49.40034712042325,-22.32467076024733],[-49.39408070016412,-22.32613511014716],[-49.37659037024935,-22.33977636958372],[-49.35138853005657,-22.33813011021635],[-49.34968106013275,-22.34546163984277],[-49.34417779017286,-22.3549576101056],[-49.34187874980444,-22.35543423010557],[-49.33488970989214,-22.36252175027852],[-49.3259831696875,-22.3666812901094],[-49.32231938023517,-22.37051677003285],[-49.31834838956649,-22.37885545041865],[-49.31696261972905,-22.38858518955482],[-49.30672504962132,-22.39263335014897],[-49.30048603979884,-22.39225583004247],[-49.29726115008197,-22.39337009005754],[-49.29138932985364,-22.3994147698757],[-49.28626312044662,-22.39841729042558],[-49.28311496987993,-22.39923672029835],[-49.27408665967158,-22.40752075967526],[-49.26430047009057,-22.41029260961619],[-49.2598207599201,-22.41395809968651],[-49.25676580969434,-22.41228995981373],[-49.25055462039938,-22.40113944023295],[-49.23200288002886,-22.40732631995365],[-49.22687171985393,-22.41323905034187],[-49.22045397966741,-22.41733826994516],[-49.21927794971754,-22.41902089969471],[-49.21913503035734,-22.42437959014592],[-49.21439128013344,-22.42516764986709],[-49.2102532601798,-22.42858055005229],[-49.20550841997755,-22.4296012796753],[-49.20291315012173,-22.43203275960411],[-49.20386810962549,-22.43996110991725],[-49.20041684975774,-22.44075633004053],[-49.19775630980581,-22.44406109034702],[-49.19362597006244,-22.44525983986966],[-49.19006070044094,-22.44366571959722],[-49.18605018996425,-22.44568057959503],[-49.17978313028721,-22.44220571971812],[-49.1746737903631,-22.44182523005026],[-49.16838469010133,-22.44388410017103],[-49.16019595008299,-22.44365896029274],[-49.15788775011953,-22.43601346025292],[-49.15020501994564,-22.43270355042847],[-49.14749374024387,-22.43321094972549],[-49.13773405008629,-22.44054794992792],[-49.13986472028057,-22.4462701904169],[-49.13481734004819,-22.44583054964011],[-49.13068547955118,-22.44726077026831],[-49.12918460998173,-22.45255223999385],[-49.12423991973645,-22.45671488968037],[-49.12478187008719,-22.45951452957183],[-49.12064724957088,-22.46146862957357],[-49.11816998965327,-22.46459838001118],[-49.10970595996201,-22.47060201027449],[-49.11048215043087,-22.47602446985337],[-49.11269067043804,-22.47796118955722],[-49.11262252970596,-22.47941709032642],[-49.10380338022179,-22.48198102960077],[-49.09230416020881,-22.49128407010369],[-49.08602085967487,-22.49141712030382],[-49.08202657026999,-22.48940996030137],[-49.07949692034657,-22.49032513020057],[-49.07532078982257,-22.50066593978124],[-49.07223392985196,-22.50210139985967],[-49.06588905993215,-22.50211678995782]]]}},{"type":"Feature","id":"uc-uso-sustentavel-051","properties":{"id":"uc-uso-sustentavel-051","nome":"Área de Proteção Ambiental Rio Pardinho e Rio Vermelho","nome_origem":"Frea de Prote Co Ambiental Rio Pardinho e Rio Vermelho","natureza":"camada fornecida para a demonstração","fonte_arquivo":"assets/layers/Areas_Protegidas_US_DG_UCs_Uso_Sustentavel/Areas_Protegidas_US_DG_UCs_Uso_Sustentavel.kml","tipo":"Unidade de Conservação","categoria":"Área de Proteção Ambiental","orgao_gestor":"Fundação Florestal do Estado de São Paulo"},"geometry":{"type":"Polygon","coordinates":[[[-48.50935066959767,-25.0473284696331],[-48.5065031003378,-25.04726174982983],[-48.50651232018737,-25.03926723009857],[-48.50544361982713,-25.03832219011696],[-48.50723342987885,-25.0369194203949],[-48.51403557987805,-25.03583341977645],[-48.51557121993579,-25.03206607968576],[-48.51299888998676,-25.03099254007361],[-48.51283944018797,-25.02721300967261],[-48.511299649759,-25.02558248034717],[-48.51061069982387,-25.0285511703002],[-48.50856838981929,-25.03000706027757],[-48.50476105957517,-25.02936428963022],[-48.5053387399908,-25.02593091008339],[-48.50308471968401,-25.02316081022315],[-48.50296366014476,-25.02097265986032],[-48.50027900037554,-25.01993950970058],[-48.50170147963951,-25.01499049011898],[-48.50404753026925,-25.01405560977855],[-48.50528966038945,-25.01172665975747],[-48.50258497002034,-25.00982877008164],[-48.50217122971844,-25.0073185697961],[-48.50540859033413,-25.00273063970724],[-48.49938595020137,-25.00199903043085],[-48.4994729704012,-24.99770207958727],[-48.50158694018512,-24.99578901025455],[-48.49939130026826,-24.99552284959981],[-48.49923982026144,-24.99368632966036],[-48.50090269010701,-24.99210211991686],[-48.50680327964761,-24.99045967997023],[-48.50537706999575,-24.98596597994595],[-48.50195978021964,-24.98241565975485],[-48.5033392296217,-24.97849749975978],[-48.5005004800131,-24.97835732962699],[-48.49624166042423,-24.98318837973989],[-48.49066609036771,-24.98671927997077],[-48.48857395972044,-24.98012375011092],[-48.48251856987605,-24.97948702020977],[-48.48334878981478,-24.97788002973954],[-48.49611551971543,-24.97254780993342],[-48.49764811017212,-24.97069346003514],[-48.49274846966608,-24.96385042955364],[-48.491806019732,-24.95964054027866],[-48.49359676957522,-24.95502752000402],[-48.49276688958025,-24.95125825986077],[-48.49805588976744,-24.95068842962729],[-48.4966022498939,-24.94513145035609],[-48.49783492993805,-24.94225203969984],[-48.50359489968486,-24.93856729964114],[-48.50361238969998,-24.94312103031126],[-48.50623041959813,-24.94669893990408],[-48.50442974034019,-24.94886023021542],[-48.506492589961,-24.9506423798419],[-48.50877897956622,-24.95025877042588],[-48.50946527020602,-24.95349830020632],[-48.51288250962006,-24.95582173018863],[-48.51311890001716,-24.95967037978414],[-48.51629441965173,-24.96162827042832],[-48.51427879972681,-24.96394119992641],[-48.50670139994963,-24.96374502990915],[-48.50644161009217,-24.96500386043977],[-48.50847531988006,-24.96631672044026],[-48.50757179979865,-24.96771546030021],[-48.50893186970995,-24.97025558013087],[-48.51312253957349,-24.96850017993933],[-48.52124289964007,-24.96972205013248],[-48.52230309960834,-24.9719101600258],[-48.52048025026329,-24.97396973971166],[-48.52081227007017,-24.97537033037639],[-48.52446614989287,-24.9771300796894],[-48.51984324966622,-24.97943624988301],[-48.51906859973604,-24.98190881983612],[-48.51525928019157,-24.97839631973432],[-48.50625882018835,-24.97906758989728],[-48.50771410042535,-24.98939035008453],[-48.51250049020541,-24.99468158958365],[-48.5094140502182,-25.00037471991732],[-48.51045624036317,-25.00227968995569],[-48.52065697963587,-25.00105498959607],[-48.52361556030979,-25.0042959501979],[-48.52213264030905,-25.00610522967258],[-48.51976770031905,-25.00486222990793],[-48.51669426003201,-25.00588468982653],[-48.5187944701886,-25.00753600967909],[-48.51636303972248,-25.01254854028286],[-48.50935215977432,-25.01299840005606],[-48.50930578983031,-25.01402440959879],[-48.51156023012049,-25.01839610039968],[-48.51552554966435,-25.01976281000566],[-48.51776115005697,-25.02452239998871],[-48.52536182968464,-25.02555907998749],[-48.52352810034154,-25.02884383037843],[-48.51764014987299,-25.03409611034715],[-48.51723359965087,-25.0370296296137],[-48.51345401978716,-25.04040515037735],[-48.51566823969745,-25.04290662004445],[-48.51617191040532,-25.04600990972949],[-48.50935066959767,-25.0473284696331]]]}},{"type":"Feature","id":"uc-uso-sustentavel-052","properties":{"id":"uc-uso-sustentavel-052","nome":"Área de Proteção Ambiental Rio Pardinho e Rio Vermelho","nome_origem":"Frea de Prote Co Ambiental Rio Pardinho e Rio Vermelho","natureza":"camada fornecida para a demonstração","fonte_arquivo":"assets/layers/Areas_Protegidas_US_DG_UCs_Uso_Sustentavel/Areas_Protegidas_US_DG_UCs_Uso_Sustentavel.kml","tipo":"Unidade de Conservação","categoria":"Área de Proteção Ambiental","orgao_gestor":"Fundação Florestal do Estado de São Paulo"},"geometry":{"type":"Polygon","coordinates":[[[-48.55677871996193,-25.08481921013839],[-48.55073765991506,-25.08373171035009],[-48.54037626035608,-25.07727488023147],[-48.53925001957271,-25.07147367027363],[-48.54106626969258,-25.07037240995874],[-48.54461844968165,-25.07219116019382],[-48.54586775009653,-25.07183473998123],[-48.54576738036025,-25.06994742992993],[-48.54078537004875,-25.06370531025181],[-48.53637261980055,-25.06298053042707],[-48.54001966027903,-25.05993892973777],[-48.54206706044641,-25.05986172024217],[-48.54271433040196,-25.05694906974372],[-48.53916004959655,-25.05525599976454],[-48.53079702006636,-25.05939109961952],[-48.5290835498659,-25.06225384044234],[-48.52406130028874,-25.06493566015257],[-48.52195129021982,-25.06423615037801],[-48.52668295985069,-25.05852502011356],[-48.52747546042411,-25.05566457975652],[-48.5259856399253,-25.0461274097521],[-48.52899434970942,-25.04370871008888],[-48.52871322973175,-25.04186802988562],[-48.53077484997931,-25.04152927955255],[-48.52998520025676,-25.03975186036001],[-48.53126937997786,-25.03845227974887],[-48.53209610964768,-25.03333145008628],[-48.54354902986381,-25.03503420036799],[-48.54592461962545,-25.03368908977961],[-48.54591117026428,-25.03600354992386],[-48.54965776029735,-25.04121336030829],[-48.55276882012492,-25.04229517008599],[-48.55715850995722,-25.03365849034702],[-48.5567090198054,-25.03120883961623],[-48.5635220399102,-25.03162458001032],[-48.56627359035389,-25.03541526020604],[-48.56649058956901,-25.04460019004671],[-48.56824942966739,-25.04604309021641],[-48.56828639989737,-25.04861518993903],[-48.57447967020056,-25.04448388971969],[-48.57635646987512,-25.04199715004842],[-48.57558139006903,-25.0396920896182],[-48.57982912011778,-25.03699665956816],[-48.5806499996977,-25.03504273043762],[-48.58427124042538,-25.03862312036068],[-48.58329605966537,-25.04031095988285],[-48.58417438973623,-25.04118576011467],[-48.58216857961622,-25.04095668030652],[-48.5829565898747,-25.04194433016664],[-48.58079353959016,-25.04534261996588],[-48.58108686966324,-25.0488254199571],[-48.58267522977798,-25.04906823960755],[-48.58321292004018,-25.05061090966569],[-48.58132779983805,-25.05058029044801],[-48.58093149019606,-25.05301219036028],[-48.5757780502168,-25.05159351972509],[-48.57682030960956,-25.05054184982646],[-48.57601078037317,-25.04983842979965],[-48.57454605995264,-25.05096698004206],[-48.5740152899736,-25.04999273008036],[-48.56907761983626,-25.05072573960115],[-48.5694003496464,-25.05414988041258],[-48.56715821028314,-25.05459294041185],[-48.56570041014578,-25.05811703007686],[-48.56406024008794,-25.05780186986038],[-48.5588208698872,-25.0610070095658],[-48.55760999030878,-25.06350681009116],[-48.55929628029907,-25.06507169969916],[-48.55760776988262,-25.06851906999901],[-48.559210289823,-25.07165397984727],[-48.55801985003603,-25.0729311403598],[-48.56048257960731,-25.07561907006396],[-48.55652406973002,-25.08222071981032],[-48.55677871996193,-25.08481921013839]]]}},{"type":"Feature","id":"uc-uso-sustentavel-053","properties":{"id":"uc-uso-sustentavel-053","nome":"Área de Proteção Ambiental Sao Francisco Xavier","nome_origem":"Frea de Prote Co Ambiental Sao Francisco Xavier","natureza":"camada fornecida para a demonstração","fonte_arquivo":"assets/layers/Areas_Protegidas_US_DG_UCs_Uso_Sustentavel/Areas_Protegidas_US_DG_UCs_Uso_Sustentavel.kml","tipo":"Unidade de Conservação","categoria":"Área de Proteção Ambiental","orgao_gestor":"Fundação Florestal do Estado de São Paulo"},"geometry":{"type":"Polygon","coordinates":[[[-45.88232648977566,-22.92409711029336],[-45.87747311039567,-22.92117615005924],[-45.8760455499621,-22.91640743015876],[-45.87819673998752,-22.91143477009854],[-45.87326223996035,-22.90113885017774],[-45.86871759963748,-22.89536604980333],[-45.86393323962727,-22.89262974017032],[-45.86459985040273,-22.88711164038983],[-45.86999536989038,-22.88193532975163],[-45.87100323021485,-22.87146571027426],[-45.87979208963321,-22.87542613031161],[-45.88900239024809,-22.87577766990347],[-45.88730715020478,-22.87202300036114],[-45.88940583960778,-22.86061130956426],[-45.89022622995651,-22.85820657996965],[-45.89434646042076,-22.85691682984776],[-45.89237008960788,-22.8526146098763],[-45.89423678000333,-22.84889758955205],[-45.89118766008238,-22.84550150039388],[-45.8943087203711,-22.84195290959906],[-45.89372860998731,-22.83889396008811],[-45.89726680012268,-22.83965311020285],[-45.90128204013399,-22.83597241979129],[-45.90375054964812,-22.83700425963883],[-45.90655045034299,-22.83360839980776],[-45.90908216960639,-22.8292711800209],[-45.90742963027316,-22.82547671008206],[-45.90478289041801,-22.82356016037306],[-45.90465177016301,-22.81962654013267],[-45.91034779001848,-22.81635395037449],[-45.9129682103146,-22.81664624982454],[-45.91395458043951,-22.81905384016255],[-45.91901397021849,-22.82064919970077],[-45.92291102042719,-22.82463570996998],[-45.9239371999418,-22.83194670987274],[-45.92852337005746,-22.83543714960473],[-45.93251736988066,-22.84154385026841],[-45.93530671972928,-22.84211314990188],[-45.93883775036187,-22.84644400968324],[-45.95117063022036,-22.84585120986537],[-45.95169237010674,-22.84892075968526],[-45.9565545799299,-22.84981332962144],[-45.96035707991524,-22.85821495985249],[-45.96421698992208,-22.85539412024241],[-45.96810210972455,-22.85994401980065],[-45.97348634991505,-22.86308962978256],[-45.97476854033584,-22.86806937020521],[-45.98042807019925,-22.86692890034846],[-45.98341551011765,-22.86854859014528],[-45.99311756002731,-22.86978282961383],[-45.99040954036798,-22.87599346042981],[-45.99383695021504,-22.87907723032987],[-45.99914471026011,-22.87869505982911],[-46.00147697967884,-22.88000879037332],[-46.00775963000285,-22.88935560987346],[-46.01281843971918,-22.88596299029973],[-46.01875996999655,-22.88843163021551],[-46.02715327970003,-22.88483764973768],[-46.04202168025631,-22.89062326005535],[-46.05093112976778,-22.89792104981655],[-46.05070169023077,-22.90229709963143],[-46.04934314017373,-22.90395079009681],[-46.04451603988332,-22.905068390194],[-46.04391035997509,-22.91134611043458],[-46.04120220002147,-22.91379692039152],[-46.04174973965871,-22.92368016031111],[-46.03346237998483,-22.92350846983999],[-46.02780813993365,-22.92492665034462],[-46.02172907004052,-22.93065892007309],[-46.02023797969895,-22.93071307005209],[-46.01983204011651,-22.93272106012876],[-46.01107176025351,-22.92898915962195],[-46.00677201971291,-22.92984092012233],[-46.00542588030009,-22.92671883010985],[-46.00266592029595,-22.92759414025733],[-45.99560246957827,-22.92388406000134],[-45.99076766029924,-22.92392543960733],[-45.98520199987234,-22.92602117024074],[-45.98355654989484,-22.92468330009416],[-45.98034762044631,-22.92502624036865],[-45.98018148958403,-22.92366805004042],[-45.97811283034281,-22.9236808096216],[-45.97753331980681,-22.92170125970534],[-45.97592194963823,-22.92174459983335],[-45.97420823032553,-22.91924836961653],[-45.97162740987704,-22.9199549300759],[-45.96716990037055,-22.9189125897442],[-45.96634681025705,-22.9164776995861],[-45.965037179722,-22.91666392040355],[-45.96165949968611,-22.91293349028831],[-45.96155413961179,-22.91093388998701],[-45.96385069965004,-22.90955596043915],[-45.96245311991549,-22.90685924975452],[-45.95912212998229,-22.91035842999753],[-45.95399973999594,-22.90967349013943],[-45.95069099029695,-22.91179263012572],[-45.94480578006267,-22.90945466979713],[-45.93980895971566,-22.91035332004964],[-45.93984744979991,-22.91244762975424],[-45.93740366984343,-22.91210556002352],[-45.9366351299073,-22.91402636982104],[-45.93420840019746,-22.91441946978267],[-45.93336673009048,-22.91620700005296],[-45.92920632960841,-22.91811425976522],[-45.92853132006434,-22.92142714994299],[-45.92259596992801,-22.92235303976094],[-45.92265118020777,-22.92695402980456],[-45.92017748969937,-22.92755886974601],[-45.91594934958277,-22.92304883983206],[-45.91552634986112,-22.92095672986915],[-45.9139840404311,-22.92054225032456],[-45.91205985997453,-22.92057559988399],[-45.91059024994001,-22.92383727007393],[-45.90790607040879,-22.92354068985094],[-45.90535394013222,-22.92139385973877],[-45.90100998981916,-22.9210954601873],[-45.8915769100463,-22.92424597956824],[-45.88232648977566,-22.92409711029336]]]}},{"type":"Feature","id":"uc-uso-sustentavel-054","properties":{"id":"uc-uso-sustentavel-054","nome":"Área de Proteção Ambiental Sapucad Mirim","nome_origem":"Frea de Prote Co Ambiental Sapucad Mirim","natureza":"camada fornecida para a demonstração","fonte_arquivo":"assets/layers/Areas_Protegidas_US_DG_UCs_Uso_Sustentavel/Areas_Protegidas_US_DG_UCs_Uso_Sustentavel.kml","tipo":"Unidade de Conservação","categoria":"Área de Proteção Ambiental","orgao_gestor":"Fundação Florestal do Estado de São Paulo"},"geometry":{"type":"Polygon","coordinates":[[[-45.6748244697734,-22.87847717028512],[-45.65803922992649,-22.86993554978574],[-45.65650179032531,-22.86777961044061],[-45.65235194968267,-22.86596524979637],[-45.65087225015418,-22.86252352993694],[-45.64626114003954,-22.85901745009522],[-45.64749934012241,-22.85404419018721],[-45.64614012007047,-22.85068224019318],[-45.64265493957379,-22.84588299010784],[-45.63890156955176,-22.84568460955705],[-45.63284146006526,-22.84232685040377],[-45.63160846975501,-22.83722031996177],[-45.62877940044893,-22.83316613031263],[-45.62999415970268,-22.82816723972627],[-45.62952614981191,-22.8238839199069],[-45.63160524028956,-22.82148652967953],[-45.62967859029465,-22.81651492002749],[-45.628212900405,-22.81508645037934],[-45.62472938005681,-22.8154066800742],[-45.61963303983288,-22.80918116997498],[-45.61538869033575,-22.80658066966214],[-45.61402586040509,-22.80335839967034],[-45.616196289627,-22.80022186025059],[-45.61417272958778,-22.79685856037423],[-45.6157759797776,-22.79512242995611],[-45.62835616960149,-22.79243252983736],[-45.63262032037147,-22.79382941979185],[-45.63619061990113,-22.79262952992883],[-45.64005169992595,-22.7931118399394],[-45.64336309992706,-22.7855945103783],[-45.64479420998475,-22.78684875976239],[-45.65421041038206,-22.78830991976696],[-45.65695298019585,-22.79029831991147],[-45.6627297798554,-22.78926772022908],[-45.66807419986441,-22.79094019033749],[-45.67278632992515,-22.79021585028124],[-45.67610081010429,-22.78715005962749],[-45.65840168009339,-22.75866902955204],[-45.65758362978067,-22.7382841596862],[-45.64282967964596,-22.73041592005865],[-45.63028043999026,-22.73076341989588],[-45.61682626022366,-22.72594484967505],[-45.62445574963311,-22.72597979013517],[-45.62466810025256,-22.72405161039347],[-45.62899888988682,-22.72141511021914],[-45.62552495990894,-22.71729232028429],[-45.61959351013235,-22.71571811999519],[-45.62030590988979,-22.71288166995305],[-45.61770438974577,-22.7043373901584],[-45.61109885043157,-22.69395026009636],[-45.61381022995812,-22.68968210014873],[-45.61731653013373,-22.68956859041805],[-45.61892893991859,-22.6872822601681],[-45.60259009026043,-22.68232227964944],[-45.59574288962261,-22.67554017014271],[-45.59014808036954,-22.6736609503925],[-45.59191243960737,-22.66798984985166],[-45.59073587995687,-22.66433235025772],[-45.58854883036418,-22.66159910011834],[-45.57826691018971,-22.65590629983581],[-45.57757908980312,-22.65444619023947],[-45.584453319565,-22.65173135012168],[-45.58212492982159,-22.64466424006258],[-45.57697499000375,-22.6397535900561],[-45.57265753012086,-22.6403512003476],[-45.56996843039872,-22.63870108019063],[-45.56075441018783,-22.62796873007278],[-45.55634048992164,-22.62702159017419],[-45.55515126961535,-22.62553775016698],[-45.56496593982621,-22.61149492994701],[-45.56353154994105,-22.60590858960967],[-45.56388494033769,-22.59986952965505],[-45.57156838996917,-22.59840258970769],[-45.57684309003656,-22.60257473983233],[-45.57948014958919,-22.60301291021761],[-45.58012640960607,-22.60583771044196],[-45.58395596029931,-22.60682514986075],[-45.58757412984215,-22.61033168026279],[-45.58772268975031,-22.61308871027569],[-45.58482209016728,-22.61596955984726],[-45.59079244011895,-22.61937032997668],[-45.60093445006476,-22.61915992998672],[-45.60565930013655,-22.62069518963125],[-45.60662303972146,-22.62307464018244],[-45.60886862978339,-22.62382428985904],[-45.61048130037165,-22.62856394007372],[-45.61344239015415,-22.63062941031899],[-45.61575645999261,-22.63620025983408],[-45.6180643397974,-22.63799550988483],[-45.62632576032553,-22.63957885987645],[-45.63141151013303,-22.64504068997581],[-45.63585420960402,-22.64445276987936],[-45.64394489024443,-22.6461767495573],[-45.64728077968419,-22.64852201957552],[-45.65911358972033,-22.64832607978468],[-45.66679597995045,-22.6515236795741],[-45.67161093040005,-22.64843461986175],[-45.6733342499756,-22.64182577014316],[-45.67766513044137,-22.63992265001025],[-45.68035657019954,-22.64084808027462],[-45.68510593039434,-22.63971384991419],[-45.67892153999702,-22.63270194024233],[-45.67576468039562,-22.63255631032541],[-45.67338909962723,-22.63042094027412],[-45.67519815966727,-22.62585127991258],[-45.6695055797187,-22.61639600037506],[-45.66600087044378,-22.61361445034657],[-45.668230340158,-22.60933509024215],[-45.66508055012724,-22.6046711197763],[-45.66520956956595,-22.60044520997843],[-45.65943947974813,-22.59862760997618],[-45.66030078025676,-22.59205426009601],[-45.66311707019656,-22.58771842976165],[-45.65976205037828,-22.57984365026419],[-45.662841890241,-22.57688602017367],[-45.66669435026404,-22.57635557035326],[-45.673280570342,-22.57781042970754],[-45.67887283990962,-22.57330069027461],[-45.68817675005693,-22.57961352994039],[-45.69463075000908,-22.58619160036204],[-45.70089164033686,-22.58581337968366],[-45.70695557014341,-22.58046506021429],[-45.71168264963455,-22.58042400976018],[-45.7164904603664,-22.57761454027877],[-45.71816137015105,-22.57804370035643],[-45.71914534987798,-22.57866522002382],[-45.71724531981562,-22.57908425013801],[-45.71637184968108,-22.58130207992701],[-45.72055980988728,-22.58583745993076],[-45.72685159012872,-22.5878082396585],[-45.72931427023735,-22.59163144023876],[-45.72732567044329,-22.59472655958302],[-45.73431664030068,-22.59728649957225],[-45.73551581969929,-22.5992824297403],[-45.73534179998404,-22.60563295010053],[-45.73881261021376,-22.60748526033643],[-45.73589591006817,-22.61065675010889],[-45.73064080982545,-22.61257716960063],[-45.72931970034386,-22.61464458957613],[-45.73030550029858,-22.61841343962851],[-45.72842045024356,-22.6207395495905],[-45.71751513981184,-22.62068002975951],[-45.71579034984472,-22.62422596035975],[-45.71742041961664,-22.62740329032954],[-45.7113032796226,-22.63362307984124],[-45.70980688957627,-22.63901360989013],[-45.70028643976735,-22.6423809198435],[-45.69777552991673,-22.64470845972761],[-45.69806549023014,-22.65060522984743],[-45.6930571999298,-22.65211033972037],[-45.70335737993906,-22.65507701968869],[-45.70902733024707,-22.65945396972489],[-45.71441195984403,-22.66093776026935],[-45.7158204897238,-22.66255700040517],[-45.7269830404349,-22.66028419955614],[-45.73990725961232,-22.66939041983198],[-45.74482108962155,-22.66960816998102],[-45.75029280956545,-22.67184586039809],[-45.75518927006874,-22.67023767023227],[-45.76089650986597,-22.67762607028686],[-45.76923464975926,-22.67891957957488],[-45.78023460034649,-22.68397506989351],[-45.78142112988121,-22.68758426959835],[-45.78661740996546,-22.69316850012615],[-45.79157480043665,-22.69244667997026],[-45.7990459695958,-22.69586473956605],[-45.80368599021625,-22.6957905598864],[-45.81095492972617,-22.69810768022523],[-45.81734004970349,-22.70973963027967],[-45.81739165010453,-22.71669831987151],[-45.82002225971945,-22.72291733956354],[-45.81680324977015,-22.72582679027408],[-45.81587644983824,-22.72972943966187],[-45.80567366011127,-22.73745608013394],[-45.79713066005189,-22.73933369009768],[-45.78239446972896,-22.73205243976821],[-45.77539784043796,-22.7323708995973],[-45.77028841957485,-22.72736976969907],[-45.76370516006506,-22.72575283002902],[-45.75825364968614,-22.72128858010382],[-45.75183677015076,-22.72275260984503],[-45.74912656963545,-22.72173683998312],[-45.7469191701835,-22.72321908009644],[-45.73555120982041,-22.72153102024032],[-45.72782024001202,-22.72371707967943],[-45.72862284986456,-22.72528057983487],[-45.72770464025689,-22.72872659035983],[-45.72555542963931,-22.73317794040958],[-45.72374678958261,-22.73408569000253],[-45.72379994041489,-22.7374688702921],[-45.72047034982677,-22.74257031956455],[-45.72080827008557,-22.74398850006918],[-45.71542395974791,-22.75179694017658],[-45.71695873016125,-22.7531436101894],[-45.71687422986179,-22.75565781965258],[-45.71215808972403,-22.7582050504227],[-45.71385145018422,-22.76267197043506],[-45.71153498994778,-22.76705788041681],[-45.71294075980819,-22.76760535979946],[-45.71090336010195,-22.77279126980119],[-45.71523678025318,-22.7750185002036],[-45.71737340036208,-22.78057643995072],[-45.7215764098234,-22.77969642994623],[-45.72433337958176,-22.78066193040371],[-45.7239707000877,-22.78466592978879],[-45.72968385022943,-22.78517432013871],[-45.7365989200041,-22.78831000969916],[-45.73041717001632,-22.79633294980573],[-45.72959875997475,-22.80061647017391],[-45.72574931987515,-22.80025940964401],[-45.72137519011289,-22.80337662982754],[-45.72102755987396,-22.80822754956171],[-45.71422011016989,-22.80877710008303],[-45.71307327041507,-22.8144373898736],[-45.71746532006841,-22.81691854025837],[-45.72420513985526,-22.81655292987375],[-45.72591327977398,-22.81194949996939],[-45.72923219001353,-22.80999414991004],[-45.74173477014347,-22.80836216997812],[-45.74264852990569,-22.79578057990977],[-45.7462960497229,-22.79471785014863],[-45.74875696985822,-22.79235259000001],[-45.7557383502446,-22.79360365038809],[-45.75830268971731,-22.79719207035771],[-45.75838350999095,-22.801043710199],[-45.76185888967598,-22.80090119013778],[-45.76845697990564,-22.8031834203785],[-45.78074790009549,-22.8135383601072],[-45.79067991024959,-22.8170947300377],[-45.79224710032338,-22.81910170028317],[-45.76914691999434,-22.83131968995167],[-45.76701881016993,-22.83632033961192],[-45.7627671096144,-22.83752150021701],[-45.75849899013622,-22.83446813010011],[-45.75736220030524,-22.83767919004254],[-45.75894162025952,-22.8394002496218],[-45.75916704971951,-22.84353352025573],[-45.75411310983213,-22.84761958007954],[-45.75782495995389,-22.85051813010756],[-45.75584993003019,-22.85356132979149],[-45.75753831993745,-22.86028293021303],[-45.7547122696555,-22.86296287034014],[-45.75641971979417,-22.86621049042174],[-45.75496957018947,-22.8679451396564],[-45.75520055026516,-22.87051346042779],[-45.75152509031062,-22.87648153959134],[-45.74810216987919,-22.87648831958023],[-45.74417787021252,-22.87900569016045],[-45.73974140034528,-22.889022150252],[-45.73681067976901,-22.89074126999355],[-45.72785152023141,-22.89096005975892],[-45.72636000001393,-22.88941733034545],[-45.72526791997848,-22.8905777696483],[-45.72482164040633,-22.88890116985306],[-45.72333137024651,-22.88983155987853],[-45.72214043043647,-22.88794064984108],[-45.72021848029857,-22.88929098998716],[-45.71884857000543,-22.88747648994803],[-45.71515721992972,-22.88952097990926],[-45.7112206903825,-22.8885720701449],[-45.70906976026117,-22.88573920030382],[-45.69669130995595,-22.88399960030125],[-45.68421690018977,-22.87854719959353],[-45.68090818016833,-22.87940844974014],[-45.6748244697734,-22.87847717028512]]]}},{"type":"Feature","id":"uc-uso-sustentavel-055","properties":{"id":"uc-uso-sustentavel-055","nome":"Área de Proteção Ambiental Serra do Itapeti","nome_origem":"Frea de Prote Co Ambiental Serra do Itapeti","natureza":"camada fornecida para a demonstração","fonte_arquivo":"assets/layers/Areas_Protegidas_US_DG_UCs_Uso_Sustentavel/Areas_Protegidas_US_DG_UCs_Uso_Sustentavel.kml","tipo":"Unidade de Conservação","categoria":"Área de Proteção Ambiental","orgao_gestor":"Fundação Florestal do Estado de São Paulo"},"geometry":{"type":"Polygon","coordinates":[[[-46.23189565985678,-23.52267757960658],[-46.22890342025659,-23.52144822975197],[-46.22922272994498,-23.51959068995831],[-46.23080774008508,-23.52018324965718],[-46.23110521963014,-23.51928668043593],[-46.22966191026887,-23.51906879988519],[-46.2306283900881,-23.51797251012317],[-46.23195921044913,-23.51990320976529],[-46.23347856018734,-23.51844588986586],[-46.23160209955722,-23.51706427039971],[-46.23374053989397,-23.51533140002402],[-46.2241359701988,-23.50398264018668],[-46.21409602970795,-23.49837149025205],[-46.20715141000954,-23.49923827032984],[-46.20419737990511,-23.50282850962799],[-46.18387690959167,-23.49178536999881],[-46.17606685969776,-23.48890930032388],[-46.16675395003472,-23.48211540969834],[-46.15653752029027,-23.47826285974315],[-46.13665184970307,-23.4713645398416],[-46.11678249011976,-23.46617950038359],[-46.10347095991682,-23.46654519980109],[-46.08809725008797,-23.46019561023917],[-46.08028489972827,-23.44453480983356],[-46.10688755002036,-23.44773524968195],[-46.12505109982834,-23.44837302999127],[-46.13108517034431,-23.4442652101713],[-46.13095246008794,-23.45167205981767],[-46.15415157033868,-23.45159247970912],[-46.16158401019385,-23.45636917030095],[-46.19227096033649,-23.46155650033216],[-46.19573286997593,-23.4655038199453],[-46.2005483699113,-23.46754403003291],[-46.210637139992,-23.46809823994175],[-46.23464403029772,-23.48091508006684],[-46.25150312966565,-23.48290297029581],[-46.25722472983739,-23.48741770006677],[-46.25723273020628,-23.49342339967012],[-46.24494198988089,-23.49509652988093],[-46.24425678022618,-23.49386726995851],[-46.24283563016019,-23.4950092695621],[-46.22994666980293,-23.49367007021755],[-46.23038437973531,-23.50021619042479],[-46.23535954980332,-23.50143927020611],[-46.23889333955594,-23.50531607038027],[-46.24609778958126,-23.5051130700121],[-46.24895656978981,-23.5067383203172],[-46.24896432014719,-23.5078614296612],[-46.25679671999256,-23.50721111999712],[-46.25679646008854,-23.50314802975771],[-46.25483843004946,-23.50314811968991],[-46.25481978980139,-23.50149305955699],[-46.26081252028155,-23.50432224037905],[-46.26563013991898,-23.50121256011153],[-46.2701541695792,-23.50325290959404],[-46.27029408970043,-23.50763189029948],[-46.26149033031447,-23.51379951013922],[-46.26173997042326,-23.51944197986342],[-46.25304560996688,-23.52177000987803],[-46.24642758986136,-23.52195579992019],[-46.24723425026042,-23.52385395039943],[-46.24566975005888,-23.52640589991233],[-46.24361704029411,-23.52639501991422],[-46.24416537043544,-23.52202407015466],[-46.23973027023573,-23.52223786958194],[-46.23614825973436,-23.52012117035571],[-46.23541016994335,-23.5231748300543],[-46.23266584015636,-23.52089617012211],[-46.23189565985678,-23.52267757960658]]]}},{"type":"Feature","id":"uc-uso-sustentavel-056","properties":{"id":"uc-uso-sustentavel-056","nome":"Área de Proteção Ambiental Serra do Mar","nome_origem":"Frea de Prote Co Ambiental Serra do Mar","natureza":"camada fornecida para a demonstração","fonte_arquivo":"assets/layers/Areas_Protegidas_US_DG_UCs_Uso_Sustentavel/Areas_Protegidas_US_DG_UCs_Uso_Sustentavel.kml","tipo":"Unidade de Conservação","categoria":"Área de Proteção Ambiental","orgao_gestor":"Fundação Florestal do Estado de São Paulo"},"geometry":{"type":"Polygon","coordinates":[[[-48.29458397017402,-24.63951917956643],[-48.29381816957283,-24.63634097005968],[-48.2952939399633,-24.6358960196855],[-48.29323765989005,-24.63431834981196],[-48.29490633036283,-24.63405417036364],[-48.29646142995097,-24.63129857027275],[-48.29343423010562,-24.62818972997201],[-48.29405355992378,-24.62121313038159],[-48.29313411015102,-24.61993472970397],[-48.28888811039792,-24.61983904993218],[-48.2889354695962,-24.61874240044136],[-48.28664932010997,-24.61955181996046],[-48.28630432038801,-24.61719548018721],[-48.28466853002857,-24.61668784976439],[-48.28528316988235,-24.61511354965057],[-48.28671382038647,-24.61518763040476],[-48.28607987028977,-24.61214489027441],[-48.28710854991959,-24.61016944036732],[-48.28126354028012,-24.60533707994222],[-48.28334706981138,-24.60357064956577],[-48.27855203035188,-24.60199362000952],[-48.28211308035435,-24.59864955033646],[-48.27905721012212,-24.59771121030406],[-48.27945473025153,-24.59512563963654],[-48.2763395101602,-24.59431353024519],[-48.27515255974282,-24.59589155984759],[-48.27345779004492,-24.59242752960677],[-48.27378993036098,-24.58852381991829],[-48.26650073002463,-24.58720489039331],[-48.26132743031661,-24.58361835989933],[-48.25440596006695,-24.58159067017323],[-48.25404266004068,-24.57844884004191],[-48.25673749024293,-24.57322639957863],[-48.25637590972042,-24.56840558015335],[-48.25474273009286,-24.56545138996961],[-48.25000742989891,-24.56551192963178],[-48.24511415029775,-24.5728972899779],[-48.24052367962406,-24.57647819970913],[-48.23956733966094,-24.58269155996749],[-48.24225225034104,-24.58831038021981],[-48.23972933993707,-24.59256243960488],[-48.23366316002677,-24.59721040033963],[-48.22682042002634,-24.5984132004088],[-48.21983281003611,-24.59617634006599],[-48.2168227503696,-24.59390097974637],[-48.21212842958334,-24.58074549990488],[-48.20810489962139,-24.58006137033595],[-48.1996481697272,-24.58437887968148],[-48.19579429956724,-24.58173597993147],[-48.19718058021954,-24.57616456024624],[-48.20513838962495,-24.57014019971041],[-48.2018769100913,-24.56641526984879],[-48.19227285031172,-24.56987279978983],[-48.17894715039063,-24.56197585020527],[-48.17651899975198,-24.56334765986657],[-48.17345679019866,-24.56906005008119],[-48.17177189955351,-24.56963439041476],[-48.16937810031902,-24.56947161042643],[-48.16387835030559,-24.56573234986803],[-48.15398074011904,-24.56537321999804],[-48.14547815019642,-24.55635527987221],[-48.12898050004998,-24.54527883025378],[-48.12890460985983,-24.53754706004872],[-48.13559928997523,-24.52743378973759],[-48.13526594996358,-24.52407949027622],[-48.13373070021163,-24.52257305030599],[-48.13610246965322,-24.4837045196478],[-48.1330885797741,-24.48440629031802],[-48.13195711033234,-24.48354615982737],[-48.1385774201118,-24.48090686995602],[-48.13433493041265,-24.47895655969745],[-48.13671262009132,-24.47621302041449],[-48.1348031102753,-24.47538727010641],[-48.13077936987196,-24.47995964012523],[-48.12947142016986,-24.47918032990827],[-48.12772339981501,-24.4829046599221],[-48.12611752990006,-24.48353291011568],[-48.12869280962542,-24.47666894971223],[-48.12658617021555,-24.47173518982709],[-48.12664036965731,-24.46519040960965],[-48.12526407957358,-24.4628626898612],[-48.12231000989897,-24.46404751967725],[-48.12226595031331,-24.46594318982631],[-48.12029254996116,-24.46578967015711],[-48.1198179102683,-24.46711560000489],[-48.11563405007132,-24.46692527018502],[-48.11524405007282,-24.46948815005805],[-48.1128253800872,-24.47200561956367],[-48.11055861009174,-24.47245160955407],[-48.11254334999558,-24.47560236995338],[-48.11511250983443,-24.47681360026741],[-48.11380636956824,-24.48112109026607],[-48.10807656038492,-24.47918914955955],[-48.10587890958396,-24.48235247978306],[-48.10346922022831,-24.48311849981889],[-48.10222759013112,-24.48205025001897],[-48.10289528009304,-24.47779095019217],[-48.09809994026,-24.47578869958875],[-48.09485618996115,-24.47844377975656],[-48.09394566955694,-24.48279722960842],[-48.09039369011668,-24.48268004974443],[-48.08787394982289,-24.48003321995708],[-48.07367576992078,-24.48307516958334],[-48.07581888043694,-24.4790545300425],[-48.07836672004805,-24.48050097983628],[-48.07949819038913,-24.47903243010251],[-48.08971898004683,-24.47761399958637],[-48.09178278025104,-24.47375092036862],[-48.09448058990728,-24.47203789982916],[-48.09216315030909,-24.47043428991049],[-48.09479025976265,-24.46863081016369],[-48.09271727028573,-24.4665177495944],[-48.09160476035134,-24.46790972025735],[-48.08876492975764,-24.46663424957092],[-48.08638356994578,-24.46767542977722],[-48.08402278032702,-24.46619344956798],[-48.0769572899469,-24.46535834990789],[-48.0786014404041,-24.46752467012737],[-48.07830250036005,-24.46931584984657],[-48.07445185966554,-24.47040271021683],[-48.07300173973846,-24.4742310801002],[-48.06539142027776,-24.47382736993711],[-48.06185662957972,-24.47130380033008],[-48.07079837014862,-24.47012686026636],[-48.06758597021633,-24.46682336980263],[-48.07311686015493,-24.46458554988317],[-48.07071678994788,-24.46173109001774],[-48.07174384000615,-24.46012237015123],[-48.06991208017831,-24.45966167984261],[-48.06803959994755,-24.45687174993128],[-48.06151313981951,-24.45997791025229],[-48.05876736032536,-24.45891882004747],[-48.06198866984118,-24.4566119097118],[-48.06182185009828,-24.45500005031204],[-48.06730838007763,-24.45575491965377],[-48.06763969031942,-24.45409471989535],[-48.06382590024504,-24.45339398974079],[-48.06385580000511,-24.45116426012248],[-48.06636537975845,-24.45261533962616],[-48.07082601980494,-24.45283474003116],[-48.07143148027853,-24.45455157009883],[-48.07013158040809,-24.45669671038485],[-48.07288971029186,-24.45637443023571],[-48.07294532976312,-24.45949359025695],[-48.07695484019365,-24.46056023027035],[-48.07648964967757,-24.45790492976863],[-48.08040261968512,-24.45808201976934],[-48.08033600959914,-24.45527879967682],[-48.07670214958449,-24.45596004961658],[-48.07549369008171,-24.45467500025103],[-48.07959304008671,-24.44992355003177],[-48.07419157967763,-24.45040610016133],[-48.0734246603198,-24.44887391979552],[-48.07635485029607,-24.44667428958672],[-48.07957800971735,-24.44638469979401],[-48.08143985996151,-24.44784291991476],[-48.08389088035977,-24.44446381984937],[-48.0856510397636,-24.44857585029519],[-48.09018151036838,-24.44993687978314],[-48.08669587031812,-24.44486362965273],[-48.08659355984486,-24.44077386012549],[-48.08894423029193,-24.44241379006434],[-48.09061550969795,-24.43979996000013],[-48.09043208037616,-24.4368339203491],[-48.09400356970895,-24.43496055968205],[-48.09575468013435,-24.4370813400318],[-48.09758127965227,-24.4347121102756],[-48.10038248976008,-24.4357165396865],[-48.10426062003154,-24.43345099007109],[-48.10351237959259,-24.4315578802919],[-48.10564262980347,-24.43185191993012],[-48.10530652977246,-24.42893516042926],[-48.1079070300853,-24.42791224995034],[-48.10801483991287,-24.42598509003983],[-48.10596902974686,-24.42356977002879],[-48.10858410986873,-24.42064202980578],[-48.10773958981019,-24.42009383006615],[-48.1054817401901,-24.42072937016428],[-48.10247317969345,-24.42459498996675],[-48.09981075026587,-24.42425445987539],[-48.10094329979341,-24.42153987966168],[-48.10027912977796,-24.42001708012413],[-48.0948833602788,-24.4250458003234],[-48.09096028998533,-24.4258756101712],[-48.09089366011426,-24.42445357966892],[-48.09506363028225,-24.41951223040508],[-48.0920207597502,-24.42011403963119],[-48.08979909974863,-24.41851508010683],[-48.09092393039504,-24.41410331011963],[-48.0896963099367,-24.41147765037323],[-48.09132213041192,-24.40930600976452],[-48.09380435998321,-24.41150596013193],[-48.09352797043942,-24.41432195959072],[-48.09737284018439,-24.41167728997493],[-48.09554615972746,-24.41135681026856],[-48.09415195964516,-24.40836061994662],[-48.09531977968402,-24.40746975962168],[-48.09761854036333,-24.40816154961578],[-48.09702069984536,-24.40590763003303],[-48.09939181008394,-24.40755652980994],[-48.0985726599003,-24.41101218016792],[-48.0999974800996,-24.41348026969865],[-48.10437780978805,-24.40971729042059],[-48.1063796503006,-24.40890510998281],[-48.10785436039038,-24.40969858991792],[-48.11007926964254,-24.40822785033498],[-48.11102123034544,-24.41089330957851],[-48.11024183019629,-24.41325223040604],[-48.11239263980843,-24.41511255989667],[-48.1113130603494,-24.41793569008001],[-48.11205506039266,-24.42024835967402],[-48.11507279037693,-24.40939511998874],[-48.11383922000397,-24.40763177968284],[-48.10654965004625,-24.40556056007176],[-48.107935579963,-24.40399303005427],[-48.11206019012565,-24.40310458980491],[-48.11794805965519,-24.3965100096292],[-48.12822660017741,-24.39711081970853],[-48.12710181989303,-24.39596255992416],[-48.12445530037178,-24.3965162302398],[-48.12508759031999,-24.39556072035094],[-48.12311545981061,-24.39262211002233],[-48.1195090102326,-24.39231582971172],[-48.1215685602408,-24.38989210014029],[-48.12547596974019,-24.39028930011108],[-48.12713592038637,-24.38704754001191],[-48.12582537973742,-24.38709870963771],[-48.12526137980876,-24.38449736036483],[-48.12132057038798,-24.38442959015345],[-48.12038903012962,-24.38333504957285],[-48.11842361036128,-24.3856100402711],[-48.117811219712,-24.3838481496723],[-48.12208289960608,-24.38031459014616],[-48.11740319010511,-24.3775140401408],[-48.11348847001682,-24.3776628203828],[-48.11442574974853,-24.37492952977391],[-48.11776991025312,-24.37391269961137],[-48.11407758980886,-24.37146645011654],[-48.11169505008644,-24.37139760971189],[-48.1098221597648,-24.36931217002058],[-48.11026835030407,-24.36815313006286],[-48.1127721698997,-24.36713438974027],[-48.11300190981024,-24.36954543977021],[-48.11539183026872,-24.37026430025719],[-48.11634219963275,-24.36832548962963],[-48.11856167967773,-24.36875500044289],[-48.1184624700669,-24.36721547981051],[-48.12295519972264,-24.36621024011043],[-48.12262426000154,-24.36872832025574],[-48.12504190026345,-24.36833214011614],[-48.12744082023761,-24.37142070969793],[-48.1273941202424,-24.36888370961549],[-48.12905372015302,-24.36862115973867],[-48.13128420969849,-24.37207042041354],[-48.1338271902726,-24.36996356966296],[-48.14030651963014,-24.37153078042115],[-48.14381863032548,-24.36906929011559],[-48.14294055026613,-24.372723750001],[-48.14502113002106,-24.3726109201578],[-48.14381620035732,-24.37474795035757],[-48.14590323005001,-24.37477054042807],[-48.14537926973748,-24.37942787029993],[-48.14700045960348,-24.37928242024748],[-48.14779721037291,-24.38280506020533],[-48.14775457980994,-24.37517628036102],[-48.15188254983974,-24.37275657975232],[-48.15188637015979,-24.37416497023713],[-48.15442218043921,-24.37357448977082],[-48.15436391965915,-24.37591263985638],[-48.15703171983796,-24.37526371964492],[-48.1557281003715,-24.37309876009965],[-48.15691018006072,-24.37311929971588],[-48.15719602957307,-24.37114275983043],[-48.15886377014681,-24.37130875039844],[-48.16188773962745,-24.36496185970202],[-48.15839804003747,-24.36900081033906],[-48.15409338020527,-24.37048140019641],[-48.15436307969236,-24.36881628024707],[-48.15264792955827,-24.36889389983355],[-48.15048844958221,-24.37315959024284],[-48.14706389957928,-24.3741543501431],[-48.14657199020513,-24.37069552967489],[-48.14224747963743,-24.36720126962285],[-48.14063463997661,-24.36703070959953],[-48.13855885990341,-24.36979324975863],[-48.13475108989087,-24.36756838007665],[-48.13327382033049,-24.36876582018641],[-48.13065080998683,-24.3658212500506],[-48.12765701995545,-24.3660807898965],[-48.12471208019832,-24.36244022993264],[-48.11903840040179,-24.36553278980637],[-48.11461419998528,-24.36340532029925],[-48.1070726202052,-24.36583398984669],[-48.10484988011785,-24.36528243023992],[-48.10597797979989,-24.36627374034077],[-48.10609950968455,-24.36964152963282],[-48.1035394896557,-24.37173888983784],[-48.10434302041403,-24.37571319990423],[-48.10181751006996,-24.37733211988137],[-48.10239573997137,-24.37911205987359],[-48.0993189901792,-24.38108169026776],[-48.09656880040978,-24.38028497996783],[-48.09689004004326,-24.37851174981733],[-48.09006296983017,-24.37461720961647],[-48.08579854027039,-24.37369463020298],[-48.07935680976891,-24.37509108038898],[-48.0751331096053,-24.37098138997914],[-48.06984824000421,-24.373373559642],[-48.0674034698942,-24.37213026040314],[-48.06632298032122,-24.37349515967384],[-48.06055173037799,-24.37417941964446],[-48.0600812896198,-24.37776682967541],[-48.05835028983398,-24.37984763965682],[-48.05282678962459,-24.38041042999731],[-48.05245150972934,-24.3825174498204],[-48.04574492978463,-24.38571293980027],[-48.04188215993366,-24.38441114955486],[-48.04078037981066,-24.38264453032076],[-48.03934465982815,-24.38401581028137],[-48.03439007973833,-24.38333369969047],[-48.03412533011982,-24.38201485020511],[-48.03073195961218,-24.38042524003276],[-48.02855676038615,-24.38111864970585],[-48.02791771023408,-24.38010115044767],[-48.02206220011038,-24.37972752980164],[-48.01484058022857,-24.38677070980037],[-48.01100163971387,-24.3866328797036],[-48.01158200010917,-24.38783985982161],[-48.01028322978721,-24.38733943027046],[-48.01039274023276,-24.38876167031481],[-48.00914578974636,-24.38858639964258],[-48.01043917043131,-24.39007990016722],[-48.00744123992126,-24.3899083895605],[-48.00577865965738,-24.39205655966248],[-48.00242202016005,-24.39072376978612],[-48.00219575972648,-24.39178386992961],[-47.99995465008698,-24.39195289031358],[-48.00084621997701,-24.39361678988291],[-47.99757233969166,-24.39324560010431],[-47.99374637009885,-24.40040200025209],[-47.99057128034025,-24.40026574037159],[-47.99047489999657,-24.39917307038087],[-47.98842774984075,-24.40108058010463],[-47.98882635005594,-24.40523466015139],[-47.98753674022834,-24.40671118956971],[-47.98400842015241,-24.40494870002243],[-47.98551214956603,-24.403382599927],[-47.98266149023556,-24.40249789995806],[-47.97986046988473,-24.40411402034573],[-47.97701315962956,-24.40348201997921],[-47.97231974985652,-24.40767393000783],[-47.96953385969982,-24.40629264958608],[-47.96616502989218,-24.40730186968551],[-47.96503183015477,-24.40652173029355],[-47.96580194030724,-24.40527841037027],[-47.96372631042084,-24.40491050041919],[-47.95943578972987,-24.40745128035223],[-47.95908601011126,-24.4061500800621],[-47.95516007997367,-24.40592037972169],[-47.95348508996489,-24.40382935973713],[-47.9539866904334,-24.40001601033055],[-47.9580844297526,-24.39864374021641],[-47.95755155985654,-24.38609205980066],[-47.9599891497794,-24.37839941010463],[-47.95472931010954,-24.37324031968495],[-47.95563736007608,-24.3701788502737],[-47.95437304008368,-24.36372075031232],[-47.95551517008897,-24.36089925959311],[-47.95756845002393,-24.36129684986969],[-47.95926026994545,-24.35949604021005],[-47.96036939033507,-24.35541427015238],[-47.94853021040086,-24.34675647972773],[-47.94138095986335,-24.34972924001238],[-47.93651138009608,-24.34995361996357],[-47.932666680323,-24.3521225401231],[-47.9311341096514,-24.35665789044924],[-47.93279351980505,-24.36283249981994],[-47.93051643998166,-24.36503239982534],[-47.92742805026427,-24.36494593001061],[-47.92630798962199,-24.37123656991173],[-47.91648717973953,-24.37902248020328],[-47.91479462956846,-24.38435040035063],[-47.91628329983439,-24.3871354397487],[-47.91282581036279,-24.39726046959493],[-47.91011144958367,-24.39689861028262],[-47.90371004018618,-24.3930384898344],[-47.89726093974053,-24.39296974026126],[-47.89172735003712,-24.39025887964351],[-47.88909952022664,-24.39098937016325],[-47.88544132006081,-24.39547159034157],[-47.88256059999168,-24.39596630020452],[-47.87983152990114,-24.39452053029817],[-47.87905587992486,-24.38947996962486],[-47.87587103971669,-24.38858305956052],[-47.87395423010361,-24.39104942958744],[-47.87793363033273,-24.39702307015853],[-47.87915437007808,-24.40202017019465],[-47.87982156001692,-24.40640129038718],[-47.8781779698374,-24.40958185971499],[-47.87392031037399,-24.41035103007596],[-47.86933943996314,-24.40207291992925],[-47.86408839026694,-24.39999418018721],[-47.8583940296607,-24.40407061996308],[-47.85522663000495,-24.41160549979395],[-47.84838236025769,-24.41424345956796],[-47.83305155978161,-24.40295178959337],[-47.82687735960241,-24.40304406003531],[-47.82599522000334,-24.40541025008292],[-47.82380447959304,-24.40361935994548],[-47.82463883011786,-24.40143965961255],[-47.83205404975456,-24.39994719960356],[-47.8343958304032,-24.3926354802432],[-47.83617674975716,-24.39096987016336],[-47.83330127003757,-24.38602089015194],[-47.83273911012179,-24.3821090398003],[-47.83703941004069,-24.37483390036414],[-47.83694201975834,-24.37089727998546],[-47.8398460097855,-24.3675415200251],[-47.83853806008335,-24.3638798196979],[-47.83514700982658,-24.36401953027706],[-47.83230961010037,-24.37152844038519],[-47.8305515299291,-24.36849679968753],[-47.82700453003497,-24.36738081027613],[-47.82074844028824,-24.36875428008591],[-47.81848017022361,-24.36642461960048],[-47.81548469036613,-24.36801007040839],[-47.81344057991879,-24.36289155020484],[-47.81405713982508,-24.35796474028052],[-47.80825245039023,-24.35246008986121],[-47.80668029965608,-24.35215550027607],[-47.80448734961146,-24.35547762019598],[-47.80094991041,-24.35634727990299],[-47.80035976988745,-24.35176743022271],[-47.79406459020862,-24.35268830991754],[-47.78840837974286,-24.34962127999802],[-47.78887417999937,-24.34115474029898],[-47.78337998959478,-24.34197036963678],[-47.78095709999013,-24.34396399034586],[-47.77841893978223,-24.34128044034003],[-47.77542551037897,-24.34296450001165],[-47.77284466025282,-24.34232101979916],[-47.77263942956597,-24.34037005033753],[-47.77689117958425,-24.33726508971205],[-47.77608193992955,-24.33575377991298],[-47.77043701955279,-24.3372544597255],[-47.76648378959516,-24.33391430030468],[-47.7617143403445,-24.33568949007787],[-47.75946693005471,-24.33252840006554],[-47.75664671007758,-24.33178430010531],[-47.75463545995848,-24.33200083976692],[-47.74961343970841,-24.33658233970317],[-47.74898522009181,-24.33580301959364],[-47.75130684963136,-24.33334890013157],[-47.74896674981562,-24.32747873015921],[-47.74732682976935,-24.32838303984539],[-47.74725659991213,-24.33342959989608],[-47.74522223002185,-24.33471125971681],[-47.74335853976476,-24.33350188020756],[-47.74107849038,-24.32829997036731],[-47.73742681029904,-24.32673009042128],[-47.73252688021131,-24.3293524496558],[-47.72775584995247,-24.32949248039358],[-47.72979561037909,-24.3326530398059],[-47.72794272997299,-24.33655360006856],[-47.72723915975939,-24.33310141030182],[-47.72514577995372,-24.33160181956828],[-47.72182940040648,-24.33465574007027],[-47.71988602032354,-24.33428529043374],[-47.72001891044431,-24.32889596997302],[-47.71553861031856,-24.32451376969465],[-47.711122859932,-24.32929564038147],[-47.70517311974362,-24.32497829021588],[-47.7061971696636,-24.33265745997375],[-47.70109401977317,-24.33512443974104],[-47.70024821008678,-24.33759405991788],[-47.69691065959921,-24.33910351981154],[-47.69652304999869,-24.34071767967714],[-47.69904131990097,-24.34325795958711],[-47.69800901960053,-24.34442660970024],[-47.69271112961491,-24.34567350982456],[-47.69124976996085,-24.3417840795716],[-47.68892666013721,-24.34084266026053],[-47.68312459042744,-24.34444315992386],[-47.67988345985373,-24.34180867962681],[-47.67478547027321,-24.34359773964394],[-47.67224472001777,-24.33689483972501],[-47.66674664993792,-24.3342034898991],[-47.66559658971079,-24.3353623203148],[-47.66681438957238,-24.34170645009254],[-47.66000912971754,-24.34367593029992],[-47.65620164029343,-24.34207631966638],[-47.6569419100411,-24.34107794988745],[-47.66057085975734,-24.3417557500278],[-47.6616973802299,-24.33953154044821],[-47.65626070956404,-24.3345830802449],[-47.6551567800613,-24.32882137030992],[-47.656220240072,-24.32361040969261],[-47.65486562994482,-24.31896435012459],[-47.65576164968036,-24.3172040396347],[-47.6525430803988,-24.30987478978966],[-47.65391738028285,-24.3073652603984],[-47.62218511035451,-24.29935316971296],[-47.61757834036808,-24.30170623955127],[-47.61145212981188,-24.30090195965766],[-47.6090830196656,-24.30314678979249],[-47.60826373997958,-24.31335346998662],[-47.60442530038728,-24.31518124042185],[-47.60505871988397,-24.31608137005912],[-47.60828162030049,-24.3155864704392],[-47.60992841026786,-24.3176432604281],[-47.60556770018917,-24.31729765006645],[-47.60243260957725,-24.31449872963265],[-47.60091684993262,-24.31478371039987],[-47.60084985044023,-24.3158453402902],[-47.60473812956099,-24.31795239968346],[-47.60368784012167,-24.32108285968616],[-47.60707675988454,-24.32161942039988],[-47.60360625002835,-24.3237754397847],[-47.60178220998097,-24.32243214043092],[-47.602915729877,-24.32021981988873],[-47.60220787978977,-24.31868231014045],[-47.59952893970876,-24.32267998998952],[-47.59602664961017,-24.32093058018211],[-47.59634449969889,-24.31756622989752],[-47.58912459032751,-24.31847811007668],[-47.58910582957031,-24.31674720022306],[-47.59156638008432,-24.31483334038631],[-47.59010172981095,-24.31238370044736],[-47.58724937975501,-24.31312512042791],[-47.58916989997084,-24.3082752097331],[-47.58797183033568,-24.30681612986047],[-47.58483420003824,-24.30605929999666],[-47.58051409974587,-24.30933344018609],[-47.57231649960676,-24.30908874994583],[-47.57075205965981,-24.29947614031158],[-47.56607723977277,-24.30020580975025],[-47.56363763986514,-24.29892732003975],[-47.56191650024624,-24.30118566968287],[-47.56025899036007,-24.29867174980137],[-47.5533243504384,-24.30111006997373],[-47.5535732899753,-24.29792334028986],[-47.55055070994729,-24.29654190968137],[-47.54819143029022,-24.29711480030772],[-47.54952413023437,-24.29959159977244],[-47.54880056989032,-24.30106690971007],[-47.54535444964807,-24.30089897031121],[-47.54450757966106,-24.29971611990294],[-47.54748019965143,-24.29933625976054],[-47.5462459403978,-24.29683185020968],[-47.54335785038444,-24.29649757040653],[-47.54188922960424,-24.29783651973958],[-47.54083977023919,-24.2957241498496],[-47.53861464964632,-24.29615077024181],[-47.53486434990975,-24.29400656974735],[-47.53344371965187,-24.2959730597089],[-47.53026130041866,-24.2956914801776],[-47.53094623038419,-24.29803425997306],[-47.52793294035285,-24.29751781979149],[-47.52821912980897,-24.29537625970659],[-47.52587443985345,-24.29541210038809],[-47.52381111988723,-24.29229188006616],[-47.52600842984509,-24.28810565015556],[-47.52539923988297,-24.28537674014439],[-47.52803075961185,-24.28436290022762],[-47.52820056960059,-24.28171148030054],[-47.52362141959281,-24.27895139978722],[-47.51979297956234,-24.28208584018932],[-47.51604501986174,-24.28107500041091],[-47.51170822005827,-24.28255663977706],[-47.50886293957296,-24.28186471038805],[-47.50742559991147,-24.27849018967049],[-47.51083371030745,-24.2764502997415],[-47.51193410997115,-24.27310429023078],[-47.51033820004784,-24.26957698009352],[-47.5093884799943,-24.26979383002117],[-47.50970048988563,-24.27266510990682],[-47.50758077972915,-24.27163184013727],[-47.50520212957457,-24.27411303998474],[-47.50124978005329,-24.27226179994204],[-47.50269981004817,-24.27041564016963],[-47.50184700003899,-24.2694711298887],[-47.49533935013085,-24.27179732978288],[-47.4833354099012,-24.2692524399481],[-47.48187574007329,-24.27261970043878],[-47.47814658969332,-24.27095205968976],[-47.46892238016369,-24.27029035021945],[-47.467219149644,-24.2718617500197],[-47.46699576973896,-24.27522774966087],[-47.46396690974507,-24.27530640976295],[-47.46233770961754,-24.2800716402939],[-47.45903197984194,-24.28074041034159],[-47.45778786042138,-24.27748938003083],[-47.46231425979522,-24.27622257970825],[-47.46120374995303,-24.27049850999822],[-47.45633529973423,-24.27002698016094],[-47.45008179014246,-24.27489290958005],[-47.44879513009113,-24.26967183968361],[-47.4512625199493,-24.26403137005167],[-47.44810453979261,-24.26291339044059],[-47.4469334902883,-24.2605590201826],[-47.44200796999178,-24.25981722968135],[-47.43744885957716,-24.26343950013279],[-47.43616464028588,-24.26164922962818],[-47.43190962033265,-24.26253381987982],[-47.42718931003861,-24.26143837997722],[-47.42436608003055,-24.25883617005314],[-47.41436486974288,-24.26388078037365],[-47.40708813041283,-24.26344032031449],[-47.40071165022243,-24.25988013006389],[-47.39379171961212,-24.25935324965269],[-47.39344145975554,-24.2562710400764],[-47.38975672958935,-24.25328146966405],[-47.38845804020633,-24.24913140958682],[-47.38377898990842,-24.25259040002692],[-47.37943466008147,-24.24937489023893],[-47.37525449969536,-24.24845425965634],[-47.37339076986808,-24.24588960991753],[-47.37694533036267,-24.24316783962405],[-47.37381204019346,-24.24131753037966],[-47.36688939003329,-24.24357161004173],[-47.36544479014492,-24.24750823042046],[-47.36280633034784,-24.24437128001051],[-47.35982495995387,-24.24523539989377],[-47.35850657991472,-24.24619659979322],[-47.35924414989756,-24.24881078958623],[-47.35553004967204,-24.24688892038733],[-47.35131090007792,-24.24661584034868],[-47.34790186967552,-24.24349833957666],[-47.34392260974062,-24.24212350999193],[-47.34391078005842,-24.24471970974679],[-47.34152768995091,-24.24359321985116],[-47.34137721988276,-24.2452123997324],[-47.33803876018061,-24.24690752016591],[-47.33619725979565,-24.2465003799885],[-47.33515579990018,-24.24796441962224],[-47.33371294019997,-24.24672684007157],[-47.33109992042495,-24.24708378998486],[-47.32311393975647,-24.24312972995301],[-47.31945186980789,-24.24376654978641],[-47.31771242988469,-24.24271257042875],[-47.31774017037253,-24.23958223992838],[-47.31615459995476,-24.23897107955162],[-47.31848313988496,-24.23475100995108],[-47.31230759971589,-24.23231034974282],[-47.31413907985461,-24.2316102104428],[-47.3136088098986,-24.22978366038757],[-47.31517032974688,-24.22905785983232],[-47.31662767033066,-24.22472123000074],[-47.31434017995531,-24.22607856957029],[-47.3135065695725,-24.22466468962369],[-47.31179562017167,-24.22552048987865],[-47.30918144027123,-24.22232607998455],[-47.30661439024186,-24.22255011999198],[-47.30583226964347,-24.22151928019059],[-47.3048542497238,-24.22294646021095],[-47.30211485991282,-24.22265077031676],[-47.30115509982795,-24.22056557973769],[-47.29886352023522,-24.22278167023785],[-47.29753084007615,-24.21919827028393],[-47.28805616036345,-24.22503825990771],[-47.28371355004026,-24.22260308016797],[-47.27226649969919,-24.22528776961485],[-47.26760630009062,-24.22416928998069],[-47.26650375014793,-24.22200001998488],[-47.27185175035794,-24.22229274031764],[-47.26566709016402,-24.21880429977858],[-47.26755960998798,-24.21797863040945],[-47.26679634997151,-24.21625891981324],[-47.26332652000286,-24.21372342969249],[-47.26900605978182,-24.21053246959775],[-47.2647450899139,-24.20802403018479],[-47.26648311970018,-24.20768131024425],[-47.26632441004347,-24.20594320041835],[-47.27114362957479,-24.21029567990166],[-47.26923886997781,-24.21167275959016],[-47.26917795979494,-24.21367954007866],[-47.27292821006881,-24.21845319995515],[-47.27544302027911,-24.21877672026937],[-47.27488407004375,-24.21629263989337],[-47.27715637986302,-24.21615574958815],[-47.27362544006195,-24.21198555998558],[-47.27742702993345,-24.21012058010064],[-47.28014026026477,-24.21347151969485],[-47.2817191703034,-24.21369881974471],[-47.28263327000934,-24.21666321003909],[-47.28749238976195,-24.21504210021271],[-47.28628895027481,-24.21340819033566],[-47.28685160032103,-24.21068706035948],[-47.28433094991334,-24.21317307967382],[-47.28223698015245,-24.21204629030399],[-47.28363457967208,-24.20884052017379],[-47.28107229964689,-24.21075931009403],[-47.28036669966343,-24.20993665974902],[-47.27878973036172,-24.21075647992757],[-47.27869207028277,-24.20753520008935],[-47.27472559960671,-24.20376784021363],[-47.27731036987763,-24.20333742018573],[-47.28083418974603,-24.20639728970309],[-47.28293425960834,-24.20063712030679],[-47.28668549014321,-24.20187805972461],[-47.28829973994101,-24.19995899011525],[-47.28663515958493,-24.19856129976415],[-47.28823688992048,-24.19732128035275],[-47.28432961981605,-24.19687079015478],[-47.28275397971237,-24.19957820996638],[-47.28107608039676,-24.19742868008944],[-47.2782408903048,-24.20004118005636],[-47.27741701957973,-24.19914896984903],[-47.27987597019984,-24.19635434997321],[-47.27822916044738,-24.19486181981711],[-47.27611933024286,-24.19572374985114],[-47.27619774033343,-24.19382815974171],[-47.27423776955737,-24.19346582019142],[-47.27649565964691,-24.18993004023912],[-47.2753950099717,-24.18656699037427],[-47.27303879970083,-24.18567339970758],[-47.27265488991122,-24.18278829004748],[-47.28118173005277,-24.17951202026347],[-47.2853559297323,-24.17461674956331],[-47.28497335993256,-24.17263918984668],[-47.27768171973554,-24.16468327980948],[-47.27697692014868,-24.16167055005582],[-47.27904452988111,-24.15776152987064],[-47.27589480010488,-24.15957069962803],[-47.27607983021994,-24.15552278994477],[-47.27323611995092,-24.15688951034258],[-47.2736744297311,-24.15986199993131],[-47.27096912962162,-24.16321986970121],[-47.27167383028302,-24.1639550304003],[-47.27480225961654,-24.16232227974939],[-47.27375298011589,-24.16568527025896],[-47.2767021799616,-24.16476380960211],[-47.27645781977253,-24.16773924986643],[-47.27865719996976,-24.16714579983875],[-47.27838436005015,-24.16990049970826],[-47.27982174018115,-24.16983477005857],[-47.28303314006735,-24.17280905019749],[-47.281989809582,-24.17561229996761],[-47.2795783701456,-24.1774032998224],[-47.27828039032772,-24.17623561018524],[-47.28115746004869,-24.17395831992047],[-47.27812584992802,-24.17340695996319],[-47.27796082972844,-24.17181609973318],[-47.2745670095598,-24.16853479014839],[-47.27228878040285,-24.17240177961838],[-47.27437249969108,-24.17432512010816],[-47.26945681977639,-24.17406618011006],[-47.27173291034552,-24.16823761997011],[-47.26915258002748,-24.16865881025586],[-47.26912639986341,-24.16534165009705],[-47.2667257495936,-24.1618386297489],[-47.26576878010508,-24.16904857013537],[-47.26377217994212,-24.16887240014108],[-47.26383845997691,-24.16258926957909],[-47.26251831007193,-24.16159869962024],[-47.25830299968362,-24.16728615972846],[-47.2617995898791,-24.16732279001468],[-47.25966837019911,-24.17045168969366],[-47.26033639021222,-24.17184284017486],[-47.25879668971544,-24.17247050041323],[-47.25780612964911,-24.17053074010153],[-47.25695998001902,-24.17131781956169],[-47.25695991976443,-24.17450269034686],[-47.25949730026014,-24.17532089983962],[-47.25876134006376,-24.17733678956114],[-47.26042819030869,-24.17978919041877],[-47.25844465999302,-24.18036475023297],[-47.2576938097215,-24.17784731040501],[-47.25456943003513,-24.17840180000303],[-47.25601779988153,-24.17621288971304],[-47.25325445033258,-24.17519032996972],[-47.25483363016787,-24.17378217960385],[-47.25545761038035,-24.16998324003447],[-47.25229979030303,-24.1704722697794],[-47.24961263041854,-24.16766920976619],[-47.25301679998529,-24.16877355025912],[-47.25710377981557,-24.16623506989254],[-47.2571458204232,-24.16498866979123],[-47.2547427698629,-24.16452319958597],[-47.25644572968662,-24.16176902042389],[-47.25850315010024,-24.16266838024148],[-47.25932886983145,-24.16072428969414],[-47.25574364964967,-24.15748145040857],[-47.25386874035007,-24.16142436963889],[-47.25251772031652,-24.16046395035096],[-47.25194557972469,-24.16172540959991],[-47.25211722972631,-24.1568715301969],[-47.24916400001854,-24.15880004988236],[-47.24923698000259,-24.16206690016725],[-47.24691087004055,-24.16031557030726],[-47.24382837987577,-24.16510307974329],[-47.24054240011162,-24.1648417601391],[-47.24363370992774,-24.16792612988695],[-47.24490453021986,-24.17200588006727],[-47.24171732029805,-24.16980495033812],[-47.24269909039066,-24.17164926020513],[-47.24111889971738,-24.17407651961565],[-47.23911246996448,-24.16753310007249],[-47.23736791020087,-24.17007195995296],[-47.23230537998927,-24.16713189002468],[-47.23191119994186,-24.16992625988894],[-47.23573093003836,-24.17246389039616],[-47.23493593024892,-24.17450130988749],[-47.23125947024829,-24.17432045982133],[-47.23161158990291,-24.17595199009224],[-47.23052282027191,-24.17569981029794],[-47.22974044966196,-24.17762057962602],[-47.22915031993125,-24.17599523039553],[-47.22794678961259,-24.17599116006392],[-47.22671333974881,-24.17879868970772],[-47.22432874957207,-24.1764574603435],[-47.22657919957038,-24.17566267998865],[-47.22517885981648,-24.17435336961228],[-47.22587964033312,-24.17368232967573],[-47.22905861965955,-24.1735492102278],[-47.22790064989505,-24.17106731970102],[-47.22966777994407,-24.16930549025614],[-47.2291104296026,-24.16775187994529],[-47.22737179996858,-24.16792353983942],[-47.22934649984103,-24.16542475015206],[-47.22446934958077,-24.16674539018754],[-47.227620059618,-24.16125127982264],[-47.22727640977843,-24.15652857013737],[-47.22599206997802,-24.15718738019342],[-47.22385939969149,-24.16351429964516],[-47.22414218971022,-24.15746081996082],[-47.22245729996439,-24.16163895957027],[-47.21865956998312,-24.16404052984655],[-47.22043147003626,-24.16442909992298],[-47.22169060004114,-24.16674166969227],[-47.21844530021042,-24.16769710044076],[-47.21986416959572,-24.17099588025565],[-47.215465880446,-24.16889504956686],[-47.21315385026992,-24.16566065041866],[-47.21262579984074,-24.16716418018274],[-47.21473021972383,-24.17165193029228],[-47.2115385095945,-24.17116021966837],[-47.21062654038246,-24.16643034958093],[-47.20945007965742,-24.16707933993956],[-47.20897836995579,-24.1705437398017],[-47.20793587044403,-24.16925887030055],[-47.20663845000445,-24.16980035030588],[-47.20614284981264,-24.16678598018876],[-47.20381983981372,-24.17160601990184],[-47.20430205989209,-24.17384332001319],[-47.20588783985187,-24.1740460703698],[-47.20570944043828,-24.17563119022719],[-47.20689102010448,-24.17618915030897],[-47.20642283034931,-24.17751755958767],[-47.20483803964379,-24.17605815955636],[-47.20365269991214,-24.17757208008737],[-47.20280103024334,-24.1767998996956],[-47.20312610008938,-24.17498605975879],[-47.20169251959408,-24.17407692970647],[-47.20219948002193,-24.16950162969641],[-47.1985460102901,-24.1709410099196],[-47.19773020018857,-24.17334961019628],[-47.19470728021679,-24.17530431004582],[-47.1952233202,-24.17768559971063],[-47.19212435985128,-24.17796311970216],[-47.1938616297104,-24.18000094029111],[-47.19214260979356,-24.1813915601723],[-47.19075925013925,-24.18008167962574],[-47.18556057965696,-24.18494278957803],[-47.18482676973957,-24.18409658958592],[-47.18973084030597,-24.17690788039431],[-47.18140361998104,-24.17510258041972],[-47.18193331976687,-24.17228376968018],[-47.18449341983541,-24.17295938986393],[-47.18515707993527,-24.17148288023071],[-47.18748878997565,-24.17307622978416],[-47.18917407002726,-24.17167170008884],[-47.18915529038429,-24.17380070024205],[-47.19286631043184,-24.17508345004114],[-47.19651832955719,-24.17009907001602],[-47.19504044036398,-24.16837711021543],[-47.19655785026453,-24.16826858992346],[-47.19779881036675,-24.16626733037293],[-47.20045698959836,-24.16755876042839],[-47.20241741992794,-24.16694908033577],[-47.19852238959658,-24.16462290022662],[-47.19831005966148,-24.16285383033994],[-47.2008821998536,-24.16469808984493],[-47.20352973021284,-24.16256093014277],[-47.20403374985762,-24.16469589999576],[-47.20539563010419,-24.16195257025487],[-47.20745374029781,-24.16193724041125],[-47.20925303999576,-24.15980503957087],[-47.20233134041899,-24.1587207296779],[-47.20381856997096,-24.15680434004821],[-47.20002332031993,-24.15752718003529],[-47.20001565000223,-24.15610362967874],[-47.19803507036215,-24.15604461976335],[-47.19883664959167,-24.1543042697262],[-47.1964172403633,-24.154012330005],[-47.19577887999128,-24.15183592029143],[-47.19301289003283,-24.15308091025577],[-47.18925174986833,-24.14974323026581],[-47.1873926200733,-24.14982046044582],[-47.18717852027243,-24.14793583037425],[-47.18230586032718,-24.1467335995759],[-47.18157103957179,-24.14494307995915],[-47.17898051993501,-24.14654952993681],[-47.1777055402784,-24.14508543004854],[-47.17572528979025,-24.14545763965828],[-47.17568663962669,-24.14270325994744],[-47.1727900600132,-24.14555568015049],[-47.17503037015541,-24.14742952015621],[-47.17370739008396,-24.14876872040008],[-47.17389199032306,-24.15080189958798],[-47.17216157959319,-24.14771319960442],[-47.17047919985515,-24.14748728990645],[-47.17075446974292,-24.15062735017204],[-47.16818314973256,-24.15302184997836],[-47.16806532955127,-24.15077249985092],[-47.1649042800085,-24.14967211997231],[-47.16661352969061,-24.14915785974739],[-47.16715381000029,-24.14690933969422],[-47.16526556015742,-24.1471106097668],[-47.16725753960372,-24.14325311983555],[-47.16318130037666,-24.14464198963606],[-47.16330254967289,-24.1396359503388],[-47.15696652998133,-24.14175105956372],[-47.15400168013338,-24.14431365974758],[-47.15242581969579,-24.14471152971328],[-47.15189118982653,-24.143036580174],[-47.14833566975534,-24.14511559960522],[-47.14808887959805,-24.14994449044582],[-47.15009197016826,-24.15330966001278],[-47.14594643008365,-24.1484489997215],[-47.14435697999062,-24.14450467035419],[-47.14578783014423,-24.14253904014453],[-47.15010559040064,-24.14087271960028],[-47.14978107004032,-24.13947490963932],[-47.14613298005293,-24.13903382994727],[-47.14602890960646,-24.13705093005632],[-47.14469399013552,-24.13721591967891],[-47.14081355040497,-24.13329176030646],[-47.14950506001048,-24.13714748037188],[-47.15058450996713,-24.13544072001315],[-47.14954157968009,-24.13274571983908],[-47.15149883989949,-24.13470332000219],[-47.15135908975014,-24.13822830988852],[-47.15237521034766,-24.13839924043253],[-47.15547522020523,-24.13590101012346],[-47.15696678988542,-24.13656343995075],[-47.15868503009,-24.13518245990258],[-47.16118005971197,-24.13529779975363],[-47.16112245004098,-24.13420920009446],[-47.15863154021338,-24.13385913988736],[-47.16065353992889,-24.13266123033145],[-47.15996197026868,-24.1315629701549],[-47.15678175977035,-24.13121170035964],[-47.15695378029267,-24.12915435009313],[-47.16015323988006,-24.13023714013184],[-47.16232356028405,-24.1289546799145],[-47.16245974012486,-24.13138934973864],[-47.16623163977829,-24.13122605983477],[-47.16664130974863,-24.13248455042162],[-47.16829805970764,-24.13127457016526],[-47.16879023977771,-24.13461510010671],[-47.17040267024697,-24.13258751020538],[-47.17147382036046,-24.13322832033066],[-47.16992461043236,-24.13705337980957],[-47.17162912968053,-24.137265920186],[-47.17427836965101,-24.13530092040111],[-47.17415154995405,-24.13665437040282],[-47.1768939003332,-24.13644635991153],[-47.17944819977458,-24.13955073957493],[-47.18163879989066,-24.13756384039885],[-47.18263099042781,-24.13882697958138],[-47.18343723983673,-24.136890730223],[-47.18528420000581,-24.1394065000099],[-47.18380915986478,-24.13550507010285],[-47.18552489995415,-24.13585876986627],[-47.18607161041643,-24.134456150331],[-47.18860270015443,-24.13670749965132],[-47.18665324964769,-24.14216110994721],[-47.18983856020134,-24.14261285020285],[-47.19014387014346,-24.14124709028096],[-47.19291112994466,-24.14014659978568],[-47.1935178395766,-24.14370380968302],[-47.19665380972549,-24.1460997798809],[-47.19622596985261,-24.14696989014828],[-47.1996814997014,-24.1481984198212],[-47.2010939299409,-24.14697285970965],[-47.2019940496856,-24.14828873963359],[-47.20387641976095,-24.14681623018481],[-47.20349050987909,-24.14966911983396],[-47.21245276038655,-24.15438361960832],[-47.21558726014388,-24.15802768962612],[-47.21666982984874,-24.15747481970715],[-47.21658019981635,-24.15410613019372],[-47.21497256992814,-24.15404914015562],[-47.21516159033507,-24.15262995960489],[-47.21312824027603,-24.15224601024511],[-47.21306449003413,-24.15083050972021],[-47.21081186997179,-24.15102296014146],[-47.20870761016801,-24.14554027026719],[-47.2097585300321,-24.14503847014925],[-47.2173227097752,-24.15084088969525],[-47.21812636014334,-24.14878174977787],[-47.22089894033377,-24.15118156008089],[-47.22323958963528,-24.1510743402086],[-47.21935530979965,-24.14657017027707],[-47.22467710016798,-24.14631031027255],[-47.22248321033186,-24.1407352600242],[-47.22448211006127,-24.13822987021229],[-47.22101214969092,-24.13940615017367],[-47.2186793298871,-24.13585251957807],[-47.21716885016224,-24.13593946963078],[-47.21859718041549,-24.14209178031138],[-47.2158618897144,-24.14366442027671],[-47.21622416990948,-24.14082720041495],[-47.2136202000122,-24.14174338025276],[-47.21575212026409,-24.1382115303378],[-47.21495646037232,-24.13616749993014],[-47.21271869980814,-24.13675155024379],[-47.21024728998043,-24.14073875029305],[-47.20866020960096,-24.14003591032895],[-47.20890452032734,-24.13679325990097],[-47.2026730297365,-24.1375658198067],[-47.20499420961505,-24.13215000981506],[-47.20035961010785,-24.13511477962334],[-47.20106096978787,-24.13074700986658],[-47.19834010960835,-24.13132337007744],[-47.1966229297044,-24.13318613043555],[-47.19641726014839,-24.12759643023105],[-47.19375152031637,-24.13093981012412],[-47.19390029965905,-24.12668832990244],[-47.19026958996955,-24.12865072974733],[-47.19080520009987,-24.12527300024874],[-47.18289642982631,-24.1274048899237],[-47.18496765033677,-24.12124541974026],[-47.18168010035629,-24.12522943978678],[-47.18093044978042,-24.12394736987517],[-47.17915651995736,-24.12479332974834],[-47.18140959957333,-24.12001073960391],[-47.17962083003721,-24.11945490012351],[-47.17928692974795,-24.11710612994392],[-47.17749796955559,-24.11705942005614],[-47.17772438017596,-24.11550160991135],[-47.17411331977382,-24.1144345202369],[-47.16923445000981,-24.11511418017523],[-47.16375454983256,-24.11012187982084],[-47.16625829028783,-24.11033376009493],[-47.1706002297168,-24.11444837968895],[-47.1743723595967,-24.11288436961792],[-47.17671400984364,-24.11374385979127],[-47.1746987802245,-24.1097344401922],[-47.17743505028727,-24.11148204955691],[-47.1791165100189,-24.11081890027197],[-47.18315340030915,-24.11501785019357],[-47.18635790958979,-24.11594518971867],[-47.18618041039758,-24.11765488006864],[-47.18911045018706,-24.1177654697006],[-47.19273547975854,-24.1201021898641],[-47.19214172036408,-24.11637054026818],[-47.18914973976865,-24.11412041042854],[-47.19174932007502,-24.11377528030488],[-47.19004177011158,-24.11105443991045],[-47.18817076027233,-24.10901120000682],[-47.18603125963489,-24.10933975022925],[-47.18655503019045,-24.10798170019524],[-47.18375315008774,-24.1075279598474],[-47.17789588988336,-24.10273747995069],[-47.17148043037753,-24.10284325011588],[-47.16871054995187,-24.09902591041737],[-47.16503575999229,-24.09788003023914],[-47.16260074033187,-24.0984661103227],[-47.15415889961349,-24.09095136990976],[-47.16285897975808,-24.09645104977608],[-47.16526889034697,-24.09577774984325],[-47.16992833992089,-24.09804986001296],[-47.17712654955056,-24.09934948019429],[-47.18478574986244,-24.1030607097839],[-47.18628821033258,-24.10205880027337],[-47.19180530017439,-24.10591673986562],[-47.19266655032101,-24.10307056995077],[-47.19182471024214,-24.10001051966969],[-47.19456912006882,-24.10096688031723],[-47.19748945977074,-24.10467952993633],[-47.19483274013879,-24.10477640041051],[-47.19347153977969,-24.10800531009693],[-47.19686116011439,-24.10635960021534],[-47.19572756017874,-24.1089758800328],[-47.19853997044322,-24.10963957970279],[-47.19651869018537,-24.11130267977478],[-47.19674399014298,-24.11291990992584],[-47.19990759016309,-24.11237333975777],[-47.19913904033439,-24.11413397040639],[-47.2002436901941,-24.11488813018303],[-47.19624489968231,-24.11934760021154],[-47.1986411801463,-24.12344598974062],[-47.2000187904348,-24.12347669978982],[-47.1995674296931,-24.12072343973489],[-47.20058484981092,-24.11867483987191],[-47.20194338008287,-24.11943254027949],[-47.20461930024049,-24.11211672001059],[-47.20394344983032,-24.11606976021125],[-47.20625802958438,-24.11631258975416],[-47.20419978988838,-24.1181144399294],[-47.20391698997707,-24.12009378030365],[-47.20550452001754,-24.12124084039243],[-47.20256825961746,-24.12358528033639],[-47.20440883010338,-24.12658027995593],[-47.20572350043915,-24.1248324898275],[-47.2079620596013,-24.12522172000632],[-47.20796544015292,-24.11986105014728],[-47.21017449975329,-24.11767960962624],[-47.21160397034691,-24.11930014028923],[-47.20944686008448,-24.12273027957872],[-47.21032626034861,-24.12462148009718],[-47.21332358021903,-24.12223177008008],[-47.2134927202128,-24.12005726962724],[-47.21595949043808,-24.11765354997129],[-47.21733097004818,-24.12189737966031],[-47.21987772957351,-24.12139545003993],[-47.22163121960506,-24.12394100986967],[-47.22517477959235,-24.12016371967985],[-47.22592199030754,-24.12173625982047],[-47.22380656002468,-24.12522374977618],[-47.22839466008543,-24.12695152998907],[-47.2261992396032,-24.12769493027679],[-47.22566298016238,-24.12916250964207],[-47.22867511006825,-24.13223487973585],[-47.2316416002796,-24.13210396002967],[-47.23032025967223,-24.13396038016737],[-47.23106693978741,-24.1350400000959],[-47.23259545001997,-24.13554033971485],[-47.23435497000582,-24.13387970018795],[-47.23548770029709,-24.13074048978172],[-47.23468663997642,-24.12924914043543],[-47.23680560009831,-24.12914498005676],[-47.23605324975762,-24.13593928976638],[-47.23965334022944,-24.13637397977533],[-47.23937472036698,-24.13353801986369],[-47.24250180971069,-24.13539510010372],[-47.24128542987864,-24.13282658957542],[-47.24253944004306,-24.13208235022023],[-47.24279962020626,-24.12934770972896],[-47.24403802983119,-24.13317883963168],[-47.24783225965103,-24.13425594955237],[-47.24294403963569,-24.13807517962579],[-47.24691614996033,-24.13710948041813],[-47.24625324978763,-24.13947992965501],[-47.24737296958682,-24.14061806037512],[-47.24845405990692,-24.13994131963614],[-47.24817915964047,-24.1368796397835],[-47.24967206031727,-24.13635210016923],[-47.25237867973226,-24.13783692043751],[-47.25288861961405,-24.14128058013461],[-47.25706531041573,-24.13936011028085],[-47.25672000042766,-24.13756605003312],[-47.25365023027388,-24.13657958008349],[-47.25337282989216,-24.13405507967815],[-47.26151152983317,-24.13683159979843],[-47.26079860037504,-24.13421789024341],[-47.25683195972709,-24.13111338017831],[-47.25602372011855,-24.12900207958228],[-47.25831181034175,-24.12895289026363],[-47.26422018980986,-24.13323102009548],[-47.26782145029966,-24.13378960970266],[-47.26826216037034,-24.12960970022743],[-47.26599741025223,-24.12875053021276],[-47.26698602958157,-24.12652233034123],[-47.2640809801531,-24.12622058980833],[-47.265188319885,-24.12430931012653],[-47.26823531021137,-24.12396165020994],[-47.26051057989929,-24.12052213009218],[-47.26344377001391,-24.11879776010852],[-47.26357555037129,-24.11667255959088],[-47.26564968018857,-24.11677450044277],[-47.26599343974539,-24.11529521999836],[-47.26178929983627,-24.11375698989315],[-47.26248690035015,-24.11276626974751],[-47.26040075019444,-24.11152880980666],[-47.26134734960044,-24.10875691040303],[-47.26004583005096,-24.10688853018149],[-47.25825602989181,-24.10835307973082],[-47.25484349033479,-24.10611774014154],[-47.25537188970088,-24.10327080040707],[-47.25402106032362,-24.10088039971066],[-47.24793138022898,-24.10131767976708],[-47.24291750963533,-24.09785800044631],[-47.24112849998022,-24.09880867018393],[-47.23640767977054,-24.0962959598906],[-47.23658415013836,-24.09286741959568],[-47.23166273974363,-24.08744337001548],[-47.23414750989963,-24.0844866500388],[-47.23097801032685,-24.08526688026228],[-47.22787430965161,-24.08172277978241],[-47.22590152983167,-24.08284475957794],[-47.22026675021033,-24.07928315019717],[-47.21822354987688,-24.08105784983985],[-47.21532781023024,-24.07871743975801],[-47.20883753972066,-24.0785107296864],[-47.20998829962031,-24.07732501044086],[-47.20563031988331,-24.0751933096235],[-47.20507495974158,-24.07641103034473],[-47.20166118001941,-24.07457704019822],[-47.20002937005933,-24.0750031695606],[-47.19932363967416,-24.0730588200085],[-47.19525629024554,-24.07175136043691],[-47.19675173960104,-24.06880489992614],[-47.19527591974787,-24.06643643998967],[-47.19377826975131,-24.06694271963079],[-47.18969070985833,-24.06350392976248],[-47.18744566028897,-24.06457876979437],[-47.1835472296209,-24.06021805971562],[-47.18121456000392,-24.05942530013743],[-47.17845801022895,-24.06054340025764],[-47.17697177982376,-24.05846468030069],[-47.17437465016991,-24.05877696988119],[-47.16872961018333,-24.05656673037026],[-47.16496245984962,-24.05347931012204],[-47.16024975961869,-24.05230734960446],[-47.15991754016233,-24.04854902971391],[-47.16147437004611,-24.04631677030267],[-47.16052933995701,-24.04505030003128],[-47.15916985010847,-24.04631690969757],[-47.15642716967807,-24.04378389001448],[-47.15201177002712,-24.04451049995959],[-47.15011427965027,-24.04354210008779],[-47.15136583016891,-24.04739487037693],[-47.14754098023201,-24.04780114001056],[-47.14639251000631,-24.04603522044903],[-47.14208025000352,-24.04943537993881],[-47.1389954503797,-24.04932839029294],[-47.13691584009388,-24.05092291975689],[-47.12886075012347,-24.05266593988119],[-47.12189441989153,-24.0494556101882],[-47.11606170038715,-24.05002930031191],[-47.11601975960417,-24.05187563994878],[-47.11025075976471,-24.04820087966681],[-47.10696840966432,-24.04848891992765],[-47.10635578968788,-24.04968923966663],[-47.10422541986719,-24.04849706958407],[-47.09998603013116,-24.04976108020963],[-47.09732609991954,-24.04861394008122],[-47.09476989031816,-24.04946785985379],[-47.09366009004106,-24.04813082967399],[-47.09020650992244,-24.04851187961953],[-47.08905507013532,-24.05219533005038],[-47.08410788966734,-24.05239625028668],[-47.08124447974888,-24.05471471960857],[-47.08025707000775,-24.05367666994232],[-47.07829795988289,-24.05590814964137],[-47.07288143043365,-24.05447465997753],[-47.07187155023183,-24.0554275501413],[-47.07060215986172,-24.0543237501409],[-47.06881927998575,-24.05590646970779],[-47.06614969015601,-24.05581529014347],[-47.06620855977718,-24.05948212020365],[-47.06312529979272,-24.05979812038692],[-47.06076776032381,-24.06171432025963],[-47.0587748500792,-24.05985905035487],[-47.05288997978869,-24.06076412986067],[-47.0490924197793,-24.05811158038506],[-47.04616475959591,-24.05196744993782],[-47.04351334956141,-24.05148579013706],[-47.04164002037061,-24.05319820003683],[-47.03945078002943,-24.05284187964901],[-47.03465418024621,-24.0547899595889],[-47.03456823023959,-24.05831759977735],[-47.0314788296842,-24.05993049969277],[-47.02872508039809,-24.06338430014529],[-47.02660682984128,-24.06355051014788],[-47.02265701011288,-24.05909128023836],[-47.01994420965752,-24.05938196990195],[-47.02005121998775,-24.05833195025923],[-47.01430577968796,-24.05559703997136],[-47.013783580248,-24.05339855010294],[-47.01678979980937,-24.05117587027013],[-47.01987285025177,-24.04607927014217],[-47.02030380987287,-24.03975726998198],[-47.02303145004134,-24.04061144965863],[-47.02543454017183,-24.03982580012052],[-47.02736021979825,-24.03837652016023],[-47.0308995098045,-24.03108158035059],[-47.03627241044336,-24.0282646797711],[-47.03589085957549,-24.0213927999377],[-47.03736994037041,-24.01969564973439],[-47.04022132995038,-24.01956922034321],[-47.04335127014497,-24.01592426988913],[-47.0433024999104,-24.01016479027282],[-47.0456388900227,-24.00632542977473],[-47.04960901014766,-24.00512126003809],[-47.05645670990918,-24.00701306040435],[-47.06082740965718,-24.0060984498835],[-47.06417006020007,-23.99454920957834],[-47.0601465095537,-23.9893425000563],[-47.06260246992798,-23.98609086989768],[-47.06265318989279,-23.98427909030772],[-47.0614702396598,-23.98404040034416],[-47.06270057966799,-23.98281315040651],[-47.06181895987703,-23.98045505965325],[-47.06506423992272,-23.98019290997479],[-47.06478158030563,-23.97411249019922],[-47.06761591963891,-23.97181542024538],[-47.06318556965829,-23.96903293042533],[-47.06629030005723,-23.96861150991322],[-47.06656699986712,-23.96463397038139],[-47.0676876900348,-23.96449571040864],[-47.06675468028425,-23.96272997970476],[-47.0674862499904,-23.95745180016041],[-47.06913695021007,-23.95439231015695],[-47.07353436971533,-23.95321654011121],[-47.07516534960115,-23.95080069039949],[-47.07657332999514,-23.95231605973834],[-47.07842261041509,-23.94954785025305],[-47.08085034017103,-23.94996783005126],[-47.08108170965312,-23.94832737041179],[-47.0795223904459,-23.94666500958249],[-47.08079068993834,-23.94507492007148],[-47.0917995995718,-23.93986792006842],[-47.09321098030244,-23.93696901031154],[-47.10107427006147,-23.94136858009585],[-47.1047622000155,-23.94131912008129],[-47.10325768999036,-23.93696208013586],[-47.10616514960191,-23.93696433023962],[-47.10933707014965,-23.92988651015429],[-47.11200456006236,-23.93355714974263],[-47.11351408021056,-23.93342837042292],[-47.11242167012392,-23.93003627965055],[-47.11577743008428,-23.92546834958461],[-47.12091452038874,-23.92989330992827],[-47.12196669031044,-23.93290256020492],[-47.12518270012146,-23.93126581026888],[-47.1287580196668,-23.93324110998918],[-47.13339001024076,-23.931997809851],[-47.13604798982283,-23.93340102024086],[-47.13552346023948,-23.93706248044907],[-47.14242038978909,-23.93909727032275],[-47.14560373982067,-23.93855689018829],[-47.14691758008223,-23.93453340968904],[-47.14827644040537,-23.93423346959889],[-47.1524665796689,-23.93825194986755],[-47.15786380966705,-23.93308987999393],[-47.16056919970873,-23.93585588973747],[-47.16278057956004,-23.93406697990713],[-47.17216274961118,-23.93436230017994],[-47.17541073032089,-23.93132456028019],[-47.17859112967687,-23.93316018989083],[-47.17818467028627,-23.93660668964696],[-47.17949455982603,-23.93710046961093],[-47.18334309970425,-23.93002250023812],[-47.18748216017349,-23.93137893958635],[-47.1905193496882,-23.92814865033989],[-47.1918969599767,-23.92843967994725],[-47.19138057015715,-23.93366714042617],[-47.18937605955745,-23.93471757015971],[-47.18899196990344,-23.93945298007094],[-47.19428004019164,-23.94194192038327],[-47.20016227996518,-23.93876314969958],[-47.20206862956354,-23.94509452978866],[-47.20031239030453,-23.94960316035753],[-47.19824508993889,-23.94886057035899],[-47.19735258025736,-23.95293896975761],[-47.1936679301308,-23.95321831986951],[-47.19532428978408,-23.95802603976989],[-47.20289476028489,-23.95918915005916],[-47.20841732969598,-23.96475533029422],[-47.20570924978199,-23.96618237002031],[-47.20602866019448,-23.96941879983768],[-47.20449468028522,-23.97128408998873],[-47.20058493974312,-23.96881195980404],[-47.19960632986817,-23.96972347036183],[-47.20075350956677,-23.97354357997222],[-47.19901748976531,-23.9721308700436],[-47.197077939895,-23.97342933999198],[-47.19662089993454,-23.97592266989528],[-47.19381821044203,-23.9747524198882],[-47.19464920020039,-23.97666546044258],[-47.19326774980675,-23.9802449699294],[-47.1944462798719,-23.98199462974833],[-47.19196908020882,-23.98410328004229],[-47.18862709966089,-23.99092794996488],[-47.19470780991747,-23.99203064020185],[-47.19677430988645,-23.9960368995832],[-47.20030820036311,-23.9983083100804],[-47.19979915980332,-24.00068471013122],[-47.20701841986414,-24.00307202975034],[-47.20908834984743,-24.00090396034943],[-47.21080727983207,-24.00114875041447],[-47.21438276035605,-24.00668651027416],[-47.22029481985004,-24.01026758997727],[-47.21843543015092,-24.01252865017705],[-47.22154495033914,-24.01432033981177],[-47.2258739898927,-24.01458452015942],[-47.23028925014876,-24.01222049028337],[-47.23328766988999,-24.01733789982416],[-47.23816294956043,-24.01604825042637],[-47.24434229026446,-24.02180050039271],[-47.24659730971803,-24.02226577004922],[-47.25036546009784,-24.02002084998219],[-47.25213019974888,-24.02283470006131],[-47.25389357962496,-24.02320218013648],[-47.25673441026476,-24.02151532986852],[-47.25724177988417,-24.01944129987606],[-47.25286662039815,-24.00863003964457],[-47.254423659824,-24.00614591969838],[-47.2635793598995,-24.00562415013439],[-47.26415257967778,-24.00889212007525],[-47.26066031971794,-24.01047211019966],[-47.26040152001411,-24.01344477965279],[-47.26543302991035,-24.01529448005618],[-47.26900883958626,-24.01460179973321],[-47.27223249003737,-24.01712303020366],[-47.2770407000682,-24.01426674021786],[-47.27606199036853,-24.01200810998625],[-47.27762229972933,-24.01066163962292],[-47.28232143998241,-24.01453384965737],[-47.28604191999858,-24.01358812978833],[-47.28641189029645,-24.0115454897325],[-47.28488146990389,-24.01063195030423],[-47.28443344025101,-24.00648903983728],[-47.28615565995568,-24.0059374802305],[-47.29408528011157,-24.01024789032783],[-47.30156138025347,-24.01115461019708],[-47.30651722029341,-24.00875005956755],[-47.31036552994522,-24.0085587602785],[-47.31455894993553,-24.01200734016658],[-47.31586462974883,-24.01643991956661],[-47.31848719043143,-24.0156796399034],[-47.32302494014885,-24.01742734009963],[-47.32632327030262,-24.0166194296429],[-47.32850801043628,-24.01416172997983],[-47.33024745035948,-24.0146961799847],[-47.33062837979583,-24.01729966964399],[-47.33285584042466,-24.01767684980672],[-47.3350990598737,-24.01457019036195],[-47.33445183038759,-24.01229350983755],[-47.34042750972174,-24.01280571960825],[-47.35517457015027,-24.02142473036696],[-47.35501809980542,-24.01908116006746],[-47.36047543958983,-24.01658277957159],[-47.36490285957927,-24.01056331044839],[-47.36264096031204,-24.00876765030677],[-47.36289717986091,-24.00643236006533],[-47.36901687033225,-24.00710616991375],[-47.36785365032569,-24.00845536971951],[-47.36860232963375,-24.00886151974328],[-47.37247173018613,-24.00860388016491],[-47.37279540968035,-24.00593401963926],[-47.36997204027739,-24.0049933602553],[-47.370584939943,-24.00038666041598],[-47.36890641020261,-23.9984253397576],[-47.37068703008231,-23.99645279016408],[-47.37808051040719,-23.99865854025938],[-47.38600745957655,-23.99485961957572],[-47.38481124973936,-23.99146229025246],[-47.38260886041053,-23.98972780019778],[-47.3882527699493,-23.98227999992201],[-47.39492653003526,-23.98438873025566],[-47.39593745974594,-23.98045882961128],[-47.40009073040284,-23.97889360005956],[-47.40344536980791,-23.97929691991686],[-47.40655274960966,-23.97712595020238],[-47.41002803036929,-23.9783649299975],[-47.4145712497633,-23.97770580967534],[-47.41807084009713,-23.979926350021],[-47.41705617999867,-23.98114743960264],[-47.41811328989638,-23.98151531987605],[-47.42693178017748,-23.97853163013059],[-47.43709837039341,-23.97871611975307],[-47.43951504028684,-23.98116277034552],[-47.44244207993802,-23.9817029202535],[-47.44501994971085,-23.98736946033227],[-47.4484944804359,-23.98775902955555],[-47.45249843035822,-23.98337031998426],[-47.45327870015183,-23.97830105025321],[-47.4631545296578,-23.97079861976044],[-47.46725578982279,-23.97162273959771],[-47.47216607020795,-23.97010572000295],[-47.47312603983482,-23.96461286958822],[-47.47517034993166,-23.96523793977906],[-47.48771175019709,-23.97881417013781],[-47.48690548010376,-23.98077156975211],[-47.48935149037891,-23.9835716404188],[-47.49612809963207,-23.98774004037051],[-47.50578422026553,-23.98924066982102],[-47.50987666977244,-23.99359000977108],[-47.51908811972089,-23.99734119983646],[-47.53684853043529,-23.9900346201016],[-47.58203753960072,-23.99045802991412],[-47.58002096999172,-23.98840578959545],[-47.57807669957998,-23.98306362958277],[-47.57482113039083,-23.98033019957899],[-47.57518589990929,-23.97495909038969],[-47.57241632974979,-23.97440151971432],[-47.57631488992018,-23.97056767026174],[-47.57561723994365,-23.9689020601819],[-47.56823962995492,-23.96458857979906],[-47.56682698028089,-23.9615100799262],[-47.56407583992802,-23.96027518035527],[-47.56571962975704,-23.95445085961944],[-47.54665009032936,-23.93565127958283],[-47.54965526038194,-23.93613402036868],[-47.55869553966738,-23.93237555029134],[-47.56211693035203,-23.93401176962743],[-47.56739019959798,-23.93143220013587],[-47.57057994021204,-23.92455993988926],[-47.57627839992819,-23.92415299036816],[-47.58050473960202,-23.913102040127],[-47.58155455959519,-23.91927599029469],[-47.59376933958333,-23.92450099022847],[-47.59432444971355,-23.93429340042007],[-47.59626800966089,-23.93755526036693],[-47.60065472993182,-23.93900638034012],[-47.60517723973777,-23.94290545042617],[-47.60838818996297,-23.94312174007621],[-47.61080535987941,-23.94568160991832],[-47.62384207974816,-23.94605422961894],[-47.62784544960778,-23.94390783028211],[-47.62853980986426,-23.95020043969851],[-47.6307482696169,-23.95089496003436],[-47.63144745023959,-23.95298747019552],[-47.63760028972155,-23.95822448956852],[-47.64484455003594,-23.95932557991154],[-47.64617749999161,-23.96368799960146],[-47.64803228965837,-23.95901808012025],[-47.65299432962456,-23.95781670008063],[-47.65775085022153,-23.9662542303484],[-47.66589947957726,-23.9628699699731],[-47.66633783971946,-23.95993909021678],[-47.66948247033969,-23.96106861982088],[-47.67194170964217,-23.96424182999641],[-47.67119366975203,-23.9678628800678],[-47.66944701007139,-23.96873354971348],[-47.66633189969735,-23.96627036958182],[-47.66174134988336,-23.97147096011668],[-47.6686591401072,-23.97909292040191],[-47.6699951099863,-23.98262250042802],[-47.67268332027896,-23.98308950038012],[-47.67527712963579,-23.98569800016253],[-47.68104594961085,-23.98695162002122],[-47.68375182978309,-23.99208092039811],[-47.68742567005859,-23.99345744970151],[-47.69062071037746,-23.99352933970721],[-47.69276155010539,-23.99134467961323],[-47.69746301960265,-23.99214541977528],[-47.70186468031068,-23.98804646996859],[-47.70766593973127,-23.99157677035163],[-47.71248651993693,-23.99116035996258],[-47.70990629034299,-23.99357433009123],[-47.71097772014565,-23.99510836036251],[-47.70982045005371,-24.00047399987517],[-47.71143370969793,-24.0048958395713],[-47.71506626029964,-24.00569178994408],[-47.7176718004132,-24.00783727017381],[-47.71817618967935,-24.00384288004483],[-47.7248736900687,-24.00272893029586],[-47.72713016012875,-24.00368512996471],[-47.73116016970602,-24.00038735019604],[-47.73281939010275,-23.99545919038928],[-47.73513643040189,-23.99434941978984],[-47.73843204999906,-23.98762639034561],[-47.74160360991863,-23.98712375026082],[-47.7574626101113,-23.99506313975206],[-47.76039141962826,-23.99146613035759],[-47.75874332024802,-23.99032983965031],[-47.75887057971346,-23.98878442036465],[-47.76762518035775,-23.98323509972005],[-47.77190553960895,-23.98451854019845],[-47.77294285992502,-23.98704445973397],[-47.77737213971244,-23.98919984959332],[-47.77981863022558,-23.98955743982395],[-47.78197836021309,-23.98704750034182],[-47.7840702498421,-23.98792452999299],[-47.78616189035893,-23.98506835961706],[-47.79727104022629,-23.97700102987358],[-47.79634652007582,-23.97156342031553],[-47.79790594000707,-23.96891158040506],[-47.80413765003249,-23.96577043016117],[-47.80549177992168,-23.96247194982061],[-47.80273255016704,-23.96088705029706],[-47.80188233020533,-23.9529880196813],[-47.80716936987051,-23.95073851037392],[-47.81063720963948,-23.95226492968271],[-47.81184081999783,-23.95817780036515],[-47.81347176031346,-23.95902180960877],[-47.81189917970335,-23.96203046003768],[-47.81349901966399,-23.96576860993338],[-47.81166725983616,-23.97027972982562],[-47.81805242028292,-23.97399732032005],[-47.82353496986292,-23.98685961038268],[-47.8315545995651,-23.9894013399998],[-47.83480064043715,-23.98786320971931],[-47.84356479008295,-23.98892009028987],[-47.85385671971181,-23.99411122984935],[-47.85644858023772,-23.9979133098513],[-47.85915764041272,-23.9987421304449],[-47.863422110442,-24.00289651985844],[-47.86092231980916,-24.00777753000898],[-47.86218914980935,-24.01101621982264],[-47.8576327301663,-24.01081410978327],[-47.85663084044091,-24.0125313202642],[-47.85722368972148,-24.01524994023254],[-47.85260961993799,-24.01724180006897],[-47.85155744012371,-24.02105468002941],[-47.8541190096845,-24.02407280031946],[-47.85670579983275,-24.02298677002335],[-47.85949728017528,-24.02438028032566],[-47.8604222203092,-24.03054878959495],[-47.86284093975752,-24.03328445980992],[-47.86429875967997,-24.0305774995519],[-47.86899605992016,-24.02914823040646],[-47.87002932968977,-24.03258998983614],[-47.86827951968405,-24.03574194993098],[-47.8702944399364,-24.03739050976418],[-47.87025744992133,-24.0394546499121],[-47.8680938402585,-24.04276933963325],[-47.87332704021071,-24.0502600897313],[-47.88016318997921,-24.05110615032851],[-47.88578782974452,-24.04779988006038],[-47.88859933978767,-24.04796306024701],[-47.89035410955449,-24.05227062039279],[-47.88963036035278,-24.05736986003097],[-47.88034580991115,-24.05945687983109],[-47.88352527037489,-24.06095165019843],[-47.88537747988676,-24.0637037501279],[-47.89076568968477,-24.0623541303388],[-47.89243121972498,-24.06466026995543],[-47.89558310967271,-24.06152414961974],[-47.89689358017455,-24.06161478959081],[-47.8978899597538,-24.06426424000261],[-47.90532371981379,-24.06514846962614],[-47.90693580044677,-24.06965033009863],[-47.90330534976204,-24.07429921983311],[-47.89941015035811,-24.07330607961183],[-47.89381982962141,-24.07714294988716],[-47.88861025036272,-24.07712620990662],[-47.8866584796051,-24.07899889967945],[-47.88432475957995,-24.07873996957392],[-47.87971604975587,-24.08068468964666],[-47.87611309044672,-24.08030885037311],[-47.87334954034895,-24.0772506796751],[-47.87413499023756,-24.0749574003637],[-47.86776579005914,-24.07561638039158],[-47.8661487901345,-24.07969521955869],[-47.86720472012172,-24.08618635971271],[-47.86163675023579,-24.08850428044815],[-47.86117101023387,-24.09157438964633],[-47.85826227988025,-24.0941427796655],[-47.85869372963185,-24.09780423987371],[-47.85573945041529,-24.10318977958462],[-47.84946668004324,-24.10581594025342],[-47.84385978030457,-24.10585487999867],[-47.83989929012012,-24.10766628007474],[-47.83707590003274,-24.110833480081],[-47.83706018977591,-24.11490783972499],[-47.82719481039214,-24.11684558015935],[-47.82342481999939,-24.1152633300386],[-47.81842234021877,-24.11636669027047],[-47.81612195986054,-24.11466854991363],[-47.814309879897,-24.11578965017219],[-47.80562786983029,-24.11568519031925],[-47.80239212979291,-24.11271415043763],[-47.80025004000731,-24.10763028021324],[-47.7951762098142,-24.10695827980072],[-47.79156386967679,-24.10314195993345],[-47.79104907975119,-24.10748501002513],[-47.79394629968192,-24.11671085991821],[-47.79173225963603,-24.11839076022534],[-47.79007498986886,-24.12268342040346],[-47.79338554990318,-24.13036069978642],[-47.78865606022896,-24.13213715040911],[-47.78938135986181,-24.13818796989887],[-47.79339871957518,-24.14134284019985],[-47.79375194989251,-24.14394554025444],[-47.79196271990355,-24.14621097026003],[-47.79458449008212,-24.14874137021803],[-47.79397131972058,-24.15160372972832],[-47.79898225043047,-24.15378282032088],[-47.8006589302654,-24.15236367034709],[-47.80870637959572,-24.15572622018885],[-47.80994278013515,-24.15690932960183],[-47.80831283986561,-24.15888579034691],[-47.81204008008558,-24.16245742986644],[-47.81178801000863,-24.16458618990072],[-47.81448979017165,-24.16554194980108],[-47.82102858000491,-24.16418933976615],[-47.82853392969707,-24.16994290993728],[-47.83126549001031,-24.16917962024326],[-47.83531748981028,-24.17236582022639],[-47.83868129960223,-24.16898570032976],[-47.8412607503833,-24.16979819013432],[-47.83993461009413,-24.15972615014169],[-47.84291410000566,-24.16029205033783],[-47.84757668011963,-24.15827015044704],[-47.84963626969807,-24.1602693397582],[-47.85225983042682,-24.15864544023481],[-47.85242825995618,-24.15670932037881],[-47.8587443596644,-24.15628278002623],[-47.86343733956153,-24.15345688982359],[-47.86669229001711,-24.15319622042921],[-47.87595205963981,-24.1782807800339],[-47.89623352995341,-24.17746722003614],[-47.91040843000502,-24.20128491007051],[-47.94171628018216,-24.20293973008444],[-47.9451340097267,-24.20501437970984],[-47.94477450034287,-24.21281428974766],[-47.94681926999328,-24.21523200015662],[-47.95235636975065,-24.20593416043312],[-47.96683438989515,-24.21007077024979],[-47.98237920023985,-24.22723182958521],[-47.99248994975136,-24.24375773013509],[-48.00598804970866,-24.23196689955273],[-48.03530024041373,-24.23006693963748],[-48.03387789964529,-24.2266815200361],[-48.03706851979632,-24.22559807978752],[-48.04022003023016,-24.22210126026488],[-48.05539431989189,-24.22490411972927],[-48.05483017966901,-24.21954385006859],[-48.06046757991481,-24.21885936976406],[-48.06574271975069,-24.21499098994218],[-48.06652252999072,-24.21199992035997],[-48.06964095976247,-24.2111820004489],[-48.07456289985788,-24.20714535027764],[-48.07950392986243,-24.20119891959445],[-48.08491350035769,-24.19993545036073],[-48.08908927025357,-24.19598674039571],[-48.09086030965551,-24.19371967002672],[-48.08739731003777,-24.1933777396909],[-48.08481149025801,-24.19104011031277],[-48.08219398016803,-24.19214702016882],[-48.08203772026451,-24.19000882984358],[-48.07993745974591,-24.18759264018814],[-48.0813136895751,-24.18232763031585],[-48.0804748100644,-24.18084919973074],[-48.07833924036362,-24.18096558998997],[-48.07554588043797,-24.17796065016381],[-48.07588707962498,-24.17623244007501],[-48.07295878991619,-24.17394040992195],[-48.07242539031944,-24.16744238995426],[-48.07137128955333,-24.16659537967297],[-48.07209085960545,-24.16484559035166],[-48.06997553993915,-24.16329149980282],[-48.07127844984052,-24.15969223041208],[-48.07066397995868,-24.15752805957226],[-48.07326594976371,-24.15802700973865],[-48.07573324968968,-24.15613274972657],[-48.0757728801143,-24.1578348695835],[-48.07906032037744,-24.15944612014226],[-48.07889140971076,-24.16078202976684],[-48.08257741961216,-24.15999690003684],[-48.08327836020811,-24.16128535963162],[-48.08618781991191,-24.16163137019151],[-48.0865618002868,-24.16020118014029],[-48.08845066976255,-24.15957841041524],[-48.09278865037589,-24.16166604984829],[-48.09311040981754,-24.15977068007277],[-48.09558848991685,-24.15872945040377],[-48.09615687044317,-24.15473083975638],[-48.10137904021047,-24.15031476021795],[-48.10956485023763,-24.13715155969669],[-48.10694298023429,-24.13510458041202],[-48.10798241035991,-24.13375266015709],[-48.10653058981484,-24.13115317967544],[-48.10751946994753,-24.12854603966792],[-48.10639297015939,-24.12703539986376],[-48.11387696005363,-24.1301503798361],[-48.11549580988367,-24.12737763956636],[-48.11295810023609,-24.12496526033846],[-48.11664934958776,-24.12298295040279],[-48.11923435008515,-24.12321475965337],[-48.12020323019487,-24.11593915976437],[-48.12621317999424,-24.11251736978073],[-48.12700514996766,-24.1091014496721],[-48.129274449756,-24.11140467008943],[-48.13027504985365,-24.10788537021364],[-48.13304980010815,-24.10764782958364],[-48.13311569972973,-24.11014017023263],[-48.13706890990221,-24.11045602022909],[-48.13868497992786,-24.11222491025137],[-48.14347025005196,-24.11368920978913],[-48.14208408990879,-24.11544695990921],[-48.14313220029078,-24.11648314977748],[-48.14226116012441,-24.11899598957319],[-48.148075910275,-24.12242634020339],[-48.14750343963198,-24.12338676039064],[-48.15032343028201,-24.12771347969328],[-48.1523279399824,-24.12800670994164],[-48.15089432980943,-24.13051838961195],[-48.15624936991247,-24.13879177022397],[-48.15610965034006,-24.14228137988175],[-48.15997893038326,-24.14335496985592],[-48.16293493000296,-24.14672006028252],[-48.16721045989476,-24.14772658961039],[-48.1678361101483,-24.14968274006634],[-48.17008071005671,-24.15003040987546],[-48.17244052031373,-24.1526175903295],[-48.19917379983093,-24.1527901900152],[-48.20183471030361,-24.14466481982555],[-48.20052724983265,-24.1432448002073],[-48.20069590958849,-24.13922246994099],[-48.20496453988159,-24.14031378015676],[-48.20599142986055,-24.13921854979617],[-48.20557128998303,-24.13611616033251],[-48.20711431976997,-24.13606475958096],[-48.20801807997037,-24.13443654960702],[-48.20582770018819,-24.13124519021329],[-48.20795497004576,-24.1320120097464],[-48.21021282955837,-24.12860286962666],[-48.21328819979055,-24.12942096040894],[-48.21362830000601,-24.12733573025969],[-48.21806516017898,-24.12482419987685],[-48.22042960014591,-24.12536552969539],[-48.22857935994944,-24.13482419967704],[-48.22816559986251,-24.13726148023306],[-48.22981445017672,-24.13937712005799],[-48.22672688963422,-24.14050969026994],[-48.22737057039546,-24.14216316040148],[-48.23041007026848,-24.14109371000666],[-48.2306689796896,-24.14328830041467],[-48.23263299022028,-24.14342244958635],[-48.23294777002354,-24.15138242995511],[-48.2370619102789,-24.15286542010301],[-48.24137459026508,-24.15641635003448],[-48.24031367983241,-24.15899706975893],[-48.24448624004788,-24.16230389041215],[-48.24379634042873,-24.16317865017453],[-48.2468835898058,-24.16475005986734],[-48.24886426027734,-24.16436485955057],[-48.24998098983076,-24.16619502038384],[-48.25684921032274,-24.16634265039295],[-48.25837884021126,-24.16840007979982],[-48.27125729019173,-24.17169981019805],[-48.27960213003422,-24.16837046962144],[-48.284057250042,-24.16545092042361],[-48.28563720958948,-24.16242817042371],[-48.28909174029155,-24.16322723964532],[-48.28941426955288,-24.16468141011893],[-48.29370405999435,-24.16617671018696],[-48.29145848971746,-24.16774492998451],[-48.29456916013856,-24.16927486024656],[-48.29318031012315,-24.17049203957595],[-48.29764108956459,-24.175689450108],[-48.29971509977202,-24.17623376027979],[-48.30050531966475,-24.17450113002309],[-48.30125675989149,-24.17615437982073],[-48.30320105998089,-24.17668946025037],[-48.30301201978887,-24.17960569005049],[-48.30111104993495,-24.18078620042274],[-48.30274129957127,-24.18372269014998],[-48.3048273696873,-24.1836619904085],[-48.30541361974269,-24.18629019973287],[-48.30764068017322,-24.1875298297378],[-48.31038883028026,-24.18653983984171],[-48.31776475044285,-24.18776716981898],[-48.32109041998683,-24.19558107960307],[-48.32414614003227,-24.1970922500073],[-48.32597477021943,-24.20057042028861],[-48.32820917001715,-24.20071724990112],[-48.32875934017136,-24.20279450036583],[-48.33618107000035,-24.20573233008292],[-48.34868200976689,-24.23109304001173],[-48.3524074900136,-24.23485247955824],[-48.35444452009847,-24.23914302992682],[-48.36207781004288,-24.24129850971838],[-48.37102218022937,-24.23791094973052],[-48.37710409018155,-24.24257452989059],[-48.3814695603719,-24.24411268984869],[-48.38325338003943,-24.24632602032955],[-48.38752245010096,-24.24628387000456],[-48.39425253023006,-24.26086542999553],[-48.41314148039498,-24.27850120996283],[-48.41156719017363,-24.28110148994176],[-48.41203592042137,-24.28502919983765],[-48.41574433962955,-24.28818665029365],[-48.41643026964118,-24.29205576036503],[-48.41827115039325,-24.29349223038207],[-48.41812064974812,-24.29756854964882],[-48.42755726025933,-24.30961683994514],[-48.43002842996805,-24.30927060005808],[-48.43817047988369,-24.30417501976132],[-48.44596962010183,-24.30667846973557],[-48.45620377008788,-24.29554077988303],[-48.45639871972509,-24.29728807988096],[-48.45464605976781,-24.29945218956686],[-48.45669632967184,-24.3004995202366],[-48.46305761042032,-24.30067713993799],[-48.4680479799303,-24.29859258967622],[-48.47494488969488,-24.30012412972474],[-48.48330894984809,-24.29838268970934],[-48.48375124002769,-24.29643708020706],[-48.48223345960645,-24.29280743981144],[-48.48648682031046,-24.29180566969586],[-48.49766359020248,-24.29904054018874],[-48.49793384007461,-24.30088442017978],[-48.49508246038721,-24.30381411013303],[-48.49606785025105,-24.30553857994147],[-48.49371381993677,-24.3089557896779],[-48.50271502008206,-24.31802970990316],[-48.49955184004534,-24.31923027965365],[-48.49843473997123,-24.3241790204454],[-48.49975529996709,-24.32772193022288],[-48.50278487042539,-24.33089515029093],[-48.50279815970725,-24.33308452013443],[-48.50073448990474,-24.33517911042753],[-48.50104767970663,-24.33830290015868],[-48.49865694985829,-24.33791444969205],[-48.49540476032138,-24.34227956015354],[-48.49685468959223,-24.34699280987024],[-48.49933367980543,-24.34939885966958],[-48.50163327955215,-24.34977711991809],[-48.50548077981409,-24.35500972991508],[-48.50317489020898,-24.35904167033675],[-48.49690011974468,-24.36206120975697],[-48.49306044987981,-24.36904895014891],[-48.49066252005923,-24.36967266955799],[-48.49237956956142,-24.37274380038605],[-48.49203228016557,-24.37705976019976],[-48.4898661200254,-24.37681807999036],[-48.49319389038567,-24.38111727014586],[-48.49307684991663,-24.38415172032558],[-48.49502467984507,-24.38542685016898],[-48.49319769991388,-24.38716663992847],[-48.49741515968185,-24.38929707000375],[-48.50116726975364,-24.38648511029953],[-48.50279360014451,-24.38667442028822],[-48.50291211999831,-24.38856644998162],[-48.50503402000396,-24.39052129012538],[-48.50446474015558,-24.39576783961405],[-48.50591880001258,-24.39615375039523],[-48.50709346029493,-24.39405465989461],[-48.50835680991878,-24.39416392032859],[-48.50742573011331,-24.39625709958545],[-48.51129160981992,-24.40011079977353],[-48.51063280965639,-24.40178967035695],[-48.51723110043491,-24.40177169021126],[-48.51815519970268,-24.4027011998005],[-48.51739768005882,-24.40388744964605],[-48.51932260965066,-24.40525308995808],[-48.5178282700586,-24.40712048002609],[-48.52090116985306,-24.40659046997416],[-48.52107674989207,-24.40826711023891],[-48.49594644986871,-24.41329898975653],[-48.49021846001386,-24.41594963986392],[-48.47590028986644,-24.41828945009797],[-48.47117475990723,-24.41561135987632],[-48.46793094036059,-24.41195636039765],[-48.46451512007667,-24.41197785959048],[-48.45841891989721,-24.41729043010923],[-48.45682226983183,-24.41593222988843],[-48.45135826966839,-24.41584026971265],[-48.44325813985125,-24.41994235005939],[-48.4395063598306,-24.41653386014946],[-48.43713886037006,-24.41639162966993],[-48.4349509896964,-24.41219240005915],[-48.42503852990421,-24.40775159006381],[-48.42061489965783,-24.4010577499152],[-48.41703823023011,-24.40055550013619],[-48.40357034029893,-24.40292340968756],[-48.40039389975863,-24.40945465960482],[-48.39354897980155,-24.41557945013147],[-48.39298120002235,-24.41715482043855],[-48.39716812960546,-24.42402510037806],[-48.40370762990318,-24.42677121981592],[-48.40573292023805,-24.43381515974181],[-48.40421925961112,-24.43709967990628],[-48.41016620020991,-24.4401925698312],[-48.41352097001669,-24.44383450036185],[-48.4146977500011,-24.45154879044429],[-48.42512254996569,-24.45526563989733],[-48.42736767957473,-24.45831761966235],[-48.42717607001958,-24.46199513996368],[-48.4331901504051,-24.46147603958752],[-48.43396260958673,-24.47965110971091],[-48.43297252975839,-24.48416736023546],[-48.43538160038054,-24.48783664994141],[-48.43640683021101,-24.48906740004043],[-48.44678249031961,-24.49191036027486],[-48.44949122044341,-24.49435309971574],[-48.44927116982859,-24.50064967963897],[-48.4576759602773,-24.50404612043206],[-48.46190279997421,-24.50954019032747],[-48.46545206975719,-24.50974408012513],[-48.46480634034032,-24.51380616042593],[-48.46599339957567,-24.51618957968532],[-48.45938752031776,-24.51801604970086],[-48.45550047956345,-24.51763589997677],[-48.44920058024252,-24.51196505034676],[-48.44045447999019,-24.50925608999648],[-48.43824955996917,-24.49818603006122],[-48.43368071978932,-24.49576843026881],[-48.43000789035182,-24.4900377901119],[-48.42798829002754,-24.49289616022958],[-48.42067161000676,-24.49348405964162],[-48.41320309025036,-24.49209986002046],[-48.40634756009177,-24.49373023016597],[-48.4015906303033,-24.4895659203309],[-48.39232481004188,-24.4892876799824],[-48.39049706029107,-24.48690174981584],[-48.39419497991435,-24.48468618002312],[-48.3930727698924,-24.48171456007884],[-48.39016592002116,-24.48036123957951],[-48.38559346007008,-24.4809827997164],[-48.37819602992278,-24.47366439029935],[-48.37158455957973,-24.47258868961632],[-48.36905853032687,-24.47053655991425],[-48.3643546803242,-24.46960290984634],[-48.3618171901112,-24.468314370212],[-48.36181917041836,-24.46635812982379],[-48.35854545021232,-24.462725400257],[-48.35552154997953,-24.46272907039025],[-48.3520882900425,-24.46094940019464],[-48.35206836016664,-24.45565837023753],[-48.35058063958479,-24.45430921000201],[-48.3502895002602,-24.45088390007186],[-48.35210578005768,-24.4456513701146],[-48.34753193964724,-24.44395811037845],[-48.34737013002746,-24.44049498035901],[-48.34960207017934,-24.43476360006002],[-48.35825805026877,-24.43354899009375],[-48.35735562016572,-24.42709071026803],[-48.36131268033591,-24.42294905975126],[-48.35260844982008,-24.42276548024267],[-48.34594702033866,-24.42011467005591],[-48.3392476403663,-24.41225554955395],[-48.33930676989149,-24.40998650966964],[-48.33517241017853,-24.40754145987046],[-48.33237905025294,-24.40632069044744],[-48.32224225997226,-24.41159786994569],[-48.3185666597235,-24.41697802001954],[-48.31388832978257,-24.41629047032887],[-48.30558223003584,-24.41971382962947],[-48.29985643003016,-24.41283046005765],[-48.29703822993031,-24.41314202028798],[-48.29477471008477,-24.41556189986176],[-48.29449100005957,-24.42246118023922],[-48.28596732013568,-24.42318094004833],[-48.28115080036912,-24.42596389032121],[-48.28120559965868,-24.42790730008181],[-48.2862789900833,-24.42963953014015],[-48.2855652800136,-24.43194572011885],[-48.28042451957589,-24.43402251013072],[-48.28414545015238,-24.4360594197064],[-48.28569891027644,-24.44002400000755],[-48.28390652996234,-24.44378231989811],[-48.27543825007513,-24.4452326898367],[-48.27211840004406,-24.44856122012419],[-48.27501588977145,-24.4631154901877],[-48.27643425014048,-24.46437147975996],[-48.28129446976391,-24.46496560967512],[-48.28312438957886,-24.46778594026887],[-48.28586293042986,-24.46919731020768],[-48.28578649974713,-24.4744732504401],[-48.28186939016018,-24.47578741985348],[-48.27998583028182,-24.4795468396149],[-48.27770235987595,-24.48042876967196],[-48.27823599959169,-24.48250971005501],[-48.27365128997502,-24.48885120032259],[-48.2746585999144,-24.49061323031628],[-48.27170255982526,-24.49299135976338],[-48.27192037022888,-24.49487523980042],[-48.27429948982956,-24.49630063016991],[-48.27111243009455,-24.50250842992006],[-48.27267721987778,-24.5065752001853],[-48.26675554033585,-24.5119016796188],[-48.26830825042538,-24.51742065983552],[-48.26722911972803,-24.52053713987704],[-48.27599507970911,-24.52080045957348],[-48.28101992023306,-24.52282558982904],[-48.28229475959546,-24.52500465973719],[-48.27979763994909,-24.52514491980219],[-48.2774396400273,-24.52827733043443],[-48.28532213031201,-24.53626841025886],[-48.2965294402814,-24.54169154972521],[-48.30021932985812,-24.54626859981596],[-48.30299402975061,-24.54727549966452],[-48.30199718971846,-24.54970769995037],[-48.31093253970488,-24.55261991967353],[-48.31476123963944,-24.55811152992311],[-48.32565960011044,-24.56539107963459],[-48.32519831984655,-24.56652090961222],[-48.32778202981677,-24.57102384027797],[-48.32404429990447,-24.57738648979461],[-48.32451513006913,-24.58518621007551],[-48.32764445962408,-24.58934516984368],[-48.33238420966353,-24.58896015029063],[-48.33547796023964,-24.59633520980202],[-48.33804066024823,-24.59765874025862],[-48.33804040034414,-24.59860199958257],[-48.33548802005606,-24.5984645202214],[-48.33287226004671,-24.60565125989768],[-48.32868434031002,-24.60477226972444],[-48.32613032955101,-24.61069468041512],[-48.32579751024684,-24.61374617004964],[-48.32966688022231,-24.62063765960028],[-48.32428543962129,-24.61842313032315],[-48.32201722981125,-24.61007356004671],[-48.31631927011819,-24.60650806019879],[-48.3102562504256,-24.60861611963816],[-48.30917856044215,-24.61214943994463],[-48.31097184997088,-24.61749854991808],[-48.30787626028115,-24.61996548022267],[-48.30070742970406,-24.61779121988883],[-48.29502317028306,-24.61975216013406],[-48.29609568017145,-24.62235034019602],[-48.29856541006558,-24.62411400965379],[-48.29554376982907,-24.62469005959855],[-48.29647865016955,-24.62785884960618],[-48.30036172041702,-24.62804326008836],[-48.30458475957897,-24.63131105016481],[-48.3037442900669,-24.63231484015768],[-48.29832128010293,-24.63167681972942],[-48.29692061029789,-24.63439631024147],[-48.30039914030806,-24.63766094999278],[-48.29458397017402,-24.63951917956643]]]}},{"type":"Feature","id":"uc-uso-sustentavel-057","properties":{"id":"uc-uso-sustentavel-057","nome":"Área de Proteção Ambiental Silveiras","nome_origem":"Frea de Prote Co Ambiental Silveiras","natureza":"camada fornecida para a demonstração","fonte_arquivo":"assets/layers/Areas_Protegidas_US_DG_UCs_Uso_Sustentavel/Areas_Protegidas_US_DG_UCs_Uso_Sustentavel.kml","tipo":"Unidade de Conservação","categoria":"Área de Proteção Ambiental","orgao_gestor":"Fundação Florestal do Estado de São Paulo"},"geometry":{"type":"Polygon","coordinates":[[[-44.74893640998727,-22.78453759023756],[-44.74556097016261,-22.77233359042282],[-44.74374039969962,-22.76985202005466],[-44.74411647999153,-22.76351738981566],[-44.75058196968212,-22.75912821979148],[-44.75845599015179,-22.76208095037549],[-44.76536584026127,-22.75778012974916],[-44.76585045973087,-22.75570368957358],[-44.7639388104277,-22.75298075016144],[-44.75508108992034,-22.7473538503998],[-44.74986130965169,-22.74215987977459],[-44.74883779033172,-22.73900369016815],[-44.74700761960594,-22.73772029015925],[-44.74774279019755,-22.73550150978679],[-44.74448876964095,-22.73394726005796],[-44.74448763019996,-22.73272897995844],[-44.74532908986555,-22.73050725970222],[-44.75760466042669,-22.72896055978197],[-44.75875418016125,-22.71985390963016],[-44.76709330031554,-22.71300415042117],[-44.76921206978113,-22.70825423984127],[-44.77399364998689,-22.70332904959594],[-44.77149831009888,-22.70125240977086],[-44.77011617981782,-22.69722496955666],[-44.76951525012862,-22.69435882030325],[-44.77088946997304,-22.68913978017667],[-44.76916349020286,-22.68714956969683],[-44.76941497032459,-22.68525659031934],[-44.77352336031481,-22.68288702961269],[-44.77203731966654,-22.68052189986577],[-44.77421573037162,-22.67729972969875],[-44.77383088978371,-22.67483714042163],[-44.77157286029922,-22.67054182004892],[-44.7723125895543,-22.66874236027166],[-44.77025938965909,-22.66752272039719],[-44.77082190031041,-22.66492476966232],[-44.76496239989478,-22.66148863009613],[-44.76572406990988,-22.6603593999663],[-44.76482803038925,-22.65783070961953],[-44.76666533993347,-22.65388766988002],[-44.76082025025431,-22.64740511015765],[-44.7658762199116,-22.64405002019225],[-44.76357867961235,-22.64023805034572],[-44.76454704980648,-22.63677647975072],[-44.76293529023144,-22.63585163044831],[-44.76327846972555,-22.63391558973262],[-44.76586697038431,-22.63160769014274],[-44.76327880966932,-22.62959560005686],[-44.76332874002929,-22.62730480017632],[-44.76659540955046,-22.62725215026649],[-44.7664509100814,-22.62484027016228],[-44.76849540993516,-22.62258933003352],[-44.76717234982402,-22.62085239022559],[-44.7697289704156,-22.61743567961287],[-44.77362016963508,-22.61390608969424],[-44.77610946967621,-22.61426185969702],[-44.77593483032814,-22.61256959011445],[-44.77879335962581,-22.60967848017765],[-44.77909460013564,-22.60544497020913],[-44.7938162897899,-22.61441506010692],[-44.79816488959796,-22.61579561027912],[-44.79949977039803,-22.61512764962129],[-44.8044966501003,-22.61984333020547],[-44.80807757961657,-22.62110840023246],[-44.81301883984753,-22.62023457036906],[-44.81284706034353,-22.61551935023778],[-44.81647166003904,-22.61359314990392],[-44.81598183979003,-22.6120211601484],[-44.81969417014977,-22.60593238027508],[-44.81962865993466,-22.60021008043083],[-44.82156680956058,-22.59876762992212],[-44.82978176031992,-22.600719940273],[-44.83305915965246,-22.60034536005026],[-44.83399221976509,-22.60213072025647],[-44.83753676990597,-22.60321718042849],[-44.84945027970662,-22.60186248036911],[-44.85002246976114,-22.60379501013159],[-44.85632531975767,-22.60549026006743],[-44.85641426990259,-22.60996765987954],[-44.85889605970533,-22.61250906034479],[-44.86552940965447,-22.61465062042976],[-44.87189535968304,-22.61895036996356],[-44.87296190976429,-22.62150034996114],[-44.87678450959737,-22.62024153022242],[-44.88214470011775,-22.61600764973321],[-44.88546958005702,-22.61744508022622],[-44.88705996994162,-22.61105236997088],[-44.89471945983519,-22.60907382999324],[-44.89873164035288,-22.60926745043247],[-44.90426978961904,-22.6120688799748],[-44.90571299016233,-22.61136813003515],[-44.91155801958689,-22.61349020001268],[-44.91002030029659,-22.6167944000415],[-44.91212479032674,-22.62083218965381],[-44.90745450032489,-22.62540868036626],[-44.90367389973062,-22.6269312496774],[-44.9045841197613,-22.6317097595977],[-44.90254981012561,-22.63849940002723],[-44.90792973986555,-22.63914623021429],[-44.90872150029696,-22.64294151044231],[-44.91241547999039,-22.64478785007918],[-44.91359922972066,-22.64720909032724],[-44.91649010043773,-22.64758335039124],[-44.9180749001365,-22.65020145043655],[-44.92146469044309,-22.64931604000321],[-44.92466125960942,-22.65128299041766],[-44.92406929975834,-22.65400457005484],[-44.92636812968539,-22.65438629988779],[-44.92633747989072,-22.65625906970024],[-44.92308312028973,-22.66439647012095],[-44.91977701999343,-22.6671969904487],[-44.91959331997572,-22.67092353009679],[-44.91261631029442,-22.68033272027878],[-44.9094164199318,-22.67926560002735],[-44.90438976997189,-22.67995974984251],[-44.90161191975426,-22.68173870957372],[-44.90207772001071,-22.6842470302762],[-44.89318201034143,-22.6898313597294],[-44.90048829959528,-22.69063442014232],[-44.90545280999913,-22.68919612989743],[-44.91204382975889,-22.68937361020392],[-44.9245643900345,-22.69681099992766],[-44.92398845969961,-22.7000751603403],[-44.92190812006362,-22.7025630898147],[-44.9181695196076,-22.70627217002459],[-44.9130906604056,-22.70819723001813],[-44.91887778967822,-22.71159279037494],[-44.91763686015292,-22.71872547989693],[-44.91539306963443,-22.72017131005788],[-44.91953407983385,-22.72622244970626],[-44.91530996957937,-22.72859673005502],[-44.91661164021497,-22.7319522597889],[-44.91351493986252,-22.73415993982934],[-44.91264835044097,-22.73938138024647],[-44.91425442989799,-22.74053408987629],[-44.91205643016008,-22.74264332023301],[-44.91459470997785,-22.74437254026049],[-44.91748663020377,-22.74897526959296],[-44.92039017956307,-22.7501494802143],[-44.92194972989608,-22.75398421010317],[-44.92019103009193,-22.75537851001019],[-44.92020266012463,-22.7621440198306],[-44.91885343963452,-22.76348774995967],[-44.91990638027517,-22.76565925027415],[-44.91473799985874,-22.76964649978606],[-44.91505825023802,-22.7789040795596],[-44.91068602973644,-22.78106167995253],[-44.91136714028124,-22.78438353007579],[-44.90836594972876,-22.78533797966401],[-44.90866688986506,-22.78658909041417],[-44.90563525006672,-22.78660927030154],[-44.9079912400037,-22.78923369977537],[-44.90581843027627,-22.79075057008271],[-44.9068094400036,-22.79264151969033],[-44.90568419027312,-22.79431546019032],[-44.90830975019475,-22.79937143974013],[-44.90780019971942,-22.80764626016673],[-44.90995731987437,-22.80911849981885],[-44.90659492021933,-22.81172862017962],[-44.90833831985753,-22.81415953983083],[-44.90632116029326,-22.81522261043506],[-44.90725131019974,-22.8174375201254],[-44.90292004032756,-22.82179908995602],[-44.90333661978912,-22.82351727979858],[-44.90104686042423,-22.82703953035002],[-44.89726794965611,-22.82940883025327],[-44.89678438958788,-22.83417596015238],[-44.89401191012149,-22.83701317012168],[-44.89343301022518,-22.83910406959711],[-44.89529543963278,-22.84048585993446],[-44.89473010960683,-22.84351782978399],[-44.89726316975941,-22.84607401960028],[-44.89079708022103,-22.8508521302216],[-44.89229600995287,-22.85241831035671],[-44.8890782401686,-22.85567474019706],[-44.88914027000743,-22.85958465970424],[-44.88959532966066,-22.8631192804304],[-44.89228856986159,-22.86777570018836],[-44.88882805956723,-22.86944160974247],[-44.8960631899642,-22.87394641009871],[-44.8962867299486,-22.87566481038266],[-44.89948207963425,-22.87805406983938],[-44.90790539971437,-22.8808849296957],[-44.90822983014249,-22.88345864999667],[-44.91032360025389,-22.88516348041026],[-44.90862169983154,-22.88881453995901],[-44.91044467957823,-22.88949126001359],[-44.90662584970318,-22.89161047014704],[-44.9080138597518,-22.89213565983277],[-44.90884224957011,-22.8958528995916],[-44.90093560979051,-22.89559018963547],[-44.90127693038596,-22.89454047036639],[-44.90017512957854,-22.89501385010902],[-44.89674006020556,-22.89301330012364],[-44.89870408962202,-22.8908502696242],[-44.8976192500283,-22.88913164990566],[-44.89476176034691,-22.89140846982497],[-44.89110962970562,-22.88842243015097],[-44.88968872965108,-22.8887521602839],[-44.88844947016685,-22.88660166993105],[-44.88653967976239,-22.88724034956243],[-44.88567195000047,-22.88569368021911],[-44.88309552004216,-22.88661290965803],[-44.88457456036764,-22.89033763987015],[-44.88135475002167,-22.88996821995732],[-44.87954838974633,-22.88843574011725],[-44.87981249994687,-22.88728583007696],[-44.87849271966326,-22.88770177012054],[-44.87571810970297,-22.88496728970858],[-44.87120271982963,-22.88387093969209],[-44.87260812006866,-22.88286595989609],[-44.8723926901705,-22.88137000961819],[-44.86880020976184,-22.88086455015883],[-44.86870979012468,-22.87887978957059],[-44.86842846959814,-22.87986481970563],[-44.86646785041091,-22.87805128014242],[-44.86548117001996,-22.87963948017784],[-44.86430196006734,-22.87930749004857],[-44.86044442966664,-22.8734450299641],[-44.85767456003288,-22.87296779033119],[-44.85818918987917,-22.87104817033673],[-44.85718089967872,-22.87026451009899],[-44.85646618956298,-22.87129850022558],[-44.85518843999449,-22.86896791973368],[-44.84734977996834,-22.87144140969326],[-44.84548264980441,-22.86872239042594],[-44.84313351000344,-22.86834568960182],[-44.84154632979926,-22.86503741024825],[-44.82525458033456,-22.85867230018647],[-44.82263296034279,-22.85887108003629],[-44.81817862993978,-22.86529260996593],[-44.81562646998555,-22.86507444972602],[-44.81488538994876,-22.86235544035122],[-44.80665948005094,-22.8590316297059],[-44.80606581958187,-22.85587492029128],[-44.80804877972736,-22.85281509034411],[-44.80657908965321,-22.84992934036671],[-44.81003030995078,-22.84625057000778],[-44.80542956991866,-22.84553174999024],[-44.79820134001977,-22.84016257973923],[-44.79875755991344,-22.8373683600617],[-44.79713025016088,-22.83178038026028],[-44.78862709006813,-22.83106732040045],[-44.78520444033262,-22.82475108039802],[-44.77414004972348,-22.82050254006015],[-44.77051872985544,-22.81627983994264],[-44.7723252601026,-22.81536902995674],[-44.77902304018113,-22.81589587979096],[-44.7810133801633,-22.81263499021259],[-44.77924006997318,-22.80235031991128],[-44.77647935993446,-22.79650818990098],[-44.76784847992337,-22.7904074697289],[-44.76158138966935,-22.78877397983524],[-44.7579295396165,-22.78945120980546],[-44.74893640998727,-22.78453759023756]]]}},{"type":"Feature","id":"uc-uso-sustentavel-058","properties":{"id":"uc-uso-sustentavel-058","nome":"Área de Proteção Ambiental Sistema Cantareira","nome_origem":"Frea de Prote Co Ambiental Sistema Cantareira","natureza":"camada fornecida para a demonstração","fonte_arquivo":"assets/layers/Areas_Protegidas_US_DG_UCs_Uso_Sustentavel/Areas_Protegidas_US_DG_UCs_Uso_Sustentavel.kml","tipo":"Unidade de Conservação","categoria":"Área de Proteção Ambiental","orgao_gestor":"Fundação Florestal do Estado de São Paulo"},"geometry":{"type":"Polygon","coordinates":[[[-46.63412628979637,-23.42927146030962],[-46.63155905001008,-23.42814254044583],[-46.62733643982477,-23.42318684969331],[-46.62142966025056,-23.42224863017009],[-46.62321673996053,-23.41665950013578],[-46.61829936032717,-23.41820417028617],[-46.6129088401708,-23.41732853008756],[-46.61426215977082,-23.41263056974498],[-46.61139625962966,-23.40975435977583],[-46.61243465013894,-23.40518011017389],[-46.60974334977573,-23.40357781956067],[-46.60573777028185,-23.39768183005236],[-46.59873262980699,-23.39435860036906],[-46.60066866962336,-23.38836848961404],[-46.58520378023024,-23.38044567013151],[-46.58308282990862,-23.37707995017951],[-46.58079270002304,-23.37667163998418],[-46.58012484998181,-23.3732526100199],[-46.56865048992813,-23.37581562029459],[-46.56504903968141,-23.3705909297276],[-46.55997566004862,-23.368539270371],[-46.55543165015047,-23.36406461978635],[-46.55130868035127,-23.35716209015828],[-46.54320323014491,-23.35853516966233],[-46.54065954989829,-23.36127149997969],[-46.53610216977927,-23.36330677998387],[-46.52561135957654,-23.3585983299489],[-46.52054786978834,-23.35449124037842],[-46.51051701964468,-23.35549949010931],[-46.50654667019262,-23.35250026997142],[-46.49823411960887,-23.35093164997562],[-46.49469509040608,-23.34864479991757],[-46.48741969016652,-23.35072549028911],[-46.48644418025469,-23.35354819958968],[-46.48774995000014,-23.35687170986148],[-46.48054672035482,-23.36221328981145],[-46.47797369972642,-23.36111251962706],[-46.47413301992287,-23.3615858301219],[-46.46849599019777,-23.35651957042177],[-46.44494626036158,-23.3586285004049],[-46.44431827007207,-23.35591850043841],[-46.44851011984611,-23.34991165959536],[-46.44379017018019,-23.34320741968662],[-46.44432885958918,-23.34080037973371],[-46.43912039998645,-23.34196106005481],[-46.43864854009803,-23.33942194027026],[-46.43168815978072,-23.3353971899283],[-46.43369772996624,-23.33067817016138],[-46.43044127044823,-23.328766590106],[-46.4275446395734,-23.32334893020891],[-46.42548518039672,-23.32336775032138],[-46.42295011025936,-23.31929707969641],[-46.42330405014178,-23.31637819959417],[-46.42173745991579,-23.31543663998889],[-46.41869520991594,-23.31635431000336],[-46.41717482955471,-23.3150745297657],[-46.41352393008526,-23.30829268016299],[-46.41052411009957,-23.30576243039178],[-46.41201534972856,-23.30164222960519],[-46.40832532975014,-23.30026663020078],[-46.40510312990546,-23.30094051019637],[-46.40276127011646,-23.29909346009504],[-46.40346350034025,-23.29612761020098],[-46.40066434967997,-23.29529004010323],[-46.39999687015938,-23.28875152006657],[-46.39627470031712,-23.28579062004104],[-46.39035750029836,-23.28748890968541],[-46.38744524010571,-23.28690169016085],[-46.381508540087,-23.27805288013627],[-46.37631700032927,-23.27835712977765],[-46.37172937960713,-23.2756381698656],[-46.35690157984402,-23.27253911958468],[-46.35931187983937,-23.27109750004956],[-46.35979668007269,-23.26776302973997],[-46.35794105043908,-23.265595579972],[-46.3538355904401,-23.26493685984815],[-46.35396934031274,-23.26268187007219],[-46.35022721001769,-23.25840781956515],[-46.34809186964401,-23.25261738978065],[-46.33719210982798,-23.25061116956977],[-46.33296499044189,-23.24683072006161],[-46.32968214031848,-23.24631518010142],[-46.32669060039086,-23.24076411027545],[-46.31762212016469,-23.23368209035613],[-46.31442617962443,-23.22880286985651],[-46.31152641011568,-23.22739952007174],[-46.30556720006621,-23.21297759963647],[-46.31002410972485,-23.20472348969724],[-46.30769710044081,-23.20310735042386],[-46.30903753005794,-23.19993270043375],[-46.30793856031625,-23.19816964970954],[-46.3046642600475,-23.19725436020053],[-46.3016665903408,-23.19824723961835],[-46.29841714013884,-23.19632572025574],[-46.29695824013061,-23.19698347001111],[-46.28604493022931,-23.19094860989037],[-46.28244043038154,-23.1834593103988],[-46.27583527957444,-23.18491001038865],[-46.27087978037753,-23.1876868596608],[-46.26876257033632,-23.19043943982825],[-46.26312104040363,-23.18799182965915],[-46.26222390011287,-23.18635952956856],[-46.26355218978171,-23.18356722005115],[-46.25964640985387,-23.17998610977111],[-46.26178883958323,-23.17803173997277],[-46.26060474990925,-23.17608105020025],[-46.26152704963357,-23.17397790015991],[-46.25695027023875,-23.17238588969701],[-46.25549384966138,-23.16958032956853],[-46.25751394011621,-23.16727015019723],[-46.25649695976682,-23.1636394800779],[-46.25713088018591,-23.15967390962317],[-46.25360583993751,-23.15616385028142],[-46.24747621015894,-23.15487253983582],[-46.24681027027771,-23.15118613962858],[-46.24297939038649,-23.14884518006096],[-46.24026441986706,-23.14261128018637],[-46.23693054041206,-23.14060687031076],[-46.23509219035225,-23.13503651991942],[-46.22581766015685,-23.13656074038579],[-46.22707632970878,-23.13195621960381],[-46.22575748022348,-23.12619065967118],[-46.22151189955446,-23.12293532970165],[-46.21835389961274,-23.12352147003975],[-46.21822505014592,-23.11723321963734],[-46.21428466970173,-23.1143921695629],[-46.21566795021567,-23.11106699014942],[-46.21508690004038,-23.10839622040919],[-46.21261476985569,-23.10680096968895],[-46.20889100011954,-23.10665432983342],[-46.21050865025398,-23.10457479958728],[-46.20868956996765,-23.10194611002493],[-46.20911356973539,-23.09875104992096],[-46.2052440297881,-23.09303402999643],[-46.20489789961835,-23.08439625038659],[-46.19630729034913,-23.0803313003492],[-46.19483307038985,-23.07790429005092],[-46.18762368038847,-23.07724484957009],[-46.1803560799691,-23.07936521982901],[-46.17503365018274,-23.0758365499168],[-46.1735509999786,-23.07079719973092],[-46.17041579964939,-23.07159505037123],[-46.16395248991546,-23.06667353025915],[-46.16146550023262,-23.06609458989334],[-46.16231719957904,-23.06312985965525],[-46.15888526973936,-23.06150089964677],[-46.16029308016147,-23.05729196005586],[-46.15856580986417,-23.05273226957854],[-46.1589661799452,-23.04989743022219],[-46.15488791004896,-23.04932968012059],[-46.15104516000611,-23.04448984003403],[-46.14666845998141,-23.04414431960464],[-46.14385379961311,-23.04225113967829],[-46.14428661003899,-23.03930476999909],[-46.14049734987276,-23.03881314031412],[-46.1398744200684,-23.03589563977192],[-46.14201174974244,-23.02847554041381],[-46.1386447698402,-23.02882757013623],[-46.13396757034707,-23.02621672042528],[-46.13011173966504,-23.02090900984291],[-46.12519279970792,-23.00896369012213],[-46.12148933036826,-23.00892822985389],[-46.11762624035867,-23.00534672027487],[-46.09442594030486,-22.99721391988646],[-46.08972061001811,-22.99329842008598],[-46.08916491982512,-22.98922516031286],[-46.0865853899038,-22.98497803011196],[-46.08147982983024,-22.98507701039568],[-46.07772290029158,-22.97724857026526],[-46.07333350004097,-22.97987617974184],[-46.0672420302954,-22.980168630278],[-46.06366100005505,-22.9745435003822],[-46.05704533977058,-22.97303142975665],[-46.05579989025267,-22.96989629957454],[-46.05199114987164,-22.96825566996313],[-46.05065496955115,-22.9652944102088],[-46.05158277042847,-22.95894934963275],[-46.04912167042869,-22.95488767042963],[-46.05325686021587,-22.94995102012342],[-46.05046908957678,-22.94378909029422],[-46.0512726104426,-22.94066144966615],[-46.04865917967737,-22.93276549023517],[-46.04258203972933,-22.92636371031693],[-46.04102519995297,-22.91541790970871],[-46.04391035997509,-22.91134611043458],[-46.04432553019899,-22.90530674021386],[-46.04934314017373,-22.90395079009681],[-46.05070169023077,-22.90229709963143],[-46.05070061014499,-22.89694713979861],[-46.05932442957874,-22.89547474006713],[-46.06401604970091,-22.89155003030959],[-46.07282620956187,-22.89444751014446],[-46.07475953972096,-22.89152462985771],[-46.08509866037485,-22.89231832023427],[-46.08999019978785,-22.89575258021733],[-46.09462103023634,-22.89517012979763],[-46.10159666035753,-22.90178481971361],[-46.10607132982796,-22.9023472296409],[-46.10754685020692,-22.90551885970757],[-46.11100572013783,-22.90674104016682],[-46.11551299003241,-22.90610014010934],[-46.11974627966703,-22.90897440034826],[-46.12343867025839,-22.90955732021411],[-46.13773456959467,-22.9220199002981],[-46.14025429010337,-22.92223833033461],[-46.14640061039978,-22.91740367034305],[-46.15044336966571,-22.91643969963241],[-46.15409360993209,-22.91267256009053],[-46.15328630022253,-22.91058088000358],[-46.14936071992122,-22.91028167016293],[-46.1458641099407,-22.9035598997695],[-46.1431794195945,-22.90325512042745],[-46.13639221992497,-22.89107374036081],[-46.13744816969722,-22.88496040989497],[-46.14301763965233,-22.8813859995642],[-46.14162381998324,-22.87641691970504],[-46.1424170903764,-22.87191254023151],[-46.14069383015607,-22.86826143032073],[-46.14363666010377,-22.85872580984818],[-46.14522978033006,-22.85752021018948],[-46.15544206959578,-22.86418701042214],[-46.18018339035115,-22.86650674958679],[-46.185389769822,-22.86944660008049],[-46.19135404035666,-22.86459225033207],[-46.19642223989439,-22.86993228974336],[-46.19956733996071,-22.87148693967049],[-46.20241199991381,-22.87058051028225],[-46.20879811004471,-22.87326892022446],[-46.2131872602838,-22.87667965034552],[-46.22161725962877,-22.87808993030598],[-46.22791112989466,-22.88139248007883],[-46.23294719036051,-22.88136384026899],[-46.23461404959869,-22.8831925001337],[-46.23778024955885,-22.89443805017584],[-46.24107517038277,-22.89062875041645],[-46.24475952013569,-22.89050584007242],[-46.24710806998138,-22.88898813969087],[-46.25785236039809,-22.8909970902435],[-46.26029605042237,-22.88738341011623],[-46.26015213011669,-22.88349438995408],[-46.26273159978348,-22.87779898973156],[-46.26678014978404,-22.87574524035051],[-46.27104679976998,-22.87789044988432],[-46.27889370028402,-22.87878911992192],[-46.28029137984328,-22.88029103989953],[-46.28021612007785,-22.88407944031388],[-46.28793815961831,-22.88806333985121],[-46.29069117955424,-22.8942396201623],[-46.29566933986808,-22.89788019001872],[-46.30254434034896,-22.89532468008986],[-46.30467113986117,-22.89151539022305],[-46.31167380989837,-22.89054060966134],[-46.31371161969543,-22.88703629968546],[-46.3153570795655,-22.88676580969434],[-46.33750819005087,-22.89675329003228],[-46.34483702980503,-22.90453662016881],[-46.34929680020713,-22.89939354037955],[-46.35661018960855,-22.90027679963453],[-46.35995493017583,-22.89549901007121],[-46.36389312976411,-22.89415246956077],[-46.36476381020162,-22.89017400012995],[-46.36788175973538,-22.88609508991641],[-46.37213816014793,-22.88381650013133],[-46.37323703995736,-22.88172483982947],[-46.37247436000365,-22.87938097994822],[-46.37803396979183,-22.87915503967332],[-46.37611921962622,-22.87703098039538],[-46.37715506955078,-22.87344311980411],[-46.37553767032716,-22.87069048028138],[-46.37996277006573,-22.87187983998257],[-46.38426854955389,-22.87015723986468],[-46.38235212035403,-22.86539853031786],[-46.38055584957277,-22.86395101033082],[-46.376278219764,-22.86390836987533],[-46.37341477027536,-22.86224704956163],[-46.37250744965905,-22.8602509404285],[-46.37253727027877,-22.85627216972483],[-46.37480691001082,-22.85073717977696],[-46.37384418036459,-22.84688989984897],[-46.37463374015493,-22.84422312040061],[-46.37088882016286,-22.83606002005382],[-46.37345307959589,-22.83036536986589],[-46.37788950989295,-22.82817934010444],[-46.3749420097659,-22.82390658012451],[-46.37462543041926,-22.81975696970835],[-46.37838504983017,-22.82018679978091],[-46.38328401044868,-22.82394567005656],[-46.38932044977889,-22.82170078955977],[-46.39575009968729,-22.81665259004495],[-46.39637495044354,-22.81092414962978],[-46.40332778994554,-22.80699743977999],[-46.41082848025013,-22.81099707025857],[-46.41894713969867,-22.81294241985677],[-46.42231983029586,-22.81629732995776],[-46.42549988970808,-22.81696617015257],[-46.42978835005226,-22.82036701042915],[-46.43311786959396,-22.81879684989468],[-46.43666836964951,-22.819730439708],[-46.44277729973254,-22.82455464957735],[-46.45086304039694,-22.82194775958141],[-46.45712826995367,-22.82447120957863],[-46.46800790024434,-22.82354682972237],[-46.47289931015501,-22.82619241035144],[-46.48234939970502,-22.8214226499353],[-46.50032711990065,-22.82625248956072],[-46.50109293039441,-22.82424528998808],[-46.50535462961244,-22.82164884022177],[-46.51365060029491,-22.82114482957019],[-46.51968365008037,-22.82519084977787],[-46.52197980002768,-22.82821869983309],[-46.52706023034528,-22.82649639019621],[-46.53007554025396,-22.83339548980996],[-46.53382516010299,-22.83183562021765],[-46.53382798037694,-22.83383786002918],[-46.53625329005723,-22.83589850001573],[-46.542316670378,-22.8383014003893],[-46.54497879043879,-22.83844387998101],[-46.54483345999614,-22.83609837973637],[-46.54737349978717,-22.83549302987939],[-46.55188784015166,-22.840621740301],[-46.55654047016651,-22.83986823972742],[-46.55960728964465,-22.84209434957455],[-46.56870058036742,-22.84488860972152],[-46.57076800034292,-22.84721820005984],[-46.57882767955374,-22.84704141043272],[-46.58232084962748,-22.85055062980769],[-46.59789379975899,-22.83681698031933],[-46.59983127039675,-22.83670427008593],[-46.60003437958289,-22.83297692014872],[-46.60399398033786,-22.82911573040661],[-46.60388236008282,-22.82765433028305],[-46.60669712027584,-22.82581435964494],[-46.6181498804126,-22.83120943037085],[-46.62279504965176,-22.83117223980696],[-46.62817235966662,-22.83582362965672],[-46.63484390022575,-22.83863938000331],[-46.63628381014968,-22.84218513973235],[-46.63978241032993,-22.84465953980589],[-46.64180649017732,-22.84812975018775],[-46.63860463029943,-22.84932256958086],[-46.63396033969786,-22.86120890996318],[-46.64062581972576,-22.86232119956367],[-46.64671715996894,-22.86627900976845],[-46.65005147019917,-22.86694878975482],[-46.65023928011863,-22.86916995962588],[-46.64651166038476,-22.87407033038141],[-46.64618896025229,-22.87683948955078],[-46.64710057962799,-22.8811506496827],[-46.65050878984874,-22.88266693003476],[-46.64988394988433,-22.88433306981528],[-46.65187444005335,-22.88760577019008],[-46.65328659959687,-22.885396580188],[-46.65622141028979,-22.88454015040759],[-46.65997728042709,-22.88661947021234],[-46.66339793996292,-22.88596450026142],[-46.66411759994725,-22.88721589969396],[-46.6630434200178,-22.88865652997481],[-46.66415326975755,-22.89019335983562],[-46.66906774008407,-22.89051295011251],[-46.67209322042572,-22.88677326957071],[-46.67708986990152,-22.88587743959209],[-46.67744476036734,-22.88395245963824],[-46.68162171017372,-22.88517498993377],[-46.68064170005437,-22.88599337029774],[-46.68219641023609,-22.88879366039907],[-46.67963445036952,-22.89809979996573],[-46.68171532959872,-22.90525636019282],[-46.68110778989256,-22.90651712966178],[-46.68431013990102,-22.91444611039964],[-46.67968235995289,-22.92186504963229],[-46.68080987957222,-22.92982036971426],[-46.67479499968942,-22.92680897005789],[-46.67040989999686,-22.92922139964782],[-46.67677072029244,-22.93292713977564],[-46.68649965993131,-22.94129994043988],[-46.68626329021862,-22.94288834012474],[-46.69017068982544,-22.94793747043786],[-46.69303415999843,-22.94882059029794],[-46.69385975022726,-22.95284402043512],[-46.69663379990988,-22.9540856703174],[-46.69801144976856,-22.95768064004943],[-46.7031617897847,-22.95948712982715],[-46.70478636020232,-22.95812103985406],[-46.71251932021039,-22.95811276968851],[-46.71635328027963,-22.96404854970075],[-46.71999583044317,-22.96607093972204],[-46.72073023031584,-22.96791852042332],[-46.7157285203549,-22.97248741006587],[-46.71616240007467,-22.97668162955352],[-46.71203817032529,-22.98157449007061],[-46.7117490697637,-22.98356075972123],[-46.70762073011258,-22.98278232004799],[-46.70545752964125,-22.98412618957195],[-46.70660560956117,-22.98702735033191],[-46.70415339036663,-22.98995991991433],[-46.70554857970313,-22.99141375044417],[-46.7012325398498,-22.9999677896817],[-46.70349576022113,-23.00101840017896],[-46.7040475599469,-23.00294531007796],[-46.70128207990405,-23.00592585039766],[-46.70271159006779,-23.00865669035392],[-46.70212879970433,-23.01024574024865],[-46.69568462034891,-23.00999508030867],[-46.69765162022605,-23.01484426974719],[-46.69337981982278,-23.01512093987941],[-46.68884603971293,-23.02341739979312],[-46.68121717982893,-23.02741094995531],[-46.68226597999092,-23.02968323009696],[-46.6773328100611,-23.03493377977009],[-46.67650234011086,-23.04040304006821],[-46.67812396974534,-23.04462333989517],[-46.68106484996281,-23.04793601963155],[-46.6813189597022,-23.05111183963965],[-46.68668537982637,-23.05635074039429],[-46.6841102502878,-23.05944692003931],[-46.68539898957169,-23.06638098979079],[-46.68373149001621,-23.07351495005486],[-46.67630199993732,-23.08365218010397],[-46.67776758010967,-23.09116103985008],[-46.6755638399992,-23.09357824034345],[-46.67498571981508,-23.09698496038754],[-46.67707437008607,-23.09819653963854],[-46.67862850020509,-23.105225719891],[-46.67424203983825,-23.112872770362],[-46.67359523033559,-23.11992318990326],[-46.67475956999812,-23.12281109015964],[-46.67185256004757,-23.13080537966448],[-46.67034218014743,-23.14242282005705],[-46.66748983009154,-23.1494111701893],[-46.66320539960947,-23.15230963028517],[-46.66404091025976,-23.1552426297435],[-46.66251728964119,-23.15785163044836],[-46.65947149001721,-23.1575848402681],[-46.65806626964257,-23.16053935960372],[-46.65381950006986,-23.16218492019789],[-46.65521034028495,-23.16772166022639],[-46.65480263982994,-23.17440873027863],[-46.65930979011466,-23.17826618963289],[-46.65835734961195,-23.18389637012132],[-46.66215867957936,-23.19052463980023],[-46.65900458988989,-23.19709464959834],[-46.66417165999405,-23.20055831021779],[-46.66644862020763,-23.20433873004833],[-46.66971692019968,-23.20655746005866],[-46.67080256018994,-23.2107896003597],[-46.66815526005718,-23.21385027027372],[-46.67186518023385,-23.21484529997059],[-46.67394835992883,-23.21156770998181],[-46.67820602029155,-23.21171503961733],[-46.68118919022891,-23.20814031991978],[-46.68293632025495,-23.20705866032887],[-46.68503397004162,-23.20779046026149],[-46.68681784996375,-23.20636316962452],[-46.69257761016854,-23.2095768699765],[-46.70012584043513,-23.20704373967681],[-46.70420620035583,-23.20977218024188],[-46.7038338297674,-23.20562950000141],[-46.70786161981783,-23.20449607003758],[-46.71126352039511,-23.20746887978493],[-46.70942693030855,-23.20981644037636],[-46.71741233990753,-23.21459506001395],[-46.71343706037197,-23.22110732973943],[-46.7137600797638,-23.23046028981048],[-46.71127133010776,-23.23211587964408],[-46.7112344399174,-23.23391054963213],[-46.70910113021296,-23.23347591987778],[-46.703940760058,-23.23699628005426],[-46.70449749975978,-23.24381233986753],[-46.70282394956558,-23.24650760983826],[-46.70406856001597,-23.25192558000145],[-46.69804709979377,-23.25340984988463],[-46.69818149987628,-23.25652718967802],[-46.6940766397251,-23.25894776982369],[-46.69026040979003,-23.25708392038655],[-46.68669142956577,-23.25851747030498],[-46.68335172969853,-23.25715475998413],[-46.67567059042534,-23.26167580029789],[-46.67091740001797,-23.25629574015625],[-46.66699545027979,-23.25852709035291],[-46.6523877200172,-23.26043627011774],[-46.65033252002974,-23.25772610017935],[-46.6434028101915,-23.25527990014723],[-46.6369973502475,-23.25835294023597],[-46.63808729978899,-23.26490792955724],[-46.64307308995109,-23.26541865994318],[-46.64794069031058,-23.27293285986354],[-46.64778624973559,-23.27548319958993],[-46.65621406013071,-23.27838076036375],[-46.65873110965293,-23.27764961963419],[-46.66080564956104,-23.281072669568],[-46.65947342985487,-23.28322659982769],[-46.65316687015491,-23.28438979015664],[-46.65097783036254,-23.28815095999875],[-46.64748031026807,-23.28759064998849],[-46.64655583958029,-23.29541974032873],[-46.63873855014396,-23.30028797021362],[-46.63585951990086,-23.30526688955524],[-46.64186075976619,-23.30900086030141],[-46.64289431012429,-23.31149973992103],[-46.64541945984018,-23.31189272027279],[-46.64536210018076,-23.31857440968122],[-46.65127431975401,-23.32156621041224],[-46.66185975032715,-23.32404263036307],[-46.66339040004686,-23.32553520008935],[-46.65793385975979,-23.33089267016055],[-46.66084795996534,-23.33480125957044],[-46.66549733983032,-23.35171544960826],[-46.67021267957148,-23.36306809991282],[-46.66747182026825,-23.3700120397238],[-46.66743557039524,-23.37422132015774],[-46.66437677017177,-23.37589950006185],[-46.66019777980364,-23.37497678035407],[-46.65952439983113,-23.38093676022328],[-46.66066420958555,-23.38228125027945],[-46.65875869995398,-23.38405279959699],[-46.65633199002929,-23.38424834998131],[-46.65553131012183,-23.38645880982619],[-46.65813613977099,-23.38773415011087],[-46.65902107985892,-23.38977404993244],[-46.65606898959214,-23.39119581963132],[-46.65718356976589,-23.39384901032355],[-46.65477617997669,-23.39507639965609],[-46.65861626982496,-23.3984118799043],[-46.66043743024318,-23.4028436400219],[-46.66314338955573,-23.40529980993824],[-46.66979435002918,-23.41881505996702],[-46.66414716965613,-23.42396898018427],[-46.65966149967841,-23.42626505009196],[-46.65595162986381,-23.43100704034259],[-46.65081508005187,-23.42894945984966],[-46.64738249010981,-23.42941345966341],[-46.6390022295692,-23.4271847300912],[-46.63573299967817,-23.42744077966819],[-46.63412628979637,-23.42927146030962]],[[-46.47289407969799,-23.23371399020846],[-46.48070225990131,-23.23283400988163],[-46.48408355970849,-23.23720625016824],[-46.49339191970131,-23.23602903041535],[-46.49602414000202,-23.23680422983131],[-46.4989303603478,-23.23344148033999],[-46.50938822029008,-23.232517849619],[-46.51331782955413,-23.22368813040288],[-46.5164118796045,-23.22401514997915],[-46.52319829956184,-23.22172482044408],[-46.52450751011344,-23.2233443798392],[-46.53019095025212,-23.22360783982992],[-46.53591166998751,-23.21807969012553],[-46.54069603989029,-23.21631271026331],[-46.54075839978026,-23.21328970035933],[-46.54319863011267,-23.2079311502024],[-46.53950624042062,-23.20625760990072],[-46.53910579029991,-23.20272034966433],[-46.53710510002031,-23.19975905033988],[-46.53141691955517,-23.19625604977682],[-46.5300388002504,-23.1911827699688],[-46.52602415019436,-23.18789053991645],[-46.52483677979353,-23.18398766030225],[-46.52032373984866,-23.17914792993298],[-46.52133105968062,-23.175469690174],[-46.52478959956034,-23.17435281043379],[-46.52671427014741,-23.17054027041712],[-46.52819308024641,-23.17003247991499],[-46.52920046033296,-23.16331139030837],[-46.52601591959899,-23.16407845985299],[-46.5237291603724,-23.16314530980816],[-46.52010042019822,-23.1584879799363],[-46.51627408997723,-23.15822702006091],[-46.51485515044482,-23.15511079992342],[-46.51251698956736,-23.15437019023204],[-46.51035877044086,-23.14498755972807],[-46.50818262962463,-23.14447474021705],[-46.50422694991374,-23.13857705998328],[-46.50234339003538,-23.13776873044253],[-46.50224909971615,-23.13441936016528],[-46.4997823600678,-23.129354839754],[-46.49828095000578,-23.1288809402032],[-46.49743100973325,-23.12550956981073],[-46.49169437019896,-23.11720797027158],[-46.48841561019219,-23.11517330990029],[-46.48768545961622,-23.11131096992528],[-46.48360700985558,-23.11289547014979],[-46.47682158005182,-23.1106903495799],[-46.4715235398794,-23.11324226042194],[-46.46489152992012,-23.11177488969935],[-46.46109346988766,-23.11287087009453],[-46.45920885960112,-23.11137898025567],[-46.45546162025755,-23.11121422985281],[-46.45387880985913,-23.11177695993871],[-46.45199600001536,-23.11518811004322],[-46.44503162041292,-23.11736572035164],[-46.43596904963186,-23.11337180956133],[-46.43323903974982,-23.11723181039969],[-46.42829770037855,-23.11604561990941],[-46.42174031975992,-23.11854093011976],[-46.41764901958652,-23.11721174022961],[-46.41544913037302,-23.12072771980837],[-46.41699331039291,-23.12313907021189],[-46.41503640990237,-23.12763662023377],[-46.41506650031869,-23.13108732971642],[-46.41146156969563,-23.13369432043652],[-46.41198064039418,-23.13567959993355],[-46.41633688983558,-23.13832596027481],[-46.416040539839,-23.14113914035897],[-46.41857427987907,-23.14357404040959],[-46.42823518040922,-23.14045908022234],[-46.42774721995818,-23.14623316033203],[-46.42547360971929,-23.14911316993681],[-46.42875318990775,-23.15023749966082],[-46.42841982021849,-23.15455988962714],[-46.43070597959724,-23.15646289015024],[-46.43128148994879,-23.16018705019218],[-46.44290446027259,-23.15988253974734],[-46.45172445961606,-23.16510248009536],[-46.45106940962552,-23.16809815960232],[-46.45275683006361,-23.1753046304043],[-46.44678707995973,-23.18104360997455],[-46.44331181988451,-23.19052903029046],[-46.44041400999851,-23.19395237969854],[-46.43984204027788,-23.19928535043852],[-46.44436201039844,-23.20259427010944],[-46.44849438980418,-23.21168917961188],[-46.44825612971658,-23.21582570039573],[-46.45096943019502,-23.21821259013888],[-46.46583521012678,-23.2227879602961],[-46.47289407969799,-23.23371399020846]]]}},{"type":"Feature","id":"uc-uso-sustentavel-059","properties":{"id":"uc-uso-sustentavel-059","nome":"Área de Proteção Ambiental Tanquo-Rio Piracicaba","nome_origem":"Frea de Prote Co Ambiental Tanquo-Rio Piracicaba","natureza":"camada fornecida para a demonstração","fonte_arquivo":"assets/layers/Areas_Protegidas_US_DG_UCs_Uso_Sustentavel/Areas_Protegidas_US_DG_UCs_Uso_Sustentavel.kml","tipo":"Unidade de Conservação","categoria":"Área de Proteção Ambiental","orgao_gestor":"Fundação Florestal do Estado de São Paulo"},"geometry":{"type":"Polygon","coordinates":[[[-47.93466839043384,-22.73202222974209],[-47.9319082100958,-22.7284270603605],[-47.93109071016812,-22.72496368032955],[-47.93641447005172,-22.72148066000443],[-47.93735342971695,-22.71807001981551],[-47.93511014012086,-22.71141951979496],[-47.92602222014932,-22.71335562975844],[-47.92476542028788,-22.71052795979745],[-47.93086966040647,-22.69884353969758],[-47.92953364016535,-22.69245064957778],[-47.93228826988769,-22.69119748027947],[-47.93272196974306,-22.68218422022557],[-47.93155453011741,-22.68059974967866],[-47.92940135978489,-22.67971002969409],[-47.92116765006693,-22.68984773998119],[-47.91706802037282,-22.69224581998856],[-47.91936630980729,-22.69564228956],[-47.91978464024891,-22.70041000042113],[-47.92345892029289,-22.7063843595505],[-47.92149120995134,-22.70779861991036],[-47.91703769973003,-22.69851550029006],[-47.91800768960314,-22.69654445975897],[-47.91592550995426,-22.6937391001793],[-47.90910422957649,-22.69292549971198],[-47.90485597971963,-22.68816890986727],[-47.9034387902679,-22.68874764968422],[-47.90453183977257,-22.68557233959177],[-47.90198769997232,-22.6846679201883],[-47.90078513012963,-22.68678675980107],[-47.90002213990977,-22.68525442025526],[-47.89652546967466,-22.68573440012244],[-47.89614918973325,-22.68151386017644],[-47.90350871975158,-22.68357013035717],[-47.90441648013643,-22.67841162000019],[-47.90942588020016,-22.6746010297137],[-47.90934730013777,-22.67365149042388],[-47.90592199020762,-22.67278634981017],[-47.90940933986911,-22.67215570022535],[-47.91283010012899,-22.66968665021869],[-47.91113498958805,-22.66520683033093],[-47.91769083956058,-22.66425856987706],[-47.91593640973747,-22.66029537992779],[-47.90549775032088,-22.6653564001777],[-47.89678858972161,-22.66581839989919],[-47.90428941042791,-22.65800025970418],[-47.90353153015593,-22.65458887038],[-47.90714399979572,-22.65430285988901],[-47.90440534023423,-22.65247119988589],[-47.90756573956719,-22.64993329958207],[-47.9073934303625,-22.64554855961831],[-47.91141114980468,-22.64587687961426],[-47.91003517987963,-22.64830898996786],[-47.91259727014784,-22.64883742980351],[-47.90957826042836,-22.6495654103154],[-47.91065609969922,-22.65258451985966],[-47.90895879031586,-22.65376268030343],[-47.91012023955739,-22.65547187962352],[-47.92198688029026,-22.65765581036732],[-47.92203202985428,-22.667420220167],[-47.92100118016032,-22.66861193968924],[-47.92234150995267,-22.66983907990959],[-47.92482003971304,-22.66965713986508],[-47.92573016981146,-22.66771176958247],[-47.923280570342,-22.66643779986453],[-47.92431801026794,-22.66563289044547],[-47.92290971960784,-22.66447152034436],[-47.92476386985669,-22.6626244396661],[-47.92460331029451,-22.66091226988533],[-47.92288291981083,-22.66102793978757],[-47.92233314985492,-22.65940249972556],[-47.92407091973712,-22.65595609979414],[-47.92081364003741,-22.6533221995598],[-47.92351753000997,-22.65312373986865],[-47.92368256999458,-22.65010049973824],[-47.92675796990437,-22.6519246800799],[-47.92987359019401,-22.65055214016911],[-47.93773773970486,-22.64318757035005],[-47.93926247008687,-22.64389663991795],[-47.9398279898698,-22.64606913038602],[-47.94357407987985,-22.64330887990081],[-47.94467977025516,-22.64392704959363],[-47.944665069937,-22.64763377987498],[-47.94705754986597,-22.64761894016192],[-47.94824696982175,-22.64905624025323],[-47.94862447014316,-22.6513705304256],[-47.94708749009556,-22.6542846603088],[-47.94229202975333,-22.65663740998843],[-47.94509170022172,-22.65994950966211],[-47.95166097977034,-22.65795129971269],[-47.95076017024564,-22.65600753022329],[-47.95251803997553,-22.6537307399816],[-47.95595742969158,-22.6568585595748],[-47.95820520960268,-22.656486140423],[-47.95912960025083,-22.65773621965076],[-47.96077498008123,-22.65345512025755],[-47.96336788022347,-22.66002965004827],[-47.96971234005241,-22.65802757031605],[-47.97205637979806,-22.65473695005016],[-47.97288956030491,-22.64756425958285],[-47.9708378802639,-22.6472718702006],[-47.97188322972721,-22.6452416299972],[-47.97026158030764,-22.64415054011528],[-47.97190854024689,-22.64214747022953],[-47.96744289007728,-22.64011578031898],[-47.96323309972774,-22.63334517044319],[-47.96956828035184,-22.63855542958936],[-47.97031651989141,-22.63661560002987],[-47.96634883962719,-22.63095536959457],[-47.96733256034935,-22.63037311972363],[-47.97018760027748,-22.63052332988769],[-47.97426673981812,-22.63760365998087],[-47.97719913043545,-22.63878505978266],[-47.97538796957912,-22.64187052040813],[-47.97575800013158,-22.64443599032865],[-47.98029576963404,-22.64220264003978],[-47.98552675005942,-22.64618688042015],[-47.98763742023073,-22.64602315974099],[-47.98946827983718,-22.64543107038753],[-47.99067540024947,-22.64278686032532],[-47.99997316982586,-22.64704501981174],[-47.99847017965504,-22.64845600034408],[-48.00197830005845,-22.65394532991297],[-48.00706205966628,-22.65378565978034],[-48.00972161036401,-22.6523822101708],[-48.01294617002969,-22.65469154957532],[-48.02925929008416,-22.65156662040317],[-48.02935030956911,-22.64960234007589],[-48.03342719001279,-22.64664704012876],[-48.0420208803593,-22.64511065992895],[-48.04372580969834,-22.64364338993045],[-48.04455281995661,-22.63992251960855],[-48.04230116037019,-22.63796660027833],[-48.04357532973762,-22.63360389010739],[-48.04123097972587,-22.62852764973121],[-48.04512774035288,-22.62542883956922],[-48.04623517001704,-22.63612030021164],[-48.04490766995298,-22.63840288028865],[-48.05144272040519,-22.63988953967049],[-48.05661467023083,-22.63656355986035],[-48.06261993006569,-22.63475857015186],[-48.07115225966902,-22.63762105017128],[-48.07368928043593,-22.63516760969736],[-48.07393636017486,-22.63051855988357],[-48.07654863980781,-22.62777572027323],[-48.07942014002742,-22.62083226969344],[-48.08049914032301,-22.62111456958166],[-48.07819025957281,-22.62823554003808],[-48.07611015016323,-22.63070174009317],[-48.07524661034273,-22.63849027010986],[-48.08286100013498,-22.64279311960672],[-48.09075190987272,-22.64425642989028],[-48.08321128966924,-22.63535864008912],[-48.08184524016565,-22.62948673982112],[-48.08438015022369,-22.62189326016579],[-48.09529963037357,-22.6153004903253],[-48.11161416955821,-22.61697082004724],[-48.1132404199094,-22.61654393975095],[-48.11366958987963,-22.61465129042466],[-48.11393795027612,-22.61652562955413],[-48.11589149989277,-22.61793982965935],[-48.11873678037807,-22.61411324043365],[-48.1216735102243,-22.61449189998115],[-48.12583936959118,-22.61745145012429],[-48.12822910029269,-22.61521190980176],[-48.13553927012117,-22.61586752006997],[-48.14454660004549,-22.61467482028667],[-48.14742888043844,-22.61801779998143],[-48.15147641960107,-22.61953588976945],[-48.15673108996776,-22.63041711995407],[-48.16019160026212,-22.63292009958286],[-48.16653896040464,-22.62440788961237],[-48.17162195019279,-22.62332759968893],[-48.17494975023072,-22.61969822009672],[-48.17722198990288,-22.61320496024069],[-48.17632314989339,-22.60891364994495],[-48.17777080028219,-22.60512261002037],[-48.17673172988538,-22.60113428042268],[-48.17449232985712,-22.59989410992517],[-48.17549324022082,-22.59811707024653],[-48.17982736993713,-22.59910079996189],[-48.18049367044648,-22.61119615987485],[-48.18582121018068,-22.61390641974543],[-48.18685107961358,-22.61624673989508],[-48.18911172972253,-22.61649831984153],[-48.19514650980352,-22.61297925019221],[-48.19931281973078,-22.6149657095998],[-48.20223204966931,-22.61475283017893],[-48.20616136035846,-22.61089680973993],[-48.2069869397954,-22.60810102973869],[-48.20558056019468,-22.60460493956629],[-48.20661226964052,-22.60069864972286],[-48.20606321014901,-22.5955579099695],[-48.21016056995433,-22.59059269989314],[-48.2113275500264,-22.58501403976607],[-48.21143102961827,-22.58116052034171],[-48.20894293017204,-22.5783394298208],[-48.21238831027227,-22.57774885042903],[-48.21378463005658,-22.56848254003717],[-48.21541838974684,-22.56812995992965],[-48.21592645004557,-22.56956402965619],[-48.2132382100753,-22.58306558031222],[-48.21453143967415,-22.58869429040914],[-48.21727719039001,-22.59037614044649],[-48.22029435020403,-22.58868813994565],[-48.22321872966063,-22.58489125982373],[-48.22678172040003,-22.58742734979234],[-48.23256998012045,-22.58622129957325],[-48.23696746977288,-22.58790755988593],[-48.23774133999081,-22.59050749992116],[-48.2390065296276,-22.58990148006922],[-48.24344499958704,-22.59732388978563],[-48.24309853037283,-22.61009193989105],[-48.24500262986743,-22.61123762041979],[-48.24744179989909,-22.60097818959173],[-48.24710761992065,-22.59222116977111],[-48.2500437598116,-22.58569324015087],[-48.24810069988735,-22.57850596987458],[-48.24927331960799,-22.58079596036521],[-48.25426316031655,-22.5827166604455],[-48.25590678017375,-22.58247080018725],[-48.2572771095509,-22.58028414989354],[-48.258737880149,-22.58140194964022],[-48.2629960000653,-22.58053276027863],[-48.26413210011629,-22.57785117978807],[-48.26347806995693,-22.57541466995099],[-48.26646723027841,-22.57481304958253],[-48.26699650018827,-22.57688003968207],[-48.27116708998915,-22.57745971029738],[-48.27452178964882,-22.57600156032373],[-48.27413284005848,-22.57884865024499],[-48.27849315983144,-22.58107114032083],[-48.28163006977184,-22.58083480028574],[-48.2897036102334,-22.58770036957634],[-48.29485844955775,-22.58990491008348],[-48.30273960974517,-22.58169749024694],[-48.30316570043669,-22.5802980003524],[-48.30168773030448,-22.57867633024841],[-48.30525722044433,-22.57526374032932],[-48.30503151039585,-22.57169724043524],[-48.30977024959731,-22.57045921032426],[-48.30922950973405,-22.56697752009643],[-48.31267616956956,-22.56562801991714],[-48.3124505800302,-22.56337276034458],[-48.31560941993871,-22.55936942016257],[-48.31569152984019,-22.55778431019769],[-48.31191545013786,-22.55299273043011],[-48.31219269044027,-22.54352219029681],[-48.31427946022887,-22.54242527011007],[-48.31574138016055,-22.5434110502797],[-48.31486697023445,-22.54996650994644],[-48.31572373006605,-22.55276336014089],[-48.31719045957203,-22.55270227998619],[-48.3194870097177,-22.55694697032635],[-48.31955361980368,-22.55911138038584],[-48.31551306027944,-22.56434939980494],[-48.3157921298029,-22.56652539043438],[-48.31764541040729,-22.56807359042381],[-48.31352425993663,-22.56909842005598],[-48.31240747012862,-22.57256527956395],[-48.30958525995175,-22.57476427035476],[-48.30756787016105,-22.57866850974386],[-48.3086604897897,-22.58266623006244],[-48.30467289044151,-22.58515401024931],[-48.30516690962514,-22.58821427996503],[-48.30324301964959,-22.59133801034085],[-48.30172089999951,-22.59175086031388],[-48.30168516993461,-22.59395731008175],[-48.30576831955227,-22.59987862989482],[-48.31126643010163,-22.60094710992115],[-48.31485437972583,-22.60026149017557],[-48.31581646995409,-22.60248049987513],[-48.31778632967536,-22.60111752965025],[-48.31771533989098,-22.60429226957251],[-48.33316183994691,-22.61331314958215],[-48.35018153035332,-22.64372511042546],[-48.34744135003825,-22.64706117972963],[-48.34167722002763,-22.6491525999125],[-48.33246203969134,-22.64894335015543],[-48.32519471986041,-22.6378681299102],[-48.31912979990028,-22.63705194029478],[-48.30919286955526,-22.63025927004924],[-48.31043471998629,-22.62526444979449],[-48.30858941007318,-22.62351061981923],[-48.31084285031727,-22.61928262988943],[-48.31024130009587,-22.61407001991546],[-48.30833387041173,-22.61028566015506],[-48.30437870960969,-22.60979850010068],[-48.3019766797799,-22.61303700015736],[-48.29449166016195,-22.61705166010597],[-48.28498063974467,-22.61739197975601],[-48.28223947017534,-22.61245633039528],[-48.27795797957708,-22.61141868002801],[-48.27469054023618,-22.61290412982169],[-48.27272697037336,-22.61153453968723],[-48.27439021973282,-22.61065464029934],[-48.2752740095878,-22.60483655006669],[-48.27027303976894,-22.59929963017373],[-48.2712290802578,-22.60292059031292],[-48.26969256965634,-22.609507709713],[-48.27100338010189,-22.61175606968681],[-48.26620154986159,-22.62158395993174],[-48.25711698975721,-22.62938578012961],[-48.25688166955337,-22.63125151004908],[-48.25093488993321,-22.62939288027718],[-48.24541087980822,-22.63252645013552],[-48.24017526967293,-22.62902104028871],[-48.23975436986825,-22.62534544993252],[-48.23671886028711,-22.62238610033819],[-48.23790643033743,-22.62145192956285],[-48.23612300007636,-22.62128941037793],[-48.23629609978514,-22.61739352029468],[-48.23057155972964,-22.60401121974195],[-48.23336440973969,-22.60334947969471],[-48.23300637974057,-22.60236213020812],[-48.23133858970414,-22.59983971982717],[-48.22670188038745,-22.59968066033417],[-48.22534032029949,-22.60368812031044],[-48.22797417017176,-22.61734826011406],[-48.22654948037416,-22.61872162020654],[-48.21817080983499,-22.62054196044306],[-48.21740217007402,-22.6236153602606],[-48.21205464020943,-22.62515773983779],[-48.21063222030068,-22.62823180965023],[-48.2093838102146,-22.62812351958473],[-48.21003471972648,-22.62587331959799],[-48.20563701963272,-22.62648189981979],[-48.19969698043127,-22.62934154967274],[-48.19726385024643,-22.63230682040341],[-48.19037265027754,-22.63500277026162],[-48.18508329036155,-22.63544763969679],[-48.17645997994407,-22.63161724993608],[-48.1703420701304,-22.63464148022007],[-48.16826796999078,-22.63930660001955],[-48.16559638996137,-22.64166839957693],[-48.16524289974001,-22.64402751016144],[-48.15520018034402,-22.64540998038626],[-48.14746597027829,-22.63938483024566],[-48.14437986034221,-22.64278922014637],[-48.142954610267,-22.6436684702237],[-48.14164589973842,-22.64273739041818],[-48.13945027960665,-22.64537275025219],[-48.13017182027323,-22.63995285014386],[-48.12417143026727,-22.64165999001648],[-48.12108052964271,-22.6412794499866],[-48.12167573964365,-22.64199181017386],[-48.11971521038862,-22.64248774041687],[-48.11661976998636,-22.63865162017606],[-48.11448353029067,-22.64112232043868],[-48.11323386025441,-22.63986211034808],[-48.11436067030866,-22.63810569032529],[-48.10669304964449,-22.63718180959279],[-48.10110255983523,-22.63406159017023],[-48.09901844034869,-22.63093736966385],[-48.09646280991069,-22.63077573990842],[-48.09622878023396,-22.63357342017713],[-48.10313188992473,-22.64075111986824],[-48.10795526971987,-22.64815024973421],[-48.10897317007567,-22.65407243019843],[-48.10594632006655,-22.65720191983269],[-48.09780278986682,-22.65583976978951],[-48.09323319965239,-22.66094506995898],[-48.09323527978427,-22.66259028971007],[-48.09133304998022,-22.66215356003875],[-48.09062115024585,-22.66314146980295],[-48.09050729967208,-22.6671448702395],[-48.08848427023287,-22.66517281976979],[-48.08764793040763,-22.66171886013723],[-48.08045327040207,-22.65860089981163],[-48.07753634003001,-22.65465552003616],[-48.07129065004341,-22.65005566044033],[-48.06314524026061,-22.64693856975913],[-48.05807092982951,-22.65223839958242],[-48.05495392997983,-22.66001125981177],[-48.05073752961329,-22.66135883993849],[-48.04911538017063,-22.66397544980714],[-48.04598929986628,-22.66500335961729],[-48.04813321977224,-22.67497692024864],[-48.05197110987876,-22.68321355006526],[-48.05000662990199,-22.68408979011167],[-48.04645336982713,-22.6799062401808],[-48.0468702100921,-22.67644478020242],[-48.04542362000404,-22.67275208024427],[-48.04382552023151,-22.67221832991197],[-48.04540475042887,-22.67073366972301],[-48.04404575970403,-22.66445140970472],[-48.03127881036875,-22.66520133007725],[-48.02450166961631,-22.66855164014601],[-48.0269222101918,-22.67092802041179],[-48.02633388989705,-22.67161040979255],[-48.02432569027832,-22.67008093998334],[-48.01427912987788,-22.67171555043228],[-48.0156372095895,-22.67585787993715],[-48.01274266963844,-22.67419612974754],[-48.00864830997148,-22.67693403028125],[-48.00733679985336,-22.67543120018968],[-48.00943310965027,-22.67257161958452],[-48.00310735032394,-22.67315497022565],[-48.00109008014306,-22.66996301008481],[-47.99901157962069,-22.67410310027782],[-47.99944335043023,-22.6702361099085],[-47.98696423001519,-22.66884139001809],[-47.98548217965885,-22.66553704969505],[-47.98368683967584,-22.66546189964691],[-47.98171036993756,-22.66662414029179],[-47.98256210975353,-22.68045173026309],[-47.98317000019529,-22.68147534041458],[-47.98506896995696,-22.68014502996914],[-47.98722908035774,-22.68050647019737],[-47.98727527043735,-22.6815205799108],[-47.98368056960254,-22.68201861007077],[-47.98386933010545,-22.69532757001133],[-47.98260443994292,-22.6953603799775],[-47.98146196999386,-22.68157840002311],[-47.97738623978307,-22.66744502976428],[-47.97393565980281,-22.67292455042764],[-47.97000960016288,-22.6839576302404],[-47.97193475008862,-22.68789246996147],[-47.9719477497888,-22.69125962972811],[-47.97091098975034,-22.69187589016013],[-47.96914341993283,-22.68990612037112],[-47.96677507960618,-22.69151428985253],[-47.96609218030983,-22.69518736030841],[-47.94757533003741,-22.68692999032675],[-47.94790814034837,-22.68413469955669],[-47.9527097700398,-22.68343523025163],[-47.95517045005619,-22.67473561955313],[-47.95402221994942,-22.67218393983688],[-47.95484085032496,-22.66904608021241],[-47.94606806988548,-22.66439695035893],[-47.93651903962194,-22.66294903017354],[-47.93307562004378,-22.66475236962611],[-47.93121994004815,-22.66991221008038],[-47.93520572996044,-22.6747305096053],[-47.93729545042464,-22.68276440974967],[-47.93379511005622,-22.68903166997552],[-47.93794445966904,-22.69772405012475],[-47.93608155991603,-22.70269993965047],[-47.93642855973019,-22.70456340957367],[-47.93872046038092,-22.70594351997744],[-47.93975441003795,-22.71095630958598],[-47.93816169000996,-22.71217751967674],[-47.93765370975086,-22.71475985008698],[-47.93965445039254,-22.71762543006952],[-47.95208989972906,-22.72146879974525],[-47.95424346036737,-22.72532751994902],[-47.94759306017153,-22.72402103973917],[-47.94248499009018,-22.7204553402417],[-47.94061537959607,-22.72074660996805],[-47.93653216972382,-22.72605137976734],[-47.93466839043384,-22.73202222974209]]]}},{"type":"Feature","id":"uc-uso-sustentavel-060","properties":{"id":"uc-uso-sustentavel-060","nome":"Área de Proteção Ambiental Tietr - Jumirim","nome_origem":"Frea de Prote Co Ambiental Tietr - Jumirim","natureza":"camada fornecida para a demonstração","fonte_arquivo":"assets/layers/Areas_Protegidas_US_DG_UCs_Uso_Sustentavel/Areas_Protegidas_US_DG_UCs_Uso_Sustentavel.kml","tipo":"Unidade de Conservação","categoria":"Área de Proteção Ambiental","orgao_gestor":"Fundação Florestal do Estado de São Paulo"},"geometry":{"type":"Polygon","coordinates":[[[-47.68911362019736,-23.2232321903133],[-47.68536015035062,-23.22009223976499],[-47.67972810017164,-23.21995089961428],[-47.67360846006233,-23.2140596801101],[-47.66950645975527,-23.21356080998333],[-47.66063225017814,-23.20528178972279],[-47.65908621036027,-23.20156996028538],[-47.65548828006001,-23.20085292991871],[-47.64753696016254,-23.19626823019462],[-47.64590793989947,-23.19388288009083],[-47.63872607005203,-23.19516104964271],[-47.63457065001546,-23.19253086001112],[-47.62928546025574,-23.19165065035719],[-47.61597995011454,-23.18195400986963],[-47.61731503955741,-23.17409468971812],[-47.6148973498328,-23.17216181011941],[-47.61477862043694,-23.16933809987336],[-47.61333384967736,-23.168069080024],[-47.61570882969869,-23.16474317036096],[-47.61568796992384,-23.16020989027419],[-47.61292314998332,-23.15226666967101],[-47.60944473958301,-23.14854459965352],[-47.60268827964035,-23.15172153032432],[-47.59487495981148,-23.14943854015644],[-47.58790139003708,-23.15333363973565],[-47.583558609742,-23.15144633957686],[-47.58659625970955,-23.14562130028276],[-47.59209849005322,-23.14259338997294],[-47.59664285968017,-23.13751466027333],[-47.59741915986632,-23.13561103022482],[-47.5958558000051,-23.1325371096998],[-47.5973039899871,-23.13110246980307],[-47.60503173033004,-23.13105776000759],[-47.60864870017735,-23.13319797021012],[-47.61175979957505,-23.13716378977705],[-47.61873146008878,-23.14116144984098],[-47.62161366044205,-23.14232351961471],[-47.62442153002957,-23.14180934032873],[-47.6256391095572,-23.13989081031258],[-47.62408426987309,-23.13736916975137],[-47.62405539983678,-23.1320507599346],[-47.62490292003366,-23.12947887964651],[-47.62859926044746,-23.12587983958286],[-47.63010873023364,-23.11851356015262],[-47.62762783975296,-23.10906604985826],[-47.62466853962138,-23.11077736977973],[-47.62438310019985,-23.11421595010597],[-47.62163955012511,-23.11545679959158],[-47.61818171981048,-23.11306026012284],[-47.6168796498759,-23.10956515021149],[-47.61455848978244,-23.10936004003378],[-47.61608139004409,-23.10655880024837],[-47.61275917029946,-23.1062126898637],[-47.61376171023471,-23.10460562025315],[-47.61279367009178,-23.10280978024713],[-47.60860846990494,-23.09924273986053],[-47.60766469976602,-23.09521378968458],[-47.60344517965126,-23.08976282969081],[-47.60424081975799,-23.08738135026903],[-47.59264172013923,-23.07715160965904],[-47.59438456039908,-23.07432466994754],[-47.59752073019752,-23.07387693976892],[-47.602731680023,-23.07057145011231],[-47.61260813995364,-23.06866914026858],[-47.62616336035074,-23.07587079969761],[-47.62621663978604,-23.06820026972662],[-47.62904362985961,-23.0614525898651],[-47.62897087020946,-23.05796323021883],[-47.63152504014846,-23.05481321985417],[-47.6315711304033,-23.04995220972665],[-47.62916203010354,-23.0471215099497],[-47.62909898043358,-23.04364121996628],[-47.63898660994403,-23.04302924030713],[-47.64534030041449,-23.04037799035194],[-47.64956145999332,-23.04303821014526],[-47.65209770014872,-23.04317620032134],[-47.65401632009707,-23.03591014044059],[-47.659900890014,-23.03132255029544],[-47.66129762978176,-23.02826721965641],[-47.65995998986159,-23.02495558043563],[-47.6628739398804,-23.01825828958835],[-47.66056199963651,-23.01371293970038],[-47.66147160003425,-23.00887532003992],[-47.6586873799186,-23.00660592042686],[-47.65842263030009,-23.00182904007806],[-47.66013998017593,-23.00041416997794],[-47.65985101990861,-22.99737265022759],[-47.66821933025784,-22.99324661014288],[-47.66372046003119,-22.99022763999352],[-47.66551008032593,-22.98390656973237],[-47.67042509024566,-22.98062803005951],[-47.66962338960769,-22.9748672599161],[-47.67306847023366,-22.9729217601311],[-47.67688311016735,-22.9680374098985],[-47.67596627022715,-22.96323370007514],[-47.67844353014476,-22.95678405014377],[-47.68350676002893,-22.95280117043762],[-47.68644790015043,-22.94766732039045],[-47.69262153015944,-22.94135614986635],[-47.69461061019149,-22.93545938963905],[-47.69785416983405,-22.93119231966978],[-47.6974798701998,-22.92558733009116],[-47.70031431025717,-22.92016175975738],[-47.71410979982738,-22.91160065004993],[-47.71395621990359,-22.91340227989127],[-47.72257386009551,-22.9196216997816],[-47.72157806957222,-22.92292440963377],[-47.72260553961394,-22.9244091903318],[-47.72267145991992,-22.93231098996017],[-47.74578558963321,-22.93244219025485],[-47.75002423023398,-22.92693015999885],[-47.75462834991839,-22.92340004037953],[-47.75974873981244,-22.92213708016209],[-47.75944843010092,-22.91609349032228],[-47.75732988006985,-22.91395526042686],[-47.76021896023678,-22.91078026959372],[-47.7640568701284,-22.90244817044669],[-47.80688636041714,-22.87639156961518],[-47.80883258955231,-22.87714706038849],[-47.80729706011118,-22.88044619993212],[-47.80827114999352,-22.88239459013818],[-47.80596956004712,-22.8858051700725],[-47.80844767971661,-22.88609948040664],[-47.80706920967623,-22.88936404011832],[-47.80975016963458,-22.89123300040262],[-47.80825767005541,-22.89389449003863],[-47.80924045008663,-22.8947054698815],[-47.80849055039852,-22.89686420971549],[-47.80607437962885,-22.89876554019747],[-47.80765242991566,-22.90145102014844],[-47.80683040010285,-22.90417408006971],[-47.80954392990839,-22.90347739956229],[-47.81205828955837,-22.90478728010885],[-47.81422776010299,-22.90899750033435],[-47.81352591029247,-22.91563389988454],[-47.81091802025037,-22.91583149982381],[-47.81039203016803,-22.91707148955754],[-47.81252577964096,-22.92025254991518],[-47.81209192959881,-22.92238281991115],[-47.81498137039387,-22.92286669024554],[-47.81549004043296,-22.92117941010167],[-47.81678517029934,-22.92099879026193],[-47.82307249979601,-22.92469591038792],[-47.82333329959204,-22.92601601982341],[-47.82158529002908,-22.92605476981174],[-47.81929150979528,-22.92978174023506],[-47.82250832989547,-22.93536222958318],[-47.82017251984587,-22.94266300959015],[-47.82233650002939,-22.94317801984971],[-47.8242460701,-22.94005560967861],[-47.82644404016031,-22.94180209039411],[-47.82464043001181,-22.94740758988831],[-47.82524082010769,-22.94971837000674],[-47.8205075802606,-22.95430784962753],[-47.81931332015358,-22.95832128020288],[-47.8161600299614,-22.96192890969138],[-47.81684161984487,-22.97763968002715],[-47.81286419992284,-22.98048125980227],[-47.80537320970581,-22.98229765021637],[-47.79622845977553,-22.97770394018465],[-47.7899128600904,-22.98033690962063],[-47.78301715991398,-22.97717340043204],[-47.7763510800383,-22.97699643993371],[-47.77193275039605,-22.97501616966048],[-47.76631317021656,-22.9791799497948],[-47.76433726974915,-22.9841542700035],[-47.77080434044791,-22.99087793976508],[-47.7770013798098,-23.00009898997638],[-47.78242385018052,-23.00395093019125],[-47.78062912983046,-23.00884852024296],[-47.76978554976324,-23.00311018009069],[-47.76250247021278,-23.00182951042353],[-47.75787302022366,-22.99761373958239],[-47.7505783897808,-22.998181780165],[-47.74735760996566,-23.00078222022324],[-47.76699425018444,-23.01478328042401],[-47.78202551976187,-23.01415507969313],[-47.78701692978746,-23.01485201021205],[-47.79200992981436,-23.01734841040076],[-47.78648602041346,-23.02982196041512],[-47.783484349623,-23.03213136996669],[-47.76729885955467,-23.02934410025],[-47.76100005021209,-23.03688423032293],[-47.76414172026415,-23.03863038998048],[-47.78257141004252,-23.03991563000227],[-47.79001875975791,-23.04233078004142],[-47.79255976991743,-23.04576311997198],[-47.79200831013537,-23.04880158022871],[-47.82113032030799,-23.07197043998377],[-47.82163492990804,-23.07499623958472],[-47.82459230998705,-23.07602312956374],[-47.82710502028044,-23.08095893001058],[-47.8382907995807,-23.0818334802309],[-47.83929066043561,-23.08449806983003],[-47.83697842971071,-23.08734786041538],[-47.83048800002115,-23.08891382021659],[-47.82650691985845,-23.08407767994095],[-47.82119152007255,-23.0853825602569],[-47.81751584967668,-23.09078296036529],[-47.81028028041055,-23.0963994001122],[-47.80624550982236,-23.10471867043026],[-47.80944494962466,-23.1076385595718],[-47.80679260969112,-23.1111161201128],[-47.80696414008298,-23.11274927995527],[-47.81446821993234,-23.11326094024014],[-47.81197720038745,-23.11729845016328],[-47.81325862998176,-23.12281003975147],[-47.81791461986376,-23.12282792007238],[-47.82006461019358,-23.12517494017129],[-47.82552407957257,-23.12308204959686],[-47.83159590992324,-23.12319034955493],[-47.83447364963916,-23.12191398044581],[-47.83601171966507,-23.12380294974628],[-47.82720145008682,-23.13025287037362],[-47.81931670969834,-23.13167164982673],[-47.81309284985508,-23.1367359202265],[-47.80068015966162,-23.13907583028532],[-47.79388079036613,-23.14702949021876],[-47.79402048026094,-23.15028768992488],[-47.79164490039182,-23.15270830964073],[-47.78914912972851,-23.1513142903222],[-47.78774243986169,-23.14522022962984],[-47.78243270040878,-23.14434309026137],[-47.77866255982923,-23.13803426966575],[-47.77264407006771,-23.13546522044351],[-47.76538144020128,-23.12698756962061],[-47.75883953961301,-23.12598930955892],[-47.7527944595966,-23.12145271007449],[-47.75081990991089,-23.1217434995628],[-47.7514589195934,-23.12386852021598],[-47.74894348975022,-23.12734846036312],[-47.74935655016463,-23.12953024982113],[-47.7414869201852,-23.13946061961184],[-47.73617708990076,-23.13568118004235],[-47.73421077980362,-23.13602782012777],[-47.7308585901518,-23.14072398002759],[-47.71383627012773,-23.13874870998495],[-47.71452023961734,-23.14715440964824],[-47.71336914966651,-23.15064400042024],[-47.71432352011431,-23.15427480993446],[-47.71292000035771,-23.1591932201909],[-47.70806806978555,-23.16093294969585],[-47.69864389959622,-23.16717409001222],[-47.69181576998176,-23.1692703197694],[-47.68714852958095,-23.1727303696108],[-47.68825293032842,-23.17801252955456],[-47.68593319026445,-23.18250419980893],[-47.68656577968693,-23.18959071993572],[-47.68378972001955,-23.19684888017161],[-47.68655306956845,-23.19707235990143],[-47.68946692965505,-23.19996420008772],[-47.69446759999971,-23.19964135966097],[-47.69617057960852,-23.20341504986459],[-47.69979911024069,-23.2051394801029],[-47.70088679978596,-23.20921271019836],[-47.70348998007847,-23.21031227978784],[-47.70425315016269,-23.21509571979158],[-47.70331895960226,-23.21625014982453],[-47.70003304998522,-23.21572715988049],[-47.69184194025331,-23.21866849965147],[-47.6905827796715,-23.22272101026635],[-47.68911362019736,-23.2232321903133]]]}},{"type":"Feature","id":"uc-uso-sustentavel-061","properties":{"id":"uc-uso-sustentavel-061","nome":"Área de Proteção Ambiental Varzea do Rio Tiett","nome_origem":"Frea de Prote Co Ambiental Varzea do Rio Tiett","natureza":"camada fornecida para a demonstração","fonte_arquivo":"assets/layers/Areas_Protegidas_US_DG_UCs_Uso_Sustentavel/Areas_Protegidas_US_DG_UCs_Uso_Sustentavel.kml","tipo":"Unidade de Conservação","categoria":"Área de Proteção Ambiental","orgao_gestor":"Fundação Florestal do Estado de São Paulo"},"geometry":{"type":"Polygon","coordinates":[[[-46.8618347002112,-23.52544620997458],[-46.86030527986475,-23.51880154025883],[-46.86383943024549,-23.51845262039205],[-46.86047002037509,-23.51498003040405],[-46.85627848986036,-23.51781878001265],[-46.84774794001538,-23.51630447996774],[-46.83899096965746,-23.517136139721],[-46.82134745012468,-23.52299635959429],[-46.8067004095962,-23.52243987979659],[-46.79623279021104,-23.52544605978778],[-46.79638092024322,-23.52295563019811],[-46.78685696038036,-23.52241192976669],[-46.78617633996606,-23.51977670033443],[-46.79675066031467,-23.52049479010242],[-46.80925271973717,-23.51112992030954],[-46.81313442031723,-23.51282861015221],[-46.82976451991664,-23.51296122957706],[-46.83528297043267,-23.50974057027105],[-46.85451206038323,-23.50872430038612],[-46.85858510971502,-23.50531599034065],[-46.85901828976222,-23.50040021959444],[-46.86478137026398,-23.49680499985084],[-46.86184001970111,-23.49427197027518],[-46.86256335971126,-23.49293154965125],[-46.86740700033278,-23.48843805017583],[-46.87248107963808,-23.48575984034431],[-46.8711841897985,-23.48425202980729],[-46.86786991016817,-23.48446498027459],[-46.86557479983708,-23.48195993040639],[-46.86205033965143,-23.4813127503831],[-46.86651496998985,-23.4785974201348],[-46.86487953036601,-23.46734023016745],[-46.86894235980202,-23.46824990970555],[-46.87168700974763,-23.47100127039226],[-46.87423206955435,-23.4707620300436],[-46.8784537804176,-23.46937646974823],[-46.88164329979838,-23.46648592998162],[-46.88832427964172,-23.46641582962678],[-46.88761106959515,-23.46459850032051],[-46.89088426999302,-23.46469384014858],[-46.89033035955839,-23.45791063976418],[-46.90624457003082,-23.45212405997734],[-46.91849861981541,-23.45375788981471],[-46.91105778029231,-23.45557113979623],[-46.90541277987586,-23.46142097969442],[-46.90838755014528,-23.46197152036933],[-46.90850260041464,-23.46354503987163],[-46.90278346978124,-23.46805247973811],[-46.89795835969051,-23.46937776027539],[-46.89452462041487,-23.46717314962109],[-46.88031148029052,-23.47198124004217],[-46.87985695033797,-23.4745577095706],[-46.8819368897756,-23.47569002977099],[-46.88313759982032,-23.4793190496344],[-46.88009942015208,-23.47915833988543],[-46.87372937011429,-23.48998043964554],[-46.86966516021891,-23.49006953008472],[-46.86772086012957,-23.49246184993439],[-46.8677150702942,-23.49520882013093],[-46.87217815020142,-23.49818909964716],[-46.87499259023582,-23.49719722027544],[-46.87157816030384,-23.49904537024759],[-46.86525926010671,-23.49914707008116],[-46.86129065983602,-23.50384407984035],[-46.86123104018031,-23.50558580044429],[-46.86821032964298,-23.50705569016793],[-46.87132870995197,-23.51013022043327],[-46.86825115976319,-23.50956733026806],[-46.86500298030325,-23.51086156980557],[-46.8692336403202,-23.51892140999502],[-46.8618347002112,-23.52544620997458]]]}},{"type":"Feature","id":"uc-uso-sustentavel-062","properties":{"id":"uc-uso-sustentavel-062","nome":"Área de Proteção Ambiental Varzea do Rio Tiett","nome_origem":"Frea de Prote Co Ambiental Varzea do Rio Tiett","natureza":"camada fornecida para a demonstração","fonte_arquivo":"assets/layers/Areas_Protegidas_US_DG_UCs_Uso_Sustentavel/Areas_Protegidas_US_DG_UCs_Uso_Sustentavel.kml","tipo":"Unidade de Conservação","categoria":"Área de Proteção Ambiental","orgao_gestor":"Fundação Florestal do Estado de São Paulo"},"geometry":{"type":"Polygon","coordinates":[[[-46.08464808024468,-23.6090903602319],[-46.08327197991792,-23.60681197009632],[-46.08580369018813,-23.60603173987283],[-46.08713265974438,-23.60398688029022],[-46.08747415031172,-23.60200888979836],[-46.08598858000892,-23.60077265023756],[-46.08795758987083,-23.60079652993585],[-46.08726437984723,-23.59799189970636],[-46.090289450098,-23.59552003032508],[-46.09109755031164,-23.59284386015599],[-46.08845469013181,-23.59306580024645],[-46.08937202020252,-23.5857720601324],[-46.08805826987322,-23.58316776018393],[-46.0890818503471,-23.58223701042965],[-46.08671166011499,-23.58166988985352],[-46.085688090433,-23.57855740010388],[-46.09269984002555,-23.5629824696652],[-46.09740973976761,-23.55924394025561],[-46.08914395033298,-23.55357992996977],[-46.08771850960147,-23.55442651037509],[-46.08431954980733,-23.55236752963776],[-46.0717885699865,-23.55401451026137],[-46.06805796989937,-23.55344795985542],[-46.06438904981474,-23.55680737016394],[-46.06350570962076,-23.56001382018161],[-46.06021192014396,-23.56178558983305],[-46.05770931013649,-23.56013652997683],[-46.04582563984138,-23.55905710969779],[-46.0428280699594,-23.55689685990211],[-46.03795297015341,-23.56157157007186],[-46.03015483987394,-23.56572884001389],[-46.01676380960208,-23.56532328983792],[-46.01400284955184,-23.56888019036842],[-46.01433227031799,-23.57216484003527],[-46.00972873968954,-23.57153963044954],[-46.00787656974785,-23.57376075985115],[-46.00346463968134,-23.57324629997674],[-46.00040009998457,-23.57555365008085],[-46.00028529972678,-23.57111845994893],[-45.99498343024106,-23.56853349002847],[-45.99077237004877,-23.56959517028082],[-45.99000593992213,-23.57138115011992],[-45.99289474039989,-23.57575151981672],[-45.99083087004857,-23.5783134104355],[-45.98637147016717,-23.57877575999328],[-45.98561083976841,-23.58135206044921],[-45.9877246602648,-23.58568046957794],[-45.99049660013793,-23.58575080015925],[-45.99090755973606,-23.5874513300148],[-45.98794026013485,-23.58765393018467],[-45.9862151895793,-23.58982162007169],[-45.98536762981223,-23.59186829988209],[-45.98677117025323,-23.5942453600353],[-45.98615894957584,-23.59534399972574],[-45.98498287016326,-23.59461797973592],[-45.98498178018497,-23.59610942980629],[-45.98211139962137,-23.59432889985879],[-45.982127709726,-23.58905297041821],[-45.9793616298353,-23.58761963004184],[-45.98039519008591,-23.58373417029566],[-45.97372019972738,-23.58161343041542],[-45.97353523975949,-23.57660844962021],[-45.97622741965966,-23.57628068000935],[-45.97680209004437,-23.57434649009838],[-45.97632565980132,-23.57229516978623],[-45.97461014004591,-23.57158265041892],[-45.97567667034201,-23.57072929991722],[-45.97437650966816,-23.56863643991971],[-45.9763929398822,-23.56731857968867],[-45.97671859968358,-23.56948168033523],[-45.98152726027479,-23.56942972020539],[-45.98266991008825,-23.56219684980471],[-45.98466629980987,-23.56080396003466],[-45.98485474015411,-23.55588829990506],[-45.9889410400969,-23.55756272963623],[-45.99242905975325,-23.55672004959058],[-45.99619862027009,-23.55865380962558],[-45.99662781002536,-23.56156466957378],[-45.99844028029463,-23.56266190002663],[-45.99786972970423,-23.56546789992359],[-46.00034497963708,-23.56621319957947],[-46.00389070968845,-23.56237852994514],[-46.00819030004226,-23.56390637018279],[-46.01096508986694,-23.56723087960137],[-46.01835349981411,-23.56059888043393],[-46.02331959032676,-23.5627408002477],[-46.03073940999576,-23.56071653963653],[-46.03931636036168,-23.55269771033102],[-46.04196800961591,-23.55383858038613],[-46.04294262020574,-23.55570921970468],[-46.04599931961286,-23.55509927970797],[-46.04537277003726,-23.5542190997316],[-46.0469840799513,-23.55368442039963],[-46.04931739977815,-23.55715271972218],[-46.05870981040937,-23.55854716981599],[-46.0651229595569,-23.55343348976368],[-46.06532979013764,-23.55179722995814],[-46.06861099989766,-23.55234590004324],[-46.0764076903626,-23.54611090029778],[-46.08065788994963,-23.54667582023285],[-46.08248291025808,-23.54562792029225],[-46.0884799700745,-23.54706447034897],[-46.09955377029024,-23.55207992015215],[-46.11194916022555,-23.55097888017116],[-46.10906526015361,-23.54527256038034],[-46.11203431972802,-23.54097838034795],[-46.10832236978149,-23.53604673027235],[-46.10719606964284,-23.52965376011292],[-46.10963462004162,-23.5299622797354],[-46.1104512997876,-23.5276026097726],[-46.11156220982809,-23.52806280005814],[-46.11380482043609,-23.5254990100712],[-46.11317105020379,-23.52431921016336],[-46.11389910985599,-23.52701647033382],[-46.1103807200941,-23.53268888028754],[-46.11144093984745,-23.53476935032523],[-46.11292762980622,-23.53477181986358],[-46.113105459949,-23.53983335002903],[-46.11874151031242,-23.54211948962268],[-46.12041868027785,-23.54400064021735],[-46.12398957965536,-23.54303169985303],[-46.12528955956549,-23.54551918955889],[-46.13722639957865,-23.54528597017134],[-46.14137307011106,-23.54297492025631],[-46.14410517991007,-23.53769167033425],[-46.14257595021991,-23.53259135960354],[-46.14933111963541,-23.52878915009916],[-46.144682729924,-23.52462017008475],[-46.1483903298498,-23.52325573036762],[-46.1512116802748,-23.51662165016899],[-46.15588606039336,-23.51432964969354],[-46.15758386979974,-23.50827829960377],[-46.16276714029124,-23.50422007020006],[-46.16677111989122,-23.50452045005869],[-46.17207918030988,-23.50761534007586],[-46.17738828034481,-23.50214603031498],[-46.17984681008215,-23.50306897035665],[-46.18811607989312,-23.50127223012925],[-46.189813929769,-23.50314108968951],[-46.19662416017678,-23.50533695983279],[-46.19661330985633,-23.50795990002933],[-46.1989040503816,-23.50901522027613],[-46.19853377971015,-23.51032529957286],[-46.20064427001699,-23.51197472994977],[-46.20156212978844,-23.51235230041829],[-46.20496056977441,-23.50923770985236],[-46.20385003025467,-23.5135040297871],[-46.21064961988401,-23.5133205303182],[-46.21915031043841,-23.51712772026804],[-46.22100988000193,-23.5196614603081],[-46.22191523020365,-23.51723238966304],[-46.22547852041737,-23.5217498299906],[-46.23013347967628,-23.52128853983419],[-46.2321662802496,-23.52348434972293],[-46.23880255029741,-23.52404563010168],[-46.24236011003103,-23.52661154968325],[-46.25299282965534,-23.52690627010821],[-46.25715542987916,-23.53003116960275],[-46.26024991969797,-23.53010124027998],[-46.26215121960308,-23.52563887983041],[-46.26572011978766,-23.5284558703421],[-46.27073224030062,-23.52702159017423],[-46.27098618996064,-23.52410438011299],[-46.27461978017868,-23.52335659023441],[-46.27355191978523,-23.51968685986066],[-46.27760430989093,-23.52163090004598],[-46.27870682026349,-23.51947997981716],[-46.27560626002082,-23.51678470984643],[-46.27521300987246,-23.51448629990279],[-46.27635514977032,-23.5163429997296],[-46.27897961971365,-23.51649451031335],[-46.27966572958968,-23.51829188995873],[-46.28246504032933,-23.51732074985267],[-46.29241059966938,-23.52229398008308],[-46.29698897985747,-23.52033116025478],[-46.30086001987399,-23.51116752006493],[-46.30766106010981,-23.51201804040022],[-46.31261482001787,-23.50874173014671],[-46.31469745022713,-23.51002340975253],[-46.31615887013572,-23.50809842979868],[-46.32117137016257,-23.50652448042041],[-46.32288358041285,-23.5043672901183],[-46.32239694016664,-23.50082475985477],[-46.32528253006467,-23.49561668965845],[-46.32523081005382,-23.48992592004515],[-46.32146431982244,-23.48596130017381],[-46.32262545969718,-23.48441731980341],[-46.32134866970529,-23.48340653038701],[-46.32480440010295,-23.48111036964781],[-46.32123608987359,-23.48026415976312],[-46.32181597992349,-23.47827571015586],[-46.32605408992424,-23.47798188995222],[-46.33081937981046,-23.47556715989646],[-46.3324126502236,-23.47204140019045],[-46.3357671601263,-23.46990275031163],[-46.33665267038441,-23.47174709974882],[-46.34248236996535,-23.47268405032861],[-46.34511736017799,-23.46762247969366],[-46.34442628964149,-23.46684136993321],[-46.34790488979877,-23.46551193992406],[-46.35180849966247,-23.46670026990148],[-46.35774806042463,-23.47126821975252],[-46.35772414025683,-23.46862481997942],[-46.35922683994664,-23.468521059799],[-46.36116534030816,-23.46610295009106],[-46.36115523012973,-23.45954379960665],[-46.36395755000086,-23.46043751977567],[-46.36336345965589,-23.46725346987171],[-46.36594670018002,-23.46785709033242],[-46.366024809897,-23.46969939021466],[-46.3670540003418,-23.46884858029767],[-46.37201680023509,-23.46969908984107],[-46.37331372964485,-23.46828325027172],[-46.37494733015512,-23.46854123968643],[-46.37529998040975,-23.46726691023969],[-46.38190724012696,-23.46826326014127],[-46.38460099024348,-23.47260661959979],[-46.38769416975009,-23.47371180995202],[-46.38796914016365,-23.47746827993711],[-46.38675563996077,-23.47947746970942],[-46.38912896972613,-23.48171257997154],[-46.39087425973923,-23.48078326013928],[-46.39062447034297,-23.47967989990741],[-46.39373325038918,-23.48115871000641],[-46.3963000000449,-23.48123770015968],[-46.39678898032713,-23.48018968960247],[-46.3995871597196,-23.48120434970093],[-46.40064364009186,-23.47794495029916],[-46.39943739022334,-23.47659833964161],[-46.40158509987242,-23.47076476038535],[-46.40475412010653,-23.4702228298197],[-46.40757073020501,-23.47200238040551],[-46.40975801002412,-23.47014562032405],[-46.4208610498975,-23.47301292970292],[-46.42680309998303,-23.47144820017428],[-46.43440798034396,-23.4756893202059],[-46.4360546003395,-23.47434761984675],[-46.44316594984866,-23.4784857297326],[-46.44809760981678,-23.47949872968258],[-46.44944550020961,-23.47825395015963],[-46.45052287992695,-23.47996469001839],[-46.45678448971239,-23.48117003966553],[-46.46720318957551,-23.48070150996665],[-46.47772188955349,-23.47420234965864],[-46.48622010967028,-23.47478712032927],[-46.48783789020644,-23.46488683016304],[-46.4910694897651,-23.46760172963604],[-46.49634758027656,-23.46854432975698],[-46.49861856989105,-23.47178861964903],[-46.50661408966846,-23.47214474038742],[-46.50922929029946,-23.47060501021298],[-46.51513948999542,-23.47353899982494],[-46.51898125977726,-23.47804491983715],[-46.52505790959481,-23.47832908042267],[-46.52614635007393,-23.48171714043366],[-46.53024458042302,-23.48548613977351],[-46.53157385035286,-23.4834412801909],[-46.53266105966014,-23.48365655000975],[-46.53317012989754,-23.48839824977938],[-46.53709663020527,-23.48693885964059],[-46.53713693961805,-23.49063719025406],[-46.54534299967963,-23.49712344978735],[-46.54781590957651,-23.49768527965188],[-46.54783769025715,-23.50043588041149],[-46.54616174966498,-23.50043200972942],[-46.54498777016943,-23.50293970989964],[-46.54579827966683,-23.50460171010081],[-46.54981819975006,-23.50582979011267],[-46.55157508022575,-23.50491330990127],[-46.55122775036034,-23.50752940985433],[-46.54476355029755,-23.50762466964272],[-46.54186935029026,-23.5049410701742],[-46.53832608977717,-23.50386214991823],[-46.53689135994824,-23.49987527002764],[-46.53256870018532,-23.49761698963232],[-46.52754265996572,-23.49712563963652],[-46.52471766009188,-23.49956024021287],[-46.51033216040082,-23.49540090003148],[-46.50728077958428,-23.49235590979737],[-46.50436980991873,-23.48613491969076],[-46.49688289003331,-23.48392568022592],[-46.50026257016145,-23.47880147990435],[-46.49868551002822,-23.47777087032938],[-46.49421223990288,-23.47881311982957],[-46.48906571031426,-23.48283623970065],[-46.48888934966374,-23.48070792033423],[-46.48680002040459,-23.4821572398647],[-46.47110514019005,-23.4817632801512],[-46.46629116010894,-23.48392940971445],[-46.46072574969355,-23.49092844019532],[-46.45644613957762,-23.49126603040293],[-46.45444000030574,-23.48692671969229],[-46.45039745957507,-23.48965340028417],[-46.4474686203805,-23.48839804023731],[-46.44385838016007,-23.48880628028559],[-46.43800120988789,-23.48644957988415],[-46.43675264961507,-23.48252242037336],[-46.43428974017934,-23.48088628017763],[-46.4333745100256,-23.48202925014971],[-46.43357242023097,-23.48056559002993],[-46.4304179798059,-23.47998305957049],[-46.43048306014509,-23.47812090985207],[-46.42867322039274,-23.47763617976585],[-46.42850955007566,-23.4753855301181],[-46.42378688985303,-23.47389703971658],[-46.42198441015239,-23.47621900020664],[-46.41871330967149,-23.4760663501819],[-46.41561922005093,-23.47909419034454],[-46.41519808012725,-23.48130022012901],[-46.41179123957403,-23.47990384998263],[-46.41300915005218,-23.48538150005612],[-46.41196782955166,-23.48538841044672],[-46.41154540989271,-23.48775772024254],[-46.40618209962417,-23.48748450980224],[-46.40643012005398,-23.49121217000561],[-46.40455566041533,-23.48975764969572],[-46.40481234041715,-23.49213592033641],[-46.40196861036304,-23.49199661984807],[-46.40000419963405,-23.49183978977442],[-46.39940206035675,-23.48913743044801],[-46.39163967992727,-23.48088280969387],[-46.38819442033616,-23.48508786960946],[-46.38842810017667,-23.48290641020265],[-46.38619957025395,-23.48102737031684],[-46.38586908019386,-23.47786672007305],[-46.38440177961837,-23.47728939039303],[-46.38320445012522,-23.48012069001777],[-46.38020851970737,-23.47664082991031],[-46.37514477001508,-23.47715896981055],[-46.37507405002737,-23.47893150028847],[-46.37198194970716,-23.47707214026701],[-46.37121880030736,-23.47880849011966],[-46.36793554998559,-23.47827910959319],[-46.36628583991956,-23.47637328969552],[-46.35930935993895,-23.47713607037332],[-46.35594428030424,-23.47538478008352],[-46.35552116007341,-23.47131730025313],[-46.35163748008557,-23.46808506037718],[-46.34784075015045,-23.47504917018301],[-46.35179683995216,-23.47837975991791],[-46.34787513033297,-23.48325641015515],[-46.34820344043641,-23.48478841964982],[-46.33786430988994,-23.48450549023613],[-46.33737208035717,-23.48730892976323],[-46.33343417035064,-23.49002149999217],[-46.33611650986899,-23.49120411028144],[-46.33805471974949,-23.49454048985166],[-46.33843349980611,-23.49780914957256],[-46.33579922005794,-23.4983105000295],[-46.33867422043886,-23.50039867006251],[-46.3364706296158,-23.50706789037082],[-46.33199212004024,-23.50641120990934],[-46.33146420001276,-23.51225610983158],[-46.33301996959585,-23.51372311003348],[-46.32821573007186,-23.52109493018685],[-46.31899047013405,-23.52750517002755],[-46.30565188023007,-23.52263352991343],[-46.30317468956025,-23.52273077990151],[-46.30144142977809,-23.52346091968565],[-46.30431518010141,-23.53174283036731],[-46.29116130015382,-23.53206156988551],[-46.28985822028062,-23.52820083969692],[-46.28240866992411,-23.53284902975889],[-46.27606835956709,-23.53235682990373],[-46.27639041038907,-23.53336054974955],[-46.27082079024723,-23.53703734969389],[-46.2725254695747,-23.53885642008765],[-46.27146858990346,-23.54010460983983],[-46.2690236803985,-23.53670701971316],[-46.26632278966497,-23.53973193977714],[-46.26588674977364,-23.53702906963582],[-46.2617679402382,-23.53762111042585],[-46.26254802027489,-23.53314786997817],[-46.25567105027869,-23.53526273998341],[-46.25382445973099,-23.53778528975926],[-46.24477024994701,-23.53932811989677],[-46.2450841097438,-23.53488043998027],[-46.23720307006556,-23.53220325987252],[-46.22665924033163,-23.53191618008759],[-46.22397131962066,-23.52925499981836],[-46.20854946008944,-23.52050099992118],[-46.20923745044792,-23.518964009981],[-46.20518281023845,-23.51895770033758],[-46.20530691038556,-23.51731380978447],[-46.2028555896137,-23.51942826969884],[-46.1998501299795,-23.51876832020179],[-46.20178751967825,-23.51706646024888],[-46.20086110015961,-23.515685830037],[-46.19658951019767,-23.51487779007789],[-46.19700426043823,-23.51277522010031],[-46.19516779985406,-23.50931318005917],[-46.19391451993909,-23.50929055041854],[-46.19360864971935,-23.51056913995382],[-46.18917179044576,-23.50793435028999],[-46.18296026030771,-23.5073354503707],[-46.18089356968244,-23.50810392015973],[-46.18097597006494,-23.51020249984543],[-46.17870131031719,-23.51022389022029],[-46.17480197043454,-23.51361744958558],[-46.16893619994562,-23.51343625957566],[-46.1686640201284,-23.5152190702039],[-46.16718017022862,-23.51471232021737],[-46.16685849981985,-23.51640626973352],[-46.16787904957846,-23.5168403500021],[-46.16502588024014,-23.51884606029739],[-46.16567048010853,-23.51952844967815],[-46.16216852006113,-23.52226827026442],[-46.16241114006203,-23.52457610959971],[-46.16053614982343,-23.52560309041024],[-46.16183399024641,-23.52829213977037],[-46.15509603025754,-23.53344580008354],[-46.15568456009436,-23.53781553036237],[-46.15266593978123,-23.53661611983802],[-46.14972536982992,-23.53795206993203],[-46.14969388006847,-23.54400096037597],[-46.14572678975952,-23.54747381026806],[-46.14405981990473,-23.55208497973797],[-46.14245228984129,-23.54976672985066],[-46.14252439028832,-23.54707197968804],[-46.14156534966111,-23.54700650004992],[-46.13967579040536,-23.55473084005615],[-46.14024157009237,-23.55826943038983],[-46.13691445983443,-23.553439120419],[-46.13695002981996,-23.5490501203667],[-46.13146649997896,-23.55298021976131],[-46.13136118037414,-23.55867136978782],[-46.12611239966748,-23.54956728000593],[-46.12336050028682,-23.551727500124],[-46.11740943989372,-23.55250302959109],[-46.10410609981659,-23.5578211804031],[-46.1023893695737,-23.56183784044396],[-46.1021590001377,-23.56677042041855],[-46.09947502025597,-23.56325234002344],[-46.09462538025707,-23.56576928972089],[-46.08995380962057,-23.57216703977701],[-46.08850131008734,-23.57774680966747],[-46.09065265029955,-23.58253406009874],[-46.09381963986442,-23.58209795995282],[-46.09303610013586,-23.58412991966003],[-46.09543237970053,-23.58618951013773],[-46.09095430000087,-23.59044452019839],[-46.09388032971339,-23.59653801971382],[-46.09207152957737,-23.59760366957363],[-46.09270538974192,-23.60023510026963],[-46.08934621955234,-23.60134025015236],[-46.09037615013915,-23.60245194979763],[-46.08919253980383,-23.60472775977826],[-46.08971440019934,-23.60890440021785],[-46.08771261004887,-23.60787050002352],[-46.08464808024468,-23.6090903602319]]]}},{"type":"Feature","id":"uc-uso-sustentavel-063","properties":{"id":"uc-uso-sustentavel-063","nome":"Área de Relevante Interesse Ecológico Guarr","nome_origem":"Frea de Relevante Interesse Ecologico Guarr","natureza":"camada fornecida para a demonstração","fonte_arquivo":"assets/layers/Areas_Protegidas_US_DG_UCs_Uso_Sustentavel/Areas_Protegidas_US_DG_UCs_Uso_Sustentavel.kml","tipo":"Unidade de Conservanto","categoria":"Urea de Relevante Interesse Ecologico","orgao_gestor":"Fundação Florestal do Estado de São Paulo"},"geometry":{"type":"Polygon","coordinates":[[[-47.4743815401759,-24.70544778988358],[-47.45529926005275,-24.69545584980756],[-47.45380831000546,-24.69698555973577],[-47.45226744039002,-24.69596861985588],[-47.45324479031478,-24.69409995005259],[-47.45028533999641,-24.69183244980769],[-47.44751149985581,-24.6925724902282],[-47.44860881034828,-24.6903545102524],[-47.44634858022278,-24.69143352044057],[-47.44706354035009,-24.68910599044904],[-47.44384188999118,-24.68637945015143],[-47.43772617002668,-24.69122648031777],[-47.43507219962225,-24.69161694976236],[-47.43250669013162,-24.69003744976845],[-47.42950725955234,-24.68568585971462],[-47.42889624036917,-24.68025196975253],[-47.43072868008448,-24.67665468966214],[-47.43570788990718,-24.67529330044539],[-47.45486696044185,-24.69279968955396],[-47.468805069898,-24.69905534043158],[-47.47961627976747,-24.70096126015397],[-47.5003983001414,-24.70073204994412],[-47.50090461035944,-24.70416427026481],[-47.49190633031287,-24.70645484981145],[-47.4743815401759,-24.70544778988358]]]}},{"type":"Feature","id":"uc-uso-sustentavel-064","properties":{"id":"uc-uso-sustentavel-064","nome":"Área de Relevante Interesse Ecológico Leopoldo Magno Coutinho","nome_origem":"Frea de Relevante Interesse Ecologico Leopoldo Magno Coutinho","natureza":"camada fornecida para a demonstração","fonte_arquivo":"assets/layers/Areas_Protegidas_US_DG_UCs_Uso_Sustentavel/Areas_Protegidas_US_DG_UCs_Uso_Sustentavel.kml","tipo":"Unidade de Conservanto","categoria":"Urea de Relevante Interesse Ecologico","orgao_gestor":"Fundação Florestal do Estado de São Paulo"},"geometry":{"type":"Polygon","coordinates":[[[-48.93499084035494,-22.33024922971811],[-48.93374736035236,-22.32832054995339],[-48.935620460216,-22.32797284956729],[-48.93634404034515,-22.32919076993801],[-48.93499084035494,-22.33024922971811]]]}},{"type":"Feature","id":"uc-uso-sustentavel-065","properties":{"id":"uc-uso-sustentavel-065","nome":"Área de Relevante Interesse Ecológico Leopoldo Magno Coutinho","nome_origem":"Frea de Relevante Interesse Ecologico Leopoldo Magno Coutinho","natureza":"camada fornecida para a demonstração","fonte_arquivo":"assets/layers/Areas_Protegidas_US_DG_UCs_Uso_Sustentavel/Areas_Protegidas_US_DG_UCs_Uso_Sustentavel.kml","tipo":"Unidade de Conservanto","categoria":"Urea de Relevante Interesse Ecologico","orgao_gestor":"Fundação Florestal do Estado de São Paulo"},"geometry":{"type":"Polygon","coordinates":[[[-48.91915153981165,-22.36200516980267],[-48.92869170006185,-22.35648434957301],[-48.92970431959861,-22.35467099976677],[-48.92840151042134,-22.34835889035048],[-48.92926259958926,-22.34625318983279],[-48.93176723037334,-22.34195932006651],[-48.93472783991785,-22.34178193958479],[-48.93360020968191,-22.34120153961931],[-48.93412056011573,-22.33699579981624],[-48.93273755029765,-22.33714232995453],[-48.93277228031644,-22.33384867987263],[-48.92989780963615,-22.32902368039851],[-48.93127893987116,-22.32875246015789],[-48.9330044097257,-22.33105018032154],[-48.9347913698258,-22.33071706963699],[-48.9340049603606,-22.33325842963279],[-48.93988157037813,-22.33137411971978],[-48.93949305965691,-22.32725392972503],[-48.96179722036538,-22.32322354962707],[-48.96445228974136,-22.32356629025207],[-48.96576002990139,-22.32512968968337],[-48.96900205979716,-22.32516484957807],[-48.97108878012307,-22.32945437022295],[-48.96996196017631,-22.3299467697276],[-48.9702113196966,-22.33188040026022],[-48.95270531999449,-22.32706327974654],[-48.94105174034547,-22.34040420968648],[-48.93882520961569,-22.34109598978807],[-48.93807094012175,-22.33870902000524],[-48.93353574987492,-22.34257619023896],[-48.93426401007594,-22.34657630005614],[-48.92977063021038,-22.35680462962989],[-48.93052347967483,-22.35827704015321],[-48.92823033975833,-22.35741018992826],[-48.92368864021853,-22.36090707959801],[-48.91915153981165,-22.36200516980267]],[[-48.96242685011902,-22.32819023998752],[-48.96573781035164,-22.32867146001979],[-48.96555248975557,-22.32657617005418],[-48.96236175988724,-22.32595310984811],[-48.96242685011902,-22.32819023998752]]]}},{"type":"Feature","id":"uc-uso-sustentavel-066","properties":{"id":"uc-uso-sustentavel-066","nome":"Área de Relevante Interesse Ecológico Leopoldo Magno Coutinho","nome_origem":"Frea de Relevante Interesse Ecologico Leopoldo Magno Coutinho","natureza":"camada fornecida para a demonstração","fonte_arquivo":"assets/layers/Areas_Protegidas_US_DG_UCs_Uso_Sustentavel/Areas_Protegidas_US_DG_UCs_Uso_Sustentavel.kml","tipo":"Unidade de Conservanto","categoria":"Urea de Relevante Interesse Ecologico","orgao_gestor":"Fundação Florestal do Estado de São Paulo"},"geometry":{"type":"Polygon","coordinates":[[[-48.98046173032458,-22.35177868024186],[-48.96783778038923,-22.34090178029288],[-48.96796578988926,-22.33932479030676],[-48.96933903037188,-22.33547863992726],[-48.97548950014027,-22.33533989971653],[-48.9742566303392,-22.33160514026497],[-48.97614355008471,-22.33145131032967],[-48.97575196008484,-22.32961790024586],[-48.97832513989323,-22.32854934017985],[-48.97943335016896,-22.33112673960733],[-48.98223022014849,-22.33037082974994],[-48.9816274702315,-22.32587693996874],[-48.98566104022478,-22.32392010962531],[-48.98643167018537,-22.32502639984841],[-48.98873531957929,-22.32402863980985],[-48.98856529015598,-22.32270839997261],[-48.99072192018042,-22.32704537964054],[-48.99315086042384,-22.32896059025899],[-48.99419778999595,-22.32821618003265],[-48.99491242007207,-22.3310593003464],[-48.99949633019145,-22.33485755013578],[-48.997109489911,-22.33851945011247],[-48.98155142985456,-22.34041633974226],[-48.98317655965047,-22.34670596970471],[-48.98195739012141,-22.3508056902304],[-48.98046173032458,-22.35177868024186]]]}},{"type":"Feature","id":"uc-uso-sustentavel-067","properties":{"id":"uc-uso-sustentavel-067","nome":"Área de Relevante Interesse Ecológico Leopoldo Magno Coutinho","nome_origem":"Frea de Relevante Interesse Ecologico Leopoldo Magno Coutinho","natureza":"camada fornecida para a demonstração","fonte_arquivo":"assets/layers/Areas_Protegidas_US_DG_UCs_Uso_Sustentavel/Areas_Protegidas_US_DG_UCs_Uso_Sustentavel.kml","tipo":"Unidade de Conservanto","categoria":"Urea de Relevante Interesse Ecologico","orgao_gestor":"Fundação Florestal do Estado de São Paulo"},"geometry":{"type":"Polygon","coordinates":[[[-48.93356638977701,-22.32786671967335],[-48.93328221030572,-22.32693609042821],[-48.93825868978666,-22.32521236975504],[-48.93730663958968,-22.32359470972801],[-48.93944514018102,-22.32276180980961],[-48.93573446996976,-22.32084145956566],[-48.93368503014,-22.32260245983559],[-48.93047455026027,-22.3215962596596],[-48.93105537020915,-22.31773319033442],[-48.92753450011702,-22.31480206955979],[-48.9306976801538,-22.31366766023427],[-48.93149274019777,-22.31685004978993],[-48.9331116502824,-22.31642153992209],[-48.93221568990214,-22.31312322955336],[-48.93500635006296,-22.30889576033104],[-48.94340652968754,-22.31232282034182],[-48.94945966043491,-22.31770793017677],[-48.94630746022108,-22.32200790993704],[-48.94822456031517,-22.32507126972325],[-48.94011379961211,-22.32269384984124],[-48.94042575014822,-22.32383507962516],[-48.93889077019287,-22.3248381402679],[-48.94023972987958,-22.32670931018646],[-48.93356638977701,-22.32786671967335]]]}},{"type":"Feature","id":"uc-uso-sustentavel-068","properties":{"id":"uc-uso-sustentavel-068","nome":"Área de Relevante Interesse Ecológico Leopoldo Magno Coutinho","nome_origem":"Frea de Relevante Interesse Ecologico Leopoldo Magno Coutinho","natureza":"camada fornecida para a demonstração","fonte_arquivo":"assets/layers/Areas_Protegidas_US_DG_UCs_Uso_Sustentavel/Areas_Protegidas_US_DG_UCs_Uso_Sustentavel.kml","tipo":"Unidade de Conservanto","categoria":"Urea de Relevante Interesse Ecologico","orgao_gestor":"Fundação Florestal do Estado de São Paulo"},"geometry":{"type":"Polygon","coordinates":[[[-48.98288906977473,-22.35120038019335],[-48.99023930979627,-22.34528521983697],[-48.98792822031106,-22.34274781955617],[-48.98272987988003,-22.34421255976179],[-48.98155142985456,-22.34041633974226],[-48.997109489911,-22.33851945011247],[-48.99691246014186,-22.34022623025629],[-48.98957257041775,-22.34234773006364],[-48.99296775036134,-22.34845853972979],[-48.9896476404262,-22.35107896991849],[-48.98288906977473,-22.35120038019335]]]}},{"type":"Feature","id":"uc-uso-sustentavel-069","properties":{"id":"uc-uso-sustentavel-069","nome":"Área de Relevante Interesse Ecológico Leopoldo Magno Coutinho","nome_origem":"Frea de Relevante Interesse Ecologico Leopoldo Magno Coutinho","natureza":"camada fornecida para a demonstração","fonte_arquivo":"assets/layers/Areas_Protegidas_US_DG_UCs_Uso_Sustentavel/Areas_Protegidas_US_DG_UCs_Uso_Sustentavel.kml","tipo":"Unidade de Conservanto","categoria":"Urea de Relevante Interesse Ecologico","orgao_gestor":"Fundação Florestal do Estado de São Paulo"},"geometry":{"type":"Polygon","coordinates":[[[-48.98107948003394,-22.38646473026307],[-48.97030929004166,-22.37650879994112],[-48.96781438992213,-22.3798988303667],[-48.96758708987227,-22.37467793044209],[-48.97250730956466,-22.37338737003108],[-48.97900545004143,-22.3645759601124],[-48.97658345975884,-22.36153048964036],[-48.9684852401017,-22.35748195043163],[-48.96713844957975,-22.35710197967256],[-48.96712861998975,-22.35884121005375],[-48.96384441998396,-22.35894328040803],[-48.96360394036952,-22.35640290966649],[-48.96687719023009,-22.35634370999418],[-48.96283459014415,-22.35404532972814],[-48.97354870021229,-22.3575264102156],[-48.97227739968218,-22.35855483983397],[-48.97443232998802,-22.35930071955249],[-48.97686753041216,-22.35680336967971],[-48.97608425958089,-22.35981355974792],[-48.97776485956058,-22.36083327043906],[-48.9787399602809,-22.35947880959935],[-48.97815947038322,-22.35627476976475],[-48.98091738982566,-22.35525792970964],[-48.9815612297669,-22.36046280011811],[-48.98432341019719,-22.36239163006962],[-48.99449472005523,-22.36209270981067],[-48.99623660973174,-22.36007245028333],[-49.00631950004487,-22.3622101297936],[-49.00766829965227,-22.36111215020554],[-49.00194909977108,-22.36092815970676],[-49.00067549967451,-22.35907010010499],[-48.99742530033728,-22.35888320029943],[-48.99287980026253,-22.35298519001446],[-49.00211506965468,-22.3461406999333],[-49.00754601973296,-22.34984527004315],[-49.00826558978508,-22.35794775968134],[-49.01123280035341,-22.36054234964968],[-49.0163541696092,-22.36190402035419],[-49.01481198968156,-22.36245291976638],[-49.01376247995444,-22.36548879986816],[-49.0102868502579,-22.3646992598629],[-49.00373236006033,-22.36693068020668],[-48.9999659102985,-22.36609640972148],[-48.99548403006389,-22.36854791035773],[-48.99563733029851,-22.36995606971681],[-48.99411406041554,-22.37109325974609],[-48.99282092974209,-22.3699876602023],[-48.99069432987937,-22.37292303027357],[-48.98906945009503,-22.36926073999109],[-48.99426895964473,-22.36719218956785],[-48.99221647021386,-22.363048899587],[-48.97969950003187,-22.36400882964375],[-48.9859554503837,-22.37036333040334],[-48.98750351007891,-22.36989519011087],[-48.9885045301599,-22.37102579980075],[-48.98669773011613,-22.37233652031409],[-48.98695842019487,-22.37492970014551],[-48.98912148037198,-22.37743184970003],[-48.99145789026937,-22.37788616021805],[-48.99125936043112,-22.37883119030715],[-48.9867787203616,-22.3795625801489],[-48.98107948003394,-22.38646473026307]],[[-48.99734584973112,-22.35411919014848],[-48.99840267993966,-22.35337351997191],[-49.00572892964635,-22.35497508033563],[-49.00592589016765,-22.35368741034569],[-48.99887106035112,-22.35042895972867],[-48.99581614969549,-22.35160936038363],[-48.99536352990293,-22.35312913999775],[-48.99817988009733,-22.35224124024097],[-48.99684201984331,-22.35318369017511],[-48.99734584973112,-22.35411919014848]]]}},{"type":"Feature","id":"uc-uso-sustentavel-070","properties":{"id":"uc-uso-sustentavel-070","nome":"Área de Relevante Interesse Ecológico Leopoldo Magno Coutinho","nome_origem":"Frea de Relevante Interesse Ecologico Leopoldo Magno Coutinho","natureza":"camada fornecida para a demonstração","fonte_arquivo":"assets/layers/Areas_Protegidas_US_DG_UCs_Uso_Sustentavel/Areas_Protegidas_US_DG_UCs_Uso_Sustentavel.kml","tipo":"Unidade de Conservanto","categoria":"Urea de Relevante Interesse Ecologico","orgao_gestor":"Fundação Florestal do Estado de São Paulo"},"geometry":{"type":"Polygon","coordinates":[[[-48.99455771036997,-22.37462030997926],[-48.99239648031329,-22.37270120979298],[-48.99403249999983,-22.37111592985622],[-48.99613289991333,-22.37297690955671],[-48.99455771036997,-22.37462030997926]]]}},{"type":"Feature","id":"uc-uso-sustentavel-071","properties":{"id":"uc-uso-sustentavel-071","nome":"Área de Relevante Interesse Ecológico Leopoldo Magno Coutinho","nome_origem":"Frea de Relevante Interesse Ecologico Leopoldo Magno Coutinho","natureza":"camada fornecida para a demonstração","fonte_arquivo":"assets/layers/Areas_Protegidas_US_DG_UCs_Uso_Sustentavel/Areas_Protegidas_US_DG_UCs_Uso_Sustentavel.kml","tipo":"Unidade de Conservanto","categoria":"Urea de Relevante Interesse Ecologico","orgao_gestor":"Fundação Florestal do Estado de São Paulo"},"geometry":{"type":"Polygon","coordinates":[[[-48.98887552028901,-22.32260979020958],[-48.9863345101295,-22.31894061022092],[-48.98943719007423,-22.31817981974285],[-48.99071455023625,-22.32106167025984],[-48.99313455031921,-22.3187689602193],[-48.99607104004644,-22.3180840698239],[-48.99614644999861,-22.31697160035901],[-49.0005394700205,-22.31728866983622],[-48.98887552028901,-22.32260979020958]]]}},{"type":"Feature","id":"uc-uso-sustentavel-072","properties":{"id":"uc-uso-sustentavel-072","nome":"Área de Relevante Interesse Ecológico Leopoldo Magno Coutinho","nome_origem":"Frea de Relevante Interesse Ecologico Leopoldo Magno Coutinho","natureza":"camada fornecida para a demonstração","fonte_arquivo":"assets/layers/Areas_Protegidas_US_DG_UCs_Uso_Sustentavel/Areas_Protegidas_US_DG_UCs_Uso_Sustentavel.kml","tipo":"Unidade de Conservanto","categoria":"Urea de Relevante Interesse Ecologico","orgao_gestor":"Fundação Florestal do Estado de São Paulo"},"geometry":{"type":"Polygon","coordinates":[[[-49.00123636996244,-22.31689290968001],[-48.99581073038087,-22.31483787966437],[-48.99875374019291,-22.31194021996515],[-49.00136715027372,-22.31448263036907],[-49.00524375979165,-22.31198275969655],[-49.00304459992833,-22.30814640023613],[-49.00590868973421,-22.30716859975104],[-49.01234776993357,-22.30867643996567],[-49.01185599006186,-22.31185292996872],[-49.00123636996244,-22.31689290968001]]]}},{"type":"Feature","id":"uc-uso-sustentavel-073","properties":{"id":"uc-uso-sustentavel-073","nome":"Área de Relevante Interesse Ecológico Leopoldo Magno Coutinho","nome_origem":"Frea de Relevante Interesse Ecologico Leopoldo Magno Coutinho","natureza":"camada fornecida para a demonstração","fonte_arquivo":"assets/layers/Areas_Protegidas_US_DG_UCs_Uso_Sustentavel/Areas_Protegidas_US_DG_UCs_Uso_Sustentavel.kml","tipo":"Unidade de Conservanto","categoria":"Urea de Relevante Interesse Ecologico","orgao_gestor":"Fundação Florestal do Estado de São Paulo"},"geometry":{"type":"Polygon","coordinates":[[[-49.00114718959111,-22.31693404017375],[-49.00123636996244,-22.31689290968001],[-49.00125609029629,-22.31689774983124],[-49.00114718959111,-22.31693404017375]]]}},{"type":"Feature","id":"uc-uso-sustentavel-074","properties":{"id":"uc-uso-sustentavel-074","nome":"Área de Relevante Interesse Ecológico Leopoldo Magno Coutinho","nome_origem":"Frea de Relevante Interesse Ecologico Leopoldo Magno Coutinho","natureza":"camada fornecida para a demonstração","fonte_arquivo":"assets/layers/Areas_Protegidas_US_DG_UCs_Uso_Sustentavel/Areas_Protegidas_US_DG_UCs_Uso_Sustentavel.kml","tipo":"Unidade de Conservanto","categoria":"Urea de Relevante Interesse Ecologico","orgao_gestor":"Fundação Florestal do Estado de São Paulo"},"geometry":{"type":"Polygon","coordinates":[[[-49.02794795963058,-22.3472748700392],[-49.02365173004324,-22.34193262009427],[-49.02415006957,-22.34083485004822],[-49.0259907003105,-22.34144505984159],[-49.02529401980314,-22.33985007981727],[-49.02665433972595,-22.33882015012978],[-49.02757906042524,-22.33990658961739],[-49.02628758990033,-22.3407892301388],[-49.02788606019351,-22.34067699025087],[-49.02845927007922,-22.34216278988083],[-49.02997431026614,-22.34125941009364],[-49.0312952902454,-22.3450524896806],[-49.02886001967414,-22.34351023960585],[-49.02831055998433,-22.34459307011406],[-49.03072150029698,-22.34620955023053],[-49.02794795963058,-22.3472748700392]]]}},{"type":"Feature","id":"uc-uso-sustentavel-075","properties":{"id":"uc-uso-sustentavel-075","nome":"Área de Relevante Interesse Ecológico Leopoldo Magno Coutinho","nome_origem":"Frea de Relevante Interesse Ecologico Leopoldo Magno Coutinho","natureza":"camada fornecida para a demonstração","fonte_arquivo":"assets/layers/Areas_Protegidas_US_DG_UCs_Uso_Sustentavel/Areas_Protegidas_US_DG_UCs_Uso_Sustentavel.kml","tipo":"Unidade de Conservanto","categoria":"Urea de Relevante Interesse Ecologico","orgao_gestor":"Fundação Florestal do Estado de São Paulo"},"geometry":{"type":"Polygon","coordinates":[[[-49.03966674012793,-22.35641161960052],[-49.04097484001682,-22.35458539959649],[-49.03612941963695,-22.35384349038475],[-49.03645698959838,-22.34900414042869],[-49.03794573001142,-22.34851584003394],[-49.04132258986562,-22.35382418014177],[-49.04291083037049,-22.35431646992907],[-49.04124070029803,-22.35682490034884],[-49.03966674012793,-22.35641161960052]]]}},{"type":"Feature","id":"uc-uso-sustentavel-076","properties":{"id":"uc-uso-sustentavel-076","nome":"Área de Relevante Interesse Ecológico Leopoldo Magno Coutinho","nome_origem":"Frea de Relevante Interesse Ecologico Leopoldo Magno Coutinho","natureza":"camada fornecida para a demonstração","fonte_arquivo":"assets/layers/Areas_Protegidas_US_DG_UCs_Uso_Sustentavel/Areas_Protegidas_US_DG_UCs_Uso_Sustentavel.kml","tipo":"Unidade de Conservanto","categoria":"Urea de Relevante Interesse Ecologico","orgao_gestor":"Fundação Florestal do Estado de São Paulo"},"geometry":{"type":"Polygon","coordinates":[[[-49.03690794024919,-22.34866204012098],[-49.03575756975602,-22.34689792999541],[-49.03758557041772,-22.3447518103477],[-49.0353697200365,-22.34415221974911],[-49.03188899028464,-22.34546010020341],[-49.03041690981252,-22.33779759038646],[-49.03229878975731,-22.33915991040152],[-49.03722521027521,-22.33899724013048],[-49.0391473195931,-22.34156405004086],[-49.03989623991947,-22.34390171988844],[-49.0377104403845,-22.34363035036034],[-49.03862572000094,-22.34429849987583],[-49.0369776502983,-22.3470032801772],[-49.03821744038254,-22.34823589007425],[-49.03690794024919,-22.34866204012098]]]}},{"type":"Feature","id":"uc-uso-sustentavel-077","properties":{"id":"uc-uso-sustentavel-077","nome":"Área de Relevante Interesse Ecológico Leopoldo Magno Coutinho","nome_origem":"Frea de Relevante Interesse Ecologico Leopoldo Magno Coutinho","natureza":"camada fornecida para a demonstração","fonte_arquivo":"assets/layers/Areas_Protegidas_US_DG_UCs_Uso_Sustentavel/Areas_Protegidas_US_DG_UCs_Uso_Sustentavel.kml","tipo":"Unidade de Conservanto","categoria":"Urea de Relevante Interesse Ecologico","orgao_gestor":"Fundação Florestal do Estado de São Paulo"},"geometry":{"type":"Polygon","coordinates":[[[-48.92300428042319,-22.30030389021232],[-48.9213484198936,-22.29904025999997],[-48.92010375008795,-22.29274382037096],[-48.91717476969984,-22.28753776015947],[-48.91955979964501,-22.28805574987291],[-48.92577917007259,-22.28605608032382],[-48.92630077955727,-22.2980278203276],[-48.92490385003259,-22.30047216955495],[-48.92300428042319,-22.30030389021232]]]}},{"type":"Feature","id":"uc-uso-sustentavel-078","properties":{"id":"uc-uso-sustentavel-078","nome":"Área de Relevante Interesse Ecológico Leopoldo Magno Coutinho","nome_origem":"Frea de Relevante Interesse Ecologico Leopoldo Magno Coutinho","natureza":"camada fornecida para a demonstração","fonte_arquivo":"assets/layers/Areas_Protegidas_US_DG_UCs_Uso_Sustentavel/Areas_Protegidas_US_DG_UCs_Uso_Sustentavel.kml","tipo":"Unidade de Conservanto","categoria":"Urea de Relevante Interesse Ecologico","orgao_gestor":"Fundação Florestal do Estado de São Paulo"},"geometry":{"type":"Polygon","coordinates":[[[-49.00838549009825,-22.29605918008707],[-49.00595050011543,-22.29497648987308],[-49.00724211992787,-22.28878047034237],[-49.02029259043064,-22.28996977968154],[-49.02015791965221,-22.29124240041642],[-49.02192343991476,-22.29011832969712],[-49.02675098986623,-22.29048830988756],[-49.02665615006123,-22.29142670028193],[-49.03129617967488,-22.29025915003967],[-49.03266401972871,-22.29108441021731],[-49.03189853029289,-22.2925701999547],[-49.03474860956067,-22.29390456993991],[-49.03106835981691,-22.30014136023556],[-49.02907976991543,-22.29948420043547],[-49.03086497004227,-22.29668651027418],[-49.02821875988781,-22.29961067029615],[-49.01833133991937,-22.29356710024143],[-49.01287836994078,-22.29499130980105],[-49.01336727018332,-22.29273702959017],[-49.01153678019818,-22.29218419024812],[-49.01045342988186,-22.29543945007055],[-49.00838549009825,-22.29605918008707]]]}},{"type":"Feature","id":"uc-uso-sustentavel-079","properties":{"id":"uc-uso-sustentavel-079","nome":"Área de Relevante Interesse Ecológico Pedra Branca","nome_origem":"Frea de Relevante Interesse Ecologico Pedra Branca","natureza":"camada fornecida para a demonstração","fonte_arquivo":"assets/layers/Areas_Protegidas_US_DG_UCs_Uso_Sustentavel/Areas_Protegidas_US_DG_UCs_Uso_Sustentavel.kml","tipo":"Unidade de Conservanto","categoria":"Urea de Relevante Interesse Ecologico","orgao_gestor":"Fundação Florestal do Estado de São Paulo"},"geometry":{"type":"Polygon","coordinates":[[[-45.6796980803021,-22.95497129029275],[-45.66495689964114,-22.94598536962906],[-45.66275468028425,-22.94882613012174],[-45.66061556006002,-22.94726657978879],[-45.66304610019733,-22.94490712026732],[-45.6581560401691,-22.94202334969776],[-45.66969799956297,-22.93872332971785],[-45.66636379994935,-22.93569461991075],[-45.66896175967742,-22.93374569011144],[-45.66718115958281,-22.92995141982215],[-45.66784095979244,-22.92413582970471],[-45.67439466038525,-22.92473511003726],[-45.67565575990534,-22.92831304031449],[-45.68831018966347,-22.93325502989569],[-45.69496793012581,-22.94210091982154],[-45.69176587959163,-22.9459412003261],[-45.68878073024644,-22.94432582997302],[-45.68507784007022,-22.94800850968494],[-45.68447814964685,-22.95205455957023],[-45.6796980803021,-22.95497129029275]]]}},{"type":"Feature","id":"uc-uso-sustentavel-080","properties":{"id":"uc-uso-sustentavel-080","nome":"Área de Relevante Interesse Ecológico SFo Sebastido","nome_origem":"Frea de Relevante Interesse Ecologico SFo Sebastido","natureza":"camada fornecida para a demonstração","fonte_arquivo":"assets/layers/Areas_Protegidas_US_DG_UCs_Uso_Sustentavel/Areas_Protegidas_US_DG_UCs_Uso_Sustentavel.kml","tipo":"Unidade de Conservanto","categoria":"Urea de Relevante Interesse Ecologico","orgao_gestor":"Fundação Florestal do Estado de São Paulo"},"geometry":{"type":"Polygon","coordinates":[[[-45.50231438979722,-23.84403894983762],[-45.49915849966499,-23.84057799977484],[-45.49044407983035,-23.83872835962603],[-45.48871834017922,-23.83158714992697],[-45.48044249992137,-23.83091978012374],[-45.46768548989343,-23.82334954974186],[-45.46980211987187,-23.82142361021141],[-45.47440301998336,-23.8219871397946],[-45.48085977995481,-23.82837014996238],[-45.49120637037765,-23.82769012040268],[-45.49383984972923,-23.83417925956513],[-45.49356835969201,-23.83623826998013],[-45.4997128498681,-23.83757564010364],[-45.50409289986737,-23.84020806994641],[-45.51010887962104,-23.83917592972534],[-45.51666635017187,-23.84225882008843],[-45.51411792959874,-23.84386729983595],[-45.51003721984176,-23.84251342985084],[-45.50231438979722,-23.84403894983762]]]}},{"type":"Feature","id":"uc-uso-sustentavel-081","properties":{"id":"uc-uso-sustentavel-081","nome":"Área de Relevante Interesse Ecológico SFo Sebastido","nome_origem":"Frea de Relevante Interesse Ecologico SFo Sebastido","natureza":"camada fornecida para a demonstração","fonte_arquivo":"assets/layers/Areas_Protegidas_US_DG_UCs_Uso_Sustentavel/Areas_Protegidas_US_DG_UCs_Uso_Sustentavel.kml","tipo":"Unidade de Conservanto","categoria":"Urea de Relevante Interesse Ecologico","orgao_gestor":"Fundação Florestal do Estado de São Paulo"},"geometry":{"type":"Polygon","coordinates":[[[-45.43154834957664,-23.83454979014067],[-45.4201077797502,-23.82940158961162],[-45.41796266014859,-23.82570867021889],[-45.41564090020734,-23.82508618018301],[-45.41220874014118,-23.82636482997287],[-45.41320977011475,-23.82065298025077],[-45.41745165007353,-23.82078694955806],[-45.41765650034716,-23.81944869989752],[-45.4225673796808,-23.82003506956278],[-45.42493247975011,-23.82602539975233],[-45.43336538030803,-23.83428058977734],[-45.43154834957664,-23.83454979014067]]]}},{"type":"Feature","id":"uc-uso-sustentavel-082","properties":{"id":"uc-uso-sustentavel-082","nome":"Área de Relevante Interesse Ecológico SFo Sebastido","nome_origem":"Frea de Relevante Interesse Ecologico SFo Sebastido","natureza":"camada fornecida para a demonstração","fonte_arquivo":"assets/layers/Areas_Protegidas_US_DG_UCs_Uso_Sustentavel/Areas_Protegidas_US_DG_UCs_Uso_Sustentavel.kml","tipo":"Unidade de Conservanto","categoria":"Urea de Relevante Interesse Ecologico","orgao_gestor":"Fundação Florestal do Estado de São Paulo"},"geometry":{"type":"Polygon","coordinates":[[[-45.59595344969193,-23.80010333030441],[-45.59256334012599,-23.79767378032068],[-45.5902091002697,-23.79797512964848],[-45.59051772960947,-23.79342580026042],[-45.59320768998288,-23.79354841023093],[-45.59700685977873,-23.79593322973471],[-45.60300734960947,-23.79636990005082],[-45.60621675030274,-23.7983600898462],[-45.608163080162,-23.7964255096295],[-45.6074062502982,-23.7933136799823],[-45.60960519972014,-23.79231854956134],[-45.61147683998416,-23.79279891973431],[-45.61545902001774,-23.79758930969882],[-45.61764685022194,-23.7978267999668],[-45.61823025032572,-23.80234906965381],[-45.62209328008078,-23.80249875011719],[-45.62183952017767,-23.80066504955232],[-45.62367865984226,-23.79944660038024],[-45.62201701037668,-23.79669378009385],[-45.62321149981085,-23.79222257031535],[-45.62488228009312,-23.79040382997272],[-45.62910106995838,-23.79046031998774],[-45.62718002993438,-23.79554546005488],[-45.62808407971647,-23.80095075966977],[-45.62324378996891,-23.8066574301962],[-45.61635057012268,-23.8051130703119],[-45.61331829989956,-23.80078130041665],[-45.61027662996247,-23.80045171957113],[-45.6068865302891,-23.80193960023234],[-45.60003098034542,-23.79915221989899],[-45.59595344969193,-23.80010333030441]]]}},{"type":"Feature","id":"uc-uso-sustentavel-083","properties":{"id":"uc-uso-sustentavel-083","nome":"Área de Relevante Interesse Ecológico Zona de Vida Silvestre da Ilha Comprida","nome_origem":"Frea de Relevante Interesse Ecologico Zona de Vida Silvestre da Ilha Comprida","natureza":"camada fornecida para a demonstração","fonte_arquivo":"assets/layers/Areas_Protegidas_US_DG_UCs_Uso_Sustentavel/Areas_Protegidas_US_DG_UCs_Uso_Sustentavel.kml","tipo":"Unidade de Conservanto","categoria":"Urea de Relevante Interesse Ecologico","orgao_gestor":"Fundação Florestal do Estado de São Paulo"},"geometry":{"type":"Polygon","coordinates":[[[-47.88895633017046,-25.05397199990784],[-47.88637953958403,-25.05075014989944],[-47.88662011003004,-25.04109079980054],[-47.88337722038239,-25.02962603011713],[-47.88871936960317,-25.02803517977969],[-47.89059576997875,-25.03529049995655],[-47.89554748033191,-25.03508297959581],[-47.89110845009486,-25.02077087987215],[-47.87172815982666,-24.99445909011484],[-47.84584141035276,-24.96471522033113],[-47.81840945023589,-24.93875228029344],[-47.81079150002768,-24.94609565039389],[-47.8096136201724,-24.94524187990879],[-47.77131657000365,-24.91242867973972],[-47.7529845097273,-24.89887018041446],[-47.72335922994449,-24.8741164499142],[-47.69266915016112,-24.85143358019553],[-47.70017774011058,-24.84189004029309],[-47.61396091006793,-24.77730481026873],[-47.58604501036888,-24.7588348497485],[-47.56342070000528,-24.74596078036569],[-47.5682413800356,-24.73175782956014],[-47.58247939001177,-24.73818633013497],[-47.59022562041599,-24.74648257960735],[-47.60496343041791,-24.75089690996435],[-47.61624199996828,-24.75803144039861],[-47.62801279005816,-24.76303142995647],[-47.63904845991846,-24.77408096016813],[-47.64539704044103,-24.77689129030074],[-47.65211355969296,-24.78321774030644],[-47.65699022971529,-24.78499379972402],[-47.66834297984462,-24.79416552032245],[-47.68213987955176,-24.81053349992106],[-47.68681503038931,-24.81433284958132],[-47.69238732961151,-24.81629175016411],[-47.71452934974963,-24.83004963008631],[-47.73424987962818,-24.83530785007719],[-47.73965731962954,-24.8438840899787],[-47.74565198994736,-24.84994847034557],[-47.75126967975189,-24.85360668040391],[-47.76422903993819,-24.85909189017855],[-47.7650606097593,-24.86190501990069],[-47.76175830010544,-24.85888315033708],[-47.77500475986176,-24.87828837970494],[-47.78759865985023,-24.88315272002194],[-47.79881490998008,-24.88933506985757],[-47.78862259016034,-24.88442850996773],[-47.78685682977886,-24.88440598015183],[-47.78555768983546,-24.88618857044611],[-47.80132673983712,-24.90010809001632],[-47.80259858985301,-24.90622226044894],[-47.80559690976952,-24.90968678981346],[-47.8106723497491,-24.91218626028763],[-47.81587532978261,-24.91256990028063],[-47.8219686997956,-24.91080837031001],[-47.83016886030464,-24.90555468020426],[-47.83613158040805,-24.90390216964937],[-47.83881768988442,-24.90457450011303],[-47.83826241967489,-24.90787697973877],[-47.83329529044528,-24.90947043001631],[-47.83098765975268,-24.90868405022871],[-47.82635565029301,-24.91252660961527],[-47.82663088960385,-24.9179116196255],[-47.82839679027961,-24.92143019015111],[-47.83305340968707,-24.92515812015108],[-47.83549042044649,-24.92422949009887],[-47.83623512025457,-24.92595431963611],[-47.84003236999786,-24.92594435964446],[-47.85336656041841,-24.93576605985572],[-47.85431849010621,-24.93810253990023],[-47.85277383974085,-24.93741424017497],[-47.85185612026368,-24.93976228999765],[-47.85351044025458,-24.94738871991348],[-47.85860299972859,-24.95915429033818],[-47.86444000000597,-24.9660071701947],[-47.86758644995467,-24.96760931961438],[-47.87556651038608,-24.96798365971807],[-47.88508373972275,-24.96313946961078],[-47.88997480968965,-24.96490924996186],[-47.89532511036549,-24.96918828990761],[-47.89714682026948,-24.97204922039515],[-47.89422889974389,-24.97194282969781],[-47.89273834000232,-24.97787858992496],[-47.89517647041771,-24.98172898960115],[-47.89439133978846,-24.98664402020535],[-47.89564817022682,-24.99772156969465],[-47.90081533026324,-25.00457675990953],[-47.91313003032661,-25.01018151026847],[-47.91856165039979,-25.01641167975515],[-47.91819815971724,-25.02037166991659],[-47.91471764040676,-25.02535286004638],[-47.9132258000306,-25.03096727991601],[-47.91457440988108,-25.05157034959194],[-47.91193547973853,-25.05321307012701],[-47.90161652997881,-25.05376051983205],[-47.89189465991058,-25.05233887963556],[-47.88895633017046,-25.05397199990784]]]}},{"type":"Feature","id":"uc-uso-sustentavel-084","properties":{"id":"uc-uso-sustentavel-084","nome":"Floresta Estadual de Assis","nome_origem":"Floresta Estadual de Assis","natureza":"camada fornecida para a demonstração","fonte_arquivo":"assets/layers/Areas_Protegidas_US_DG_UCs_Uso_Sustentavel/Areas_Protegidas_US_DG_UCs_Uso_Sustentavel.kml","tipo":"Unidade de Conservae o","categoria":"Floresta Estadual","orgao_gestor":"Fundasto Para Conserva"},"geometry":{"type":"Polygon","coordinates":[[[-50.35506957999706,-22.61188809016318],[-50.34967864974982,-22.60859143994293],[-50.35593880982816,-22.5989170900516],[-50.35903295970331,-22.5985906199611],[-50.35978296011547,-22.59512057955106],[-50.36661399993613,-22.60190101002354],[-50.35506957999706,-22.61188809016318]]]}},{"type":"Feature","id":"uc-uso-sustentavel-085","properties":{"id":"uc-uso-sustentavel-085","nome":"Floresta Estadual de Assis","nome_origem":"Floresta Estadual de Assis","natureza":"camada fornecida para a demonstração","fonte_arquivo":"assets/layers/Areas_Protegidas_US_DG_UCs_Uso_Sustentavel/Areas_Protegidas_US_DG_UCs_Uso_Sustentavel.kml","tipo":"Unidade de Conservae o","categoria":"Floresta Estadual","orgao_gestor":"Fundasto Para Conserva"},"geometry":{"type":"Polygon","coordinates":[[[-50.40870151985922,-22.61505194019486],[-50.40882737008701,-22.60185702957818],[-50.40382891027593,-22.60042619021647],[-50.40608518967974,-22.61435472009418],[-50.40018908955477,-22.61287152040433],[-50.39047287981953,-22.56174968010362],[-50.4015650199097,-22.55837542018946],[-50.40274708970639,-22.56465423040834],[-50.41432320984819,-22.57336525979883],[-50.41362306964891,-22.58077590998022],[-50.44166584030626,-22.57833141955933],[-50.44672019028451,-22.59175793977704],[-50.45141719015118,-22.59028272966418],[-50.45540734986923,-22.59369592033039],[-50.45803172988036,-22.59094277988532],[-50.45882848964305,-22.58640747992121],[-50.46221609010041,-22.58540810020361],[-50.46324032977736,-22.58337966044292],[-50.46656504963727,-22.58280172012326],[-50.46603298013787,-22.58595980999718],[-50.4628174595581,-22.58784543022239],[-50.46378940995328,-22.59606774013406],[-50.46131033970039,-22.59995346967685],[-50.45939572982905,-22.60077025014687],[-50.45583657020148,-22.5981592601417],[-50.45691307038186,-22.59743651008682],[-50.45526471019815,-22.59617027993443],[-50.4546170400443,-22.59732956990371],[-50.45108711018196,-22.59494661019784],[-50.44693832984001,-22.59708888974041],[-50.44712322955337,-22.60382610958726],[-50.44420410033894,-22.60723337012388],[-50.44077697018099,-22.60768613021071],[-50.42883687012539,-22.60412150000718],[-50.42598598956175,-22.60807804036921],[-50.41767126981318,-22.61148881006051],[-50.41640757035304,-22.61367691006132],[-50.40870151985922,-22.61505194019486]]]}},{"type":"Feature","id":"uc-uso-sustentavel-086","properties":{"id":"uc-uso-sustentavel-086","nome":"Floresta Estadual de Assis","nome_origem":"Floresta Estadual de Assis","natureza":"camada fornecida para a demonstração","fonte_arquivo":"assets/layers/Areas_Protegidas_US_DG_UCs_Uso_Sustentavel/Areas_Protegidas_US_DG_UCs_Uso_Sustentavel.kml","tipo":"Unidade de Conservae o","categoria":"Floresta Estadual","orgao_gestor":"Fundasto Para Conserva"},"geometry":{"type":"Polygon","coordinates":[[[-50.36621693036699,-22.63889298022679],[-50.36424394010572,-22.63687828030834],[-50.36216138993615,-22.63825203969981],[-50.36675901022011,-22.62105489956394],[-50.37354209009533,-22.62002409033943],[-50.3782687100329,-22.62207200042246],[-50.38501276023067,-22.62027957963886],[-50.39504630024652,-22.63005669955697],[-50.37926362011996,-22.63835195977509],[-50.37776213991077,-22.63571647043869],[-50.37985725990455,-22.63368114996507],[-50.36621693036699,-22.63889298022679]]]}},{"type":"Feature","id":"uc-uso-sustentavel-087","properties":{"id":"uc-uso-sustentavel-087","nome":"Floresta Estadual de Guarulhos","nome_origem":"Floresta Estadual de Guarulhos","natureza":"camada fornecida para a demonstração","fonte_arquivo":"assets/layers/Areas_Protegidas_US_DG_UCs_Uso_Sustentavel/Areas_Protegidas_US_DG_UCs_Uso_Sustentavel.kml","tipo":"Unidade de Conservae o","categoria":"Floresta Estadual","orgao_gestor":"Fundasto Para Conserva"},"geometry":{"type":"Polygon","coordinates":[[[-46.38950737026886,-23.33876711960681],[-46.39041761008457,-23.33692846018027],[-46.38899487990972,-23.33406799014557],[-46.38570501957093,-23.33117592962543],[-46.38973661015638,-23.32813541981375],[-46.4005996704384,-23.33845218961682],[-46.39744080984548,-23.33870978962506],[-46.39786385003663,-23.34029082026512],[-46.39578924987393,-23.34058041005784],[-46.39482908959076,-23.33946291967794],[-46.38950737026886,-23.33876711960681]]]}},{"type":"Feature","id":"uc-uso-sustentavel-088","properties":{"id":"uc-uso-sustentavel-088","nome":"Floresta Estadual de Pederneiras","nome_origem":"Floresta Estadual de Pederneiras","natureza":"camada fornecida para a demonstração","fonte_arquivo":"assets/layers/Areas_Protegidas_US_DG_UCs_Uso_Sustentavel/Areas_Protegidas_US_DG_UCs_Uso_Sustentavel.kml","tipo":"Unidade de Conservae o","categoria":"Floresta Estadual","orgao_gestor":"Fundasto Para Conserva"},"geometry":{"type":"Polygon","coordinates":[[[-48.85884418960762,-22.36032985963527],[-48.84835405029912,-22.35438849033653],[-48.84983044032253,-22.34960155017137],[-48.83698340995636,-22.34635549041349],[-48.83482995004209,-22.35101720987632],[-48.82677151009705,-22.34511082960108],[-48.82716702024175,-22.34279716985344],[-48.82261861985336,-22.34151275990592],[-48.82357442022328,-22.34082429020879],[-48.81990316999526,-22.33766271006596],[-48.8200072503343,-22.33354113961184],[-48.81460328980995,-22.33520758965847],[-48.81399769983392,-22.33317500042591],[-48.80855115011542,-22.33652006025255],[-48.80449066970857,-22.32965849024708],[-48.81122252959602,-22.32040766977809],[-48.8219038395905,-22.3176993200675],[-48.82592381992828,-22.32374331999819],[-48.82684016973798,-22.32148856044864],[-48.82898263004432,-22.32454994982027],[-48.83598089969871,-22.31956594031584],[-48.83974203986321,-22.32384567993415],[-48.84521405028812,-22.3198519499075],[-48.85159435979182,-22.32092549041903],[-48.84941067006633,-22.32449918039282],[-48.84528236009282,-22.3277000600097],[-48.85534262975852,-22.32401894961481],[-48.85648171016277,-22.31869819976208],[-48.86005307988569,-22.31728881013044],[-48.87275082998678,-22.32261013015335],[-48.87467795032711,-22.33458413015342],[-48.88254360979971,-22.33711678021518],[-48.87257139005754,-22.33894862997522],[-48.87037593989766,-22.34191629020461],[-48.86897109993629,-22.34962689036865],[-48.85884418960762,-22.36032985963527]]]}},{"type":"Feature","id":"uc-uso-sustentavel-089","properties":{"id":"uc-uso-sustentavel-089","nome":"Floresta Estadual de Serra Da gua","nome_origem":"Floresta Estadual de Serra Da gua","natureza":"camada fornecida para a demonstração","fonte_arquivo":"assets/layers/Areas_Protegidas_US_DG_UCs_Uso_Sustentavel/Areas_Protegidas_US_DG_UCs_Uso_Sustentavel.kml","tipo":"Unidade de Conservae o","categoria":"Floresta Estadual","orgao_gestor":"Fundasto Para Conserva"},"geometry":{"type":"Polygon","coordinates":[[[-47.04269002022824,-22.95974168023429],[-47.04231038041968,-22.95424607969278],[-47.04816276000332,-22.9484856503924],[-47.04960778976766,-22.9537963602138],[-47.04742994023951,-22.95296957028938],[-47.04845636976563,-22.95493449003465],[-47.04717285014686,-22.95866292995021],[-47.04269002022824,-22.95974168023429]]]}},{"type":"Feature","id":"uc-uso-sustentavel-090","properties":{"id":"uc-uso-sustentavel-090","nome":"Floresta Estadual Edmundo Navarro de Andrade","nome_origem":"Floresta Estadual Edmundo Navarro de Andrade","natureza":"camada fornecida para a demonstração","fonte_arquivo":"assets/layers/Areas_Protegidas_US_DG_UCs_Uso_Sustentavel/Areas_Protegidas_US_DG_UCs_Uso_Sustentavel.kml","tipo":"Unidade de Conservadmo","categoria":"Floresta Estadual","orgao_gestor":"Fundasto Para Conserva"},"geometry":{"type":"Polygon","coordinates":[[[-47.52059583043319,-22.43497912029011],[-47.51633004019914,-22.43265250041253],[-47.51571909026376,-22.43108214022857],[-47.51162288968459,-22.43010771040247],[-47.51147137010759,-22.42708563039747],[-47.50220538976686,-22.42479204981322],[-47.50160161012616,-22.38294780999337],[-47.50419043004428,-22.38385568998808],[-47.50653338970415,-22.38729513995872],[-47.51180984974474,-22.38919937974754],[-47.5156385002166,-22.38886901019663],[-47.52230229041834,-22.38425119024021],[-47.52650076010195,-22.3748417095772],[-47.52883131990944,-22.37739581026841],[-47.53229536993535,-22.37599419977244],[-47.53431213020059,-22.3785392101164],[-47.53813933006597,-22.37707990001735],[-47.54175202993218,-22.37740070977492],[-47.54041414000051,-22.37822086989718],[-47.54238846035912,-22.37980200036196],[-47.54220309030035,-22.38334223015977],[-47.53825066973258,-22.38745908996498],[-47.54055181991049,-22.3893748500692],[-47.54209332984328,-22.38762981006761],[-47.54286670993065,-22.3886228900343],[-47.53478786976433,-22.39505950968856],[-47.53716174002227,-22.39671740988052],[-47.5354455997346,-22.39929683008461],[-47.54450285012638,-22.40167379041304],[-47.54441055000683,-22.40776169974259],[-47.54237980978036,-22.40876504007451],[-47.54676964979944,-22.41167838035295],[-47.54748649040914,-22.40694995997262],[-47.55015375998801,-22.40674064006845],[-47.55115598965716,-22.40913516955237],[-47.55302727019233,-22.4098842202805],[-47.55296314043653,-22.41177447021556],[-47.55128922961421,-22.41303623973062],[-47.54489461999066,-22.41389580994365],[-47.54548614007325,-22.41666011007595],[-47.54826628985734,-22.41846104024478],[-47.5461209598144,-22.4202751598707],[-47.54725845021727,-22.42177948013887],[-47.54724597032521,-22.42927943030145],[-47.5451678097466,-22.42980871010383],[-47.53644661981559,-22.42547727025976],[-47.53156527961391,-22.42939071960598],[-47.52956369990477,-22.42879016043753],[-47.52059583043319,-22.43497912029011]]]}},{"type":"Feature","id":"uc-uso-sustentavel-091","properties":{"id":"uc-uso-sustentavel-091","nome":"Reserva de Desenvolvimento Sustentável Barra do Una","nome_origem":"Reserva de Desenvolvimento Sustentuvel Barra do Una","natureza":"camada fornecida para a demonstração","fonte_arquivo":"assets/layers/Areas_Protegidas_US_DG_UCs_Uso_Sustentavel/Areas_Protegidas_US_DG_UCs_Uso_Sustentavel.kml","tipo":"Unidade de Conservavio","categoria":"Reserva de Desenvolvimento Sustentuvel","orgao_gestor":"Fundavao Para Conservaeno e a Produveo Florestal do Estado de S o Paulo"},"geometry":{"type":"Polygon","coordinates":[[[-47.08124236993939,-24.44816427016491],[-47.06067235034863,-24.43568527025894],[-47.05756199019368,-24.4354315103559],[-47.05545366995085,-24.43226790044321],[-47.04856991996581,-24.43194893969178],[-47.04888151976627,-24.43008156041566],[-47.04580546964667,-24.4296435303246],[-47.04804051965419,-24.42775822036555],[-47.05063867993107,-24.42952050037076],[-47.05280978004726,-24.4272539102397],[-47.04928456982697,-24.42285438002557],[-47.05169705967154,-24.42367030973696],[-47.05563888982289,-24.42078648970471],[-47.06149119026617,-24.41381840039884],[-47.06161064991153,-24.41168910976455],[-47.06554861028008,-24.41176080012076],[-47.0679005101004,-24.40981682019003],[-47.06836510976194,-24.41205623011086],[-47.08358000021678,-24.41291098985027],[-47.08847056026809,-24.41784681008215],[-47.09642127042525,-24.41736761981974],[-47.10309778963125,-24.4220587399189],[-47.11092947001896,-24.42230801040631],[-47.11540018966696,-24.41659162989976],[-47.12060841994258,-24.41600111975583],[-47.12105978967753,-24.41699020043734],[-47.11808306967788,-24.421013539743],[-47.11946008011859,-24.4227461699997],[-47.12808034992815,-24.42334183955421],[-47.13103120992236,-24.42197045976889],[-47.13068246992003,-24.4257434799776],[-47.13831544959828,-24.42772104958675],[-47.1400070896554,-24.42714770030608],[-47.13776556992508,-24.42525025039868],[-47.14239096037448,-24.42367296993154],[-47.14414441982905,-24.42498051044214],[-47.14694065039066,-24.43111818015984],[-47.15598985005147,-24.43559908013339],[-47.15859554035188,-24.4346812500396],[-47.15907468025227,-24.4316590504248],[-47.16163655018659,-24.430415879789],[-47.17095110021307,-24.43481976991643],[-47.16966813997266,-24.43592575976595],[-47.16127636001596,-24.43114921036772],[-47.15927558969668,-24.43515511991279],[-47.15570766977311,-24.43635132975004],[-47.14591401042321,-24.43119442018627],[-47.14209480013488,-24.42440810994628],[-47.13905808995884,-24.42556862029556],[-47.14110912968255,-24.42702186986338],[-47.13931783035355,-24.42847172988638],[-47.12319164967482,-24.42379038991453],[-47.12228933018838,-24.42407659016249],[-47.12336068984393,-24.42746679955309],[-47.11868686011047,-24.42734275966058],[-47.1168208496025,-24.4260743099814],[-47.11705908990501,-24.42286251978942],[-47.11535939012373,-24.4199739504374],[-47.11207250024563,-24.42609103017685],[-47.10837557976913,-24.42695870957675],[-47.10849420034702,-24.42994073018053],[-47.10289572995396,-24.43334630988426],[-47.09321128966923,-24.43602017958756],[-47.0864226897553,-24.43233400960679],[-47.0821530099534,-24.4336685297788],[-47.08124236993939,-24.44816427016491]]]}},{"type":"Feature","id":"uc-uso-sustentavel-092","properties":{"id":"uc-uso-sustentavel-092","nome":"Reserva de Desenvolvimento Sustentável Barreiro/Anhemas","nome_origem":"Reserva de Desenvolvimento Sustentuvel Barreiro/Anhemas","natureza":"camada fornecida para a demonstração","fonte_arquivo":"assets/layers/Areas_Protegidas_US_DG_UCs_Uso_Sustentavel/Areas_Protegidas_US_DG_UCs_Uso_Sustentavel.kml","tipo":"Unidade de Conservavio","categoria":"Reserva de Desenvolvimento Sustentuvel","orgao_gestor":"Fundavao Para Conservaeno e a Produveo Florestal do Estado de S o Paulo"},"geometry":{"type":"Polygon","coordinates":[[[-48.47195570958826,-24.88497127960085],[-48.46316368005972,-24.88176135010616],[-48.45967123034296,-24.8783808803733],[-48.45632078987251,-24.87847923023224],[-48.45755064964271,-24.87244086005762],[-48.44564819970464,-24.87032353040655],[-48.4455747799521,-24.86523002034909],[-48.44432674038671,-24.86372353990942],[-48.44495806985901,-24.86129433976191],[-48.45124790037028,-24.86076527040086],[-48.44085441030273,-24.85729876972238],[-48.44452903029048,-24.85446130974162],[-48.45560456979501,-24.8579120902707],[-48.45703441000995,-24.85368621015044],[-48.46427894012095,-24.85407873004931],[-48.46827703006085,-24.85282964007581],[-48.46739969014357,-24.84952192010047],[-48.46447813006159,-24.84771515962689],[-48.46151549974047,-24.8493243201612],[-48.45222520982554,-24.84981150989324],[-48.45462519999296,-24.84617522980295],[-48.46014992957555,-24.84717389006295],[-48.46398114041727,-24.84525703008785],[-48.46592992002974,-24.84213151006111],[-48.45936387983915,-24.83915561024315],[-48.45840883040319,-24.83669958961434],[-48.46012589969047,-24.83313133963958],[-48.46247576974093,-24.83236478001055],[-48.46563402958674,-24.82812289015919],[-48.46332721008264,-24.82723499040242],[-48.46300877993122,-24.82574437040631],[-48.46751302990236,-24.82147114997355],[-48.46961760986477,-24.82087023017692],[-48.47086786985625,-24.82227057982334],[-48.47254411981521,-24.81985889037543],[-48.46448047999013,-24.81661767976209],[-48.45862506969115,-24.82212000993047],[-48.44867875042394,-24.82730384969284],[-48.44277512027554,-24.82531208968118],[-48.44847948044361,-24.81687426983166],[-48.45601636036668,-24.8144171799089],[-48.46127946007897,-24.80988388003698],[-48.45016732985835,-24.80957096003175],[-48.44695391009481,-24.81084843980364],[-48.44666451005907,-24.81226782000385],[-48.43998882992054,-24.80912806011185],[-48.43651458967651,-24.80585032982879],[-48.43656714965419,-24.81066524970146],[-48.41962789011501,-24.8113657001669],[-48.41577192003803,-24.8151985999354],[-48.4110055896362,-24.81236831024927],[-48.4109225300507,-24.81392046006113],[-48.40358767023474,-24.81560045030051],[-48.40107126013049,-24.81364712011845],[-48.39219330038048,-24.81169847990088],[-48.46939258959628,-24.79311208955124],[-48.47536104017979,-24.7979189703841],[-48.4796644598469,-24.7989709802265],[-48.48178843998448,-24.80258126001706],[-48.48482951007378,-24.80422412983967],[-48.48409639982896,-24.80864181017137],[-48.48882584993299,-24.81178741026071],[-48.48520949971862,-24.81464554025945],[-48.48466113000711,-24.81904069976844],[-48.48157014034967,-24.82416203035336],[-48.4862060402765,-24.82598785015909],[-48.49313132994689,-24.83194930041981],[-48.49162357966441,-24.8359291799876],[-48.48870634981813,-24.83707515009803],[-48.48662210982246,-24.84638854989163],[-48.47943728030617,-24.85306157972809],[-48.48144637025376,-24.85530896034021],[-48.48591952976244,-24.85590051010041],[-48.48531370955999,-24.8587026096377],[-48.48237545985955,-24.86291231005504],[-48.47957832997588,-24.86274051975914],[-48.47817834005832,-24.86479794017276],[-48.47411282974326,-24.86648494962066],[-48.47515382019259,-24.8688946695533],[-48.47899183980155,-24.8694547295521],[-48.48202637002089,-24.86837214006215],[-48.4843599398593,-24.87389990036007],[-48.47195570958826,-24.88497127960085]]]}},{"type":"Feature","id":"uc-uso-sustentavel-093","properties":{"id":"uc-uso-sustentavel-093","nome":"Reserva de Desenvolvimento Sustentável Despraiado","nome_origem":"Reserva de Desenvolvimento Sustentuvel Despraiado","natureza":"camada fornecida para a demonstração","fonte_arquivo":"assets/layers/Areas_Protegidas_US_DG_UCs_Uso_Sustentavel/Areas_Protegidas_US_DG_UCs_Uso_Sustentavel.kml","tipo":"Unidade de Conservavio","categoria":"Reserva de Desenvolvimento Sustentuvel","orgao_gestor":"Fundavao Para Conservaeno e a Produveo Florestal do Estado de S o Paulo"},"geometry":{"type":"Polygon","coordinates":[[[-47.37437319017056,-24.43291036981765],[-47.36840402012939,-24.42716586031617],[-47.36551877017507,-24.42536167010496],[-47.36113134033906,-24.42582910982549],[-47.35796020040289,-24.42198560974805],[-47.36266468982353,-24.42035981984975],[-47.36503169016032,-24.41766175028948],[-47.36443490005058,-24.41600293998363],[-47.36874348002755,-24.41550497007825],[-47.3675688602147,-24.41193795037606],[-47.36065179034779,-24.41549875036696],[-47.36199537029006,-24.41035781995737],[-47.35530831013034,-24.41314389987105],[-47.35481346986569,-24.41096802975073],[-47.35254116004648,-24.4110169097026],[-47.35204209027023,-24.4086100100439],[-47.34944484999977,-24.40841114026188],[-47.35677125978577,-24.40231698963731],[-47.35067859034461,-24.39752914025757],[-47.35443800021352,-24.39471303018217],[-47.34884731974796,-24.39455253986779],[-47.35172089020688,-24.39169878956744],[-47.35111350968066,-24.39072791026479],[-47.34754091957774,-24.39079868960778],[-47.34592222982701,-24.38827551030653],[-47.34236072027096,-24.38808872021821],[-47.33999475955045,-24.39014821986439],[-47.33676140991111,-24.39060437039535],[-47.33728746024804,-24.38882155976711],[-47.33456549030507,-24.38739126989117],[-47.33669706971398,-24.38664241971185],[-47.33591450035385,-24.3862610900772],[-47.32893476033087,-24.38731549031758],[-47.3240114496686,-24.3923526803319],[-47.32512352972708,-24.39592666977995],[-47.32386896018431,-24.39589959029382],[-47.3227230404359,-24.39813923044107],[-47.32156027009034,-24.39742853040229],[-47.32097045961899,-24.40053775021693],[-47.32135247993295,-24.39737954972639],[-47.32271594028839,-24.39789477042729],[-47.32360569984314,-24.39568561999533],[-47.32490624992346,-24.39585623038067],[-47.32378763988766,-24.39320107017318],[-47.32474055972898,-24.39083865997611],[-47.32684726029277,-24.39012308021591],[-47.32888240000273,-24.3871358102694],[-47.33737350018686,-24.3862132803186],[-47.33624686999701,-24.38288530041626],[-47.33154872979003,-24.37827184037309],[-47.32231506029177,-24.3787513004321],[-47.31724035955489,-24.37728631021503],[-47.31668291028802,-24.37487380957862],[-47.31851903002917,-24.37520318987526],[-47.31391450025393,-24.36950985989205],[-47.30403180982012,-24.36596118995692],[-47.28910137043187,-24.36466371016206],[-47.28377760964895,-24.35916204009601],[-47.28891672972327,-24.35759216015003],[-47.29210010043926,-24.35961153024789],[-47.29994161041697,-24.35969240987674],[-47.30437211957764,-24.355867630087],[-47.30893137028647,-24.35695523959259],[-47.30842411038435,-24.35461276017071],[-47.31493031957854,-24.35340620992861],[-47.31813440977515,-24.35681120956963],[-47.32033455979206,-24.3560436498945],[-47.32280141994954,-24.35720284003901],[-47.3284995298294,-24.35438476044828],[-47.33405756040804,-24.35350580984522],[-47.3351537602378,-24.35965160044094],[-47.33703600980397,-24.36073199018915],[-47.33932434014616,-24.35859435024901],[-47.34089157968259,-24.36498971979967],[-47.34389319021852,-24.36493137987924],[-47.34561751973268,-24.36755320041982],[-47.35070034044833,-24.36994333042031],[-47.3596265398329,-24.37030057980786],[-47.36034715040063,-24.371521709859],[-47.359170919902,-24.37473284984111],[-47.36213005995427,-24.37502794978002],[-47.36105409037395,-24.37763995961637],[-47.36603112023994,-24.38213622001052],[-47.36663222979354,-24.38436552964544],[-47.37180508973307,-24.38503557043521],[-47.37425101007602,-24.38390973974265],[-47.38111953993479,-24.38519429987701],[-47.38925177015301,-24.38427403981507],[-47.39834502040634,-24.38539776969128],[-47.40036368003973,-24.38237315000083],[-47.4035333702688,-24.38228767033968],[-47.40506985029333,-24.37918263956709],[-47.40797386010553,-24.38252370010861],[-47.41744218970524,-24.38870135008722],[-47.42002901043043,-24.39370041963861],[-47.42560288976154,-24.39536235958519],[-47.42269403979805,-24.39813854965428],[-47.41827979037998,-24.39759533036016],[-47.41468842962729,-24.39979014020275],[-47.41303188021703,-24.39923886028515],[-47.41132223033662,-24.40144330996077],[-47.40727280979229,-24.40101581992411],[-47.40584679978991,-24.40420229959642],[-47.40626315981694,-24.40806987002844],[-47.40047345038937,-24.41409342027509],[-47.40042524043247,-24.41596966956456],[-47.39642945005903,-24.41757022988213],[-47.38583329956708,-24.42732706019564],[-47.38398321964985,-24.43214273010284],[-47.37437319017056,-24.43291036981765]]]}},{"type":"Feature","id":"uc-uso-sustentavel-094","properties":{"id":"uc-uso-sustentavel-094","nome":"Reserva de Desenvolvimento Sustentável Itapanhapima","nome_origem":"Reserva de Desenvolvimento Sustentuvel Itapanhapima","natureza":"camada fornecida para a demonstração","fonte_arquivo":"assets/layers/Areas_Protegidas_US_DG_UCs_Uso_Sustentavel/Areas_Protegidas_US_DG_UCs_Uso_Sustentavel.kml","tipo":"Unidade de Conservavio","categoria":"Reserva de Desenvolvimento Sustentuvel","orgao_gestor":"Fundavao Para Conservaeno e a Produveo Florestal do Estado de S o Paulo"},"geometry":{"type":"Polygon","coordinates":[[[-48.03478816014541,-25.15482661015989],[-48.03219010958583,-25.1502133695513],[-48.0316406400035,-25.14136538960099],[-48.02926122002924,-25.13238580016451],[-48.02656263965406,-25.12978409026351],[-48.01742065963572,-25.12567482972958],[-48.02152961979607,-25.12039159959261],[-48.0231656700596,-25.11521048027942],[-48.02459201011311,-25.10309219035224],[-48.02182564963397,-25.09260858012181],[-48.02516907988911,-25.08944129018334],[-48.02554154040973,-25.08733404013378],[-48.02307394011018,-25.08412376979612],[-48.02665063022238,-25.08007493021381],[-48.03696464989861,-25.088852909634],[-48.04174977972849,-25.08984351016983],[-48.03937134990781,-25.09094680025459],[-48.03845209978454,-25.09340579044482],[-48.035367200336,-25.09377674999695],[-48.03511010035083,-25.09605081978947],[-48.03111661044318,-25.09611867993311],[-48.03120628004575,-25.09961672972827],[-48.03285313026771,-25.10174627037401],[-48.03131059960447,-25.10674046020404],[-48.03553254968739,-25.11038856997646],[-48.03728983036132,-25.11416498962251],[-48.04157012036472,-25.11235205979966],[-48.04590531038173,-25.11339429041413],[-48.04543458993436,-25.11617855999248],[-48.0483828697736,-25.11781796023064],[-48.0497751102331,-25.12382288012179],[-48.05383952967054,-25.12597677980449],[-48.05259919999304,-25.13234558967719],[-48.05540368003574,-25.13369261042561],[-48.05338558967316,-25.13997375978113],[-48.05071808986793,-25.14298847973453],[-48.0432050401804,-25.14218284006597],[-48.03909994980279,-25.13788123972739],[-48.0360075104382,-25.13788606998611],[-48.0377153104132,-25.1446712003156],[-48.03502158997435,-25.14706355973544],[-48.03481411008306,-25.14940428997596],[-48.03729523978348,-25.15453595017391],[-48.03478816014541,-25.15482661015989]]]}},{"type":"Feature","id":"uc-uso-sustentavel-095","properties":{"id":"uc-uso-sustentavel-095","nome":"Reserva de Desenvolvimento Sustentável Lavras","nome_origem":"Reserva de Desenvolvimento Sustentuvel Lavras","natureza":"camada fornecida para a demonstração","fonte_arquivo":"assets/layers/Areas_Protegidas_US_DG_UCs_Uso_Sustentavel/Areas_Protegidas_US_DG_UCs_Uso_Sustentavel.kml","tipo":"Unidade de Conservavio","categoria":"Reserva de Desenvolvimento Sustentuvel","orgao_gestor":"Fundavao Para Conservaeno e a Produveo Florestal do Estado de S o Paulo"},"geometry":{"type":"Polygon","coordinates":[[[-48.55090163959892,-25.00360908039471],[-48.5517831298875,-24.99866759982984],[-48.54604431039655,-24.99750732959956],[-48.54595663009434,-24.9936792996599],[-48.54718463995914,-24.99273147987384],[-48.54381889032948,-24.9887936301219],[-48.54357436016852,-24.98653778958726],[-48.54587663000245,-24.98400151975432],[-48.54461440992702,-24.97855156969916],[-48.54526390030873,-24.97425610003893],[-48.54890147991932,-24.96668413036826],[-48.55213540962143,-24.96429184019621],[-48.55283722975429,-24.96089415024477],[-48.55688986987155,-24.95731033030745],[-48.56045545965168,-24.957295520272],[-48.56444626957966,-24.95443793975909],[-48.56469005959855,-24.95191566967236],[-48.56279992028004,-24.95141558006492],[-48.56213685013546,-24.94959750971725],[-48.5678343700601,-24.94597215009463],[-48.56805908006243,-24.94380179012046],[-48.56669542005756,-24.9419524395534],[-48.56202150039189,-24.94012691022868],[-48.56202956011606,-24.93880037963379],[-48.56569649000096,-24.93506751955033],[-48.56465459033706,-24.93256828020191],[-48.56628753973814,-24.9264038196805],[-48.57102901018061,-24.92198489019046],[-48.57038753006043,-24.92058191002707],[-48.56872041991141,-24.92082009007504],[-48.56782966031051,-24.9232989903561],[-48.56404123021855,-24.9224015901612],[-48.56179833992138,-24.92374343980788],[-48.55988960981762,-24.9323072699645],[-48.55654866978523,-24.93620709997765],[-48.55288324986208,-24.93681799955101],[-48.54904276970802,-24.94137192987063],[-48.54826848040602,-24.9443200199529],[-48.5435863103599,-24.9461403502969],[-48.54435353998383,-24.95031414977814],[-48.54066318006164,-24.95227932043423],[-48.53975362013341,-24.95592626018873],[-48.53752836014564,-24.95851046028946],[-48.52912792961024,-24.95779585989095],[-48.52894952030408,-24.95619472041],[-48.52567290967698,-24.95438268990915],[-48.52009484040451,-24.95473813975332],[-48.51811657022347,-24.94891794960364],[-48.52035465993958,-24.94647220013189],[-48.52345071008216,-24.937086850078],[-48.52741466985111,-24.94133205033381],[-48.53123638025471,-24.94323993957153],[-48.5328105103967,-24.94635740976662],[-48.53787015018725,-24.94889656012811],[-48.54055513011514,-24.9484898399341],[-48.54306168005246,-24.9453533796547],[-48.54826654956156,-24.94356519018135],[-48.54842746975191,-24.94120085993171],[-48.55241701972966,-24.93642593021247],[-48.55584455997842,-24.93595103960877],[-48.55770166989612,-24.93423583011941],[-48.55946502009454,-24.93181223994287],[-48.56148130012184,-24.92326117026676],[-48.564018329882,-24.92184340974552],[-48.56760235036813,-24.92279853022796],[-48.56805057967046,-24.91996477005807],[-48.57107366961412,-24.91926411005062],[-48.57211930955845,-24.92354110044141],[-48.56956609020284,-24.9288935001349],[-48.57072480010942,-24.9310993896251],[-48.5689107596238,-24.93195292988378],[-48.56697313969858,-24.93120924990689],[-48.5669701899223,-24.93528360955088],[-48.56283516021443,-24.93930092969413],[-48.56960785022204,-24.94285365017578],[-48.56962450027044,-24.94579094029962],[-48.56298124968487,-24.95023791964422],[-48.56480240021057,-24.95139677973754],[-48.57028159981593,-24.95147123011316],[-48.57308322001455,-24.95467348029683],[-48.56801542966832,-24.96049153995256],[-48.56895750008852,-24.96322536026213],[-48.5674975802491,-24.96667756981395],[-48.5674726798203,-24.97200610959425],[-48.56849495987444,-24.97476241025697],[-48.56605987995943,-24.97718628012268],[-48.56039187038846,-24.97928517996706],[-48.55986329025859,-24.98067307040583],[-48.56173053013981,-24.9832879796565],[-48.56434912031563,-24.98411398986872],[-48.56618809990084,-24.98128296993309],[-48.56950134980741,-24.98208385038936],[-48.56735077042168,-24.98439804973015],[-48.56880358022102,-24.98697999972717],[-48.56667423023151,-24.98821122017165],[-48.56831093969805,-24.98945380984543],[-48.5671181499826,-24.99045845959017],[-48.57176869986557,-24.99189239981433],[-48.57421053998439,-24.99831475981824],[-48.57107581989311,-25.00214893032881],[-48.55090163959892,-25.00360908039471]]]}},{"type":"Feature","id":"uc-uso-sustentavel-096","properties":{"id":"uc-uso-sustentavel-096","nome":"Reserva de Desenvolvimento Sustentável Lavras","nome_origem":"Reserva de Desenvolvimento Sustentuvel Lavras","natureza":"camada fornecida para a demonstração","fonte_arquivo":"assets/layers/Areas_Protegidas_US_DG_UCs_Uso_Sustentavel/Areas_Protegidas_US_DG_UCs_Uso_Sustentavel.kml","tipo":"Unidade de Conservavio","categoria":"Reserva de Desenvolvimento Sustentuvel","orgao_gestor":"Fundavao Para Conservaeno e a Produveo Florestal do Estado de S o Paulo"},"geometry":{"type":"Polygon","coordinates":[[[-48.224949390402,-24.78496909984403],[-48.23424066957119,-24.7577003001287],[-48.24502194011041,-24.76096721966144],[-48.24741333006108,-24.75952193988559],[-48.25492971983067,-24.76030971991759],[-48.25896371969986,-24.75840090977414],[-48.26031864009315,-24.76097489987171],[-48.26362929005967,-24.76149813982727],[-48.26220178988063,-24.76928431002284],[-48.26274451994362,-24.77355495030065],[-48.26489363972962,-24.77566233974511],[-48.2612314798489,-24.78136173025962],[-48.25192682955952,-24.78149605030245],[-48.24358164977326,-24.78464776038578],[-48.23436021015556,-24.78358522038155],[-48.224949390402,-24.78496909984403]]]}},{"type":"Feature","id":"uc-uso-sustentavel-097","properties":{"id":"uc-uso-sustentavel-097","nome":"Reserva de Desenvolvimento Sustentável Quilombos de Barra do Turvo","nome_origem":"Reserva de Desenvolvimento Sustentuvel Quilombos de Barra do Turvo","natureza":"camada fornecida para a demonstração","fonte_arquivo":"assets/layers/Areas_Protegidas_US_DG_UCs_Uso_Sustentavel/Areas_Protegidas_US_DG_UCs_Uso_Sustentavel.kml","tipo":"Unidade de Conservavio","categoria":"Reserva de Desenvolvimento Sustentuvel","orgao_gestor":"Fundavao Para Conservaeno e a Produveo Florestal do Estado de Sro Paulo"},"geometry":{"type":"Polygon","coordinates":[[[-48.48045332985726,-24.97949577960651],[-48.48120237968601,-24.97325064000501],[-48.48690306972082,-24.97250221970165],[-48.48635540957446,-24.97158253970241],[-48.47606439995207,-24.97252029967206],[-48.46667398041984,-24.97195977022716],[-48.46299796018769,-24.97024326031817],[-48.45295774990018,-24.97054784990331],[-48.4496798298602,-24.96858614973098],[-48.45075266979984,-24.96412581005802],[-48.44938539991625,-24.96157165990411],[-48.44515011018939,-24.95970236956867],[-48.44118954985782,-24.95466633967976],[-48.4292751200507,-24.95223291002071],[-48.42329656018808,-24.95403008012403],[-48.4247641503452,-24.9519789001061],[-48.42380283982914,-24.94803048961535],[-48.42614563041644,-24.94667345041938],[-48.4304701904469,-24.94687837983332],[-48.43815417967159,-24.94963825979778],[-48.44523446030206,-24.95451818986254],[-48.45010740982906,-24.95317884033119],[-48.45047699971371,-24.95089199027308],[-48.43507455025025,-24.94095684957892],[-48.42891851997365,-24.93120753040319],[-48.42137963995839,-24.92725156021129],[-48.42142933019937,-24.92258611036067],[-48.42343341991636,-24.91897287000188],[-48.42473845041911,-24.91217825991873],[-48.42803983017399,-24.9066975197747],[-48.42808559037763,-24.90258248019728],[-48.42934472038252,-24.90189265971844],[-48.42821177964987,-24.90073706956008],[-48.43071692034954,-24.89521976028368],[-48.42895738957185,-24.89397814997159],[-48.42865081967955,-24.89194512007117],[-48.42213402006894,-24.89028202989169],[-48.4245429701819,-24.88104429006188],[-48.42506989016329,-24.87279154979012],[-48.43415532980458,-24.87607586041258],[-48.43843895989005,-24.8743538403574],[-48.44343430984549,-24.87439623979458],[-48.45198140991408,-24.87868110015262],[-48.45967123034296,-24.8783808803733],[-48.46316368005972,-24.88176135010616],[-48.47156338034569,-24.88494865985274],[-48.47607927024211,-24.88167349983212],[-48.47853916964692,-24.88391189981428],[-48.48101766972962,-24.88196291965295],[-48.48478147008871,-24.88342979035252],[-48.47838405008378,-24.89522847021766],[-48.47444447992876,-24.89813373008752],[-48.47577526971287,-24.90494727989301],[-48.48142066043511,-24.91036708017657],[-48.48217665033212,-24.91319625020674],[-48.48422041993638,-24.9149967999623],[-48.48496653977395,-24.91830873955666],[-48.4840417399343,-24.91984275993536],[-48.4851409102248,-24.92152134993029],[-48.48327487993174,-24.92193177982773],[-48.48247473961749,-24.92522549016422],[-48.48523426974572,-24.92749983964586],[-48.48464305003671,-24.9295211801583],[-48.48715359026596,-24.93019368958704],[-48.48781229959792,-24.93387103991654],[-48.49224907973121,-24.93497675996946],[-48.49421611018528,-24.93388944004556],[-48.49928508044206,-24.93751719006622],[-48.50132231017642,-24.93687648965823],[-48.50359489968486,-24.93856729964114],[-48.49783492993805,-24.94225203969984],[-48.4966022498939,-24.94513145035609],[-48.49805588976744,-24.95068842962729],[-48.49276688958025,-24.95125825986077],[-48.49359676957522,-24.95502752000402],[-48.491806019732,-24.95964054027866],[-48.49274846966608,-24.96385042955364],[-48.49764811017212,-24.97069346003514],[-48.49611551971543,-24.97254780993342],[-48.48334878981478,-24.97788002973954],[-48.48251856987605,-24.97948702020977],[-48.48045332985726,-24.97949577960651]]]}},{"type":"Feature","id":"uc-uso-sustentavel-098","properties":{"id":"uc-uso-sustentavel-098","nome":"Reserva Extrativista Ilha do Tumba","nome_origem":"Reserva Extrativista Ilha do Tumba","natureza":"camada fornecida para a demonstração","fonte_arquivo":"assets/layers/Areas_Protegidas_US_DG_UCs_Uso_Sustentavel/Areas_Protegidas_US_DG_UCs_Uso_Sustentavel.kml","tipo":"Unidade de Conservaa o","categoria":"Reserva Extrativista","orgao_gestor":"Fundavao Para Conserva"},"geometry":{"type":"Polygon","coordinates":[[[-48.02501766013688,-25.22919916021306],[-48.01433720989428,-25.22252119040058],[-47.99716881029229,-25.20774751993207],[-47.99618446004473,-25.20526801980321],[-48.00024505016887,-25.19080025013142],[-47.99742637972361,-25.18212150999966],[-47.99266780957169,-25.17581852960143],[-47.99582583019787,-25.17305844998742],[-48.00958605015603,-25.17599163020952],[-48.01719242968682,-25.17922566962892],[-48.0132473601775,-25.18800682005866],[-48.01113977018423,-25.18920951041054],[-48.01208432003529,-25.19056109971496],[-48.01048122992478,-25.19259981962591],[-48.01716753015734,-25.19484346985018],[-48.01856194967422,-25.19028246006741],[-48.02306119042157,-25.19325475989922],[-48.01862468008488,-25.19568627040502],[-48.01699128012342,-25.19964210030264],[-48.02012892031337,-25.20260649959022],[-48.02483948015782,-25.20349592999315],[-48.02290582984011,-25.20435523040953],[-48.02570687986855,-25.20712401006494],[-48.02710980966992,-25.20666793957372],[-48.02979340014525,-25.21082566007613],[-48.02486362965277,-25.2163458696661],[-48.02569600976301,-25.21874608016742],[-48.0277678903758,-25.21974124026599],[-48.02690283969423,-25.22222886037355],[-48.02932224982192,-25.2266834803583],[-48.0275476697891,-25.22879403991294],[-48.02501766013688,-25.22919916021306]]]}},{"type":"Feature","id":"uc-uso-sustentavel-099","properties":{"id":"uc-uso-sustentavel-099","nome":"Reserva Extrativista Taquari","nome_origem":"Reserva Extrativista Taquari","natureza":"camada fornecida para a demonstração","fonte_arquivo":"assets/layers/Areas_Protegidas_US_DG_UCs_Uso_Sustentavel/Areas_Protegidas_US_DG_UCs_Uso_Sustentavel.kml","tipo":"Unidade de Conservaa o","categoria":"Reserva Extrativista","orgao_gestor":"Fundavao Para Conserva"},"geometry":{"type":"Polygon","coordinates":[[[-48.02303801039579,-25.09120660000457],[-48.02299602015017,-25.08798533005887],[-48.01893192986461,-25.08867727023977],[-48.01345074005957,-25.0833511901053],[-48.01912271024486,-25.07092977019272],[-48.03488542002606,-25.06897653983538],[-48.03718709990471,-25.05850277987935],[-48.02932274984499,-25.04748577005222],[-48.02740917958994,-25.04249495987443],[-48.03003544008345,-25.03809916004815],[-48.03517745957208,-25.03416158998533],[-48.03380107955616,-25.03262825039337],[-48.03484291986484,-25.03087523970049],[-48.04179351016234,-25.03144397995567],[-48.04156764003454,-25.03490565037544],[-48.04414622027178,-25.03607721968791],[-48.04346308984969,-25.03790076960479],[-48.04500292974137,-25.0393204798562],[-48.04469158984494,-25.04204761010908],[-48.04725661010445,-25.04174017956558],[-48.04816385967433,-25.04287843978813],[-48.0444989802437,-25.04392572998842],[-48.04435982004964,-25.04562567978127],[-48.04701765034423,-25.04760534031413],[-48.04450382039494,-25.04782415975711],[-48.04431011991608,-25.04974707037098],[-48.04120734014657,-25.04990929008164],[-48.03919229039184,-25.05188547023823],[-48.0421749504136,-25.05467825999364],[-48.04925803962681,-25.05674603969794],[-48.05524712965126,-25.05314588987085],[-48.05531994955601,-25.05010034025844],[-48.05396473958103,-25.04917726981512],[-48.05622435007365,-25.04518931973126],[-48.05352676974456,-25.04486693975741],[-48.05645424017098,-25.04174359968732],[-48.05414164971734,-25.03766494038467],[-48.05688711984465,-25.04009426014193],[-48.0617925996487,-25.03857829994854],[-48.0626208203945,-25.03684714008341],[-48.06122293039385,-25.03565444030011],[-48.06544090996999,-25.03201870969565],[-48.06527305960395,-25.03080555033586],[-48.06845329977995,-25.02943447002474],[-48.06868605961392,-25.03386969972684],[-48.06588505005499,-25.0362327097717],[-48.06456168957027,-25.04097450037284],[-48.0614189601169,-25.04228804026081],[-48.06263614034555,-25.04456061987668],[-48.06651226962549,-25.04309859022771],[-48.06906756011978,-25.04584518001099],[-48.07403551043041,-25.04594318992622],[-48.07880286965667,-25.04809480982755],[-48.08044937004234,-25.0501788600663],[-48.08345292041588,-25.05024515988617],[-48.07699667036002,-25.05349305965694],[-48.07064988038763,-25.058932180076],[-48.07370385035239,-25.06072116994596],[-48.07811416973311,-25.06008019974138],[-48.08247772976335,-25.06562521982801],[-48.08307575014572,-25.07021993979833],[-48.08116861004328,-25.07111258977415],[-48.07964403974057,-25.06778813971084],[-48.07401027995041,-25.06635256991513],[-48.07104336975567,-25.06880729012431],[-48.0647380502208,-25.0705166603156],[-48.06362963040306,-25.07321176031445],[-48.05807205038479,-25.07170914965747],[-48.05995664987944,-25.07398807039311],[-48.06312063031282,-25.07429106997688],[-48.06455663987697,-25.07770557994849],[-48.06180603012416,-25.07850339011929],[-48.0597054098767,-25.08279224976246],[-48.05797307999359,-25.08331071971389],[-48.05641335968875,-25.08295727985455],[-48.05646673984813,-25.08178358004812],[-48.05844091001995,-25.08067102964424],[-48.06109768001386,-25.0755035899187],[-48.05530687970867,-25.07331208958124],[-48.04963375029729,-25.07211207021584],[-48.04954978959108,-25.07559667964301],[-48.04893386010951,-25.07424962022372],[-48.04265509036009,-25.07281542998805],[-48.03832095974445,-25.07373003960959],[-48.03635692043548,-25.07168971980468],[-48.03292494023378,-25.07192804014687],[-48.03109699982662,-25.07409899007627],[-48.02932665020472,-25.0715479902475],[-48.02161463990365,-25.0722917403715],[-48.01946462978879,-25.07378867001108],[-48.01941428034473,-25.07586682969037],[-48.02509639038607,-25.08098634994008],[-48.02305729995436,-25.08427710960086],[-48.02556380042898,-25.08805591964494],[-48.02303801039579,-25.09120660000457]]]}},{"type":"Feature","id":"uc-uso-sustentavel-100","properties":{"id":"uc-uso-sustentavel-100","nome":"Reserva Particular do Patrimônio Natural Botujuru - Serra do Itapety","nome_origem":"Reserva Particular do Patrimanio Natural Botujuru - Serra do Itapety","natureza":"camada fornecida para a demonstração","fonte_arquivo":"assets/layers/Areas_Protegidas_US_DG_UCs_Uso_Sustentavel/Areas_Protegidas_US_DG_UCs_Uso_Sustentavel.kml","tipo":"Unidade de Conservadoo","categoria":"Reserva Particular do Patrimanio Natural","orgao_gestor":"Fundavao Para ConservaPao e a Produtuo Florestal do Estado de Sao Paulo"},"geometry":{"type":"Polygon","coordinates":[[[-46.15100760971336,-23.47771410961843],[-46.15068159018318,-23.4644926600082],[-46.15661301028217,-23.46579899003132],[-46.15884907022837,-23.46876811975289],[-46.15552487017658,-23.4709402298077],[-46.15100760971336,-23.47771410961843]]]}},{"type":"Feature","id":"uc-uso-sustentavel-101","properties":{"id":"uc-uso-sustentavel-101","nome":"Reserva Particular do Patrimônio Natural Botujuru - Serra do Itapety","nome_origem":"Reserva Particular do Patrimanio Natural Botujuru - Serra do Itapety","natureza":"camada fornecida para a demonstração","fonte_arquivo":"assets/layers/Areas_Protegidas_US_DG_UCs_Uso_Sustentavel/Areas_Protegidas_US_DG_UCs_Uso_Sustentavel.kml","tipo":"Unidade de Conservadoo","categoria":"Reserva Particular do Patrimanio Natural","orgao_gestor":"Fundavao Para ConservaPao e a Produtuo Florestal do Estado de Sao Paulo"},"geometry":{"type":"Polygon","coordinates":[[[-46.17652244995105,-23.48942063955081],[-46.17187718988038,-23.48597317032551],[-46.17285584022483,-23.48345276992933],[-46.1721072796272,-23.48247061043025],[-46.17101839038634,-23.4834121997132],[-46.1717689097074,-23.48589545990751],[-46.17020894029031,-23.48477583004046],[-46.17035363041566,-23.48321019039793],[-46.16200985986711,-23.48061680012518],[-46.16139421996724,-23.47792633972875],[-46.16038632007258,-23.48000458034704],[-46.15784018018013,-23.47904442006387],[-46.15876788033336,-23.47530528990717],[-46.15548050032481,-23.47820450993015],[-46.15151520955925,-23.47685281000912],[-46.15566253030147,-23.47102145027964],[-46.15897337002497,-23.46885606985171],[-46.1638044803924,-23.46822497959909],[-46.17031249002935,-23.47205566973332],[-46.17499794979551,-23.47114561967459],[-46.17914986967071,-23.47298117014486],[-46.1803692199635,-23.46794993004517],[-46.18686765002201,-23.47048867031583],[-46.18935035983122,-23.47222526028747],[-46.18945075025186,-23.47573854999405],[-46.17988739019086,-23.4732404896568],[-46.18043025964874,-23.47473216006108],[-46.17745116993552,-23.48009710979375],[-46.17652244995105,-23.48942063955081]]]}},{"type":"Feature","id":"uc-uso-sustentavel-102","properties":{"id":"uc-uso-sustentavel-102","nome":"Reserva Particular do Patrimônio Natural Copatba","nome_origem":"Reserva Particular do Patrimanio Natural Copatba","natureza":"camada fornecida para a demonstração","fonte_arquivo":"assets/layers/Areas_Protegidas_US_DG_UCs_Uso_Sustentavel/Areas_Protegidas_US_DG_UCs_Uso_Sustentavel.kml","tipo":"Unidade de Conservadoo","categoria":"Reserva Particular do Patrimanio Natural","orgao_gestor":"Fundavao Para ConservaPao e a Produtuo Florestal do Estado de Sao Paulo"},"geometry":{"type":"Polygon","coordinates":[[[-46.60950000042465,-22.71608999955379],[-46.60899999985008,-22.71509999976513],[-46.61037999963725,-22.71562999992449],[-46.60950000042465,-22.71608999955379]]]}},{"type":"Feature","id":"uc-uso-sustentavel-103","properties":{"id":"uc-uso-sustentavel-103","nome":"Reserva Particular do Patrimônio Natural Copatba","nome_origem":"Reserva Particular do Patrimanio Natural Copatba","natureza":"camada fornecida para a demonstração","fonte_arquivo":"assets/layers/Areas_Protegidas_US_DG_UCs_Uso_Sustentavel/Areas_Protegidas_US_DG_UCs_Uso_Sustentavel.kml","tipo":"Unidade de Conservadoo","categoria":"Reserva Particular do Patrimanio Natural","orgao_gestor":"Fundavao Para ConservaPao e a Produtuo Florestal do Estado de Sao Paulo"},"geometry":{"type":"Polygon","coordinates":[[[-46.61080999968169,-22.71704999975765],[-46.6094899999635,-22.7161899996687],[-46.61104999995752,-22.71597000031522],[-46.61080999968169,-22.71704999975765]]]}},{"type":"Feature","id":"uc-uso-sustentavel-104","properties":{"id":"uc-uso-sustentavel-104","nome":"Reserva Particular do Patrimônio Natural Duas Cachoeiras","nome_origem":"Reserva Particular do Patrimanio Natural Duas Cachoeiras","natureza":"camada fornecida para a demonstração","fonte_arquivo":"assets/layers/Areas_Protegidas_US_DG_UCs_Uso_Sustentavel/Areas_Protegidas_US_DG_UCs_Uso_Sustentavel.kml","tipo":"Unidade de Conservadoo","categoria":"Reserva Particular do Patrimanio Natural","orgao_gestor":"Fundavao Para ConservaPao e a Produtuo Florestal do Estado de Sao Paulo"},"geometry":{"type":"Polygon","coordinates":[[[-46.80763303983287,-22.75876973023884],[-46.80861563010723,-22.75720749992615],[-46.80677194976562,-22.75835409956198],[-46.80682753955927,-22.75683118041462],[-46.80868608029834,-22.75710990999431],[-46.81033449983727,-22.75502966029052],[-46.81110921002198,-22.75568139987666],[-46.80763303983287,-22.75876973023884]]]}},{"type":"Feature","id":"uc-uso-sustentavel-105","properties":{"id":"uc-uso-sustentavel-105","nome":"Reserva Particular do Patrimônio Natural Entre Rios","nome_origem":"Reserva Particular do Patrimanio Natural Entre Rios","natureza":"camada fornecida para a demonstração","fonte_arquivo":"assets/layers/Areas_Protegidas_US_DG_UCs_Uso_Sustentavel/Areas_Protegidas_US_DG_UCs_Uso_Sustentavel.kml","tipo":"Unidade de Conservadoo","categoria":"Reserva Particular do Patrimanio Natural","orgao_gestor":"Fundavao Para ConservaPao e a Produtuo Florestal do Estado de Sao Paulo"},"geometry":{"type":"Polygon","coordinates":[[[-48.42946101981016,-23.26434715010083],[-48.42754556997204,-23.26048630030249],[-48.42541945034731,-23.25906752984258],[-48.42970126020498,-23.25196785982882],[-48.42946101981016,-23.26434715010083]]]}},{"type":"Feature","id":"uc-uso-sustentavel-106","properties":{"id":"uc-uso-sustentavel-106","nome":"Reserva Particular do Patrimônio Natural Entre Rios","nome_origem":"Reserva Particular do Patrimanio Natural Entre Rios","natureza":"camada fornecida para a demonstração","fonte_arquivo":"assets/layers/Areas_Protegidas_US_DG_UCs_Uso_Sustentavel/Areas_Protegidas_US_DG_UCs_Uso_Sustentavel.kml","tipo":"Unidade de Conservadoo","categoria":"Reserva Particular do Patrimanio Natural","orgao_gestor":"Fundavao Para ConservaPao e a Produtuo Florestal do Estado de Sao Paulo"},"geometry":{"type":"Polygon","coordinates":[[[-48.44135100964132,-23.27047199009024],[-48.44095847984994,-23.26852074004006],[-48.43542290983936,-23.26794299037664],[-48.43461760022205,-23.26646042021218],[-48.43498739964872,-23.26803182001242],[-48.43195799016905,-23.26586022976574],[-48.43087410025947,-23.26768729962913],[-48.42989152977026,-23.26733350993351],[-48.43019548982994,-23.25165731043649],[-48.43725138983973,-23.24847198009775],[-48.44488831034721,-23.24921842009394],[-48.43947002991791,-23.25320804021885],[-48.44541667014317,-23.25778483040557],[-48.4419130301622,-23.26149450956393],[-48.44404192959132,-23.26460159978393],[-48.44404199973843,-23.26900592967985],[-48.44569246973163,-23.26949119036613],[-48.44135100964132,-23.27047199009024]]]}},{"type":"Feature","id":"uc-uso-sustentavel-107","properties":{"id":"uc-uso-sustentavel-107","nome":"Reserva Particular do Patrimônio Natural Fazenda Mata Nativa","nome_origem":"Reserva Particular do Patrimanio Natural Fazenda Mata Nativa","natureza":"camada fornecida para a demonstração","fonte_arquivo":"assets/layers/Areas_Protegidas_US_DG_UCs_Uso_Sustentavel/Areas_Protegidas_US_DG_UCs_Uso_Sustentavel.kml","tipo":"Unidade de Conservadoo","categoria":"Reserva Particular do Patrimanio Natural","orgao_gestor":"Fundavao Para ConservaPao e a Produtuo Florestal do Estado de Sao Paulo"},"geometry":{"type":"Polygon","coordinates":[[[-47.46277566956144,-24.62686371019203],[-47.45779774037339,-24.62274362991457],[-47.45002996041433,-24.62373359013304],[-47.44955021976676,-24.61644756979945],[-47.45446804006798,-24.61298718990685],[-47.45454372970931,-24.60972897041563],[-47.46818934995849,-24.61197248034563],[-47.47044490001207,-24.6215078301222],[-47.47204374981914,-24.62251601959861],[-47.46277566956144,-24.62686371019203]]]}},{"type":"Feature","id":"uc-uso-sustentavel-108","properties":{"id":"uc-uso-sustentavel-108","nome":"Reserva Particular do Patrimônio Natural Fazenda RenEpolis","nome_origem":"Reserva Particular do Patrimanio Natural Fazenda RenEpolis","natureza":"camada fornecida para a demonstração","fonte_arquivo":"assets/layers/Areas_Protegidas_US_DG_UCs_Uso_Sustentavel/Areas_Protegidas_US_DG_UCs_Uso_Sustentavel.kml","tipo":"Unidade de Conservadoo","categoria":"Reserva Particular do Patrimanio Natural","orgao_gestor":"Fundavao Para ConservaPao e a Produtuo Florestal do Estado de Sao Paulo"},"geometry":{"type":"Polygon","coordinates":[[[-45.61733997006354,-22.81075085027146],[-45.61292954995872,-22.80417880980417],[-45.61482174962401,-22.80076389963421],[-45.62114405015774,-22.80044958028384],[-45.62155202040935,-22.8048272497777],[-45.62364192973121,-22.80571139036834],[-45.62462033995666,-22.80843832007236],[-45.62837183039562,-22.80930325024474],[-45.62226039030475,-22.81124141965574],[-45.61733997006354,-22.81075085027146]]]}},{"type":"Feature","id":"uc-uso-sustentavel-109","properties":{"id":"uc-uso-sustentavel-109","nome":"Reserva Particular do Patrimônio Natural Floresta das tguas Perenes","nome_origem":"Reserva Particular do Patrimanio Natural Floresta das tguas Perenes","natureza":"camada fornecida para a demonstração","fonte_arquivo":"assets/layers/Areas_Protegidas_US_DG_UCs_Uso_Sustentavel/Areas_Protegidas_US_DG_UCs_Uso_Sustentavel.kml","tipo":"Unidade de Conservadoo","categoria":"Reserva Particular do Patrimanio Natural","orgao_gestor":"Fundavao Para ConservaPao e a Produtuo Florestal do Estado de Seo Paulo"},"geometry":{"type":"Polygon","coordinates":[[[-48.10504339983299,-22.19610029998881],[-48.10493972958483,-22.19527184002334],[-48.1049146304058,-22.19470005016711],[-48.10502355988933,-22.19413840016699],[-48.10536484001534,-22.19304103031925],[-48.10505327978501,-22.19600641976041],[-48.10504339983299,-22.19610029998881]]]}},{"type":"Feature","id":"uc-uso-sustentavel-110","properties":{"id":"uc-uso-sustentavel-110","nome":"Reserva Particular do Patrimônio Natural Floresta das tguas Perenes","nome_origem":"Reserva Particular do Patrimanio Natural Floresta das tguas Perenes","natureza":"camada fornecida para a demonstração","fonte_arquivo":"assets/layers/Areas_Protegidas_US_DG_UCs_Uso_Sustentavel/Areas_Protegidas_US_DG_UCs_Uso_Sustentavel.kml","tipo":"Unidade de Conservadoo","categoria":"Reserva Particular do Patrimanio Natural","orgao_gestor":"Fundavao Para ConservaPao e a Produtuo Florestal do Estado de Seo Paulo"},"geometry":{"type":"Polygon","coordinates":[[[-48.10560836023757,-22.19646957960737],[-48.10591485998276,-22.19355248016279],[-48.10776065013386,-22.19650893034282],[-48.10560836023757,-22.19646957960737]]]}},{"type":"Feature","id":"uc-uso-sustentavel-111","properties":{"id":"uc-uso-sustentavel-111","nome":"Reserva Particular do Patrimônio Natural Floresta das tguas Perenes","nome_origem":"Reserva Particular do Patrimanio Natural Floresta das tguas Perenes","natureza":"camada fornecida para a demonstração","fonte_arquivo":"assets/layers/Areas_Protegidas_US_DG_UCs_Uso_Sustentavel/Areas_Protegidas_US_DG_UCs_Uso_Sustentavel.kml","tipo":"Unidade de Conservadoo","categoria":"Reserva Particular do Patrimanio Natural","orgao_gestor":"Fundavao Para ConservaPao e a Produtuo Florestal do Estado de Seo Paulo"},"geometry":{"type":"Polygon","coordinates":[[[-48.10410301024569,-22.19627176023351],[-48.10537940003923,-22.19263375974015],[-48.10502650966566,-22.19642294975927],[-48.10410301024569,-22.19627176023351]]]}},{"type":"Feature","id":"uc-uso-sustentavel-112","properties":{"id":"uc-uso-sustentavel-112","nome":"Reserva Particular do Patrimônio Natural Floresta das tguas Perenes","nome_origem":"Reserva Particular do Patrimanio Natural Floresta das tguas Perenes","natureza":"camada fornecida para a demonstração","fonte_arquivo":"assets/layers/Areas_Protegidas_US_DG_UCs_Uso_Sustentavel/Areas_Protegidas_US_DG_UCs_Uso_Sustentavel.kml","tipo":"Unidade de Conservadoo","categoria":"Reserva Particular do Patrimanio Natural","orgao_gestor":"Fundavao Para ConservaPao e a Produtuo Florestal do Estado de Seo Paulo"},"geometry":{"type":"Polygon","coordinates":[[[-48.11686880035484,-22.21675341963459],[-48.11527853008005,-22.21597569042575],[-48.11449065022327,-22.21025152988415],[-48.112034689849,-22.20946211038802],[-48.11377642034546,-22.19734244000153],[-48.10775965008776,-22.19660026009387],[-48.11125121037503,-22.19502233031625],[-48.10911166027483,-22.19295653001979],[-48.1119224400685,-22.19450486041092],[-48.11312650008784,-22.1938236302563],[-48.11381822982742,-22.19517988974007],[-48.11610196013731,-22.19447788974276],[-48.11736218012049,-22.19218556011549],[-48.11909947965722,-22.19449965963156],[-48.12382873011177,-22.18952404979501],[-48.12314516981371,-22.19367420969695],[-48.12964889957703,-22.19502690966408],[-48.12888427978567,-22.19651239992726],[-48.12971028999783,-22.19702206011993],[-48.1213134900255,-22.21132649042517],[-48.12164415005742,-22.21276497042697],[-48.12576553974782,-22.2141581201011],[-48.12213721955698,-22.21726465993606],[-48.11686880035484,-22.21675341963459]]]}},{"type":"Feature","id":"uc-uso-sustentavel-113","properties":{"id":"uc-uso-sustentavel-113","nome":"Reserva Particular do Patrimônio Natural Floresta das tguas Perenes","nome_origem":"Reserva Particular do Patrimanio Natural Floresta das tguas Perenes","natureza":"camada fornecida para a demonstração","fonte_arquivo":"assets/layers/Areas_Protegidas_US_DG_UCs_Uso_Sustentavel/Areas_Protegidas_US_DG_UCs_Uso_Sustentavel.kml","tipo":"Unidade de Conservadoo","categoria":"Reserva Particular do Patrimanio Natural","orgao_gestor":"Fundavao Para ConservaPao e a Produtuo Florestal do Estado de Seo Paulo"},"geometry":{"type":"Polygon","coordinates":[[[-48.10369496984691,-22.21411990970603],[-48.1048531698379,-22.20309960026628],[-48.10716943042485,-22.20725696014057],[-48.10734772012114,-22.21318131966211],[-48.10369496984691,-22.21411990970603]]]}},{"type":"Feature","id":"uc-uso-sustentavel-114","properties":{"id":"uc-uso-sustentavel-114","nome":"Reserva Particular do Patrimônio Natural Floresta das tguas Perenes","nome_origem":"Reserva Particular do Patrimanio Natural Floresta das tguas Perenes","natureza":"camada fornecida para a demonstração","fonte_arquivo":"assets/layers/Areas_Protegidas_US_DG_UCs_Uso_Sustentavel/Areas_Protegidas_US_DG_UCs_Uso_Sustentavel.kml","tipo":"Unidade de Conservadoo","categoria":"Reserva Particular do Patrimanio Natural","orgao_gestor":"Fundavao Para ConservaPao e a Produtuo Florestal do Estado de Seo Paulo"},"geometry":{"type":"Polygon","coordinates":[[[-48.12634183970408,-22.22141930026044],[-48.12510293005613,-22.21800573008034],[-48.12354560014927,-22.21731051996449],[-48.12584905978622,-22.2149923501168],[-48.12835139010451,-22.21886861969102],[-48.12634183970408,-22.22141930026044]]]}},{"type":"Feature","id":"uc-uso-sustentavel-115","properties":{"id":"uc-uso-sustentavel-115","nome":"Reserva Particular do Patrimônio Natural Floresta das tguas Perenes","nome_origem":"Reserva Particular do Patrimanio Natural Floresta das tguas Perenes","natureza":"camada fornecida para a demonstração","fonte_arquivo":"assets/layers/Areas_Protegidas_US_DG_UCs_Uso_Sustentavel/Areas_Protegidas_US_DG_UCs_Uso_Sustentavel.kml","tipo":"Unidade de Conservadoo","categoria":"Reserva Particular do Patrimanio Natural","orgao_gestor":"Fundavao Para ConservaPao e a Produtuo Florestal do Estado de Seo Paulo"},"geometry":{"type":"Polygon","coordinates":[[[-48.10971851020105,-22.21679798014264],[-48.110596410396,-22.21434259983107],[-48.10739768015878,-22.21312778032274],[-48.10724010994306,-22.20724224003732],[-48.10487049977371,-22.20293508998236],[-48.10554401014792,-22.19652593022744],[-48.11370788031439,-22.19739059959647],[-48.11196948989999,-22.20950725995203],[-48.11444013980059,-22.21035118016277],[-48.1151931403511,-22.21588509002481],[-48.11179313014878,-22.21544355977244],[-48.11214269033286,-22.21718521022922],[-48.10971851020105,-22.21679798014264]]]}},{"type":"Feature","id":"uc-uso-sustentavel-116","properties":{"id":"uc-uso-sustentavel-116","nome":"Reserva Particular do Patrimônio Natural Floresta das tguas Perenes","nome_origem":"Reserva Particular do Patrimanio Natural Floresta das tguas Perenes","natureza":"camada fornecida para a demonstração","fonte_arquivo":"assets/layers/Areas_Protegidas_US_DG_UCs_Uso_Sustentavel/Areas_Protegidas_US_DG_UCs_Uso_Sustentavel.kml","tipo":"Unidade de Conservadoo","categoria":"Reserva Particular do Patrimanio Natural","orgao_gestor":"Fundavao Para ConservaPao e a Produtuo Florestal do Estado de Seo Paulo"},"geometry":{"type":"Polygon","coordinates":[[[-48.09986419967305,-22.21599205988559],[-48.09815536997428,-22.21408001038412],[-48.09947108981891,-22.21164388995351],[-48.09911374959984,-22.20742840959338],[-48.09556143021581,-22.20774159040201],[-48.09211681004268,-22.20570316996526],[-48.09259969022349,-22.20189046986923],[-48.09613448991473,-22.20135716020474],[-48.09497772973839,-22.19457910034515],[-48.09916090015537,-22.19561789015347],[-48.09960967984279,-22.19851682958796],[-48.10446708009164,-22.20137208985],[-48.10318745004076,-22.21431613008531],[-48.09986419967305,-22.21599205988559]]]}},{"type":"Feature","id":"uc-uso-sustentavel-117","properties":{"id":"uc-uso-sustentavel-117","nome":"Reserva Particular do Patrimônio Natural Floresta das tguas Perenes","nome_origem":"Reserva Particular do Patrimanio Natural Floresta das tguas Perenes","natureza":"camada fornecida para a demonstração","fonte_arquivo":"assets/layers/Areas_Protegidas_US_DG_UCs_Uso_Sustentavel/Areas_Protegidas_US_DG_UCs_Uso_Sustentavel.kml","tipo":"Unidade de Conservadoo","categoria":"Reserva Particular do Patrimanio Natural","orgao_gestor":"Fundavao Para ConservaPao e a Produtuo Florestal do Estado de Seo Paulo"},"geometry":{"type":"Polygon","coordinates":[[[-48.14124869976763,-22.23424933973519],[-48.14062693008873,-22.23280240970342],[-48.14200756030061,-22.23203627005779],[-48.14077348001206,-22.22729202970334],[-48.13928359026545,-22.22645083983434],[-48.13855086043384,-22.22748182982252],[-48.13178343955406,-22.22273618023047],[-48.12639881984961,-22.22149196997839],[-48.12730646961785,-22.21957641042297],[-48.13208769009481,-22.21846989986597],[-48.13854002000585,-22.22160845016981],[-48.14228270967925,-22.22739042003184],[-48.14406079976607,-22.22360419957408],[-48.14772610007941,-22.22318915975188],[-48.14825699956083,-22.22463473990126],[-48.14408744038303,-22.23123889965547],[-48.14459340975799,-22.23248338959672],[-48.14124869976763,-22.23424933973519]]]}},{"type":"Feature","id":"uc-uso-sustentavel-118","properties":{"id":"uc-uso-sustentavel-118","nome":"Reserva Particular do Patrimônio Natural Floresta Maria Helena","nome_origem":"Reserva Particular do Patrimanio Natural Floresta Maria Helena","natureza":"camada fornecida para a demonstração","fonte_arquivo":"assets/layers/Areas_Protegidas_US_DG_UCs_Uso_Sustentavel/Areas_Protegidas_US_DG_UCs_Uso_Sustentavel.kml","tipo":"Unidade de Conservadoo","categoria":"Reserva Particular do Patrimanio Natural","orgao_gestor":"Fundavao Para ConservaPao e a Produtuo Florestal do Estado de Seo Paulo"},"geometry":{"type":"Polygon","coordinates":[[[-49.21116721959146,-23.0486549997284],[-49.2101052803344,-23.04824028006482],[-49.2138261101868,-23.042102780319],[-49.21793500020004,-23.04517833041558],[-49.21702722003016,-23.04707832990096],[-49.21116721959146,-23.0486549997284]]]}},{"type":"Feature","id":"uc-uso-sustentavel-119","properties":{"id":"uc-uso-sustentavel-119","nome":"Reserva Particular do Patrimônio Natural Guainumbi","nome_origem":"Reserva Particular do Patrimanio Natural Guainumbi","natureza":"camada fornecida para a demonstração","fonte_arquivo":"assets/layers/Areas_Protegidas_US_DG_UCs_Uso_Sustentavel/Areas_Protegidas_US_DG_UCs_Uso_Sustentavel.kml","tipo":"Unidade de Conservadoo","categoria":"Reserva Particular do Patrimanio Natural","orgao_gestor":"Fundavao Para ConservaPao e a Produtuo Florestal do Estado de Seo Paulo"},"geometry":{"type":"Polygon","coordinates":[[[-45.16732525985282,-23.31502478016944],[-45.16178639022968,-23.31181508989442],[-45.16540460024208,-23.31270639988043],[-45.16801469002587,-23.31454979963348],[-45.16732525985282,-23.31502478016944]]]}},{"type":"Feature","id":"uc-uso-sustentavel-120","properties":{"id":"uc-uso-sustentavel-120","nome":"Reserva Particular do Patrimônio Natural Guainumbi","nome_origem":"Reserva Particular do Patrimanio Natural Guainumbi","natureza":"camada fornecida para a demonstração","fonte_arquivo":"assets/layers/Areas_Protegidas_US_DG_UCs_Uso_Sustentavel/Areas_Protegidas_US_DG_UCs_Uso_Sustentavel.kml","tipo":"Unidade de Conservadoo","categoria":"Reserva Particular do Patrimanio Natural","orgao_gestor":"Fundavao Para ConservaPao e a Produtuo Florestal do Estado de Seo Paulo"},"geometry":{"type":"Polygon","coordinates":[[[-45.16309581032334,-23.3152769203935],[-45.16178704043955,-23.31235291955153],[-45.16726213014317,-23.31506829026932],[-45.16309581032334,-23.3152769203935]]]}},{"type":"Feature","id":"uc-uso-sustentavel-121","properties":{"id":"uc-uso-sustentavel-121","nome":"Reserva Particular do Patrimônio Natural Guainumbi","nome_origem":"Reserva Particular do Patrimanio Natural Guainumbi","natureza":"camada fornecida para a demonstração","fonte_arquivo":"assets/layers/Areas_Protegidas_US_DG_UCs_Uso_Sustentavel/Areas_Protegidas_US_DG_UCs_Uso_Sustentavel.kml","tipo":"Unidade de Conservadoo","categoria":"Reserva Particular do Patrimanio Natural","orgao_gestor":"Fundavao Para ConservaPao e a Produtuo Florestal do Estado de Seo Paulo"},"geometry":{"type":"Polygon","coordinates":[[[-45.1631393797785,-23.31627340969004],[-45.16323777999952,-23.31579770969648],[-45.163045030104,-23.31558283018342],[-45.16303264014419,-23.31544455042564],[-45.16309081998531,-23.31534963957415],[-45.16387784998273,-23.31549163982726],[-45.16368595983914,-23.31637915017757],[-45.16340241978583,-23.31630510989288],[-45.1631393797785,-23.31627340969004]]]}},{"type":"Feature","id":"uc-uso-sustentavel-122","properties":{"id":"uc-uso-sustentavel-122","nome":"Reserva Particular do Patrimônio Natural Guainumbi","nome_origem":"Reserva Particular do Patrimanio Natural Guainumbi","natureza":"camada fornecida para a demonstração","fonte_arquivo":"assets/layers/Areas_Protegidas_US_DG_UCs_Uso_Sustentavel/Areas_Protegidas_US_DG_UCs_Uso_Sustentavel.kml","tipo":"Unidade de Conservadoo","categoria":"Reserva Particular do Patrimanio Natural","orgao_gestor":"Fundavao Para ConservaPao e a Produtuo Florestal do Estado de Seo Paulo"},"geometry":{"type":"Polygon","coordinates":[[[-45.16496063012892,-23.31712323035276],[-45.16413604983876,-23.31532641997825],[-45.16656474996319,-23.31575617990376],[-45.16499287981753,-23.3159073397519],[-45.16496063012892,-23.31712323035276]]]}},{"type":"Feature","id":"uc-uso-sustentavel-123","properties":{"id":"uc-uso-sustentavel-123","nome":"Reserva Particular do Patrimônio Natural Guainumbi","nome_origem":"Reserva Particular do Patrimanio Natural Guainumbi","natureza":"camada fornecida para a demonstração","fonte_arquivo":"assets/layers/Areas_Protegidas_US_DG_UCs_Uso_Sustentavel/Areas_Protegidas_US_DG_UCs_Uso_Sustentavel.kml","tipo":"Unidade de Conservadoo","categoria":"Reserva Particular do Patrimanio Natural","orgao_gestor":"Fundavao Para ConservaPao e a Produtuo Florestal do Estado de Seo Paulo"},"geometry":{"type":"Polygon","coordinates":[[[-45.16585230973624,-23.3174806299271],[-45.16504653966604,-23.31596293044481],[-45.16637733034946,-23.31613721995672],[-45.16585230973624,-23.3174806299271]]]}},{"type":"Feature","id":"uc-uso-sustentavel-124","properties":{"id":"uc-uso-sustentavel-124","nome":"Reserva Particular do Patrimônio Natural Guainumbi","nome_origem":"Reserva Particular do Patrimanio Natural Guainumbi","natureza":"camada fornecida para a demonstração","fonte_arquivo":"assets/layers/Areas_Protegidas_US_DG_UCs_Uso_Sustentavel/Areas_Protegidas_US_DG_UCs_Uso_Sustentavel.kml","tipo":"Unidade de Conservadoo","categoria":"Reserva Particular do Patrimanio Natural","orgao_gestor":"Fundavao Para ConservaPao e a Produtuo Florestal do Estado de Seo Paulo"},"geometry":{"type":"Polygon","coordinates":[[[-45.15783823964301,-23.31589284987507],[-45.16050778000999,-23.31523072042137],[-45.159625369715,-23.31318401003398],[-45.16151149985581,-23.31395214977186],[-45.16174863039492,-23.31253406999127],[-45.16304693037148,-23.316335110377],[-45.16394093022973,-23.31556888979236],[-45.1649316701604,-23.31719110038892],[-45.15783823964301,-23.31589284987507]]]}},{"type":"Feature","id":"uc-uso-sustentavel-125","properties":{"id":"uc-uso-sustentavel-125","nome":"Reserva Particular do Patrimônio Natural Guainumbi","nome_origem":"Reserva Particular do Patrimanio Natural Guainumbi","natureza":"camada fornecida para a demonstração","fonte_arquivo":"assets/layers/Areas_Protegidas_US_DG_UCs_Uso_Sustentavel/Areas_Protegidas_US_DG_UCs_Uso_Sustentavel.kml","tipo":"Unidade de Conservadoo","categoria":"Reserva Particular do Patrimanio Natural","orgao_gestor":"Fundavao Para ConservaPao e a Produtuo Florestal do Estado de Seo Paulo"},"geometry":{"type":"Polygon","coordinates":[[[-45.15760070980485,-23.31592832003588],[-45.15932104992646,-23.31190921024182],[-45.16170952967104,-23.31182464968776],[-45.16146120976697,-23.31385716967259],[-45.15950626979844,-23.31312017975245],[-45.16040547043605,-23.31514285036224],[-45.15760070980485,-23.31592832003588]]]}},{"type":"Feature","id":"uc-uso-sustentavel-126","properties":{"id":"uc-uso-sustentavel-126","nome":"Reserva Particular do Patrimônio Natural Guainumbi","nome_origem":"Reserva Particular do Patrimanio Natural Guainumbi","natureza":"camada fornecida para a demonstração","fonte_arquivo":"assets/layers/Areas_Protegidas_US_DG_UCs_Uso_Sustentavel/Areas_Protegidas_US_DG_UCs_Uso_Sustentavel.kml","tipo":"Unidade de Conservadoo","categoria":"Reserva Particular do Patrimanio Natural","orgao_gestor":"Fundavao Para ConservaPao e a Produtuo Florestal do Estado de Seo Paulo"},"geometry":{"type":"Polygon","coordinates":[[[-45.16029284024233,-23.31770438035284],[-45.15760544023885,-23.31596416971064],[-45.16315161955157,-23.31700417000638],[-45.16029284024233,-23.31770438035284]]]}},{"type":"Feature","id":"uc-uso-sustentavel-127","properties":{"id":"uc-uso-sustentavel-127","nome":"Reserva Particular do Patrimônio Natural Guainumbi","nome_origem":"Reserva Particular do Patrimanio Natural Guainumbi","natureza":"camada fornecida para a demonstração","fonte_arquivo":"assets/layers/Areas_Protegidas_US_DG_UCs_Uso_Sustentavel/Areas_Protegidas_US_DG_UCs_Uso_Sustentavel.kml","tipo":"Unidade de Conservadoo","categoria":"Reserva Particular do Patrimanio Natural","orgao_gestor":"Fundavao Para ConservaPao e a Produtuo Florestal do Estado de Seo Paulo"},"geometry":{"type":"Polygon","coordinates":[[[-45.1633241104193,-23.31921393017871],[-45.16112535974753,-23.31743704968005],[-45.16492363022132,-23.31781195006141],[-45.1633241104193,-23.31921393017871]]]}},{"type":"Feature","id":"uc-uso-sustentavel-128","properties":{"id":"uc-uso-sustentavel-128","nome":"Reserva Particular do Patrimônio Natural Hercules Florence 1 e 2","nome_origem":"Reserva Particular do Patrimanio Natural Hercules Florence 1 e 2","natureza":"camada fornecida para a demonstração","fonte_arquivo":"assets/layers/Areas_Protegidas_US_DG_UCs_Uso_Sustentavel/Areas_Protegidas_US_DG_UCs_Uso_Sustentavel.kml","tipo":"Unidade de Conservadoo","categoria":"Reserva Particular do Patrimanio Natural","orgao_gestor":"Fundavao Para ConservaPao e a Produtuo Florestal do Estado de S2o Paulo"},"geometry":{"type":"Polygon","coordinates":[[[-46.05099209031266,-23.78487632957888],[-46.05257353014429,-23.7781792500723],[-46.0576538102751,-23.78238572012486],[-46.05778667971146,-23.78691838957195],[-46.05099209031266,-23.78487632957888]]]}},{"type":"Feature","id":"uc-uso-sustentavel-129","properties":{"id":"uc-uso-sustentavel-129","nome":"Reserva Particular do Patrimônio Natural Hercules Florence 1 e 2","nome_origem":"Reserva Particular do Patrimanio Natural Hercules Florence 1 e 2","natureza":"camada fornecida para a demonstração","fonte_arquivo":"assets/layers/Areas_Protegidas_US_DG_UCs_Uso_Sustentavel/Areas_Protegidas_US_DG_UCs_Uso_Sustentavel.kml","tipo":"Unidade de Conservadoo","categoria":"Reserva Particular do Patrimanio Natural","orgao_gestor":"Fundavao Para ConservaPao e a Produtuo Florestal do Estado de S2o Paulo"},"geometry":{"type":"Polygon","coordinates":[[[-46.04306079022325,-23.78249218006999],[-46.04198983975925,-23.78160054992537],[-46.04773618028048,-23.77575562032558],[-46.03623801966882,-23.7672495797043],[-46.03694646960383,-23.76654674963277],[-46.04842188006569,-23.77522000030274],[-46.04579733997519,-23.78331484030758],[-46.04306079022325,-23.78249218006999]]]}},{"type":"Feature","id":"uc-uso-sustentavel-130","properties":{"id":"uc-uso-sustentavel-130","nome":"Reserva Particular do Patrimônio Natural Hercules Florence 1 e 2","nome_origem":"Reserva Particular do Patrimanio Natural Hercules Florence 1 e 2","natureza":"camada fornecida para a demonstração","fonte_arquivo":"assets/layers/Areas_Protegidas_US_DG_UCs_Uso_Sustentavel/Areas_Protegidas_US_DG_UCs_Uso_Sustentavel.kml","tipo":"Unidade de Conservadoo","categoria":"Reserva Particular do Patrimanio Natural","orgao_gestor":"Fundavao Para ConservaPao e a Produtuo Florestal do Estado de S2o Paulo"},"geometry":{"type":"Polygon","coordinates":[[[-46.00910311012041,-23.77227879003408],[-46.01813916978682,-23.74461770963956],[-46.02350541993911,-23.74283499973541],[-46.02411268984872,-23.74722756020367],[-46.02754645970128,-23.75083122008471],[-46.0315544700627,-23.75456940955058],[-46.03855925980196,-23.75784115034878],[-46.03600800996168,-23.76707957006607],[-46.02836355043746,-23.76142308980371],[-46.02359027007486,-23.76627748991416],[-46.04237380980345,-23.78228564986279],[-46.00910311012041,-23.77227879003408]]]}},{"type":"Feature","id":"uc-uso-sustentavel-131","properties":{"id":"uc-uso-sustentavel-131","nome":"Reserva Particular do Patrimônio Natural Hercules Florence 3, 4, 5 e 6","nome_origem":"Reserva Particular do Patrimanio Natural Hercules Florence 3, 4, 5 e 6","natureza":"camada fornecida para a demonstração","fonte_arquivo":"assets/layers/Areas_Protegidas_US_DG_UCs_Uso_Sustentavel/Areas_Protegidas_US_DG_UCs_Uso_Sustentavel.kml","tipo":"Unidade de Conservadoo","categoria":"Reserva Particular do Patrimanio Natural","orgao_gestor":"Fundavao Para ConservaPao e a Produtuo Florestal do Estado de S,o Paulo"},"geometry":{"type":"Polygon","coordinates":[[[-46.05661682001022,-23.78058629002521],[-46.05325538982436,-23.77810388958278],[-46.05446858965365,-23.77668179972522],[-46.05664287966511,-23.77701087964834],[-46.05661682001022,-23.78058629002521]]]}},{"type":"Feature","id":"uc-uso-sustentavel-132","properties":{"id":"uc-uso-sustentavel-132","nome":"Reserva Particular do Patrimônio Natural Hercules Florence 3, 4, 5 e 6","nome_origem":"Reserva Particular do Patrimanio Natural Hercules Florence 3, 4, 5 e 6","natureza":"camada fornecida para a demonstração","fonte_arquivo":"assets/layers/Areas_Protegidas_US_DG_UCs_Uso_Sustentavel/Areas_Protegidas_US_DG_UCs_Uso_Sustentavel.kml","tipo":"Unidade de Conservadoo","categoria":"Reserva Particular do Patrimanio Natural","orgao_gestor":"Fundavao Para ConservaPao e a Produtuo Florestal do Estado de S,o Paulo"},"geometry":{"type":"Polygon","coordinates":[[[-46.0437086897042,-23.78601230012748],[-46.00811373985715,-23.77530673991407],[-46.00910311012041,-23.77227879003408],[-46.04237380980345,-23.78228564986279],[-46.04577957027089,-23.78512125004562],[-46.0437086897042,-23.78601230012748]]]}},{"type":"Feature","id":"uc-uso-sustentavel-133","properties":{"id":"uc-uso-sustentavel-133","nome":"Reserva Particular do Patrimônio Natural Hercules Florence 3, 4, 5 e 6","nome_origem":"Reserva Particular do Patrimanio Natural Hercules Florence 3, 4, 5 e 6","natureza":"camada fornecida para a demonstração","fonte_arquivo":"assets/layers/Areas_Protegidas_US_DG_UCs_Uso_Sustentavel/Areas_Protegidas_US_DG_UCs_Uso_Sustentavel.kml","tipo":"Unidade de Conservadoo","categoria":"Reserva Particular do Patrimanio Natural","orgao_gestor":"Fundavao Para ConservaPao e a Produtuo Florestal do Estado de S,o Paulo"},"geometry":{"type":"Polygon","coordinates":[[[-46.04845904005259,-23.78698627040001],[-46.04306079022325,-23.78249218006999],[-46.05052471983993,-23.78538549964105],[-46.04845904005259,-23.78698627040001]]]}},{"type":"Feature","id":"uc-uso-sustentavel-134","properties":{"id":"uc-uso-sustentavel-134","nome":"Reserva Particular do Patrimônio Natural Hercules Florence 3, 4, 5 e 6","nome_origem":"Reserva Particular do Patrimanio Natural Hercules Florence 3, 4, 5 e 6","natureza":"camada fornecida para a demonstração","fonte_arquivo":"assets/layers/Areas_Protegidas_US_DG_UCs_Uso_Sustentavel/Areas_Protegidas_US_DG_UCs_Uso_Sustentavel.kml","tipo":"Unidade de Conservadoo","categoria":"Reserva Particular do Patrimanio Natural","orgao_gestor":"Fundavao Para ConservaPao e a Produtuo Florestal do Estado de S,o Paulo"},"geometry":{"type":"Polygon","coordinates":[[[-46.06334826980674,-23.78850564981582],[-46.05827703955367,-23.78706575967703],[-46.05816543998304,-23.78237476997958],[-46.06437829032581,-23.78413372968782],[-46.06435714006994,-23.78780564001823],[-46.06334826980674,-23.78850564981582]]]}},{"type":"Feature","id":"uc-uso-sustentavel-135","properties":{"id":"uc-uso-sustentavel-135","nome":"Reserva Particular do Patrimônio Natural Hercules Florence 3, 4, 5 e 6","nome_origem":"Reserva Particular do Patrimanio Natural Hercules Florence 3, 4, 5 e 6","natureza":"camada fornecida para a demonstração","fonte_arquivo":"assets/layers/Areas_Protegidas_US_DG_UCs_Uso_Sustentavel/Areas_Protegidas_US_DG_UCs_Uso_Sustentavel.kml","tipo":"Unidade de Conservadoo","categoria":"Reserva Particular do Patrimanio Natural","orgao_gestor":"Fundavao Para ConservaPao e a Produtuo Florestal do Estado de S,o Paulo"},"geometry":{"type":"Polygon","coordinates":[[[-46.05985445042251,-23.78868918975428],[-46.05827455023029,-23.78868415984607],[-46.05827703955367,-23.78706575967703],[-46.06218494008289,-23.788240050338],[-46.05985445042251,-23.78868918975428]]]}},{"type":"Feature","id":"uc-uso-sustentavel-136","properties":{"id":"uc-uso-sustentavel-136","nome":"Reserva Particular do Patrimônio Natural Hercules Florence 3, 4, 5 e 6","nome_origem":"Reserva Particular do Patrimanio Natural Hercules Florence 3, 4, 5 e 6","natureza":"camada fornecida para a demonstração","fonte_arquivo":"assets/layers/Areas_Protegidas_US_DG_UCs_Uso_Sustentavel/Areas_Protegidas_US_DG_UCs_Uso_Sustentavel.kml","tipo":"Unidade de Conservadoo","categoria":"Reserva Particular do Patrimanio Natural","orgao_gestor":"Fundavao Para ConservaPao e a Produtuo Florestal do Estado de S,o Paulo"},"geometry":{"type":"Polygon","coordinates":[[[-46.05656303965253,-23.78987356001676],[-46.04872493001147,-23.78721678013028],[-46.05101757979742,-23.78487977038503],[-46.05778182966765,-23.78691483994788],[-46.05656303965253,-23.78987356001676]]]}},{"type":"Feature","id":"uc-uso-sustentavel-137","properties":{"id":"uc-uso-sustentavel-137","nome":"Reserva Particular do Patrimônio Natural Jacarandds","nome_origem":"Reserva Particular do Patrimanio Natural Jacarandds","natureza":"camada fornecida para a demonstração","fonte_arquivo":"assets/layers/Areas_Protegidas_US_DG_UCs_Uso_Sustentavel/Areas_Protegidas_US_DG_UCs_Uso_Sustentavel.kml","tipo":"Unidade de Conservadoo","categoria":"Reserva Particular do Patrimanio Natural","orgao_gestor":"Fundavao Para ConservaPao e a Produtuo Florestal do Estado de S,o Paulo"},"geometry":{"type":"Polygon","coordinates":[[[-46.30532360969681,-23.16807805975463],[-46.30508693961053,-23.16795805961669],[-46.30464583024082,-23.16788805998596],[-46.30445694023558,-23.16784832973656],[-46.30436528043333,-23.16781332992122],[-46.304279440144,-23.16776056040152],[-46.30412805996195,-23.16763972029679],[-46.30404250026112,-23.16759860958814],[-46.3039305598474,-23.16759555998703],[-46.30349638964663,-23.16738028027567],[-46.30355778006748,-23.16717360977424],[-46.30368527965192,-23.16679361023688],[-46.30372527969786,-23.16655444003533],[-46.303775280205,-23.16661056042898],[-46.30392360988662,-23.16667694028854],[-46.3042616704397,-23.16680500015059],[-46.30451972010894,-23.16695693971093],[-46.30478611009084,-23.16722666977495],[-46.30495833026271,-23.16735138955494],[-46.30503833035465,-23.16739305964194],[-46.3053369403475,-23.16772667034951],[-46.30532360969681,-23.16807805975463]]]}},{"type":"Feature","id":"uc-uso-sustentavel-138","properties":{"id":"uc-uso-sustentavel-138","nome":"Reserva Particular do Patrimônio Natural Jacarandds","nome_origem":"Reserva Particular do Patrimanio Natural Jacarandds","natureza":"camada fornecida para a demonstração","fonte_arquivo":"assets/layers/Areas_Protegidas_US_DG_UCs_Uso_Sustentavel/Areas_Protegidas_US_DG_UCs_Uso_Sustentavel.kml","tipo":"Unidade de Conservadoo","categoria":"Reserva Particular do Patrimanio Natural","orgao_gestor":"Fundavao Para ConservaPao e a Produtuo Florestal do Estado de S,o Paulo"},"geometry":{"type":"Polygon","coordinates":[[[-46.30788193989957,-23.16835471999428],[-46.30773916982679,-23.16537833004583],[-46.30593277987384,-23.16609361033181],[-46.30777028007435,-23.16478943958094],[-46.30818611040064,-23.16648611044559],[-46.30912249980349,-23.16511194006392],[-46.30967556037876,-23.16591388981414],[-46.30788193989957,-23.16835471999428]]]}},{"type":"Feature","id":"uc-uso-sustentavel-139","properties":{"id":"uc-uso-sustentavel-139","nome":"Reserva Particular do Patrimônio Natural Jacarandds","nome_origem":"Reserva Particular do Patrimanio Natural Jacarandds","natureza":"camada fornecida para a demonstração","fonte_arquivo":"assets/layers/Areas_Protegidas_US_DG_UCs_Uso_Sustentavel/Areas_Protegidas_US_DG_UCs_Uso_Sustentavel.kml","tipo":"Unidade de Conservadoo","categoria":"Reserva Particular do Patrimanio Natural","orgao_gestor":"Fundavao Para ConservaPao e a Produtuo Florestal do Estado de S,o Paulo"},"geometry":{"type":"Polygon","coordinates":[[[-46.30602750006904,-23.16974194043814],[-46.30390971985764,-23.16772360995657],[-46.30688443976504,-23.16749582966878],[-46.30596833007434,-23.16872000032771],[-46.3045933296184,-23.16833889012764],[-46.30602750006904,-23.16974194043814]]]}},{"type":"Feature","id":"uc-uso-sustentavel-140","properties":{"id":"uc-uso-sustentavel-140","nome":"Reserva Particular do Patrimônio Natural Kon Tiki","nome_origem":"Reserva Particular do Patrimanio Natural Kon Tiki","natureza":"camada fornecida para a demonstração","fonte_arquivo":"assets/layers/Areas_Protegidas_US_DG_UCs_Uso_Sustentavel/Areas_Protegidas_US_DG_UCs_Uso_Sustentavel.kml","tipo":"Unidade de Conservadoo","categoria":"Reserva Particular do Patrimanio Natural","orgao_gestor":"Fundavao Para ConservaPao e a Produtuo Florestal do Estado de S,o Paulo"},"geometry":{"type":"Polygon","coordinates":[[[-47.42277211983742,-21.74414012956328],[-47.42390845011482,-21.74124335030035],[-47.42506779044612,-21.74095703044253],[-47.42434705037601,-21.74227063957829],[-47.42823955001518,-21.74185249979297],[-47.4265932699634,-21.74181317963451],[-47.42614618010208,-21.74057527003265],[-47.42692448038042,-21.74153853027889],[-47.42964924002035,-21.73946677017528],[-47.42786723968135,-21.74230407996924],[-47.42277211983742,-21.74414012956328]]]}},{"type":"Feature","id":"uc-uso-sustentavel-141","properties":{"id":"uc-uso-sustentavel-141","nome":"Reserva Particular do Patrimônio Natural Marina do Conde","nome_origem":"Reserva Particular do Patrimanio Natural Marina do Conde","natureza":"camada fornecida para a demonstração","fonte_arquivo":"assets/layers/Areas_Protegidas_US_DG_UCs_Uso_Sustentavel/Areas_Protegidas_US_DG_UCs_Uso_Sustentavel.kml","tipo":"Unidade de Conservadoo","categoria":"Reserva Particular do Patrimanio Natural","orgao_gestor":"Fundavao Para ConservaPao e a Produtuo Florestal do Estado de S,o Paulo"},"geometry":{"type":"Polygon","coordinates":[[[-46.14831232985011,-23.87532337987005],[-46.14712379033062,-23.87429532976563],[-46.15114333989317,-23.87074488996467],[-46.15214489956742,-23.87192342992233],[-46.14831232985011,-23.87532337987005]]]}},{"type":"Feature","id":"uc-uso-sustentavel-142","properties":{"id":"uc-uso-sustentavel-142","nome":"Reserva Particular do Patrimônio Natural Mata do Roque","nome_origem":"Reserva Particular do Patrimanio Natural Mata do Roque","natureza":"camada fornecida para a demonstração","fonte_arquivo":"assets/layers/Areas_Protegidas_US_DG_UCs_Uso_Sustentavel/Areas_Protegidas_US_DG_UCs_Uso_Sustentavel.kml","tipo":"Unidade de Conservadoo","categoria":"Reserva Particular do Patrimanio Natural","orgao_gestor":"Fundavao Para ConservaPao e a Produtuo Florestal do Estado de S,o Paulo"},"geometry":{"type":"Polygon","coordinates":[[[-47.37657221963218,-22.05060833011032],[-47.37435694032052,-22.04816138993613],[-47.37616861019319,-22.04744833007635],[-47.37790361016346,-22.04992472034951],[-47.37657221963218,-22.05060833011032]]]}},{"type":"Feature","id":"uc-uso-sustentavel-143","properties":{"id":"uc-uso-sustentavel-143","nome":"Reserva Particular do Patrimônio Natural Mata Virgem","nome_origem":"Reserva Particular do Patrimanio Natural Mata Virgem","natureza":"camada fornecida para a demonstração","fonte_arquivo":"assets/layers/Areas_Protegidas_US_DG_UCs_Uso_Sustentavel/Areas_Protegidas_US_DG_UCs_Uso_Sustentavel.kml","tipo":"Unidade de Conservadoo","categoria":"Reserva Particular do Patrimanio Natural","orgao_gestor":"Fundavao Para ConservaPao e a Produtuo Florestal do Estado de S,o Paulo"},"geometry":{"type":"Polygon","coordinates":[[[-46.73999667001027,-23.88704500042638],[-46.73851888963503,-23.88691693966501],[-46.73877277993978,-23.88604971981869],[-46.73999667001027,-23.88704500042638]]]}},{"type":"Feature","id":"uc-uso-sustentavel-144","properties":{"id":"uc-uso-sustentavel-144","nome":"Reserva Particular do Patrimônio Natural O Primata","nome_origem":"Reserva Particular do Patrimanio Natural O Primata","natureza":"camada fornecida para a demonstração","fonte_arquivo":"assets/layers/Areas_Protegidas_US_DG_UCs_Uso_Sustentavel/Areas_Protegidas_US_DG_UCs_Uso_Sustentavel.kml","tipo":"Unidade de Conservadoo","categoria":"Reserva Particular do Patrimanio Natural","orgao_gestor":"Fundavao Para ConservaPao e a Produtuo Florestal do Estado de S,o Paulo"},"geometry":{"type":"Polygon","coordinates":[[[-45.98473663039113,-22.88999041972204],[-45.98351444993187,-22.88708597014136],[-45.978622500428,-22.88306948007238],[-45.97909107958964,-22.87933299032522],[-45.97021946995255,-22.87398392981447],[-45.96894960024383,-22.87866500988224],[-45.97053392959714,-22.88147165998907],[-45.96788694962299,-22.88293606025093],[-45.96700497999581,-22.87529231029185],[-45.96560978975992,-22.87349540998514],[-45.96250969986272,-22.87274187973389],[-45.96357765018837,-22.86942298028629],[-45.96841807033763,-22.86759346966284],[-45.97329818026674,-22.87053529956438],[-45.97500218959931,-22.87019321004857],[-45.97593499970043,-22.86769599957069],[-45.98040299979857,-22.86695599961962],[-45.98293699974272,-22.86847200028257],[-45.99321899995687,-22.86993000006942],[-45.98473663039113,-22.88999041972204]]]}},{"type":"Feature","id":"uc-uso-sustentavel-145","properties":{"id":"uc-uso-sustentavel-145","nome":"Reserva Particular do Patrimônio Natural Paratso","nome_origem":"Reserva Particular do Patrimanio Natural Paratso","natureza":"camada fornecida para a demonstração","fonte_arquivo":"assets/layers/Areas_Protegidas_US_DG_UCs_Uso_Sustentavel/Areas_Protegidas_US_DG_UCs_Uso_Sustentavel.kml","tipo":"Unidade de Conservadoo","categoria":"Reserva Particular do Patrimanio Natural","orgao_gestor":"Fundavao Para ConservaPao e a Produtuo Florestal do Estado de S,o Paulo"},"geometry":{"type":"Polygon","coordinates":[[[-46.73202053961614,-22.04957801011705],[-46.73182616014913,-22.04953157991844],[-46.73119990015522,-22.04951433002225],[-46.73094748024198,-22.04949962970409],[-46.73069796963557,-22.04942578007564],[-46.7304271001305,-22.0492920598806],[-46.73004166958737,-22.04903405967406],[-46.72969223980499,-22.04877286957225],[-46.72943798977138,-22.04860488970382],[-46.72915859019673,-22.04847999995201],[-46.72883077022385,-22.04844238041147],[-46.72851939975044,-22.04848493003544],[-46.72826529001111,-22.04853084042588],[-46.72793325041914,-22.04853013985405],[-46.72735346019397,-22.04848490035783],[-46.72725319028245,-22.04847946035875],[-46.72715931994662,-22.04844643005868],[-46.72711539975586,-22.04839955019906],[-46.7274404803938,-22.04830956043781],[-46.72757818008893,-22.04822358974684],[-46.72788580038934,-22.04839167033924],[-46.72841738965076,-22.04841485036502],[-46.72846867978569,-22.04831125026396],[-46.72881617962292,-22.04824507994641],[-46.72910413984414,-22.04831116033176],[-46.72916462015104,-22.04819541038984],[-46.72946887968499,-22.04832538041194],[-46.72977943986922,-22.04838201971438],[-46.73004606007754,-22.04866414963078],[-46.73011384018156,-22.04892696031095],[-46.73026483005782,-22.04906999028776],[-46.73032459990031,-22.04904463030539],[-46.73045839024246,-22.04912415015934],[-46.73057435961897,-22.04922323026784],[-46.73074112989917,-22.04935013000443],[-46.73101887022466,-22.04939447017858],[-46.73115219022134,-22.04942536998482],[-46.73129841009353,-22.0494094402934],[-46.73168278033603,-22.04930026979156],[-46.73197480998942,-22.04953451980219],[-46.73202053961614,-22.04957801011705]]]}},{"type":"Feature","id":"uc-uso-sustentavel-146","properties":{"id":"uc-uso-sustentavel-146","nome":"Reserva Particular do Patrimônio Natural Paratso","nome_origem":"Reserva Particular do Patrimanio Natural Paratso","natureza":"camada fornecida para a demonstração","fonte_arquivo":"assets/layers/Areas_Protegidas_US_DG_UCs_Uso_Sustentavel/Areas_Protegidas_US_DG_UCs_Uso_Sustentavel.kml","tipo":"Unidade de Conservadoo","categoria":"Reserva Particular do Patrimanio Natural","orgao_gestor":"Fundavao Para ConservaPao e a Produtuo Florestal do Estado de S,o Paulo"},"geometry":{"type":"Polygon","coordinates":[[[-46.73390500960846,-22.05565415991151],[-46.73347868958979,-22.05525433032307],[-46.73355220017385,-22.05521909038868],[-46.733619330068,-22.05517441027075],[-46.73370687007593,-22.05512186018564],[-46.73382321986566,-22.0550766602596],[-46.73389407025508,-22.05500136002468],[-46.7340151999415,-22.05479640003381],[-46.73447588035754,-22.0551701897524],[-46.73449998038973,-22.05557020010463],[-46.73390500960846,-22.05565415991151]]]}},{"type":"Feature","id":"uc-uso-sustentavel-147","properties":{"id":"uc-uso-sustentavel-147","nome":"Reserva Particular do Patrimônio Natural Paratso","nome_origem":"Reserva Particular do Patrimanio Natural Paratso","natureza":"camada fornecida para a demonstração","fonte_arquivo":"assets/layers/Areas_Protegidas_US_DG_UCs_Uso_Sustentavel/Areas_Protegidas_US_DG_UCs_Uso_Sustentavel.kml","tipo":"Unidade de Conservadoo","categoria":"Reserva Particular do Patrimanio Natural","orgao_gestor":"Fundavao Para ConservaPao e a Produtuo Florestal do Estado de S,o Paulo"},"geometry":{"type":"Polygon","coordinates":[[[-46.73978260977958,-22.05625488995116],[-46.73834084995025,-22.05574450040831],[-46.738456320203,-22.05371685025239],[-46.73599079014281,-22.05257019036196],[-46.74063171997784,-22.05501323017637],[-46.73978260977958,-22.05625488995116]]]}},{"type":"Feature","id":"uc-uso-sustentavel-148","properties":{"id":"uc-uso-sustentavel-148","nome":"Reserva Particular do Patrimônio Natural Paratso","nome_origem":"Reserva Particular do Patrimanio Natural Paratso","natureza":"camada fornecida para a demonstração","fonte_arquivo":"assets/layers/Areas_Protegidas_US_DG_UCs_Uso_Sustentavel/Areas_Protegidas_US_DG_UCs_Uso_Sustentavel.kml","tipo":"Unidade de Conservadoo","categoria":"Reserva Particular do Patrimanio Natural","orgao_gestor":"Fundavao Para ConservaPao e a Produtuo Florestal do Estado de S,o Paulo"},"geometry":{"type":"Polygon","coordinates":[[[-46.7232038201002,-22.05750223973655],[-46.72016949042961,-22.05476496962763],[-46.72330130031469,-22.05294029016221],[-46.72446901962951,-22.04949803970271],[-46.73306183043906,-22.05191678972801],[-46.73167606959487,-22.05469036996453],[-46.7232038201002,-22.05750223973655]]]}},{"type":"Feature","id":"uc-uso-sustentavel-149","properties":{"id":"uc-uso-sustentavel-149","nome":"Reserva Particular do Patrimônio Natural Paratso","nome_origem":"Reserva Particular do Patrimanio Natural Paratso","natureza":"camada fornecida para a demonstração","fonte_arquivo":"assets/layers/Areas_Protegidas_US_DG_UCs_Uso_Sustentavel/Areas_Protegidas_US_DG_UCs_Uso_Sustentavel.kml","tipo":"Unidade de Conservadoo","categoria":"Reserva Particular do Patrimanio Natural","orgao_gestor":"Fundavao Para ConservaPao e a Produtuo Florestal do Estado de S,o Paulo"},"geometry":{"type":"Polygon","coordinates":[[[-46.72429911970858,-22.05927545999441],[-46.72185291967645,-22.05745619984373],[-46.72525769988289,-22.05760027033614],[-46.73181359032492,-22.05487731023965],[-46.73335040040064,-22.05165347003157],[-46.73610262983243,-22.05041502982971],[-46.73644039001192,-22.04767634958381],[-46.73526344005569,-22.04755018998924],[-46.73629396959097,-22.04660808989138],[-46.73665922024679,-22.04993399955441],[-46.73192265021009,-22.0553008000918],[-46.72705819028323,-22.05685816956884],[-46.72429911970858,-22.05927545999441]]]}},{"type":"Feature","id":"uc-uso-sustentavel-150","properties":{"id":"uc-uso-sustentavel-150","nome":"Reserva Particular do Patrimônio Natural Paratso","nome_origem":"Reserva Particular do Patrimanio Natural Paratso","natureza":"camada fornecida para a demonstração","fonte_arquivo":"assets/layers/Areas_Protegidas_US_DG_UCs_Uso_Sustentavel/Areas_Protegidas_US_DG_UCs_Uso_Sustentavel.kml","tipo":"Unidade de Conservadoo","categoria":"Reserva Particular do Patrimanio Natural","orgao_gestor":"Fundavao Para ConservaPao e a Produtuo Florestal do Estado de S,o Paulo"},"geometry":{"type":"Polygon","coordinates":[[[-46.74117764982861,-22.06399871017231],[-46.74108950008031,-22.06389637002144],[-46.74090816977616,-22.06384811959498],[-46.74067694958154,-22.06380757006326],[-46.7404965500757,-22.0638345803016],[-46.74040455032969,-22.06386188012164],[-46.74040633998055,-22.06351920964374],[-46.74021224020271,-22.06337307970381],[-46.74014739008993,-22.06310136033949],[-46.74035370985581,-22.06274908959875],[-46.74031353983793,-22.06229429974212],[-46.74030400972225,-22.0621438602509],[-46.74031754002243,-22.06199316984885],[-46.7403613100264,-22.06179915011063],[-46.74041194995146,-22.06106986018585],[-46.7404867897335,-22.06111550977289],[-46.74057312015333,-22.06113179019991],[-46.7406510203283,-22.06112904996564],[-46.74082124040785,-22.06112914979036],[-46.74091575016172,-22.0611434400177],[-46.74096514992169,-22.06115820958365],[-46.74103081032359,-22.06116133023119],[-46.74107840964086,-22.06115406011173],[-46.7410899200637,-22.0612017898307],[-46.74109200019564,-22.06137202969535],[-46.74099368990682,-22.06204414971768],[-46.74097284991706,-22.06248843998947],[-46.74104088003253,-22.06268495984295],[-46.74102261030515,-22.06288815986062],[-46.74102281984722,-22.06304448001868],[-46.74106290982536,-22.06317847001031],[-46.74123963020475,-22.0635672397363],[-46.74123551041043,-22.06357782026015],[-46.74122692008626,-22.06382320028041],[-46.74118073000665,-22.06397603016961],[-46.74117764982861,-22.06399871017231]]]}},{"type":"Feature","id":"uc-uso-sustentavel-151","properties":{"id":"uc-uso-sustentavel-151","nome":"Reserva Particular do Patrimônio Natural Paratso","nome_origem":"Reserva Particular do Patrimanio Natural Paratso","natureza":"camada fornecida para a demonstração","fonte_arquivo":"assets/layers/Areas_Protegidas_US_DG_UCs_Uso_Sustentavel/Areas_Protegidas_US_DG_UCs_Uso_Sustentavel.kml","tipo":"Unidade de Conservadoo","categoria":"Reserva Particular do Patrimanio Natural","orgao_gestor":"Fundavao Para ConservaPao e a Produtuo Florestal do Estado de S,o Paulo"},"geometry":{"type":"Polygon","coordinates":[[[-46.76005594032932,-22.0649757597235],[-46.75829906974622,-22.06264300017426],[-46.75548036962334,-22.06190861019417],[-46.75397537036702,-22.06160760980333],[-46.75289992958801,-22.06416008002361],[-46.75244961026124,-22.06176946978513],[-46.75102462998262,-22.06090430039308],[-46.74701622032228,-22.06150158962663],[-46.74616265038594,-22.063013539743],[-46.74354815032683,-22.06027459959307],[-46.74057739013443,-22.06109103022681],[-46.73865543010396,-22.05852509985345],[-46.73551408021058,-22.05862047025846],[-46.73764426027435,-22.057755489724],[-46.73532698974873,-22.0569437598466],[-46.73901070008372,-22.05799430019675],[-46.74406261020124,-22.05543218025088],[-46.74044006995325,-22.05105759003573],[-46.73546682983027,-22.05224576982636],[-46.73150558961123,-22.05626222032515],[-46.73729512996624,-22.04983436006762],[-46.74043835044949,-22.05066080015575],[-46.74274853971332,-22.05236382023406],[-46.74584240000672,-22.05940511975041],[-46.76156021023547,-22.06327111996615],[-46.76005594032932,-22.0649757597235]]]}},{"type":"Feature","id":"uc-uso-sustentavel-152","properties":{"id":"uc-uso-sustentavel-152","nome":"Reserva Particular do Patrimônio Natural Paratso","nome_origem":"Reserva Particular do Patrimanio Natural Paratso","natureza":"camada fornecida para a demonstração","fonte_arquivo":"assets/layers/Areas_Protegidas_US_DG_UCs_Uso_Sustentavel/Areas_Protegidas_US_DG_UCs_Uso_Sustentavel.kml","tipo":"Unidade de Conservadoo","categoria":"Reserva Particular do Patrimanio Natural","orgao_gestor":"Fundavao Para ConservaPao e a Produtuo Florestal do Estado de S,o Paulo"},"geometry":{"type":"Polygon","coordinates":[[[-46.75370474997419,-22.06542919969775],[-46.75340808971151,-22.06398779959721],[-46.7545205501832,-22.06490102965876],[-46.75370474997419,-22.06542919969775]]]}},{"type":"Feature","id":"uc-uso-sustentavel-153","properties":{"id":"uc-uso-sustentavel-153","nome":"Reserva Particular do Patrimônio Natural Paratso","nome_origem":"Reserva Particular do Patrimanio Natural Paratso","natureza":"camada fornecida para a demonstração","fonte_arquivo":"assets/layers/Areas_Protegidas_US_DG_UCs_Uso_Sustentavel/Areas_Protegidas_US_DG_UCs_Uso_Sustentavel.kml","tipo":"Unidade de Conservadoo","categoria":"Reserva Particular do Patrimanio Natural","orgao_gestor":"Fundavao Para ConservaPao e a Produtuo Florestal do Estado de S,o Paulo"},"geometry":{"type":"Polygon","coordinates":[[[-46.75703683977827,-22.06754085013006],[-46.75616562964007,-22.06591574011929],[-46.75451172963255,-22.06733855033377],[-46.75457200039745,-22.06492684020145],[-46.75787389996049,-22.06640397036688],[-46.75703683977827,-22.06754085013006]]]}},{"type":"Feature","id":"uc-uso-sustentavel-154","properties":{"id":"uc-uso-sustentavel-154","nome":"Reserva Particular do Patrimônio Natural Paratso","nome_origem":"Reserva Particular do Patrimanio Natural Paratso","natureza":"camada fornecida para a demonstração","fonte_arquivo":"assets/layers/Areas_Protegidas_US_DG_UCs_Uso_Sustentavel/Areas_Protegidas_US_DG_UCs_Uso_Sustentavel.kml","tipo":"Unidade de Conservadoo","categoria":"Reserva Particular do Patrimanio Natural","orgao_gestor":"Fundavao Para ConservaPao e a Produtuo Florestal do Estado de S,o Paulo"},"geometry":{"type":"Polygon","coordinates":[[[-46.74761874990531,-22.07004623994197],[-46.74677423973935,-22.06771768022674],[-46.74517368032105,-22.06764873999731],[-46.74668786974934,-22.06736494003991],[-46.74702359026645,-22.06417439003604],[-46.74869294961991,-22.06530759966597],[-46.74740306010312,-22.06779419994234],[-46.74864961039117,-22.06967037998402],[-46.74761874990531,-22.07004623994197]]]}},{"type":"Feature","id":"uc-uso-sustentavel-155","properties":{"id":"uc-uso-sustentavel-155","nome":"Reserva Particular do Patrimônio Natural Paratso","nome_origem":"Reserva Particular do Patrimanio Natural Paratso","natureza":"camada fornecida para a demonstração","fonte_arquivo":"assets/layers/Areas_Protegidas_US_DG_UCs_Uso_Sustentavel/Areas_Protegidas_US_DG_UCs_Uso_Sustentavel.kml","tipo":"Unidade de Conservadoo","categoria":"Reserva Particular do Patrimanio Natural","orgao_gestor":"Fundavao Para ConservaPao e a Produtuo Florestal do Estado de S,o Paulo"},"geometry":{"type":"Polygon","coordinates":[[[-46.74169021033492,-22.07122073025243],[-46.73959481964516,-22.06718202962691],[-46.74032497022114,-22.06486766031423],[-46.74169021033492,-22.07122073025243]]]}},{"type":"Feature","id":"uc-uso-sustentavel-156","properties":{"id":"uc-uso-sustentavel-156","nome":"Reserva Particular do Patrimônio Natural Paratso","nome_origem":"Reserva Particular do Patrimanio Natural Paratso","natureza":"camada fornecida para a demonstração","fonte_arquivo":"assets/layers/Areas_Protegidas_US_DG_UCs_Uso_Sustentavel/Areas_Protegidas_US_DG_UCs_Uso_Sustentavel.kml","tipo":"Unidade de Conservadoo","categoria":"Reserva Particular do Patrimanio Natural","orgao_gestor":"Fundavao Para ConservaPao e a Produtuo Florestal do Estado de S,o Paulo"},"geometry":{"type":"Polygon","coordinates":[[[-46.75156710014153,-22.0714706500504],[-46.74857741011937,-22.0692581397513],[-46.75180245991555,-22.06874954975189],[-46.75078471963906,-22.06973905041679],[-46.75156710014153,-22.0714706500504]]]}},{"type":"Feature","id":"uc-uso-sustentavel-157","properties":{"id":"uc-uso-sustentavel-157","nome":"Reserva Particular do Patrimônio Natural Paratso","nome_origem":"Reserva Particular do Patrimanio Natural Paratso","natureza":"camada fornecida para a demonstração","fonte_arquivo":"assets/layers/Areas_Protegidas_US_DG_UCs_Uso_Sustentavel/Areas_Protegidas_US_DG_UCs_Uso_Sustentavel.kml","tipo":"Unidade de Conservadoo","categoria":"Reserva Particular do Patrimanio Natural","orgao_gestor":"Fundavao Para ConservaPao e a Produtuo Florestal do Estado de S,o Paulo"},"geometry":{"type":"Polygon","coordinates":[[[-46.72550096020109,-22.07447758007623],[-46.72563520020429,-22.07301190997163],[-46.72738436000014,-22.07326465993606],[-46.72550096020109,-22.07447758007623]]]}},{"type":"Feature","id":"uc-uso-sustentavel-158","properties":{"id":"uc-uso-sustentavel-158","nome":"Reserva Particular do Patrimônio Natural Paratso","nome_origem":"Reserva Particular do Patrimanio Natural Paratso","natureza":"camada fornecida para a demonstração","fonte_arquivo":"assets/layers/Areas_Protegidas_US_DG_UCs_Uso_Sustentavel/Areas_Protegidas_US_DG_UCs_Uso_Sustentavel.kml","tipo":"Unidade de Conservadoo","categoria":"Reserva Particular do Patrimanio Natural","orgao_gestor":"Fundavao Para ConservaPao e a Produtuo Florestal do Estado de S,o Paulo"},"geometry":{"type":"Polygon","coordinates":[[[-46.74326186014667,-22.07931634007701],[-46.7457369697853,-22.07419230972727],[-46.74947159973448,-22.07454668038497],[-46.74622163961692,-22.07460527031691],[-46.74505286989398,-22.07589621024186],[-46.74576056979441,-22.07715513969788],[-46.74326186014667,-22.07931634007701]]]}},{"type":"Feature","id":"uc-uso-sustentavel-159","properties":{"id":"uc-uso-sustentavel-159","nome":"Reserva Particular do Patrimônio Natural Paratso","nome_origem":"Reserva Particular do Patrimanio Natural Paratso","natureza":"camada fornecida para a demonstração","fonte_arquivo":"assets/layers/Areas_Protegidas_US_DG_UCs_Uso_Sustentavel/Areas_Protegidas_US_DG_UCs_Uso_Sustentavel.kml","tipo":"Unidade de Conservadoo","categoria":"Reserva Particular do Patrimanio Natural","orgao_gestor":"Fundavao Para ConservaPao e a Produtuo Florestal do Estado de S,o Paulo"},"geometry":{"type":"Polygon","coordinates":[[[-46.73575320994263,-22.08207870037165],[-46.73459687964225,-22.08065783988735],[-46.72688281978628,-22.08041252012168],[-46.72755263034958,-22.07512487970939],[-46.7309683499094,-22.07615028041107],[-46.72935863988926,-22.07396889025205],[-46.73037623987153,-22.07279320024594],[-46.72763005028656,-22.07007772970343],[-46.72812487975938,-22.06755148011666],[-46.72398442983751,-22.06715211008179],[-46.7249381500755,-22.06312082976245],[-46.7266646001911,-22.06171794043058],[-46.72779523955859,-22.06325614985138],[-46.73171204967133,-22.06353162028802],[-46.73158048964785,-22.0673125203565],[-46.73597882016639,-22.06819650986097],[-46.7379368897756,-22.07457255028294],[-46.73859929981779,-22.07384289972998],[-46.73919992014015,-22.07474014973809],[-46.73823967981735,-22.07558968981232],[-46.73990268995715,-22.07814746962998],[-46.73865227977882,-22.07976384002916],[-46.74037860039203,-22.08109407043497],[-46.73835629041042,-22.0803229197669],[-46.73575320994263,-22.08207870037165]]]}},{"type":"Feature","id":"uc-uso-sustentavel-160","properties":{"id":"uc-uso-sustentavel-160","nome":"Reserva Particular do Patrimônio Natural Paratso","nome_origem":"Reserva Particular do Patrimanio Natural Paratso","natureza":"camada fornecida para a demonstração","fonte_arquivo":"assets/layers/Areas_Protegidas_US_DG_UCs_Uso_Sustentavel/Areas_Protegidas_US_DG_UCs_Uso_Sustentavel.kml","tipo":"Unidade de Conservadoo","categoria":"Reserva Particular do Patrimanio Natural","orgao_gestor":"Fundavao Para ConservaPao e a Produtuo Florestal do Estado de S,o Paulo"},"geometry":{"type":"Polygon","coordinates":[[[-46.72093011992905,-22.08319883026178],[-46.7229029204334,-22.08101906967426],[-46.72168114017245,-22.07879346974278],[-46.72441227960297,-22.07814584005843],[-46.7241913296661,-22.07643069981691],[-46.72280395004219,-22.07628228020303],[-46.72301158012027,-22.07460254986773],[-46.71838805036816,-22.0745872595943],[-46.71681868033778,-22.07280065022979],[-46.7166810795681,-22.07074640981892],[-46.71834274971809,-22.06903779955474],[-46.71745385980773,-22.06687680961704],[-46.71950636992301,-22.06568464043374],[-46.71777516958838,-22.06469035987215],[-46.71775586024472,-22.06331012985856],[-46.72018410980877,-22.06256440032678],[-46.72139332024551,-22.05890939005627],[-46.72326467992099,-22.05845545995146],[-46.72468624007786,-22.05968083030604],[-46.72930892986318,-22.05662646014298],[-46.72872082000981,-22.06005647982266],[-46.72718671959137,-22.06148133959209],[-46.72320695963344,-22.05922725003751],[-46.72140475962192,-22.060007689803],[-46.72094649028827,-22.06255466966223],[-46.71843748969837,-22.06335766982056],[-46.72052345998964,-22.06444686033427],[-46.71774384979881,-22.06750870026627],[-46.71899736983272,-22.06930063002],[-46.7173429500171,-22.07286360007504],[-46.72318405030364,-22.07407968043287],[-46.72392218955736,-22.0752022600762],[-46.72522898992588,-22.07336648027882],[-46.72461033999514,-22.07812311958628],[-46.72214720033298,-22.07858614003828],[-46.7237664602539,-22.08107324033773],[-46.72602305981633,-22.08161348017791],[-46.72302732005471,-22.08168245008494],[-46.72093011992905,-22.08319883026178]]]}},{"type":"Feature","id":"uc-uso-sustentavel-161","properties":{"id":"uc-uso-sustentavel-161","nome":"Reserva Particular do Patrimônio Natural Paratso","nome_origem":"Reserva Particular do Patrimanio Natural Paratso","natureza":"camada fornecida para a demonstração","fonte_arquivo":"assets/layers/Areas_Protegidas_US_DG_UCs_Uso_Sustentavel/Areas_Protegidas_US_DG_UCs_Uso_Sustentavel.kml","tipo":"Unidade de Conservadoo","categoria":"Reserva Particular do Patrimanio Natural","orgao_gestor":"Fundavao Para ConservaPao e a Produtuo Florestal do Estado de S,o Paulo"},"geometry":{"type":"Polygon","coordinates":[[[-46.74076833958713,-22.0836189296698],[-46.74045075030182,-22.08055029985638],[-46.74171972968173,-22.08110518965276],[-46.74253226984831,-22.07968553965588],[-46.74272483987943,-22.08123596996398],[-46.74506926993081,-22.08234436010412],[-46.74207237004379,-22.08185320975775],[-46.74076833958713,-22.0836189296698]]]}},{"type":"Feature","id":"uc-uso-sustentavel-162","properties":{"id":"uc-uso-sustentavel-162","nome":"Reserva Particular do Patrimônio Natural Paratso","nome_origem":"Reserva Particular do Patrimanio Natural Paratso","natureza":"camada fornecida para a demonstração","fonte_arquivo":"assets/layers/Areas_Protegidas_US_DG_UCs_Uso_Sustentavel/Areas_Protegidas_US_DG_UCs_Uso_Sustentavel.kml","tipo":"Unidade de Conservadoo","categoria":"Reserva Particular do Patrimanio Natural","orgao_gestor":"Fundavao Para ConservaPao e a Produtuo Florestal do Estado de S,o Paulo"},"geometry":{"type":"Polygon","coordinates":[[[-46.72131500008715,-22.08426031985783],[-46.72101067040609,-22.08425151009908],[-46.72062322987813,-22.08422977978046],[-46.72065335986463,-22.08411013037818],[-46.72032817040872,-22.08394639980645],[-46.72033690012779,-22.08385072003466],[-46.72049835001877,-22.08377214986479],[-46.72070908005998,-22.08341126991411],[-46.72080070029205,-22.08313743984093],[-46.72081779010887,-22.08339879991462],[-46.72084104028175,-22.08365371005061],[-46.72087306963641,-22.08375953957108],[-46.72097446999572,-22.08389850011565],[-46.72131500008715,-22.08426031985783]]]}},{"type":"Feature","id":"uc-uso-sustentavel-163","properties":{"id":"uc-uso-sustentavel-163","nome":"Reserva Particular do Patrimônio Natural Paratso","nome_origem":"Reserva Particular do Patrimanio Natural Paratso","natureza":"camada fornecida para a demonstração","fonte_arquivo":"assets/layers/Areas_Protegidas_US_DG_UCs_Uso_Sustentavel/Areas_Protegidas_US_DG_UCs_Uso_Sustentavel.kml","tipo":"Unidade de Conservadoo","categoria":"Reserva Particular do Patrimanio Natural","orgao_gestor":"Fundavao Para ConservaPao e a Produtuo Florestal do Estado de S,o Paulo"},"geometry":{"type":"Polygon","coordinates":[[[-46.73269988029517,-22.0851567703686],[-46.7262155201301,-22.08130651997988],[-46.73170424985119,-22.08256745042746],[-46.73349179990657,-22.08449840008103],[-46.73269988029517,-22.0851567703686]]]}},{"type":"Feature","id":"uc-uso-sustentavel-164","properties":{"id":"uc-uso-sustentavel-164","nome":"Reserva Particular do Patrimônio Natural Paratso","nome_origem":"Reserva Particular do Patrimanio Natural Paratso","natureza":"camada fornecida para a demonstração","fonte_arquivo":"assets/layers/Areas_Protegidas_US_DG_UCs_Uso_Sustentavel/Areas_Protegidas_US_DG_UCs_Uso_Sustentavel.kml","tipo":"Unidade de Conservadoo","categoria":"Reserva Particular do Patrimanio Natural","orgao_gestor":"Fundavao Para ConservaPao e a Produtuo Florestal do Estado de S,o Paulo"},"geometry":{"type":"Polygon","coordinates":[[[-46.7245584203348,-22.08766594992363],[-46.72306253031149,-22.08399332013556],[-46.72125056995782,-22.08398747004566],[-46.72329677042956,-22.08383345035338],[-46.72316207986603,-22.08508407996629],[-46.72601164022495,-22.08693967002972],[-46.7309289497112,-22.0854227196827],[-46.7245584203348,-22.08766594992363]]]}},{"type":"Feature","id":"uc-uso-sustentavel-165","properties":{"id":"uc-uso-sustentavel-165","nome":"Reserva Particular do Patrimônio Natural Paratso","nome_origem":"Reserva Particular do Patrimanio Natural Paratso","natureza":"camada fornecida para a demonstração","fonte_arquivo":"assets/layers/Areas_Protegidas_US_DG_UCs_Uso_Sustentavel/Areas_Protegidas_US_DG_UCs_Uso_Sustentavel.kml","tipo":"Unidade de Conservadoo","categoria":"Reserva Particular do Patrimanio Natural","orgao_gestor":"Fundavao Para ConservaPao e a Produtuo Florestal do Estado de S,o Paulo"},"geometry":{"type":"Polygon","coordinates":[[[-46.64641736017302,-23.32471969036135],[-46.64664307022144,-23.321610820383],[-46.64784788027544,-23.32177876967444],[-46.64641736017302,-23.32471969036135]]]}},{"type":"Feature","id":"uc-uso-sustentavel-166","properties":{"id":"uc-uso-sustentavel-166","nome":"Reserva Particular do Patrimônio Natural Parque do Zizo","nome_origem":"Reserva Particular do Patrimanio Natural Parque do Zizo","natureza":"camada fornecida para a demonstração","fonte_arquivo":"assets/layers/Areas_Protegidas_US_DG_UCs_Uso_Sustentavel/Areas_Protegidas_US_DG_UCs_Uso_Sustentavel.kml","tipo":"Unidade de Conservadoo","categoria":"Reserva Particular do Patrimanio Natural","orgao_gestor":"Fundavao Para ConservaPao e a Produtuo Florestal do Estado de S,o Paulo"},"geometry":{"type":"Polygon","coordinates":[[[-47.81301700013438,-24.01372767039561],[-47.81273044015762,-24.00906135000128],[-47.81744191011603,-24.01447138994263],[-47.81434735015006,-24.01260750992861],[-47.81301700013438,-24.01372767039561]]]}},{"type":"Feature","id":"uc-uso-sustentavel-167","properties":{"id":"uc-uso-sustentavel-167","nome":"Reserva Particular do Patrimônio Natural Pedra da Mina","nome_origem":"Reserva Particular do Patrimanio Natural Pedra da Mina","natureza":"camada fornecida para a demonstração","fonte_arquivo":"assets/layers/Areas_Protegidas_US_DG_UCs_Uso_Sustentavel/Areas_Protegidas_US_DG_UCs_Uso_Sustentavel.kml","tipo":"Unidade de Conservadoo","categoria":"Reserva Particular do Patrimanio Natural","orgao_gestor":"Fundavao Para ConservaPao e a Produtuo Florestal do Estado de S,o Paulo"},"geometry":{"type":"Polygon","coordinates":[[[-44.82510000036467,-22.47444246974413],[-44.82492789980267,-22.46751048012453],[-44.8210280104343,-22.45992970968831],[-44.82132409962747,-22.45489617991473],[-44.82335948035569,-22.45461204001361],[-44.82479516976122,-22.45154565041139],[-44.82912001038011,-22.44815446975292],[-44.83018910014681,-22.44582209961015],[-44.82912660960528,-22.44474973001599],[-44.83242820969406,-22.43996521981899],[-44.83268397958193,-22.43656877003269],[-44.8344308299188,-22.43530779012235],[-44.83365113029538,-22.43370506963322],[-44.83509173989182,-22.43078157960616],[-44.83996779028126,-22.42801256972427],[-44.84926263975899,-22.42641426040973],[-44.85177995008456,-22.43030441012041],[-44.84711471966853,-22.43672048026593],[-44.84426620971777,-22.4386983898188],[-44.83938161037298,-22.44872873993933],[-44.83720140012446,-22.46045554958391],[-44.83108362970569,-22.46481469034563],[-44.82885751985862,-22.47466132965661],[-44.82510000036467,-22.47444246974413]]]}},{"type":"Feature","id":"uc-uso-sustentavel-168","properties":{"id":"uc-uso-sustentavel-168","nome":"Reserva Particular do Patrimônio Natural Recanto Olho d' ogua","nome_origem":"Reserva Particular do Patrimanio Natural Recanto Olho d' ogua","natureza":"camada fornecida para a demonstração","fonte_arquivo":"assets/layers/Areas_Protegidas_US_DG_UCs_Uso_Sustentavel/Areas_Protegidas_US_DG_UCs_Uso_Sustentavel.kml","tipo":"Unidade de Conservadoo","categoria":"Reserva Particular do Patrimanio Natural","orgao_gestor":"Fundavao Para ConservaPao e a Produtuo Florestal do Estado de Sio Paulo"},"geometry":{"type":"Polygon","coordinates":[[[-48.3575109303851,-22.70978286968364],[-48.36907399956539,-22.70751275960612],[-48.36578518963478,-22.70914908955876],[-48.3575109303851,-22.70978286968364]]]}},{"type":"Feature","id":"uc-uso-sustentavel-169","properties":{"id":"uc-uso-sustentavel-169","nome":"Reserva Particular do Patrimônio Natural Reserva do Dadinho","nome_origem":"Reserva Particular do Patrimanio Natural Reserva do Dadinho","natureza":"camada fornecida para a demonstração","fonte_arquivo":"assets/layers/Areas_Protegidas_US_DG_UCs_Uso_Sustentavel/Areas_Protegidas_US_DG_UCs_Uso_Sustentavel.kml","tipo":"Unidade de Conservadoo","categoria":"Reserva Particular do Patrimanio Natural","orgao_gestor":"Fundavao Para ConservaPao e a Produtuo Florestal do Estado de Sio Paulo"},"geometry":{"type":"Polygon","coordinates":[[[-46.50733612026568,-23.14269820955468],[-46.50690840989517,-23.14075026001643],[-46.50484934012491,-23.14030818027823],[-46.50652199999024,-23.13835446968301],[-46.50601030013519,-23.13673217005356],[-46.50891775974679,-23.13893853978175],[-46.50733612026568,-23.14269820955468]]]}},{"type":"Feature","id":"uc-uso-sustentavel-170","properties":{"id":"uc-uso-sustentavel-170","nome":"Reserva Particular do Patrimônio Natural Reserva do Jacu","nome_origem":"Reserva Particular do Patrimanio Natural Reserva do Jacu","natureza":"camada fornecida para a demonstração","fonte_arquivo":"assets/layers/Areas_Protegidas_US_DG_UCs_Uso_Sustentavel/Areas_Protegidas_US_DG_UCs_Uso_Sustentavel.kml","tipo":"Unidade de Conservadoo","categoria":"Reserva Particular do Patrimanio Natural","orgao_gestor":"Fundavao Para ConservaPao e a Produtuo Florestal do Estado de Sio Paulo"},"geometry":{"type":"Polygon","coordinates":[[[-46.53917141023237,-23.20767519955075],[-46.53728639974753,-23.20645094975151],[-46.53951224969052,-23.20529381006122],[-46.53917141023237,-23.20767519955075]]]}},{"type":"Feature","id":"uc-uso-sustentavel-171","properties":{"id":"uc-uso-sustentavel-171","nome":"Reserva Particular do Patrimônio Natural Reserva do Pinhal - Gleba 10","nome_origem":"Reserva Particular do Patrimanio Natural Reserva do Pinhal - Gleba 10","natureza":"camada fornecida para a demonstração","fonte_arquivo":"assets/layers/Areas_Protegidas_US_DG_UCs_Uso_Sustentavel/Areas_Protegidas_US_DG_UCs_Uso_Sustentavel.kml","tipo":"Unidade de Conservadoo","categoria":"Reserva Particular do Patrimanio Natural","orgao_gestor":"Fundavao Para ConservaPao e a Produtuo Florestal do Estado de Seo Paulo"},"geometry":{"type":"Polygon","coordinates":[[[-46.40837888977393,-23.02154611026475],[-46.40658138961942,-23.01971111017957],[-46.40846943981273,-23.02040805958421],[-46.40837888977393,-23.02154611026475]]]}},{"type":"Feature","id":"uc-uso-sustentavel-172","properties":{"id":"uc-uso-sustentavel-172","nome":"Reserva Particular do Patrimônio Natural Reserva do Pinhal - Gleba 2","nome_origem":"Reserva Particular do Patrimanio Natural Reserva do Pinhal - Gleba 2","natureza":"camada fornecida para a demonstração","fonte_arquivo":"assets/layers/Areas_Protegidas_US_DG_UCs_Uso_Sustentavel/Areas_Protegidas_US_DG_UCs_Uso_Sustentavel.kml","tipo":"Unidade de Conservadoo","categoria":"Reserva Particular do Patrimanio Natural","orgao_gestor":"Fundavao Para ConservaPao e a Produtuo Florestal do Estado de Seo Paulo"},"geometry":{"type":"Polygon","coordinates":[[[-46.408593610107,-23.02653555976821],[-46.40813306009261,-23.02633193976715],[-46.40889222009986,-23.02373111030244],[-46.40899667006022,-23.0238266695651],[-46.40884444001887,-23.02615443967562],[-46.40883666987639,-23.02619943995217],[-46.40896167024482,-23.02642138993514],[-46.408593610107,-23.02653555976821]]]}},{"type":"Feature","id":"uc-uso-sustentavel-173","properties":{"id":"uc-uso-sustentavel-173","nome":"Reserva Particular do Patrimônio Natural Reserva do Pinhal - Gleba 3","nome_origem":"Reserva Particular do Patrimanio Natural Reserva do Pinhal - Gleba 3","natureza":"camada fornecida para a demonstração","fonte_arquivo":"assets/layers/Areas_Protegidas_US_DG_UCs_Uso_Sustentavel/Areas_Protegidas_US_DG_UCs_Uso_Sustentavel.kml","tipo":"Unidade de Conservadoo","categoria":"Reserva Particular do Patrimanio Natural","orgao_gestor":"Fundavao Para ConservaPao e a Produtuo Florestal do Estado de Seo Paulo"},"geometry":{"type":"Polygon","coordinates":[[[-46.41043361042273,-23.02628138977428],[-46.41025916982477,-23.02515083044642],[-46.41128361005053,-23.02528056034953],[-46.41043361042273,-23.02628138977428]]]}},{"type":"Feature","id":"uc-uso-sustentavel-174","properties":{"id":"uc-uso-sustentavel-174","nome":"Reserva Particular do Patrimônio Natural Reserva do Pinhal - Gleba 5","nome_origem":"Reserva Particular do Patrimanio Natural Reserva do Pinhal - Gleba 5","natureza":"camada fornecida para a demonstração","fonte_arquivo":"assets/layers/Areas_Protegidas_US_DG_UCs_Uso_Sustentavel/Areas_Protegidas_US_DG_UCs_Uso_Sustentavel.kml","tipo":"Unidade de Conservadoo","categoria":"Reserva Particular do Patrimanio Natural","orgao_gestor":"Fundavao Para ConservaPao e a Produtuo Florestal do Estado de Seo Paulo"},"geometry":{"type":"Polygon","coordinates":[[[-46.40950082999927,-23.02699193962627],[-46.40908639002481,-23.02658389023429],[-46.40884444001887,-23.02615443967562],[-46.40899667006022,-23.0238266695651],[-46.40924693969447,-23.02408138994417],[-46.40960721979729,-23.02685111029047],[-46.40950082999927,-23.02699193962627]]]}},{"type":"Feature","id":"uc-uso-sustentavel-175","properties":{"id":"uc-uso-sustentavel-175","nome":"Reserva Particular do Patrimônio Natural Reserva dos Muriquis","nome_origem":"Reserva Particular do Patrimanio Natural Reserva dos Muriquis","natureza":"camada fornecida para a demonstração","fonte_arquivo":"assets/layers/Areas_Protegidas_US_DG_UCs_Uso_Sustentavel/Areas_Protegidas_US_DG_UCs_Uso_Sustentavel.kml","tipo":"Unidade de Conservadoo","categoria":"Reserva Particular do Patrimanio Natural","orgao_gestor":"Fundavao Para ConservaPao e a Produtuo Florestal do Estado de Seo Paulo"},"geometry":{"type":"Polygon","coordinates":[[[-45.94866225016267,-22.90715781028467],[-45.94594786959846,-22.90543243036234],[-45.95071282044029,-22.90501768012177],[-45.9539230503085,-22.89957457031011],[-45.95732861022714,-22.89968590008419],[-45.95635121983287,-22.90409170037162],[-45.95122477030685,-22.90666098971286],[-45.95121913965153,-22.90764993999267],[-45.94866225016267,-22.90715781028467]]]}},{"type":"Feature","id":"uc-uso-sustentavel-176","properties":{"id":"uc-uso-sustentavel-176","nome":"Reserva Particular do Patrimônio Natural Reserva Gigante do Itaguara","nome_origem":"Reserva Particular do Patrimanio Natural Reserva Gigante do Itaguara","natureza":"camada fornecida para a demonstração","fonte_arquivo":"assets/layers/Areas_Protegidas_US_DG_UCs_Uso_Sustentavel/Areas_Protegidas_US_DG_UCs_Uso_Sustentavel.kml","tipo":"Unidade de Conservadoo","categoria":"Reserva Particular do Patrimanio Natural","orgao_gestor":"Fundavao Para ConservaPao e a Produtuo Florestal do Estado de Sgo Paulo"},"geometry":{"type":"Polygon","coordinates":[[[-45.09292038007146,-22.50723306995019],[-45.09209762990167,-22.50166607043275],[-45.08294303958957,-22.49471331996369],[-45.08480439970322,-22.48958302044002],[-45.08454832044856,-22.48539886976198],[-45.08869774020849,-22.4833210698115],[-45.09401360044728,-22.48475004038204],[-45.09547220997445,-22.48393667014119],[-45.10297058002823,-22.49031051981461],[-45.10810892039029,-22.49209002003835],[-45.09292038007146,-22.50723306995019]]]}},{"type":"Feature","id":"uc-uso-sustentavel-177","properties":{"id":"uc-uso-sustentavel-177","nome":"Reserva Particular do Patrimônio Natural Reserva Hinayana","nome_origem":"Reserva Particular do Patrimanio Natural Reserva Hinayana","natureza":"camada fornecida para a demonstração","fonte_arquivo":"assets/layers/Areas_Protegidas_US_DG_UCs_Uso_Sustentavel/Areas_Protegidas_US_DG_UCs_Uso_Sustentavel.kml","tipo":"Unidade de Conservadoo","categoria":"Reserva Particular do Patrimanio Natural","orgao_gestor":"Fundavao Para ConservaPao e a Produtuo Florestal do Estado de Sgo Paulo"},"geometry":{"type":"Polygon","coordinates":[[[-46.1846275197442,-23.70512742998687],[-46.1826061702385,-23.70382224030408],[-46.18299122036848,-23.70264612042206],[-46.18511985000106,-23.70386361001755],[-46.1846275197442,-23.70512742998687]]]}},{"type":"Feature","id":"uc-uso-sustentavel-178","properties":{"id":"uc-uso-sustentavel-178","nome":"Reserva Particular do Patrimônio Natural Reserva Mahayana","nome_origem":"Reserva Particular do Patrimanio Natural Reserva Mahayana","natureza":"camada fornecida para a demonstração","fonte_arquivo":"assets/layers/Areas_Protegidas_US_DG_UCs_Uso_Sustentavel/Areas_Protegidas_US_DG_UCs_Uso_Sustentavel.kml","tipo":"Unidade de Conservadoo","categoria":"Reserva Particular do Patrimanio Natural","orgao_gestor":"Fundavao Para ConservaPao e a Produtuo Florestal do Estado de Sgo Paulo"},"geometry":{"type":"Polygon","coordinates":[[[-46.18283507018231,-23.70178641980738],[-46.18609975040312,-23.69842915977785],[-46.1892768195695,-23.69881150025049],[-46.18958277972149,-23.70034765022382],[-46.18641228010262,-23.6989350302274],[-46.18432227005667,-23.70217793966015],[-46.18283507018231,-23.70178641980738]]]}},{"type":"Feature","id":"uc-uso-sustentavel-179","properties":{"id":"uc-uso-sustentavel-179","nome":"Reserva Particular do Patrimônio Natural Reserva Muriqui","nome_origem":"Reserva Particular do Patrimanio Natural Reserva Muriqui","natureza":"camada fornecida para a demonstração","fonte_arquivo":"assets/layers/Areas_Protegidas_US_DG_UCs_Uso_Sustentavel/Areas_Protegidas_US_DG_UCs_Uso_Sustentavel.kml","tipo":"Unidade de Conservadoo","categoria":"Reserva Particular do Patrimanio Natural","orgao_gestor":"Fundavao Para ConservaPao e a Produtuo Florestal do Estado de Sgo Paulo"},"geometry":{"type":"Polygon","coordinates":[[[-47.55622915974789,-24.01456113958488],[-47.55497921991503,-24.01084115959179],[-47.55903687015541,-24.01090601959709],[-47.55958408963397,-24.01340725004451],[-47.55622915974789,-24.01456113958488]]]}},{"type":"Feature","id":"uc-uso-sustentavel-180","properties":{"id":"uc-uso-sustentavel-180","nome":"Reserva Particular do Patrimônio Natural Santa Rita de Cdssia","nome_origem":"Reserva Particular do Patrimanio Natural Santa Rita de Cdssia","natureza":"camada fornecida para a demonstração","fonte_arquivo":"assets/layers/Areas_Protegidas_US_DG_UCs_Uso_Sustentavel/Areas_Protegidas_US_DG_UCs_Uso_Sustentavel.kml","tipo":"Unidade de Conservadoo","categoria":"Reserva Particular do Patrimanio Natural","orgao_gestor":"Fundavao Para ConservaPao e a Produtuo Florestal do Estado de Sgo Paulo"},"geometry":{"type":"Polygon","coordinates":[[[-44.81023487963597,-22.47866667982339],[-44.81493404956672,-22.46147894030082],[-44.81323136043886,-22.45885846964262],[-44.81322987026226,-22.4526461202222],[-44.8204074701286,-22.44860347966682],[-44.82339201962594,-22.44023220964868],[-44.82919848971846,-22.43640800992165],[-44.8315271096883,-22.43141460969645],[-44.83284290957255,-22.43162891004613],[-44.83024756956962,-22.44030189002018],[-44.82650730986444,-22.44296098026496],[-44.82468157999091,-22.44661255962188],[-44.81733616033551,-22.45385414984906],[-44.81713201962697,-22.47032567019346],[-44.81379565984179,-22.47845014016178],[-44.81023487963597,-22.47866667982339]]]}},{"type":"Feature","id":"uc-uso-sustentavel-181","properties":{"id":"uc-uso-sustentavel-181","nome":"Reserva Particular do Patrimônio Natural Sro Elias","nome_origem":"Reserva Particular do Patrimanio Natural Sro Elias","natureza":"camada fornecida para a demonstração","fonte_arquivo":"assets/layers/Areas_Protegidas_US_DG_UCs_Uso_Sustentavel/Areas_Protegidas_US_DG_UCs_Uso_Sustentavel.kml","tipo":"Unidade de Conservadoo","categoria":"Reserva Particular do Patrimanio Natural","orgao_gestor":"Fundavao Para ConservaPao e a Produtuo Florestal do Estado de Sgo Paulo"},"geometry":{"type":"MultiPolygon","coordinates":[[[[-47.51720094007129,-23.02093058997468],[-47.51846060966938,-23.02077855958282],[-47.5167087096392,-23.02222724958784],[-47.5161425504383,-23.02144980006818],[-47.51720094007129,-23.02093058997468]]],[[[-47.51720094007129,-23.02093058997468],[-47.5161425504383,-23.02144980006818],[-47.51438220037818,-23.01890716033711],[-47.51463320026193,-23.02000956009306],[-47.51536945993257,-23.01833430028768],[-47.51633161041542,-23.01884167979966],[-47.51499704977397,-23.0194927403976],[-47.5159999503374,-23.02117077011491],[-47.51720094007129,-23.02093058997468]]]]}},{"type":"Feature","id":"uc-uso-sustentavel-182","properties":{"id":"uc-uso-sustentavel-182","nome":"Reserva Particular do Patrimônio Natural Sro Judas Tadeu","nome_origem":"Reserva Particular do Patrimanio Natural Sro Judas Tadeu","natureza":"camada fornecida para a demonstração","fonte_arquivo":"assets/layers/Areas_Protegidas_US_DG_UCs_Uso_Sustentavel/Areas_Protegidas_US_DG_UCs_Uso_Sustentavel.kml","tipo":"Unidade de Conservadoo","categoria":"Reserva Particular do Patrimanio Natural","orgao_gestor":"Fundavao Para ConservaPao e a Produtuo Florestal do Estado de Sgo Paulo"},"geometry":{"type":"Polygon","coordinates":[[[-47.16979467008792,-23.94688996959638],[-47.16816563003977,-23.94487881030881],[-47.17037092957469,-23.94184847992335],[-47.17114245975665,-23.94264584043316],[-47.16902370018357,-23.94488729001637],[-47.17054056959159,-23.94620617007865],[-47.16979467008792,-23.94688996959638]]]}},{"type":"Feature","id":"uc-uso-sustentavel-183","properties":{"id":"uc-uso-sustentavel-183","nome":"Reserva Particular do Patrimônio Natural Sro Louren o","nome_origem":"Reserva Particular do Patrimanio Natural Sro Louren o","natureza":"camada fornecida para a demonstração","fonte_arquivo":"assets/layers/Areas_Protegidas_US_DG_UCs_Uso_Sustentavel/Areas_Protegidas_US_DG_UCs_Uso_Sustentavel.kml","tipo":"Unidade de Conservadoo","categoria":"Reserva Particular do Patrimanio Natural","orgao_gestor":"Fundavao Para ConservaPao e a Produtuo Florestal do Estado de Sgo Paulo"},"geometry":{"type":"Polygon","coordinates":[[[-48.95057103002898,-22.9401700097381],[-48.94843691992787,-22.93670107999083],[-48.95337169964421,-22.93385733015162],[-48.95194177039633,-22.93238197974455],[-48.95418269027891,-22.93103173042999],[-48.95381347990815,-22.928045369698],[-48.94678888979541,-22.93584701992398],[-48.94066260999142,-22.93844669016255],[-48.95101576996177,-22.92875954022054],[-48.95178320013451,-22.92936663026575],[-48.95464578987128,-22.927080389948],[-48.95480328993983,-22.93067609982211],[-48.95275685024842,-22.93568354026314],[-48.95386920999601,-22.9378561404485],[-48.95057103002898,-22.9401700097381]]]}},{"type":"Feature","id":"uc-uso-sustentavel-184","properties":{"id":"uc-uso-sustentavel-184","nome":"Reserva Particular do Patrimônio Natural Serra dos Itatins","nome_origem":"Reserva Particular do Patrimanio Natural Serra dos Itatins","natureza":"camada fornecida para a demonstração","fonte_arquivo":"assets/layers/Areas_Protegidas_US_DG_UCs_Uso_Sustentavel/Areas_Protegidas_US_DG_UCs_Uso_Sustentavel.kml","tipo":"Unidade de Conservadoo","categoria":"Reserva Particular do Patrimanio Natural","orgao_gestor":"Fundavao Para ConservaPao e a Produtuo Florestal do Estado de Sgo Paulo"},"geometry":{"type":"Polygon","coordinates":[[[-47.4443495500916,-24.42616567030939],[-47.44187384959844,-24.42592804963971],[-47.44306746039496,-24.42556270005849],[-47.43998108965553,-24.4209187898702],[-47.43740801956443,-24.42091514042136],[-47.44074263016819,-24.4179729301066],[-47.44223143982902,-24.42003399996906],[-47.44761499023957,-24.41804241982175],[-47.44596219010293,-24.42598008980923],[-47.4443495500916,-24.42616567030939]]]}},{"type":"Feature","id":"uc-uso-sustentavel-185","properties":{"id":"uc-uso-sustentavel-185","nome":"Reserva Particular do Patrimônio Natural Serra dos Itatins","nome_origem":"Reserva Particular do Patrimanio Natural Serra dos Itatins","natureza":"camada fornecida para a demonstração","fonte_arquivo":"assets/layers/Areas_Protegidas_US_DG_UCs_Uso_Sustentavel/Areas_Protegidas_US_DG_UCs_Uso_Sustentavel.kml","tipo":"Unidade de Conservadoo","categoria":"Reserva Particular do Patrimanio Natural","orgao_gestor":"Fundavao Para ConservaPao e a Produtuo Florestal do Estado de Sgo Paulo"},"geometry":{"type":"Polygon","coordinates":[[[-47.43873314991487,-24.43086795998829],[-47.44092377970861,-24.4262667604026],[-47.44591074978126,-24.42656297010495],[-47.44605610000895,-24.43074969014606],[-47.43873314991487,-24.43086795998829]]]}},{"type":"Feature","id":"uc-uso-sustentavel-186","properties":{"id":"uc-uso-sustentavel-186","nome":"Reserva Particular do Patrimônio Natural Serrinha","nome_origem":"Reserva Particular do Patrimanio Natural Serrinha","natureza":"camada fornecida para a demonstração","fonte_arquivo":"assets/layers/Areas_Protegidas_US_DG_UCs_Uso_Sustentavel/Areas_Protegidas_US_DG_UCs_Uso_Sustentavel.kml","tipo":"Unidade de Conservadoo","categoria":"Reserva Particular do Patrimanio Natural","orgao_gestor":"Fundavao Para ConservaPao e a Produtuo Florestal do Estado de Sgo Paulo"},"geometry":{"type":"Polygon","coordinates":[[[-44.81389387030583,-22.47822966956358],[-44.81787306998615,-22.46535886022315],[-44.81732966992826,-22.45383783974444],[-44.82189050973921,-22.4510590200577],[-44.83015373970329,-22.43825668959448],[-44.83283641017215,-22.43161259004893],[-44.83443025974867,-22.43528975961465],[-44.83268464957689,-22.43654882037174],[-44.83242733015715,-22.43994523958111],[-44.82912741000195,-22.44472981003264],[-44.83018887981291,-22.4458026598648],[-44.82912029006928,-22.44813508036964],[-44.8247953802026,-22.45152685008401],[-44.82353765044218,-22.45444502961436],[-44.82129879000712,-22.45500619038336],[-44.82111284977816,-22.46030925956461],[-44.82492878023896,-22.46748926961408],[-44.82436979043342,-22.46942534989995],[-44.82565602960204,-22.47266786003365],[-44.82466133984889,-22.47571388988405],[-44.82310799034144,-22.4775912102661],[-44.81943326962966,-22.47604010007052],[-44.81875568982321,-22.4738350298627],[-44.81389387030583,-22.47822966956358]]]}},{"type":"Feature","id":"uc-uso-sustentavel-187","properties":{"id":"uc-uso-sustentavel-187","nome":"Reserva Particular do Patrimônio Natural Sitio das Pedras","nome_origem":"Reserva Particular do Patrimanio Natural Sitio das Pedras","natureza":"camada fornecida para a demonstração","fonte_arquivo":"assets/layers/Areas_Protegidas_US_DG_UCs_Uso_Sustentavel/Areas_Protegidas_US_DG_UCs_Uso_Sustentavel.kml","tipo":"Unidade de Conservadoo","categoria":"Reserva Particular do Patrimanio Natural","orgao_gestor":"Fundavao Para ConservaPao e a Produtuo Florestal do Estado de Sgo Paulo"},"geometry":{"type":"Polygon","coordinates":[[[-47.13469091015736,-23.1552758498006],[-47.13321166028987,-23.15427361023887],[-47.13358740963122,-23.15379542002256],[-47.1331347196915,-23.15347429010637],[-47.13299050980413,-23.15337755003384],[-47.13314492969471,-23.1531785201725],[-47.13510240035544,-23.15450582958033],[-47.13469091015736,-23.1552758498006]]]}},{"type":"Feature","id":"uc-uso-sustentavel-188","properties":{"id":"uc-uso-sustentavel-188","nome":"Reserva Particular do Patrimônio Natural Srtio ManacE","nome_origem":"Reserva Particular do Patrimanio Natural Srtio ManacE","natureza":"camada fornecida para a demonstração","fonte_arquivo":"assets/layers/Areas_Protegidas_US_DG_UCs_Uso_Sustentavel/Areas_Protegidas_US_DG_UCs_Uso_Sustentavel.kml","tipo":"Unidade de Conservadoo","categoria":"Reserva Particular do Patrimanio Natural","orgao_gestor":"Fundavao Para ConservaPao e a Produtuo Florestal do Estado de Sgo Paulo"},"geometry":{"type":"Polygon","coordinates":[[[-45.26085811970643,-22.68204331984327],[-45.26132962975856,-22.678729040213],[-45.26154016015022,-22.68100119984547],[-45.26272301955169,-22.68055075011699],[-45.26133261011182,-22.67820237024313],[-45.26858282034084,-22.67922787976278],[-45.26571216998065,-22.68270832982552],[-45.26085811970643,-22.68204331984327]]]}},{"type":"Feature","id":"uc-uso-sustentavel-189","properties":{"id":"uc-uso-sustentavel-189","nome":"Reserva Particular do Patrimônio Natural Srtio S o Joaquim I","nome_origem":"Reserva Particular do Patrimanio Natural Srtio S o Joaquim I","natureza":"camada fornecida para a demonstração","fonte_arquivo":"assets/layers/Areas_Protegidas_US_DG_UCs_Uso_Sustentavel/Areas_Protegidas_US_DG_UCs_Uso_Sustentavel.kml","tipo":"Unidade de Conservadoo","categoria":"Reserva Particular do Patrimanio Natural","orgao_gestor":"Fundavao Para ConservaPao e a Produtuo Florestal do Estado de Sgo Paulo"},"geometry":{"type":"Polygon","coordinates":[[[-45.66035582955783,-22.68685277993183],[-45.65904083007018,-22.68631582981163],[-45.66080305971337,-22.68375083023659],[-45.65967999983206,-22.68289027976255],[-45.66214721971835,-22.68057749955193],[-45.66376694009216,-22.68137056040297],[-45.66035582955783,-22.68685277993183]]]}},{"type":"Feature","id":"uc-uso-sustentavel-190","properties":{"id":"uc-uso-sustentavel-190","nome":"Reserva Particular do Patrimônio Natural Srtio Solar da Montanha","nome_origem":"Reserva Particular do Patrimanio Natural Srtio Solar da Montanha","natureza":"camada fornecida para a demonstração","fonte_arquivo":"assets/layers/Areas_Protegidas_US_DG_UCs_Uso_Sustentavel/Areas_Protegidas_US_DG_UCs_Uso_Sustentavel.kml","tipo":"Unidade de Conservadoo","categoria":"Reserva Particular do Patrimanio Natural","orgao_gestor":"Fundavao Para ConservaPao e a Produtuo Florestal do Estado de Sao Paulo"},"geometry":{"type":"Polygon","coordinates":[[[-46.54877346002712,-23.2208669202721],[-46.54774958007903,-23.21862476022449],[-46.54939480972263,-23.22023893987512],[-46.54877346002712,-23.2208669202721]]]}},{"type":"Feature","id":"uc-uso-sustentavel-191","properties":{"id":"uc-uso-sustentavel-191","nome":"Reserva Particular do Patrimônio Natural Srtio TaguaEba II","nome_origem":"Reserva Particular do Patrimanio Natural Srtio TaguaEba II","natureza":"camada fornecida para a demonstração","fonte_arquivo":"assets/layers/Areas_Protegidas_US_DG_UCs_Uso_Sustentavel/Areas_Protegidas_US_DG_UCs_Uso_Sustentavel.kml","tipo":"Unidade de Conservadoo","categoria":"Reserva Particular do Patrimanio Natural","orgao_gestor":"Fundavao Para ConservaPao e a Produtuo Florestal do Estado de Sao Paulo"},"geometry":{"type":"Polygon","coordinates":[[[-46.8803280601918,-24.13299694005667],[-46.87848638983496,-24.12452610969217],[-46.88310083013914,-24.11817583035025],[-46.89222222017929,-24.12200972027233],[-46.89248083012615,-24.13086722044585],[-46.8803280601918,-24.13299694005667]]]}},{"type":"Feature","id":"uc-uso-sustentavel-192","properties":{"id":"uc-uso-sustentavel-192","nome":"Reserva Particular do Patrimônio Natural Transba I","nome_origem":"Reserva Particular do Patrimanio Natural Transba I","natureza":"camada fornecida para a demonstração","fonte_arquivo":"assets/layers/Areas_Protegidas_US_DG_UCs_Uso_Sustentavel/Areas_Protegidas_US_DG_UCs_Uso_Sustentavel.kml","tipo":"Unidade de Conservadoo","categoria":"Reserva Particular do Patrimanio Natural","orgao_gestor":"Fundavao Para ConservaPao e a Produtuo Florestal do Estado de Sao Paulo"},"geometry":{"type":"Polygon","coordinates":[[[-45.68298917990671,-22.67023746968346],[-45.68328842032429,-22.67006410017802],[-45.68323508962766,-22.66967327999782],[-45.6830378296321,-22.66950509958065],[-45.68340428987602,-22.66900986990953],[-45.68350259027227,-22.66881107027461],[-45.68372847029264,-22.66854822991684],[-45.68399784962099,-22.66832793018978],[-45.68477061007553,-22.66832200995276],[-45.68432359036137,-22.66890042961109],[-45.68470319959295,-22.66938949982551],[-45.68453906972223,-22.66956229016751],[-45.68439852996812,-22.66962495043106],[-45.68421440996701,-22.66969249041608],[-45.68396737969078,-22.66979319020351],[-45.68298917990671,-22.67023746968346]]]}},{"type":"Feature","id":"uc-uso-sustentavel-193","properties":{"id":"uc-uso-sustentavel-193","nome":"Reserva Particular do Patrimônio Natural Trepaga","nome_origem":"Reserva Particular do Patrimanio Natural Trepaga","natureza":"camada fornecida para a demonstração","fonte_arquivo":"assets/layers/Areas_Protegidas_US_DG_UCs_Uso_Sustentavel/Areas_Protegidas_US_DG_UCs_Uso_Sustentavel.kml","tipo":"Unidade de Conservadoo","categoria":"Reserva Particular do Patrimanio Natural","orgao_gestor":"Fundavao Para ConservaPao e a Produtuo Florestal do Estado de Sao Paulo"},"geometry":{"type":"Polygon","coordinates":[[[-47.98216683972782,-24.05790558977111],[-47.97390479956681,-24.05297601982738],[-47.97470512963798,-24.04631721996367],[-47.97728130958473,-24.04665767001541],[-47.98394973039569,-24.05330348996404],[-47.98216683972782,-24.05790558977111]]]}},{"type":"Feature","id":"uc-uso-sustentavel-194","properties":{"id":"uc-uso-sustentavel-194","nome":"Reserva Particular do Patrimônio Natural Vida em Abundtncia","nome_origem":"Reserva Particular do Patrimanio Natural Vida em Abundtncia","natureza":"camada fornecida para a demonstração","fonte_arquivo":"assets/layers/Areas_Protegidas_US_DG_UCs_Uso_Sustentavel/Areas_Protegidas_US_DG_UCs_Uso_Sustentavel.kml","tipo":"Unidade de Conservadoo","categoria":"Reserva Particular do Patrimanio Natural","orgao_gestor":"Fundavao Para ConservaPao e a Produtuo Florestal do Estado de Sao Paulo"},"geometry":{"type":"Polygon","coordinates":[[[-45.68300981035441,-22.67098245007998],[-45.68470319959295,-22.66938949982551],[-45.68471179980969,-22.67071140970376],[-45.68300981035441,-22.67098245007998]]]}},{"type":"Feature","id":"uc-uso-sustentavel-195","properties":{"id":"uc-uso-sustentavel-195","nome":"Reserva Particular do Patrimônio Natural Vuturussu","nome_origem":"Reserva Particular do Patrimanio Natural Vuturussu","natureza":"camada fornecida para a demonstração","fonte_arquivo":"assets/layers/Areas_Protegidas_US_DG_UCs_Uso_Sustentavel/Areas_Protegidas_US_DG_UCs_Uso_Sustentavel.kml","tipo":"Unidade de Conservadoo","categoria":"Reserva Particular do Patrimanio Natural","orgao_gestor":"Fundavao Para ConservaPao e a Produtuo Florestal do Estado de Sao Paulo"},"geometry":{"type":"Polygon","coordinates":[[[-46.87622201023754,-23.440131089678],[-46.87591354007776,-23.44013047004512],[-46.87574390006091,-23.43995354012372],[-46.87567123034296,-23.43985959964078],[-46.87559375015138,-23.43973728015129],[-46.87553019955902,-23.43958850980187],[-46.87549522042804,-23.43934982973082],[-46.87555826020548,-23.4386714899972],[-46.87557559014135,-23.43859642988127],[-46.87560891991569,-23.43852414956979],[-46.87567062959585,-23.43845902966046],[-46.87577961034071,-23.43837997025935],[-46.87576577966695,-23.43843278024855],[-46.87572781029019,-23.43852995019699],[-46.87573771991981,-23.43856648965175],[-46.87572404033216,-23.43865820970859],[-46.87571254969436,-23.4386896796849],[-46.87572992999225,-23.43873560986049],[-46.87572976002036,-23.43877236964909],[-46.87573525038147,-23.43882114977617],[-46.87578619967331,-23.43891588975646],[-46.87581057040148,-23.43919362018937],[-46.87580226965895,-23.43934000014087],[-46.87580272021933,-23.43943471044349],[-46.87582725012743,-23.43950791975465],[-46.87584104033169,-23.43959804981012],[-46.87588753977809,-23.43972355020162],[-46.87592912982547,-23.43977189955348],[-46.87597455997792,-23.43983618039539],[-46.87604136971339,-23.43990986994447],[-46.87608033014305,-23.43994516024088],[-46.87615424991867,-23.43999665002531],[-46.87617293962944,-23.44001673998054],[-46.87628564986284,-23.44011876986531],[-46.87622201023754,-23.440131089678]]]}},{"type":"Feature","id":"uc-uso-sustentavel-196","properties":{"id":"uc-uso-sustentavel-196","nome":"Reserva Particular do Patrimônio Natural Vuturussu","nome_origem":"Reserva Particular do Patrimanio Natural Vuturussu","natureza":"camada fornecida para a demonstração","fonte_arquivo":"assets/layers/Areas_Protegidas_US_DG_UCs_Uso_Sustentavel/Areas_Protegidas_US_DG_UCs_Uso_Sustentavel.kml","tipo":"Unidade de Conservadoo","categoria":"Reserva Particular do Patrimanio Natural","orgao_gestor":"Fundavao Para ConservaPao e a Produtuo Florestal do Estado de Sao Paulo"},"geometry":{"type":"Polygon","coordinates":[[[-46.87377142960776,-23.44790044974593],[-46.87269554006707,-23.44158261974206],[-46.87439069017819,-23.44071925978596],[-46.87267915981533,-23.4403932501483],[-46.87164395020807,-23.43762752998646],[-46.8743426699782,-23.4358793297672],[-46.87221801984572,-23.43539908010342],[-46.8734438803308,-23.43424509973153],[-46.87255690957369,-23.43146856971867],[-46.87126804978061,-23.43322006955054],[-46.86854704031362,-23.43369556989461],[-46.86944934990754,-23.43686482035514],[-46.86794106003185,-23.43645622957132],[-46.86593346026092,-23.43991304994728],[-46.8675550602178,-23.43861857029071],[-46.86821062012399,-23.44048960980763],[-46.86712324983807,-23.43924967043591],[-46.86614254993867,-23.44065530989457],[-46.8588237304308,-23.44340488003115],[-46.86147502984869,-23.43442351982952],[-46.86226265969395,-23.4357617200273],[-46.86741850985629,-23.43520456034213],[-46.86717739981708,-23.43380595987708],[-46.86858395028901,-23.43266656021353],[-46.87089479965522,-23.4326626301762],[-46.87264986979562,-23.43109309017393],[-46.87378536999876,-23.43462421973192],[-46.87636840008156,-23.43638828039479],[-46.87473574026217,-23.43929674005244],[-46.87595889019059,-23.44053526029398],[-46.87561303970995,-23.443279640443],[-46.87709442007139,-23.44316141017089],[-46.87583762020995,-23.44347937986942],[-46.87377142960776,-23.44790044974593]]]}},{"type":"Feature","id":"uc-uso-sustentavel-197","properties":{"id":"uc-uso-sustentavel-197","nome":"Reserva Particular do Patrimônio Natural Vuturussu","nome_origem":"Reserva Particular do Patrimanio Natural Vuturussu","natureza":"camada fornecida para a demonstração","fonte_arquivo":"assets/layers/Areas_Protegidas_US_DG_UCs_Uso_Sustentavel/Areas_Protegidas_US_DG_UCs_Uso_Sustentavel.kml","tipo":"Unidade de Conservadoo","categoria":"Reserva Particular do Patrimanio Natural","orgao_gestor":"Fundavao Para ConservaPao e a Produtuo Florestal do Estado de Sao Paulo"},"geometry":{"type":"Polygon","coordinates":[[[-46.86723237987042,-23.45202457967059],[-46.86903286037818,-23.44288877979329],[-46.86931891043935,-23.44687933970971],[-46.86750595003952,-23.45100954005818],[-46.87071808017521,-23.45032922001747],[-46.87298046957295,-23.44670133959511],[-46.8736692702206,-23.44881050969724],[-46.87182984996758,-23.45143754001043],[-46.86723237987042,-23.45202457967059]]]}},{"type":"Feature","id":"uc-uso-sustentavel-198","properties":{"id":"uc-uso-sustentavel-198","nome":"Reserva Particular do Patrimônio Natural Vuturussu","nome_origem":"Reserva Particular do Patrimanio Natural Vuturussu","natureza":"camada fornecida para a demonstração","fonte_arquivo":"assets/layers/Areas_Protegidas_US_DG_UCs_Uso_Sustentavel/Areas_Protegidas_US_DG_UCs_Uso_Sustentavel.kml","tipo":"Unidade de Conservadoo","categoria":"Reserva Particular do Patrimanio Natural","orgao_gestor":"Fundavao Para ConservaPao e a Produtuo Florestal do Estado de Sao Paulo"},"geometry":{"type":"Polygon","coordinates":[[[-46.85422416041661,-23.45210525964995],[-46.85338897981751,-23.4510794803337],[-46.85852007973784,-23.44297263977546],[-46.86091769029912,-23.44810695027547],[-46.85651908998398,-23.45018877019555],[-46.86184216998009,-23.44907779990052],[-46.86255752041319,-23.45060023970927],[-46.86143306028748,-23.4520374597609],[-46.85422416041661,-23.45210525964995]]]}}]}
